date,symbol,asset_type,direction,expected_surplus_pct,next_return_pct
2024-02-27,600438,stock,long,3.992194294243909,-1.220040143256318
2024-02-27,FG,futures,short,16.883827920139453,4.254079254079257
2024-02-27,GC=F,futures,long,7.644238085940533,-0.06849099509730339
2024-02-27,SA,futures,short,34.01220094277273,1.6769144773616573
2024-02-28,600438,stock,long,-0.3807772906149021,1.9921112394916118
2024-02-28,FG,futures,short,23.726289011893634,-0.12172854534389099
2024-02-28,GC=F,futures,long,4.707936668427748,0.5874577905147449
2024-02-28,SA,futures,short,45.54389216866894,-1.1938601478112654
2024-02-29,600438,stock,long,4.859815333722172,1.0937927262783642
2024-02-29,FG,futures,short,31.76947301281262,-0.36474164133739606
2024-02-29,GC=F,futures,long,2.811377349274402,1.9954251703085069
2024-02-29,SA,futures,short,39.443348217526655,-0.8988764044943753
2024-03-01,600438,stock,long,5.639696212503198,3.1685922949109324
2024-03-01,FG,futures,short,29.850134990156672,0.06056935190793533
2024-03-01,GC=F,futures,long,8.592415071556696,1.460137346433532
2024-03-01,SA,futures,short,32.12434040816298,-2.0044543429844186
2024-03-04,600438,stock,long,11.043756228318529,-2.0600022472751833
2024-03-04,FG,futures,short,30.029704643090763,0.727272727272732
2024-03-04,GC=F,futures,long,23.623123751627617,0.7336619083568419
2024-03-04,SA,futures,short,19.149381747374232,-2.893013100436681
2024-03-05,600438,stock,long,21.43221521377396,1.5296952082297643
2024-03-05,FG,futures,short,34.74990086187807,-0.366300366300365
2024-03-05,GC=F,futures,long,32.45619341654138,0.7610088973013518
2024-03-05,SA,futures,short,14.534554489055798,-0.5835543766578244
2024-03-06,600438,stock,long,29.13911907270391,-2.8249651587630376
2024-03-06,FG,futures,short,29.947995365824607,1.703163017031628
2024-03-06,GC=F,futures,long,34.40531370623377,0.32434436837973646
2024-03-06,SA,futures,short,3.901264149374303,-2.0042194092827037
2024-03-07,600438,stock,long,29.739966554273625,1.5504476917710175
2024-03-07,FG,futures,short,34.73455709319888,-0.12376237623761277
2024-03-07,GC=F,futures,long,36.5826159749415,0.9375600076629409
2024-03-07,SA,futures,short,0.029793088057908576,-0.31023784901758056
2024-03-08,600438,stock,long,23.551578280070924,2.1756555593724913
2024-03-08,FG,futures,short,26.725280531562806,2.8430160692212603
2024-03-08,GC=F,futures,long,43.774134563072664,0.14184844000229013
2024-03-08,SA,futures,long,4.458561635337553,-2.680412371134022
2024-03-11,600438,stock,long,38.012104635667214,1.270125891889884
2024-03-11,FG,futures,short,31.414419528187572,-1.653944020356235
2024-03-11,GC=F,futures,long,49.08174291825154,-1.0280544181687223
2024-03-11,SA,futures,short,9.16812423178189,1.218220338983056
2024-03-12,300750,stock,long,29.12572431919546,-0.3981828383196717
2024-03-12,600438,stock,long,44.007029881039486,-1.7337415618429386
2024-03-12,601012,stock,long,43.81432043202006,-1.9413092550790045
2024-03-12,FG,futures,short,28.1234366287869,1.4392991239048802
2024-03-12,GC=F,futures,long,41.0341895592299,0.6786367438781138
2024-03-12,SA,futures,short,9.041135153278649,-0.7506702412868549
2024-03-13,300750,stock,long,23.32257274036043,-0.8298353049493223
2024-03-13,600438,stock,long,29.2089530466422,-3.190810465858318
2024-03-13,601012,stock,long,29.944118331071568,-1.5653775322283625
2024-03-13,FG,futures,short,35.72113421374178,0.25396825396825085
2024-03-13,GC=F,futures,long,60.710280820090624,-0.6098701637168413
2024-03-13,SA,futures,short,6.992181751749289,3.5657264502394925
2024-03-14,300750,stock,long,21.11463689887959,-1.716313529559077
2024-03-14,600438,stock,long,12.58579991676081,-0.659195781147004
2024-03-14,601012,stock,long,22.928650053904168,-0.6548175865294659
2024-03-14,FG,futures,short,41.45151597921282,-2.0369191597708447
2024-03-14,GC=F,futures,long,55.13943854550859,-0.27681660899654403
2024-03-14,SA,futures,short,15.591237209826494,0.16556291390728006
2024-03-15,300750,stock,long,16.172534446527585,6.189680137714149
2024-03-15,600438,stock,long,6.74240193443386,0.7416370662399085
2024-03-15,601012,stock,long,15.866333766298647,1.2241054613935987
2024-03-15,FG,futures,short,31.94637897548192,4.304429195258885
2024-03-15,GC=F,futures,long,48.522126962258724,0.12954193051699647
2024-03-15,SA,futures,short,16.233102784065622,-0.8291873963515828
2024-03-18,300750,stock,long,25.105835479862687,-2.1712031742873283
2024-03-18,600438,stock,long,8.543488382883211,-1.5498469526134429
2024-03-18,601012,stock,long,19.185972602748887,-2.4186046511627923
2024-03-18,FG,futures,short,32.321120690698585,-1.2385919165580184
2024-03-18,GC=F,futures,long,46.20353225447177,-0.21254435856713494
2024-03-18,SA,futures,short,1.7606607880591505,-2.412280701754388
2024-03-19,300750,stock,long,23.876088696293642,1.3340272667994757
2024-03-19,600438,stock,long,8.083756244066235,0.15742453461373707
2024-03-19,601012,stock,long,15.106640582901127,-0.19065776930409228
2024-03-19,FG,futures,short,21.537052860522135,1.0946555054732743
2024-03-19,GC=F,futures,long,39.32736834504939,0.06019580763612087
2024-03-19,SA,futures,long,4.078985416316419,-3.2119914346895095
2024-03-20,300750,stock,long,23.055100443765884,-0.23613726659307277
2024-03-20,600438,stock,long,5.027992728799538,-1.1002396950764326
2024-03-20,601012,stock,long,9.624535926140444,-1.2416427889207382
2024-03-20,FG,futures,short,21.60584232900275,-1.236979166666674
2024-03-20,GC=F,futures,long,42.12412705784964,1.0967122245199024
2024-03-20,SA,futures,short,3.298654867519281,-2.8207964601769886
2024-03-21,300750,stock,long,23.51144651125285,-1.5207730497712846
2024-03-21,600438,stock,long,-0.8897150906330514,-2.185227859668648
2024-03-21,601012,stock,long,3.742991492962459,-3.675048355899413
2024-03-21,FG,futures,short,22.27258496905994,1.5434083601286175
2024-03-21,GC=F,futures,long,50.13648080876015,-1.1305878026236948
2024-03-21,SA,futures,long,1.9022872280602425,-1.4523937600860681
2024-03-22,300750,stock,long,21.46890942862904,-1.0275022082284369
2024-03-22,600438,stock,long,-7.545098844801812,-0.5686664771111793
2024-03-22,601012,stock,long,-8.034594574052642,-0.7530120481927804
2024-03-22,FG,futures,short,26.62511291729142,2.743305029392551
2024-03-22,GC=F,futures,long,33.47675877419219,0.7592547381365833
2024-03-22,SA,futures,short,0.6559680302425586,3.1113537117903878
2024-03-25,300750,stock,long,24.422669443122288,4.249816347222146
2024-03-25,600438,stock,long,-5.2358994551875195,0.3268107357326855
2024-03-25,601012,stock,long,-7.551717137934333,1.4162873039959667
2024-03-25,FG,futures,short,30.560700087710064,-0.1343183344526544
2024-03-25,GC=F,futures,long,42.262259790806326,0.03676019408305198
2024-03-25,SA,futures,short,-0.8491199384938228,-0.22535211267604716
2024-03-26,300750,stock,long,27.430286015003787,-2.212994939229984
2024-03-26,600438,stock,long,-8.505601849680321,-3.379616433893895
2024-03-26,601012,stock,long,-7.9092458698186805,-3.3915211970074743
2024-03-26,FG,futures,short,37.80786585569726,1.140174379611003
2024-03-26,GC=F,futures,long,40.726501744590635,0.6154761521633523
2024-03-26,SA,futures,short,0.3791660899473473,2.417088251826871
2024-03-27,300750,stock,long,25.27836375461033,0.4645262725339938
2024-03-27,600438,stock,long,-13.513936842231551,0.29499768216108
2024-03-27,601012,stock,long,-11.105448959143812,0.3613835828600864
2024-03-27,FG,futures,short,32.84193863429953,1.2890094979647215
2024-03-27,GC=F,futures,long,45.26145925421531,1.2234001411838502
2024-03-27,SA,futures,short,2.1379860366653984,-0.4608294930875667
2024-03-28,300750,stock,long,20.797320762525324,0.8180540982732021
2024-03-28,600438,stock,long,-18.533483776571916,0.7143157275515843
2024-03-28,601012,stock,long,-18.166667431397585,-0.5144032921810759
2024-03-28,FG,futures,short,37.20190320912752,-1.0996563573883122
2024-03-28,GC=F,futures,long,47.94330926715465,1.7903940227713466
2024-03-28,SA,futures,short,3.9173768749002162,-2.580275229357798
2024-03-29,300750,stock,long,20.905811653942486,4.515707960699222
2024-03-29,600438,stock,long,-19.68823253382045,1.335057782969673
2024-03-29,601012,stock,long,-24.14198882250173,3.3092037228541926
2024-03-29,FG,futures,short,34.25704859764973,-1.0876954452753163
2024-03-29,SA,futures,short,-0.12099178413234848,0.3353828954723359
2024-04-01,300750,stock,long,26.29584631035274,1.046395841420411
2024-04-01,600438,stock,long,-26.68106301674899,0.24702540244554427
2024-04-01,601012,stock,long,-14.046297643517597,-0.5005005005005114
2024-04-01,FG,futures,short,30.063523460129318,1.479488903833226
2024-04-01,GC=F,futures,long,47.89591945935586,1.0943223651234346
2024-04-01,SA,futures,short,5.440722651047237,-1.1217049915872135
2024-04-02,300750,stock,long,26.910996596312838,-1.1413427758569905
2024-04-02,600438,stock,long,-20.38869215447672,0.3696250359357611
2024-04-02,601012,stock,long,-10.017817149557303,-1.0060362173038184
2024-04-02,FG,futures,short,32.04251832044614,-0.06825938566552558
2024-04-02,GC=F,futures,long,46.92395099003139,1.4549895022101467
2024-04-02,SA,futures,short,10.127041454599462,-1.2756516916250682
2024-04-03,300750,stock,long,26.337390863397417,-1.7177001965499428
2024-04-03,600438,stock,long,-24.55441933814197,-4.82834813208396
2024-04-03,601012,stock,long,-17.372156966209022,-2.2357723577235866
2024-04-03,FG,futures,short,33.06124231108318,-6.070941336971347
2024-04-03,GC=F,futures,long,49.38541110338572,-0.28077753779697234
2024-04-03,SA,futures,short,8.316595041546757,-3.5049288061336226
2024-04-08,300750,stock,long,27.326072971864967,0.8022324984385154
2024-04-08,600438,stock,long,-27.263630370063513,1.3328174040156515
2024-04-08,601012,stock,long,-15.954179634854508,1.3513513513513598
2024-04-08,FG,futures,short,7.610760444667506,2.636655948553057
2024-04-08,GC=F,futures,long,43.81929723264937,0.4848958887175625
2024-04-08,SA,futures,short,4.372905008930992,-1.5343915343915437
2024-04-09,300750,stock,long,30.331127764631656,-1.853188792187055
2024-04-09,600438,stock,long,-28.04238330326946,-2.0365734651448975
2024-04-09,601012,stock,long,-23.12595735515686,-2.564102564102566
2024-04-09,FG,futures,short,13.42977389976378,-0.26420079260238705
2024-04-09,GC=F,futures,long,45.93129202912338,-0.5926177014361711
2024-04-09,SA,futures,short,1.4839368456582798,-1.354872329338197
2024-04-10,300750,stock,long,15.8306179311226,-0.08108749920359148
2024-04-10,600438,stock,long,-41.533683425387736,-0.7795920135129308
2024-04-10,601012,stock,long,-40.29188015960436,-0.7894736842105177
2024-04-10,FG,futures,short,6.865260046721376,1.6469038208168696
2024-04-10,GC=F,futures,long,50.53976811564528,1.0347491840666967
2024-04-10,SA,futures,long,8.116481764100788,-2.0051413881748026
2024-04-11,300750,stock,long,9.616367231507581,-2.440395796258832
2024-04-11,600438,stock,long,-49.2525343850681,-2.1825483434458115
2024-04-11,601012,stock,long,-45.418995829337696,-2.4403183023872677
2024-04-11,FG,futures,short,14.459974974797959,-0.46885465505692725
2024-04-11,GC=F,futures,long,52.09070478055607,0.059010684586713325
2024-04-11,SA,futures,long,6.132626957815171,0.4721930745015701
2024-04-12,300750,stock,long,5.109425389344484,5.1989566436724255
2024-04-12,600438,stock,long,-50.12105360520739,1.160248114596829
2024-04-12,601012,stock,long,-46.2987929020956,0.7069059271343159
2024-04-12,FG,futures,short,10.149701651241523,1.8000000000000016
2024-04-12,GC=F,futures,long,58.43721150906725,0.37487477265747415
2024-04-12,SA,futures,long,5.486068227493915,0.8877284595300239
2024-04-15,300750,stock,long,15.992048085665656,0.005648026297211395
2024-04-15,600438,stock,long,-38.10405748881068,-1.4557324981252062
2024-04-15,601012,stock,long,-39.340185552246446,-2.6457883369330415
2024-04-15,FG,futures,short,13.519020310190665,1.0183299389002087
2024-04-15,GC=F,futures,long,64.12154777297361,1.040707042724498
2024-04-15,SA,futures,long,17.470487749898204,-1.7080745341614856
2024-04-16,300750,stock,long,19.566584480940538,-0.6551340483330725
2024-04-16,600438,stock,long,-40.263237973782545,3.178298043779937
2024-04-16,601012,stock,long,-43.651650517454,2.218524681087075
2024-04-16,FG,futures,short,21.05882097399061,-0.6858710562414272
2024-04-16,GC=F,futures,long,69.6621922353732,-0.8057208277662875
2024-04-16,SA,futures,long,13.150392345081968,1.7904160084254883
2024-04-17,300750,stock,long,7.49705469541597,-0.2444529087053504
2024-04-17,600438,stock,long,-29.595196215060273,-0.6074016226300549
2024-04-17,601012,stock,long,-39.432642683041315,1.0309278350515427
2024-04-17,FG,futures,short,10.333639342081232,-2.997275204359684
2024-04-17,GC=F,futures,long,62.51947624877228,0.4019468283694705
2024-04-17,SA,futures,long,15.363989447533433,7.087428867046053
2024-04-18,300750,stock,long,12.123586814060967,-2.7126680457962293
2024-04-18,600438,stock,long,-27.26806265135089,-3.4047754157754517
2024-04-18,601012,stock,long,-30.411988142229102,-1.8259935553168627
2024-04-18,FG,futures,short,5.533808290337739,0.5952380952380931
2024-04-18,GC=F,futures,long,65.13244602194285,0.6588844382037218
2024-04-18,SA,futures,long,21.840359731279925,1.497584541062813
2024-04-19,300750,stock,long,2.771690299767275,-0.1171556940596119
2024-04-19,600438,stock,long,-35.01302185573233,1.446066247909994
2024-04-19,601012,stock,long,-34.39823259686629,4.376367614879628
2024-04-19,FG,futures,short,4.340612728993487,-1.5968063872255467
2024-04-19,GC=F,futures,long,63.237782464987944,-2.792283748486002
2024-04-19,SA,futures,long,33.392079577007436,2.3322227510709226
2024-04-22,300750,stock,long,3.0347400247003375,-0.392931917214534
2024-04-22,600438,stock,long,-27.67543700046849,-2.0490890462826927
2024-04-22,601012,stock,long,-17.085300523408886,-2.4633123689727365
2024-04-22,FG,futures,short,3.439246718805512,0.7858546168958758
2024-04-22,GC=F,futures,long,40.84726168124708,-0.1832511450075125
2024-04-22,SA,futures,long,32.625217242130915,-1.8139534883720887
2024-04-23,300750,stock,long,5.588820945683818,-0.19429708613247776
2024-04-23,600438,stock,long,-27.411469599195705,-4.593205693755975
2024-04-23,601012,stock,long,-14.886672065913098,-1.5045674368619033
2024-04-23,FG,futures,short,1.6196636999368748,-2.442244224422452
2024-04-23,GC=F,futures,long,36.07868944493455,-0.15798621571310179
2024-04-23,SA,futures,long,31.57787628665894,1.7527238275698798
2024-04-24,300750,stock,long,7.4976462794331695,2.123730923292011
2024-04-24,600438,stock,long,-34.160036256718726,-3.003003003003002
2024-04-24,601012,stock,long,-16.532864572666302,-1.2547735951991101
2024-04-24,FG,futures,long,11.26903318454328,1.4175257731958713
2024-04-24,GC=F,futures,long,34.99222323227207,0.175337744931503
2024-04-24,SA,futures,long,45.41470918612784,5.72625698324023
2024-04-25,300750,stock,long,2.933281876793155,3.0500309046691987
2024-04-25,600438,stock,long,-41.02650803602489,2.113125952135242
2024-04-25,601012,stock,long,-23.099129769123014,1.933701657458542
2024-04-25,FG,futures,long,14.341231141855923,0.4447268106734459
2024-04-25,GC=F,futures,long,32.901132261937164,0.20063825707044014
2024-04-25,SA,futures,long,52.41868305438721,0.9247027741083214
2024-04-26,300750,stock,long,15.446576509092372,6.250245245048847
2024-04-26,600438,stock,long,-28.43844531427917,3.8981664180181896
2024-04-26,601012,stock,long,-10.77836130083798,2.0596205962059466
2024-04-26,FG,futures,long,18.511966516470284,-0.7590132827324458
2024-04-26,GC=F,futures,long,28.539110326081918,0.4473415225983546
2024-04-26,SA,futures,long,63.6058003260277,-1.963350785340312
2024-04-29,300750,stock,long,24.715217347391615,-1.0630833109109838
2024-04-29,600438,stock,long,-18.62649794836575,-3.659270925008107
2024-04-29,601012,stock,long,-6.485255456912127,-4.248539564524679
2024-04-29,FG,futures,long,20.037365204571397,-2.294455066921608
2024-04-29,GC=F,futures,long,23.34990580457505,-2.3243012242031513
2024-04-29,SA,futures,long,55.279649959778126,-3.159768580329325
2024-04-30,300750,stock,long,20.695140958319765,2.335651209419387
2024-04-30,600438,stock,long,-26.628216333173008,1.5385355065147266
2024-04-30,601012,stock,long,-14.011341793861853,1.7193566278424832
2024-04-30,FG,futures,long,11.005194252138116,4.174820613176777
2024-04-30,GC=F,futures,long,4.758547370579173,0.3517346823457723
2024-04-30,SA,futures,long,40.03847649893213,3.952205882352944
2024-05-06,300750,stock,long,17.31043796688222,-0.05210830189465998
2024-05-06,600438,stock,long,-26.13604286549132,1.7046261660116357
2024-05-06,601012,stock,long,-18.281952423370907,1.4176663031624903
2024-05-06,FG,futures,long,17.047093513708198,0.4383218534752764
2024-05-06,GC=F,futures,short,3.783109621738358,0.30027454300868284
2024-05-06,SA,futures,long,47.372158440302435,-1.5473032714412027
2024-05-07,300750,stock,long,15.009054237941905,-1.9029446112779458
2024-05-07,600438,stock,long,-22.845554255228013,-0.37245681828762534
2024-05-07,601012,stock,long,-13.71422476877595,-1.3978494623655968
2024-05-07,FG,futures,long,21.76204423405173,-0.9975062344139696
2024-05-07,GC=F,futures,short,7.787491374609406,0.08174435864659602
2024-05-07,SA,futures,long,41.062286385539544,-1.7961383026493083
2024-05-08,300750,stock,long,13.22441484419439,3.27915900466631
2024-05-08,600438,stock,long,-24.361572463692752,2.2898266274124834
2024-05-08,601012,stock,long,-14.533572833529641,2.4536532170119862
2024-05-08,FG,futures,long,19.125760887413474,1.5113350125944613
2024-05-08,GC=F,futures,short,5.23730367959111,-0.7750936408533082
2024-05-08,SA,futures,long,34.317983004738615,1.1431184270690453
2024-05-09,300750,stock,long,23.289778494796618,-3.036103906796761
2024-05-09,600438,stock,long,-11.120302822070816,-0.9137009456804734
2024-05-09,601012,stock,long,-4.075307026744998,-1.8094731240021256
2024-05-09,FG,futures,long,10.873681773924947,0.12406947890819531
2024-05-09,GC=F,futures,short,6.6557140764003995,-1.4827137737851492
2024-05-09,SA,futures,long,30.753929540198094,-1.8083182640144635
2024-05-10,300750,stock,long,14.632042964499577,-2.2024327594625026
2024-05-10,600438,stock,long,-15.844789259290312,1.337083314122367
2024-05-10,601012,stock,long,-10.956417675575867,1.6260162601626105
2024-05-10,FG,futures,long,19.971957373267642,-0.06195786864932051
2024-05-10,GC=F,futures,long,0.6766648077471226,-1.3473684210526304
2024-05-10,SA,futures,long,23.998033146313173,2.02578268876612
2024-05-13,300750,stock,long,13.857911242027333,-0.18450384744788106
2024-05-13,600438,stock,long,-8.940889875671175,-1.4104372355430161
2024-05-13,601012,stock,long,-1.850004967144532,-0.48000000000000265
2024-05-13,FG,futures,long,18.96898926370656,-2.417854928704277
2024-05-13,GC=F,futures,short,7.437514617446704,-0.7212933138604383
2024-05-13,SA,futures,long,25.104820414418327,-3.835740072202165
2024-05-14,300750,stock,long,13.651988587989864,-0.6089008252780692
2024-05-14,600438,stock,long,-10.187071797898628,-1.4306151645207432
2024-05-14,601012,stock,long,-1.1685001791850376,-0.8574490889603492
2024-05-14,FG,futures,long,16.126662522839894,0.0
2024-05-14,GC=F,futures,short,9.069005381352156,-1.4831137526316152
2024-05-14,SA,futures,long,20.844067471333634,0.1407789770061063
2024-05-15,300750,stock,long,17.700800901343957,0.9736459210799797
2024-05-15,600438,stock,long,-8.742204448047488,-0.046818671286119606
2024-05-15,601012,stock,long,2.401408199209276,-0.7027027027026955
2024-05-15,FG,futures,long,14.76564117960343,1.0800508259212194
2024-05-15,GC=F,futures,long,1.7680126638619955,-0.39249666904871416
2024-05-15,SA,futures,long,20.254306793788725,1.2183692596063667
2024-05-16,300750,stock,long,10.333945340434877,1.8039198691210068
2024-05-16,600438,stock,long,-11.33317122309212,-1.6394210501662898
2024-05-16,601012,stock,long,-0.8069924635573049,0.4354926510615087
2024-05-16,FG,futures,long,23.950056638715157,2.8284098051539974
2024-05-16,GC=F,futures,short,1.871563986856299,-1.3372417666631664
2024-05-16,SA,futures,long,20.809866701960768,6.527777777777777
2024-05-17,300750,stock,long,14.164085068826038,0.23945340768805057
2024-05-17,600438,stock,long,-11.690890748290492,-0.285727891804366
2024-05-17,601012,stock,long,6.463020656834521,-0.6504065040650486
2024-05-17,FG,futures,long,34.47624466960051,0.12224938875304847
2024-05-17,GC=F,futures,long,1.2009360545351597,0.8728426618944019
2024-05-17,SA,futures,long,32.506982234318215,3.520208604954367
2024-05-20,300750,stock,long,16.210267374951624,-1.0033018717684583
2024-05-20,600438,stock,long,-20.073315070625426,-1.8625531305219933
2024-05-20,601012,stock,long,-0.34575686998161137,-1.0911074740861948
2024-05-20,FG,futures,long,32.776412974121506,1.1599511599511558
2024-05-20,GC=F,futures,long,21.320144940554353,-0.5167150976522428
2024-05-20,SA,futures,long,34.769609169231046,-0.7976490344248521
2024-05-21,300750,stock,long,14.426590966260155,1.7856376817811492
2024-05-21,600438,stock,long,-22.62803486311986,9.48951287167259
2024-05-21,601012,stock,long,-5.5074775501346815,6.949806949806958
2024-05-21,FG,futures,long,28.95073907960266,1.0259505129752489
2024-05-21,GC=F,futures,long,19.300435403124144,-1.3603199360417761
2024-05-21,SA,futures,long,24.70096980352819,2.623783326280149
2024-05-22,300750,stock,long,25.34616022884263,-0.2897512353939091
2024-05-22,600438,stock,long,4.112292725131776,-2.3112138317258557
2024-05-22,601012,stock,long,12.775745689199276,-3.2490974729241784
2024-05-22,FG,futures,long,34.257153728408035,-0.8960573476702538
2024-05-22,GC=F,futures,long,12.083375348436592,-2.3277175579855647
2024-05-22,SA,futures,long,26.425590864666034,-2.020618556701026
2024-05-23,300750,stock,long,24.915829882760082,-1.7752604772069303
2024-05-23,600438,stock,long,-1.9270251143606416,-0.5459757040811586
2024-05-23,601012,stock,long,-2.245941279304738,-0.9061833688699505
2024-05-23,FG,futures,long,26.343550192778753,3.435804701627476
2024-05-23,GC=F,futures,short,0.45821918758743607,0.11552076109369036
2024-05-23,SA,futures,long,18.58738297752803,1.0942760942761032
2024-05-24,300750,stock,long,21.25093176876594,-0.5217634528906778
2024-05-24,600438,stock,long,0.47842787558231353,-2.058648611555891
2024-05-24,601012,stock,long,0.9140417618043296,-1.2372243141473893
2024-05-24,FG,futures,long,36.953428934279685,-0.40792540792540244
2024-05-24,GC=F,futures,short,1.854474538914197,-0.9423859498822074
2024-05-24,SA,futures,long,24.013237743027805,1.6652789342214813
2024-05-27,300750,stock,long,20.46272817356355,-1.1949950794320152
2024-05-27,600438,stock,long,4.801210611403778,-1.5414078191414715
2024-05-27,601012,stock,long,1.4703821305420424,-0.2178649237472685
2024-05-27,FG,futures,long,29.381589498319173,-1.2287887653598561
2024-05-27,SA,futures,long,23.87400448683523,-3.3169533169533194
2024-05-28,300750,stock,long,13.121874417037127,0.5417888884024169
2024-05-28,600438,stock,long,7.443156475397582,4.838939228616157
2024-05-28,601012,stock,long,3.643522153192159,2.7838427947598055
2024-05-28,FG,futures,long,21.205534277410795,4.028436018957349
2024-05-28,GC=F,futures,short,-0.32664004760424126,0.6492700542382823
2024-05-28,SA,futures,long,8.41474532020795,3.0495552731893305
2024-05-29,300750,stock,long,7.856805693186506,0.3048149881884177
2024-05-29,600438,stock,long,11.54984845080748,2.4435494818769943
2024-05-29,601012,stock,long,5.3237332920157385,-0.5310674455655806
2024-05-29,FG,futures,long,28.551749462664684,-2.4487471526195903
2024-05-29,GC=F,futures,long,8.543996278310962,0.07261025146629851
2024-05-29,SA,futures,long,12.006046965588876,-3.658035347307853
2024-05-30,300750,stock,long,-8.014716197540999,-0.8628268160062569
2024-05-30,600438,stock,long,9.38098251503203,-2.3410928044524826
2024-05-30,601012,stock,long,0.014309933131605713,-1.6550987720234889
2024-05-30,FG,futures,long,22.95413192318415,-1.1091652072387603
2024-05-30,GC=F,futures,long,7.194557219979104,-0.8536429567474357
2024-05-30,SA,futures,long,8.67435935473529,-1.6638225255972694
2024-05-31,300750,stock,long,-7.4160114413848905,2.5945874934314217
2024-05-31,600438,stock,long,11.919064397403025,0.3166131439685138
2024-05-31,601012,stock,long,5.8512334052205635,-0.3800217155266017
2024-05-31,FG,futures,long,26.853820552046535,-1.8299881936245543
2024-05-31,GC=F,futures,long,3.249905581896143,1.9975095111743002
2024-05-31,SA,futures,long,11.556158857836717,-4.555314533622557
2024-06-03,300750,stock,long,-6.517071397556445,1.851377595663406
2024-06-03,600438,stock,long,9.849572971557489,-0.04508769556786918
2024-06-03,601012,stock,long,1.1424403893837667,0.5994550408719324
2024-06-03,FG,futures,long,12.151604953836898,0.7817197835237488
2024-06-03,GC=F,futures,long,12.018181005256455,-0.9243298034458336
2024-06-03,SA,futures,short,3.4509959694754513,-1.4999999999999902
2024-06-04,300750,stock,long,-0.6208145602166179,-0.9691039193705508
2024-06-04,600438,stock,long,6.850022704209034,-1.2630249447426634
2024-06-04,601012,stock,long,-0.7301951527584583,-1.8959913326110578
2024-06-04,FG,futures,long,13.081233803867322,0.35799522673030104
2024-06-04,GC=F,futures,long,3.587470050461497,1.1970733077135032
2024-06-04,SA,futures,long,1.8309941292958465,-1.7017465293327372
2024-06-05,300750,stock,long,2.2178481639634113,0.354407346282426
2024-06-05,600438,stock,long,5.260056078679434,-2.969528073461547
2024-06-05,601012,stock,long,-1.8599836910473408,-6.073992269464368
2024-06-05,FG,futures,long,17.07762121437268,3.388822829964333
2024-06-05,GC=F,futures,long,9.952892947829161,0.6482804606924963
2024-06-05,SA,futures,long,1.9967590076595576,1.6856492027334857
2024-06-06,300750,stock,long,-7.581024610811685,-6.109067141757773
2024-06-06,600438,stock,long,-3.8547260378498054,-1.6949950562644145
2024-06-06,601012,stock,long,-18.758544182033805,-2.586713697824816
2024-06-06,FG,futures,long,21.027129918053284,-1.2650948821161578
2024-06-06,GC=F,futures,long,13.039219952428713,-2.756280272509515
2024-06-06,SA,futures,long,2.924683511353967,-0.40322580645161255
2024-06-07,300750,stock,long,-14.045213545287071,-2.486975657953816
2024-06-07,600438,stock,long,-5.170027360939997,0.9579002825805816
2024-06-07,601012,stock,long,-20.0934773963112,-0.905250452625217
2024-06-07,FG,futures,long,17.02196071716348,-2.912055911473499
2024-06-07,GC=F,futures,short,1.8449646074180635,-0.08602150537635467
2024-06-07,SA,futures,long,5.410464900798695,-2.384165542060279
2024-06-11,300750,stock,long,-14.674410826961026,-1.8250066206864868
2024-06-11,600438,stock,long,-5.836858299824007,-0.4744058067270851
2024-06-11,601012,stock,long,-25.624641161838507,0.3654080389768444
2024-06-11,FG,futures,long,8.992883455896251,-0.05998800239952473
2024-06-11,GC=F,futures,short,2.234914802587311,-1.2120669641629833
2024-06-11,SA,futures,short,2.2759764599821053,-0.23041474654377225
2024-06-12,300750,stock,long,-18.700220855271244,-0.24629386376430196
2024-06-12,600438,stock,long,-4.24965336274383,-1.191667858334522
2024-06-12,601012,stock,long,-23.816176346309316,-0.8495145631068013
2024-06-12,FG,futures,long,15.421526995551007,-1.5006002400960394
2024-06-12,GC=F,futures,short,0.2548504278600347,1.5627674564742233
2024-06-12,SA,futures,long,5.023968075439382,-1.2873563218390838
2024-06-13,300750,stock,long,-17.76512036054162,-0.17047993039714937
2024-06-13,600438,stock,long,-3.844416134367248,1.1626224130445229
2024-06-13,601012,stock,long,-23.80059640099042,1.2851897184822603
2024-06-13,FG,futures,long,11.363184833311522,0.0
2024-06-13,GC=F,futures,short,12.370331384534675,-1.3416780697260489
2024-06-13,SA,futures,long,2.4030552465381754,0.41918956683744124
2024-06-14,300750,stock,long,-21.004519612240934,1.949145555830345
2024-06-14,600438,stock,long,-1.7463009796542215,-0.42918454935622075
2024-06-14,601012,stock,long,-19.515988564005873,0.0
2024-06-14,FG,futures,long,8.708451678650746,-2.9859841560024414
2024-06-14,GC=F,futures,short,5.296416775748455,0.8556509650782584
2024-06-14,SA,futures,short,-0.9593003113085803,1.6697588126159513
2024-06-17,300750,stock,long,-20.523651844919616,1.2303035904071224
2024-06-17,600438,stock,long,0.33723189163762207,-0.19157088122604415
2024-06-17,601012,stock,long,-20.43571876074897,0.12084592145014117
2024-06-17,FG,futures,short,5.831808386564683,1.193467336683418
2024-06-17,GC=F,futures,short,14.092674968821651,-0.7685660087483948
2024-06-17,SA,futures,short,16.655916896797105,2.075471698113207
2024-06-18,300750,stock,long,-17.651371005958026,-0.7531753186730494
2024-06-18,600438,stock,long,0.500456059774918,-1.3915547024952013
2024-06-18,601012,stock,long,-18.86962771131998,-2.2933011466505726
2024-06-18,FG,futures,short,9.046390637107066,-0.8900190718372558
2024-06-18,GC=F,futures,short,14.554426109619142,-0.9416719321595046
2024-06-18,SA,futures,short,31.034405136319315,0.04816955684007196
2024-06-19,300750,stock,long,-17.038563333007712,-0.5864158493256166
2024-06-19,600438,stock,long,1.3232258891558388,-1.1192214111922172
2024-06-19,601012,stock,long,-21.01468646438352,-4.8177887584929024
2024-06-19,FG,futures,short,9.754971990434962,-0.0
2024-06-19,SA,futures,short,29.225189006928154,-2.168674698795181
2024-06-20,300750,stock,long,-23.97307257137654,-1.6366138863507684
2024-06-20,600438,stock,long,-27.047246551259274,2.952755905511828
2024-06-20,601012,stock,long,-55.374812016632724,-0.7787151200519205
2024-06-20,FG,futures,short,12.424333311608478,0.504095778197855
2024-06-20,GC=F,futures,short,8.627522614808527,1.595612023137405
2024-06-20,SA,futures,short,30.779479657305576,0.518867924528299
2024-06-21,300750,stock,long,-27.30958361046679,1.07003433516768
2024-06-21,600438,stock,long,-11.930012894794444,-2.6768642447418833
2024-06-21,601012,stock,long,-50.838265911170396,-2.8122956180510084
2024-06-21,FG,futures,short,11.469058440372883,2.849905003166564
2024-06-21,GC=F,futures,short,9.447885072576925,-0.5662299008388105
2024-06-21,SA,futures,short,27.540918950719846,4.077761972498816
2024-06-24,300750,stock,long,-19.69811799728916,-0.3839262861530579
2024-06-24,600438,stock,long,-16.809251873018592,-3.290766208251461
2024-06-24,601012,stock,long,-54.548957451201545,-3.970390309555849
2024-06-24,FG,futures,short,28.9591545920251,-1.1082138200782188
2024-06-24,GC=F,futures,long,1.8568855462066272,-0.580099559892866
2024-06-24,SA,futures,short,38.11650072325078,-0.24715768660406034
2024-06-25,300750,stock,long,-19.337705533831844,-0.47299822479678344
2024-06-25,600438,stock,long,-19.18652722508206,1.0157440325037959
2024-06-25,601012,stock,long,-58.42487677800701,1.5416958654520085
2024-06-25,FG,futures,short,24.441495932492057,-0.3868471953578423
2024-06-25,GC=F,futures,short,0.08626207544263635,0.7551097171590859
2024-06-25,SA,futures,short,42.599229668864254,-2.021696252465488
2024-06-26,300750,stock,long,-17.522846199704674,-0.2992290451659829
2024-06-26,600438,stock,long,-12.98479487986233,-2.2121669180492742
2024-06-26,601012,stock,long,-52.26890690174509,-2.760524499654937
2024-06-26,FG,futures,short,20.207794652416457,1.7983301220295456
2024-06-26,GC=F,futures,short,7.206278216440807,-1.0115920360676212
2024-06-26,SA,futures,short,29.780476003931764,2.2716288061865653
2024-06-27,300750,stock,long,-19.870887671231298,-2.9247681370933587
2024-06-27,600438,stock,long,-35.89682396548901,-1.7480719794344513
2024-06-27,601012,stock,long,-70.77670579933606,-1.7033356990773574
2024-06-27,FG,futures,short,41.70999983398076,-2.0274689339437435
2024-06-27,GC=F,futures,short,0.23737282876101357,-0.1283916748531011
2024-06-27,SA,futures,short,45.603753558819534,-3.5113748763600405
2024-06-28,300750,stock,long,-27.375133108709758,-2.400611064634639
2024-06-28,600438,stock,long,-52.2955408491239,-1.4128728414442682
2024-06-28,601012,stock,long,-74.07634316814138,0.21660649819494893
2024-06-28,FG,futures,short,27.079734944038172,0.5769230769230749
2024-06-28,GC=F,futures,short,0.006604184147781706,0.029927991249500963
2024-06-28,SA,futures,short,25.90772225267243,-1.5766841853798397
2024-07-01,300750,stock,long,-30.634804480827373,0.0062112572827066614
2024-07-01,600438,stock,long,-50.4290261716114,-2.972399150743088
2024-07-01,601012,stock,long,-68.1964560723038,-1.6570605187319898
2024-07-01,FG,futures,short,25.59350648369976,-1.740812379110257
2024-07-01,GC=F,futures,long,3.4480181941748813,-0.2351532869999562
2024-07-01,SA,futures,short,17.898278534826087,-2.9162746942615225
2024-07-02,300750,stock,long,-39.92897774780834,2.1241180562456385
2024-07-02,600438,stock,long,-59.07896316385145,-1.969365426695835
2024-07-02,601012,stock,long,-71.8083043696674,0.219780219780219
2024-07-02,FG,futures,short,14.600099631250995,-0.3168567807350975
2024-07-02,GC=F,futures,short,6.409718623675514,-1.5428131270529555
2024-07-02,SA,futures,short,0.3998491797388343,-1.645338208409508
2024-07-03,300750,stock,long,-38.75523459808763,0.060816892500059616
2024-07-03,600438,stock,long,-65.04016538752225,-3.0133928571428714
2024-07-03,601012,stock,long,-73.42562732084615,-2.8508771929824595
2024-07-03,FG,futures,short,16.077693382256523,0.5685407454200875
2024-07-03,GC=F,futures,long,4.645467250964742,1.1943973155452259
2024-07-03,SA,futures,short,0.03886423175821024,0.9892086330935301
2024-07-04,300750,stock,long,-35.87205096135481,-1.2034425751239808
2024-07-04,600438,stock,long,-67.988659530188,1.7261219792865434
2024-07-04,601012,stock,long,-74.98698130778723,0.3762227238525151
2024-07-04,FG,futures,short,18.88263275095768,3.1766200762388785
2024-07-04,SA,futures,long,1.7471250935339002,-3.769300635785644
2024-07-05,300750,stock,long,-40.28228682357085,-1.0519969485936476
2024-07-05,600438,stock,long,-52.10916254757535,-5.373303167420806
2024-07-05,601012,stock,long,-68.09074647471918,-3.148425787106446
2024-07-05,FG,futures,short,41.47829716065414,1.9685039370078705
2024-07-05,GC=F,futures,long,4.634278782192774,-1.4263649275698453
2024-07-05,SA,futures,short,11.193932185039433,3.728173666823975
2024-07-08,300750,stock,long,-36.07919703796488,-0.08704410649224004
2024-07-08,600438,stock,long,-54.408532089925416,-1.8529587567244432
2024-07-08,601012,stock,long,-68.60524330653955,0.5417956656346812
2024-07-08,FG,futures,short,43.11370590018178,-0.6024096385542244
2024-07-08,GC=F,futures,short,4.347439620203073,-0.18616045456949504
2024-07-08,SA,futures,short,17.848034125459034,-0.4411764705882337
2024-07-09,300750,stock,long,-29.089289758996916,-1.6926159628620097
2024-07-09,600438,stock,long,-63.159132362847224,2.192448233861133
2024-07-09,601012,stock,long,-63.0378130236014,3.0792917628945427
2024-07-09,FG,futures,short,33.4126666821242,2.594810379241519
2024-07-09,GC=F,futures,long,9.74036034013205,0.49833393786811175
2024-07-09,SA,futures,short,11.830400174327592,4.734016593460222
2024-07-10,300750,stock,long,-28.745268355031282,2.506678145058161
2024-07-10,600438,stock,long,-52.45577076847627,2.8009535160905763
2024-07-10,601012,stock,long,-49.89944642594818,4.929051530993278
2024-07-10,FG,futures,short,40.05641892632835,-0.0683060109289535
2024-07-10,GC=F,futures,long,11.781484972030368,1.773330757564362
2024-07-10,SA,futures,short,21.02002962461729,-0.0
2024-07-11,300750,stock,long,-16.257749562398843,1.7228815966604527
2024-07-11,600438,stock,long,-39.53166970014334,0.6956521739130528
2024-07-11,601012,stock,long,-29.834933332657062,-0.2846975088968029
2024-07-11,FG,futures,short,35.23059757344901,-0.5460750853242269
2024-07-11,GC=F,futures,long,19.519332570396273,-0.04954586152440266
2024-07-11,SA,futures,short,18.407598543708737,-0.7684426229508157
2024-07-12,300750,stock,long,-9.314330435749808,-1.019863046962266
2024-07-12,600438,stock,long,-40.933495838111966,0.8059873344847368
2024-07-12,601012,stock,long,-33.67124540949672,-0.8565310492505307
2024-07-12,FG,futures,short,33.18131168942523,1.154107264086901
2024-07-12,GC=F,futures,long,13.888842439564351,0.3387429808434206
2024-07-12,SA,futures,short,17.63137711653691,0.2541942043721379
2024-07-15,300750,stock,long,-20.06272469326576,0.723713262352188
2024-07-15,600438,stock,long,-37.643491352078456,3.2552826956024905
2024-07-15,601012,stock,long,-35.5798178976826,1.2958963282937441
2024-07-15,FG,futures,short,29.246632630720526,0.13736263736263687
2024-07-15,GC=F,futures,long,25.088644185475953,1.6015541211409579
2024-07-15,SA,futures,short,14.830623965610977,1.0703363914373099
2024-07-16,300750,stock,long,-22.183801115181524,0.9681662079547904
2024-07-16,600438,stock,long,-27.845240353278175,-0.11061946902655162
2024-07-16,601012,stock,long,-32.567887146633446,0.2132196162046851
2024-07-16,FG,futures,short,25.863203499222568,1.031636863823937
2024-07-16,GC=F,futures,long,25.97799727453781,-0.3201291161383346
2024-07-16,SA,futures,short,12.897120812750408,0.6182380216383287
2024-07-17,300750,stock,long,-15.852745273750847,4.498908441785554
2024-07-17,600438,stock,long,-25.249952533034065,-0.44296788482833804
2024-07-17,601012,stock,long,-27.577252580960625,0.07092198581559739
2024-07-17,FG,futures,short,32.91935206077479,-1.3898540653231484
2024-07-17,GC=F,futures,long,29.51525276488151,-0.14228221224226179
2024-07-17,SA,futures,short,14.088937204961194,-1.5033696215655867
2024-07-18,300750,stock,long,1.4243023834353832,0.6290469649926633
2024-07-18,600438,stock,long,-23.888669270661612,1.8353726362625
2024-07-18,601012,stock,long,-19.015049725797045,1.9844082211197822
2024-07-18,FG,futures,short,27.086744197649562,1.0966415352981485
2024-07-18,GC=F,futures,long,24.757493381046622,-2.332674115188982
2024-07-18,SA,futures,short,15.69273263265913,1.0214504596527063
2024-07-19,300750,stock,long,7.947652465900601,0.04587997797762533
2024-07-19,600438,stock,long,-27.00083550670865,0.7646095030038325
2024-07-19,601012,stock,long,-12.36335824997674,-0.06949270326616075
2024-07-19,FG,futures,short,28.901488887032613,1.039501039501034
2024-07-19,GC=F,futures,long,6.345730338783808,-0.18340820746385322
2024-07-19,SA,futures,short,16.727679060985654,2.270381836945301
2024-07-22,300750,stock,long,5.053424724598541,-1.9031459231404368
2024-07-22,600438,stock,long,-19.976292036578407,-2.493224932249327
2024-07-22,601012,stock,long,-6.512790217540613,-2.5034770514603677
2024-07-22,FG,futures,short,24.566304199800246,1.540616246498594
2024-07-22,GC=F,futures,long,13.760108772953085,0.5261660296975501
2024-07-22,SA,futures,short,13.571990580120882,2.111932418162621
2024-07-23,300750,stock,long,0.6459915377671295,0.07012294890373916
2024-07-23,600438,stock,long,-18.620224550314724,-2.7237354085603016
2024-07-23,601012,stock,long,-3.3138728584806776,-2.6390870185449278
2024-07-23,FG,futures,short,34.39749900078568,-1.493598862019918
2024-07-23,GC=F,futures,long,13.573681385425687,0.3489345812059952
2024-07-23,SA,futures,short,18.566556368003234,-0.7551240560949246
2024-07-24,300750,stock,long,2.1711811628912,0.8233672802018033
2024-07-24,600438,stock,long,-26.470896775890377,1.0285714285714231
2024-07-24,601012,stock,long,-13.204957631467966,2.417582417582409
2024-07-24,FG,futures,short,29.24126231708933,1.0511562718990897
2024-07-24,GC=F,futures,long,18.409076643238375,-2.574821063423105
2024-07-24,SA,futures,short,21.872634643626736,0.48179871520342976
2024-07-25,300750,stock,long,5.301698710564598,0.9382710329089994
2024-07-25,600438,stock,long,-19.50481343222666,0.7352941176470562
2024-07-25,601012,stock,long,-0.8779296261072821,1.1444921316166035
2024-07-25,FG,futures,short,27.19109147891797,1.5580736543909346
2024-07-25,GC=F,futures,long,8.010723261870435,1.1684724877841557
2024-07-25,SA,futures,short,18.172697127498942,1.3448090371167343
2024-07-26,300750,stock,long,17.470469442229202,-2.765696186552513
2024-07-26,600438,stock,long,-14.168654537499794,-1.3475575519371064
2024-07-26,601012,stock,long,5.980345202537988,-2.192362093352196
2024-07-26,FG,futures,short,42.69280117960734,3.5251798561151126
2024-07-26,GC=F,futures,long,8.635191143481604,-0.13439526131352464
2024-07-26,SA,futures,short,32.19710113257857,3.3805888767720838
2024-07-29,300750,stock,long,16.041574132505804,0.2124420210317668
2024-07-29,600438,stock,long,-14.036427854860182,0.0
2024-07-29,601012,stock,long,0.1653453112309764,0.3615328994938549
2024-07-29,FG,futures,short,48.148592812497185,-0.37285607755406236
2024-07-29,GC=F,futures,long,7.50049613496932,1.143912465864405
2024-07-29,SA,futures,short,44.274570530229205,1.8058690744920947
2024-07-30,300750,stock,long,16.665450773382254,0.8361893321084946
2024-07-30,600438,stock,long,-7.870454287392469,3.1872509960159334
2024-07-30,601012,stock,long,4.971310043338077,4.466858789625361
2024-07-30,FG,futures,short,56.18216019319148,-2.1545319465081647
2024-07-30,GC=F,futures,long,12.287930130938326,0.8939708939708968
2024-07-30,SA,futures,short,62.406949978880945,-1.6666666666666607
2024-07-31,300750,stock,long,13.230429040573938,-3.5097349887291296
2024-07-31,600438,stock,long,3.6395982254710817,-1.3237727523441767
2024-07-31,601012,stock,long,13.67301574977275,-0.8965517241379395
2024-07-31,FG,futures,short,45.32986104276596,2.036363636363636
2024-07-31,GC=F,futures,long,16.92318813887939,2.2377930693643133
2024-07-31,SA,futures,short,62.287767420150644,1.1305822498586804
2024-08-01,300750,stock,long,2.026736798551088,-1.9427699905585016
2024-08-01,600438,stock,long,7.624004716411348,-0.22358859698154987
2024-08-01,601012,stock,long,18.710968524943937,-1.0438413361169019
2024-08-01,FG,futures,short,49.213447388756904,-1.7817371937639104
2024-08-01,GC=F,futures,long,19.030741469818693,-0.44340534438461754
2024-08-01,SA,futures,short,62.68956014669773,-3.6592338479130904
2024-08-02,300750,stock,long,0.007509409699182678,-0.05554938340184279
2024-08-02,600438,stock,long,3.2428554076519442,2.35294117647058
2024-08-02,601012,stock,long,15.340436439559763,-0.9142053445850951
2024-08-02,FG,futures,short,33.45473989967283,1.3129102844638973
2024-08-02,GC=F,futures,long,12.591866829707866,-1.0284292648073623
2024-08-02,SA,futures,short,38.18239593602757,1.2686155543298439
2024-08-05,300750,stock,long,2.7035741657543277,-1.2659947631045942
2024-08-05,600438,stock,long,25.216089769552706,3.065134099616862
2024-08-05,601012,stock,long,21.597144026652472,2.5550035486160416
2024-08-05,FG,futures,short,31.861610264572498,1.3303769401330379
2024-08-05,GC=F,futures,long,14.482534190629924,-0.5236379151883908
2024-08-05,SA,futures,short,34.06736933152417,2.625698324022341
2024-08-06,300750,stock,long,-0.4801635319563929,-0.8006104654799118
2024-08-06,600438,stock,long,38.71017312205114,1.2745618693574157
2024-08-06,601012,stock,long,25.740226110504164,-1.5224913494809589
2024-08-06,FG,futures,short,38.51720912536582,1.7228464419475675
2024-08-06,GC=F,futures,long,11.457573840531104,0.03289211446697582
2024-08-06,SA,futures,short,41.566114231954835,1.4916810097532984
2024-08-07,300750,stock,long,1.9362490013866915,-0.8007667183697165
2024-08-07,600438,stock,long,36.75420927410555,-0.6292606187729421
2024-08-07,601012,stock,long,15.357854632761368,-0.5621925509487036
2024-08-07,FG,futures,short,36.83518162761692,1.143292682926833
2024-08-07,GC=F,futures,long,9.57357630871942,1.270356344555057
2024-08-07,SA,futures,short,37.58532338785125,0.5824111822946954
2024-08-08,300750,stock,long,-7.405629510942116,-1.525475439845425
2024-08-08,600438,stock,long,27.983269090414858,-1.4775725593667466
2024-08-08,601012,stock,long,2.8010897506459274,-2.402826855123674
2024-08-08,FG,futures,short,41.03070953188121,-0.8481110254433322
2024-08-08,GC=F,futures,long,7.706985206351996,0.4100131252962713
2024-08-08,SA,futures,short,39.48598668881616,-0.11716461628588082
2024-08-09,300750,stock,long,-16.970534514426035,-0.6454611174222857
2024-08-09,600438,stock,long,21.069022603117496,0.0
2024-08-09,601012,stock,long,-2.8621657622192123,0.8689355539464039
2024-08-09,FG,futures,short,39.6121411345531,0.3058103975535187
2024-08-09,GC=F,futures,long,9.629578122424194,1.2371674158818458
2024-08-09,SA,futures,short,42.035321367983066,1.5213575190169637
2024-08-12,300750,stock,long,-15.941585768840373,3.1053479548879936
2024-08-12,600438,stock,long,18.826297840299475,-0.5356186395286677
2024-08-12,601012,stock,long,1.6548760028565035,0.5743000717875146
2024-08-12,FG,futures,short,36.85435315921055,2.837423312883436
2024-08-12,GC=F,futures,long,13.125295361399266,0.1517591385034045
2024-08-12,SA,futures,short,45.7160338334583,1.48544266191325
2024-08-13,300750,stock,long,-8.279978609671229,-0.989238097638423
2024-08-13,600438,stock,long,8.859196246290997,1.6155088852988664
2024-08-13,601012,stock,long,-0.23591199908840008,-1.3561741613133393
2024-08-13,FG,futures,short,43.60107412040104,2.0520915548539853
2024-08-13,GC=F,futures,long,7.452869322444765,-1.1205078997179596
2024-08-13,SA,futures,short,46.7840932197254,5.006031363088059
2024-08-14,300750,stock,long,-13.607324684917153,0.7572961346077989
2024-08-14,600438,stock,long,13.81323818842741,4.9284578696343395
2024-08-14,601012,stock,long,-4.330767157210066,1.808972503617956
2024-08-14,FG,futures,short,46.03747969570221,-0.241740531829171
2024-08-14,GC=F,futures,long,3.9265898199583638,0.5121567698492369
2024-08-14,SA,futures,short,52.145312790893776,-0.6349206349206327
2024-08-15,300750,stock,long,-29.19082417215566,0.1389520489111229
2024-08-15,600438,stock,long,25.37701422334949,-3.1313131313131404
2024-08-15,601012,stock,long,0.20238530934838336,-2.487562189054726
2024-08-15,FG,futures,short,51.69347435320822,0.4019292604501623
2024-08-15,GC=F,futures,long,6.647013049570872,1.8215434225335336
2024-08-15,SA,futures,short,55.921798801921994,0.18927444794952786
2024-08-16,300750,stock,long,-31.116553269797723,1.248833160935492
2024-08-16,600438,stock,long,12.017153058480396,-1.3034410844629862
2024-08-16,601012,stock,long,-11.10144891775549,-1.7492711370262426
2024-08-16,FG,futures,short,49.38734119782917,0.4842615012106588
2024-08-16,GC=F,futures,long,25.77503598268665,0.13791472663955417
2024-08-16,SA,futures,short,53.3948000973135,-0.8849557522123908
2024-08-19,300750,stock,long,-26.283873694102134,-0.4547493272201719
2024-08-19,600438,stock,long,7.031496688034083,-1.6904384574749076
2024-08-19,601012,stock,long,-15.127041935867284,-1.3353115727002929
2024-08-19,FG,futures,short,47.57161030497168,-5.028386050283862
2024-08-19,GC=F,futures,long,27.334867298750726,0.3659563471229532
2024-08-19,SA,futures,short,44.442738166064565,-1.2531328320801949
2024-08-20,300750,stock,long,-22.157483699614644,-0.5381794515575966
2024-08-20,600438,stock,long,9.107435820681037,0.7522837184309461
2024-08-20,601012,stock,long,-12.53575707798277,-0.6015037593984918
2024-08-20,FG,futures,short,19.8916722745921,-2.1621621621621623
2024-08-20,GC=F,futures,long,26.639902895792797,-0.12154385389927524
2024-08-20,SA,futures,short,34.932663987070946,-1.7945544554455406
2024-08-21,300750,stock,long,-24.230955766629204,3.0137537907863665
2024-08-21,600438,stock,long,18.440746926462253,-2.7200000000000113
2024-08-21,601012,stock,long,-7.639114703429044,-2.571860816944027
2024-08-21,FG,futures,short,17.842919067647717,4.4595616024187485
2024-08-21,GC=F,futures,long,24.434845449747193,-1.209030375981357
2024-08-21,SA,futures,short,31.323766915595122,4.863221884498481
2024-08-22,300750,stock,long,-15.2304747972799,1.8323072412782082
2024-08-22,600438,stock,long,8.475604277976322,0.43859649122808264
2024-08-22,601012,stock,long,-21.23994147431437,0.15527950310558758
2024-08-22,FG,futures,short,23.975862418157362,1.0284810126582333
2024-08-22,GC=F,futures,long,35.42718538706572,1.1761472654881588
2024-08-22,SA,futures,short,38.25638587022556,1.2140575079872207
2024-08-23,300750,stock,long,-12.196846432338406,1.2715320761959692
2024-08-23,600438,stock,long,7.774715205457743,-0.709606986899558
2024-08-23,601012,stock,long,-24.312736338204456,0.6976744186046435
2024-08-23,FG,futures,short,22.877853752774755,0.1598721023181482
2024-08-23,GC=F,futures,long,35.45423017266574,0.34952292240051364
2024-08-23,SA,futures,short,37.9812469230006,-2.1345407503234215
2024-08-26,300750,stock,long,-0.34553227929313063,-0.24874443286270198
2024-08-26,600438,stock,long,9.397751556226224,-0.9345794392523477
2024-08-26,601012,stock,long,-16.660508244066655,1.8475750577367167
2024-08-26,FG,futures,short,16.08167651660764,-1.2810248198558805
2024-08-26,GC=F,futures,long,38.232930579708174,-0.09001443613326776
2024-08-26,SA,futures,short,25.22478113309843,-2.216592780240667
2024-08-27,300750,stock,long,-1.7699034280485106,-0.40373334599947963
2024-08-27,600438,stock,long,7.076190012406579,0.11098779134295356
2024-08-27,601012,stock,long,-12.105029033140214,-0.6802721088435382
2024-08-27,FG,futures,short,13.725390135490565,1.0276679841897285
2024-08-27,GC=F,futures,long,32.21247525556761,-0.591478479111629
2024-08-27,SA,futures,short,15.587021243897967,2.850061957868655
2024-08-28,300750,stock,long,-5.638269979731823,-1.2041872332307912
2024-08-28,600438,stock,long,-0.36136438306154645,4.3791574279379075
2024-08-28,601012,stock,long,-32.481951815993504,3.1963470319634757
2024-08-28,FG,futures,short,22.077247129069796,-0.7188498402555865
2024-08-28,GC=F,futures,long,24.074630544999664,0.8865946712543371
2024-08-28,SA,futures,short,25.46823456799169,-1.7857142857142794
2024-08-29,300750,stock,long,1.7324603266090035,2.136030121645094
2024-08-29,600438,stock,long,12.929352617245886,0.9559214020180784
2024-08-29,601012,stock,long,-16.36001214737662,1.8436578171091345
2024-08-29,FG,futures,short,15.4410841959775,-0.23790642347343294
2024-08-29,GC=F,futures,long,19.151943657010452,-1.2771921473360925
2024-08-29,SA,futures,short,18.571780848580104,-0.0
2024-08-30,300750,stock,long,16.13000490436689,-1.8609542264338197
2024-08-30,600438,stock,long,15.658822404275718,-4.208311415044719
2024-08-30,601012,stock,long,-7.567518299383231,-4.489500362056487
2024-08-30,FG,futures,short,19.833253964834487,6.803797468354434
2024-08-30,GC=F,futures,long,13.392942273228009,-0.1819946778968462
2024-08-30,SA,futures,short,29.012475258044287,5.827067669172936
2024-09-02,300750,stock,long,9.271589841482152,2.684838488303498
2024-09-02,600438,stock,long,0.38850832241219024,4.3382756727073035
2024-09-02,601012,stock,long,-15.59293078707856,2.426080363912053
2024-09-02,FG,futures,short,27.349866178089837,2.971137521222411
2024-09-02,SA,futures,short,34.86321367294949,0.26613439787092075
2024-09-03,300750,stock,long,21.582326827929563,0.879363106613984
2024-09-03,600438,stock,long,2.9960375344738,1.0526315789473717
2024-09-03,601012,stock,long,-15.993490645354388,1.1843079200592133
2024-09-03,FG,futures,short,30.103619458043095,1.6622922134733153
2024-09-03,GC=F,futures,long,18.94351646797949,0.11890606420927874
2024-09-03,SA,futures,short,30.40947639179505,0.9339559706470935
2024-09-04,300750,stock,long,27.32017105191065,-0.20339613431118453
2024-09-04,600438,stock,long,2.5441592031766147,0.885416666666683
2024-09-04,601012,stock,long,-9.138832144627868,0.6583760058522348
2024-09-04,FG,futures,short,29.99598615530082,-0.1779359430605032
2024-09-04,GC=F,futures,long,23.115200880640828,0.6769634859956408
2024-09-04,SA,futures,short,29.314315202971887,3.569023569023566
2024-09-05,300750,stock,long,29.635785044403477,-0.4949687878505693
2024-09-05,600438,stock,long,5.670673371523457,-1.34228187919464
2024-09-05,601012,stock,long,-6.04921443052034,-1.6715116279069853
2024-09-05,FG,futures,short,27.251823055850302,0.2664298401420906
2024-09-05,GC=F,futures,long,26.76704799295404,-0.7274585855684523
2024-09-05,SA,futures,short,34.37546764779604,0.13966480446927498
2024-09-06,300750,stock,long,34.25167780728356,-0.46817027352846763
2024-09-06,600438,stock,long,5.961256765315574,-0.7849293563579218
2024-09-06,601012,stock,long,-4.2969170026894465,-1.6260162601625883
2024-09-06,FG,futures,short,29.78641056082978,0.44523597506678225
2024-09-06,GC=F,futures,long,15.158771335395105,0.3208370911157221
2024-09-06,SA,futures,short,34.96350673706723,2.7272727272727226
2024-09-09,300750,stock,long,35.01993983308107,-2.345982431590221
2024-09-09,600438,stock,long,4.321705226548173,-1.424050632911389
2024-09-09,601012,stock,long,-10.588715926280264,-1.3523666416228375
2024-09-09,FG,futures,short,30.083773656844198,2.8622540250447193
2024-09-09,GC=F,futures,long,14.647430634429606,0.41063476467328996
2024-09-09,SA,futures,short,36.94228993440447,2.2286125089863384
2024-09-10,300750,stock,long,16.320242391040086,3.2512884735802716
2024-09-10,600438,stock,long,2.4697260743628515,1.7121455323702461
2024-09-10,601012,stock,long,-15.420512424019597,1.7517136329017413
2024-09-10,FG,futures,short,30.120586625710004,-0.2762430939226457
2024-09-10,GC=F,futures,long,10.150521602741017,-0.027533140089341934
2024-09-10,SA,futures,short,38.215156902344106,-3.6029411764705976
2024-09-11,300750,stock,long,28.605789519696796,1.62693599552155
2024-09-11,600438,stock,long,2.6636284547673172,-0.6312467122567167
2024-09-11,601012,stock,long,-7.436941434994294,0.5239520958083776
2024-09-11,FG,futures,short,25.482447711577432,3.7649219467401296
2024-09-11,GC=F,futures,long,9.018063460037665,1.5025250464053563
2024-09-11,SA,futures,short,20.940665652782993,1.5613910574875822
2024-09-12,300750,stock,long,30.96172838608485,-3.3567059525585474
2024-09-12,600438,stock,long,-9.81339228415292,-1.5352038115404976
2024-09-12,601012,stock,long,-10.874968852668218,-2.159344750558445
2024-09-12,FG,futures,short,32.51133274110617,2.57633587786259
2024-09-12,GC=F,futures,long,25.257770002858045,1.1663896914117844
2024-09-12,SA,futures,short,25.37498185187008,2.595529920692141
2024-09-13,300750,stock,long,17.58063044714874,1.7218039755860115
2024-09-13,600438,stock,long,-6.383538844485765,-1.5591397849462507
2024-09-13,601012,stock,long,-10.137261967102178,-1.3698630136986245
2024-09-13,FG,futures,short,36.41133703936226,-0.8814887365328206
2024-09-13,GC=F,futures,long,28.40727564034804,-0.06894889729924802
2024-09-13,SA,futures,short,29.766706237773466,-0.5181347150259086
2024-09-18,300750,stock,long,18.723398683265504,0.29183787822189
2024-09-18,600438,stock,long,-6.969589544090476,1.3653741125068342
2024-09-18,601012,stock,long,-9.230817625284507,2.777777777777768
2024-09-18,FG,futures,short,33.343039491987284,-3.786407766990285
2024-09-18,GC=F,futures,long,12.640191190962266,0.615716131713806
2024-09-18,SA,futures,short,30.624608573375404,-1.4727540500736325
2024-09-19,300750,stock,long,20.876660401868662,-0.7565705240123899
2024-09-19,600438,stock,long,0.3394142547087277,-4.040948275862066
2024-09-19,601012,stock,long,1.3363298759568958,-3.9039039039039047
2024-09-19,FG,futures,short,37.74682348803861,2.8999064546304965
2024-09-19,GC=F,futures,long,17.339737360292933,1.2085922257843995
2024-09-19,SA,futures,short,30.073962750562725,2.6850507982583482
2024-09-20,300750,stock,long,20.203806241267834,1.5246762994933327
2024-09-20,600438,stock,long,-10.285006798061149,-2.133632790567097
2024-09-20,601012,stock,long,-6.268217288234489,-0.5468750000000022
2024-09-20,FG,futures,short,49.597319205983965,-2.3121387283236983
2024-09-20,GC=F,futures,long,34.59832808701076,0.23807909244859538
2024-09-20,SA,futures,short,39.534959097463584,-1.4914243102162494
2024-09-23,300750,stock,long,16.911115468212767,5.3833002171803646
2024-09-23,600438,stock,long,-9.110826366594203,4.302925989672968
2024-09-23,601012,stock,long,-1.7292705527154022,6.755695208169676
2024-09-23,FG,futures,short,35.491796315550936,-4.990583804143123
2024-09-23,GC=F,futures,long,29.524840370687436,0.9236569274269524
2024-09-23,SA,futures,short,28.12990701629745,-5.951506245407789
2024-09-24,300750,stock,long,22.934167097256307,3.0584056827150707
2024-09-24,600438,stock,long,-0.41097907210305973,0.8800880088008833
2024-09-24,601012,stock,long,11.200298949036368,1.103752759381904
2024-09-24,FG,futures,short,19.95660102499127,-1.704035874439458
2024-09-24,GC=F,futures,long,32.794198037859736,0.28763358878876044
2024-09-24,SA,futures,short,11.111949140148145,-2.219140083217752
2024-09-25,300750,stock,long,26.33142728241374,1.2817239985533968
2024-09-25,600438,stock,long,2.8356905091679065,5.997818974918223
2024-09-25,601012,stock,long,11.95372393410242,5.967976710334799
2024-09-25,FG,futures,short,16.231330044610438,-0.7936507936507908
2024-09-25,GC=F,futures,long,35.62428480508578,0.3799289066706679
2024-09-25,SA,futures,short,10.94507414939202,-2.7815468113975506
2024-09-26,300750,stock,long,29.968714843753823,11.184742540879444
2024-09-26,600438,stock,long,15.02750930456064,6.790123456790131
2024-09-26,601012,stock,long,17.933554942931377,9.615384615384626
2024-09-26,FG,futures,short,17.206602789968255,-5.5118110236220375
2024-09-26,GC=F,futures,long,44.160832076207065,-0.9944638264371974
2024-09-26,SA,futures,short,9.831959592179151,-4.224422442244213
2024-09-27,300750,stock,long,38.53974419348669,11.844827097639543
2024-09-27,600438,stock,long,24.104700573545482,9.971098265895929
2024-09-27,601012,stock,long,29.38203933652765,10.02506265664158
2024-09-27,FG,futures,short,4.71237084817381,-6.965174129353224
2024-09-27,GC=F,futures,long,28.64354588927886,-0.32608204317906564
2024-09-27,SA,futures,long,2.58360391591334,7.59974667511083
2024-09-30,300750,stock,long,48.013500274921135,19.892913545423063
2024-09-30,600438,stock,long,28.14675350903026,6.789312308366191
2024-09-30,601012,stock,long,34.09913941587088,9.794988610478384
2024-09-30,FG,futures,long,4.9409385739611364,-6.04651162790698
2024-09-30,GC=F,futures,long,39.1810941943953,1.1619217725451048
2024-09-30,SA,futures,long,10.889823741202411,-12.007062978222482
2024-10-08,300750,stock,long,49.185503120021394,-15.496886534614408
2024-10-08,600438,stock,long,34.07310304011103,-10.008203445447084
2024-10-08,601012,stock,long,39.82169931859085,-10.0103734439834
2024-10-08,FG,futures,short,3.921838794969389,2.0627062706270682
2024-10-08,GC=F,futures,long,23.74392889939218,-0.3566784052541849
2024-10-08,SA,futures,short,5.368498643065086,-0.0
2024-10-09,300750,stock,long,30.159474430976452,1.2503751125337637
2024-10-09,600438,stock,long,23.005600993706647,-1.8687329079307258
2024-10-09,601012,stock,long,29.94880772307953,-2.3054755043227737
2024-10-09,FG,futures,long,2.719725282769207,-3.2013479359730423
2024-10-09,GC=F,futures,long,21.356398758871833,0.5064755837062007
2024-10-09,SA,futures,short,-1.3815722164744768,1.538461538461533
2024-10-10,300750,stock,long,29.11377056711211,-6.6727590067839015
2024-10-10,600438,stock,long,16.176956003077688,-4.180213655364618
2024-10-10,601012,stock,long,24.891694620857216,-4.424778761061942
2024-10-10,FG,futures,long,2.371830212087747,3.046127067014792
2024-10-10,GC=F,futures,long,16.1834222461607,1.401886838005728
2024-10-10,SA,futures,short,0.14919626150038368,-3.057065217391308
2024-10-11,300750,stock,long,22.74423085561665,3.4977372771460624
2024-10-11,600438,stock,long,10.01126037263321,1.405719825496865
2024-10-11,601012,stock,long,18.771098228331663,3.395061728395077
2024-10-11,FG,futures,long,9.204584030392377,3.5472972972973027
2024-10-11,GC=F,futures,long,17.35233800436948,-0.39980387014378893
2024-10-11,SA,futures,long,4.583676949423434,0.856954515491104
2024-10-14,300750,stock,long,25.33986314030413,-3.6224472401213736
2024-10-14,600438,stock,long,10.569069790590811,-0.33460803059273125
2024-10-14,601012,stock,long,21.281820055843358,-2.686567164179099
2024-10-14,FG,futures,long,13.811208674208297,5.5464926590538255
2024-10-14,GC=F,futures,long,14.915610034189243,0.49894223440321017
2024-10-14,SA,futures,long,10.051366478933051,2.8104575163398593
2024-10-15,300750,stock,long,22.873939263291938,-3.2589277818066087
2024-10-15,600438,stock,long,11.706133498764386,-0.3836930455635601
2024-10-15,601012,stock,long,20.187249092747233,-2.2699386503067576
2024-10-15,FG,futures,long,21.06896750950817,1.2364760432766575
2024-10-15,GC=F,futures,long,23.099457769860646,0.4628820387624799
2024-10-15,SA,futures,long,13.52306566837796,-1.5893197711379536
2024-10-16,300750,stock,long,20.744989427122157,-1.0741482233131316
2024-10-16,600438,stock,long,12.158400664221311,-3.562831006259015
2024-10-16,601012,stock,long,19.50678996322248,-2.0087884494664143
2024-10-16,FG,futures,long,23.419218822642026,-9.618320610687025
2024-10-16,GC=F,futures,long,24.550314764903618,0.6019377578850404
2024-10-16,SA,futures,long,15.035776640115637,-7.235142118863047
2024-10-17,300750,stock,long,21.704648909669004,8.497052137431393
2024-10-17,600438,stock,long,9.664089296689907,1.9970044932601017
2024-10-17,601012,stock,long,18.8253211213307,5.3811659192825045
2024-10-17,FG,futures,long,12.15880448398129,3.8851351351351315
2024-10-17,GC=F,futures,long,24.469823117089117,0.8310249307479145
2024-10-17,SA,futures,long,8.306178823318737,0.9749303621169991
2024-10-18,300750,stock,long,24.778082028388507,1.4777402073094859
2024-10-18,600438,stock,long,9.961099830422738,5.971610376896708
2024-10-18,601012,stock,long,21.87476311552449,6.443768996960508
2024-10-18,FG,futures,long,16.12389534038921,1.300813008130075
2024-10-18,GC=F,futures,long,22.604999705885803,0.32600374885531913
2024-10-18,SA,futures,long,5.422125719186975,2.137931034482765
2024-10-21,300750,stock,long,24.67667484523029,-1.1792452830188704
2024-10-21,600438,stock,long,16.528921466133554,3.094688221709019
2024-10-21,601012,stock,long,26.74231159641897,4.968589377498556
2024-10-21,FG,futures,long,22.608186351258396,1.5248796147672605
2024-10-21,GC=F,futures,long,23.20605380321137,0.7630854441409207
2024-10-21,SA,futures,long,9.652424805976967,2.700877785280209
2024-10-22,300750,stock,long,26.370534502331598,-0.5308351523284571
2024-10-22,600438,stock,long,21.38216188690671,9.991039426523308
2024-10-22,601012,stock,long,33.29081290644683,6.528835690968449
2024-10-22,FG,futures,long,28.00354241610565,-0.7905138339920903
2024-10-22,GC=F,futures,long,22.325407626026017,-1.101534384611802
2024-10-22,SA,futures,long,15.821879766597728,-0.591715976331364
2024-10-23,300750,stock,long,24.771574765659533,-1.340574141434847
2024-10-23,600438,stock,long,31.12698870856256,2.443991853360483
2024-10-23,601012,stock,long,40.155928088065025,-5.005107252298247
2024-10-23,FG,futures,long,25.843907413484494,7.490039840637452
2024-10-23,GC=F,futures,long,11.419623527056496,0.7144427602292724
2024-10-23,SA,futures,long,14.512778438865347,3.0423280423280463
2024-10-24,300750,stock,long,23.580783441585353,5.504396593505501
2024-10-24,600438,stock,long,32.15576373652934,10.019880715705787
2024-10-24,601012,stock,long,31.84362457549307,9.999999999999986
2024-10-24,FG,futures,long,28.87442441896427,0.0
2024-10-24,GC=F,futures,long,13.46858792301775,0.20736278202200253
2024-10-24,SA,futures,long,16.204288681708718,-2.5673940949935803
2024-10-25,300750,stock,long,27.72579981482076,-1.0828192676204162
2024-10-25,600438,stock,long,44.600779984469455,4.083845319840984
2024-10-25,601012,stock,long,43.065850594381246,-1.8572825024438022
2024-10-25,FG,futures,long,32.93375184738654,4.670126019273546
2024-10-25,GC=F,futures,long,22.766759324887165,0.04718669285628252
2024-10-25,SA,futures,long,16.356160098759187,2.7667984189723382
2024-10-28,300750,stock,long,25.858277429162854,-1.84933324487494
2024-10-28,600438,stock,long,51.41213379856241,1.7708333333333215
2024-10-28,601012,stock,long,41.64746366775024,-4.183266932270913
2024-10-28,FG,futures,long,35.21208799788782,-3.1869688385269157
2024-10-28,GC=F,futures,long,25.700257361749053,0.9144089482737927
2024-10-28,SA,futures,long,17.72738345217159,-2.7564102564102577
2024-10-29,300750,stock,long,21.017388859846026,-1.5842303597681573
2024-10-29,600438,stock,long,49.07876053725087,-1.4670760832480423
2024-10-29,601012,stock,long,31.954708711696817,0.05197505197505059
2024-10-29,FG,futures,long,25.52504339456881,0.1463057790782818
2024-10-29,GC=F,futures,long,24.504362854242316,0.7083510294533024
2024-10-29,SA,futures,long,8.027952360912364,2.8345418589321048
2024-10-30,300750,stock,long,17.852137081471643,-0.879986950437428
2024-10-30,600438,stock,long,46.22716766251925,6.47506925207757
2024-10-30,601012,stock,long,31.01867177508637,2.5454545454545396
2024-10-30,FG,futures,long,23.727850937876337,-0.876552227903582
2024-10-30,GC=F,futures,long,36.67031951150601,-1.8387603221282411
2024-10-30,SA,futures,long,8.712161358330441,0.9615384615384581
2024-10-31,300750,stock,long,16.37300044843618,0.09527604067420814
2024-10-31,600438,stock,long,46.52097847016304,-3.3170731707317103
2024-10-31,601012,stock,long,28.532962031524455,-3.6980749746707064
2024-10-31,FG,futures,long,21.71541484119029,0.5895357406042745
2024-10-31,GC=F,futures,long,16.40968947240816,-0.0036408414677224776
2024-10-31,SA,futures,long,6.651803079984005,-2.285714285714291
2024-11-01,300750,stock,long,9.456554479949222,2.1633034509016547
2024-11-01,600438,stock,long,36.60285291318167,2.253615876219306
2024-11-01,601012,stock,long,17.93237084023258,1.3150973172014746
2024-11-01,FG,futures,long,16.61776628643403,-2.051282051282055
2024-11-01,GC=F,futures,long,19.262010101282648,-0.10912265580105274
2024-11-01,SA,futures,short,0.9851871126121344,0.9096816114359974
2024-11-04,300750,stock,long,2.8640386057442893,4.315456023851483
2024-11-04,600438,stock,long,31.3744852279536,2.3684210526315974
2024-11-04,601012,stock,long,11.15441637572184,1.9210799584631122
2024-11-04,FG,futures,long,6.378280157502094,3.7397157816005944
2024-11-04,GC=F,futures,long,18.984763512270483,0.12744884066093753
2024-11-04,SA,futures,short,12.28735626044901,-1.1803278688524488
2024-11-05,300750,stock,long,-12.016399440654437,-1.9852385940126283
2024-11-05,600438,stock,long,27.756843810133,-3.8881748071979416
2024-11-05,601012,stock,long,4.160649948409594,-2.139582272032592
2024-11-05,FG,futures,long,19.552423769485106,-0.2883922134102379
2024-11-05,GC=F,futures,long,29.2075817774476,-2.669378610290485
2024-11-05,SA,futures,long,7.217588006487819,-1.6850291639663006
2024-11-06,300750,stock,long,2.521758421772112,2.609473631890258
2024-11-06,600438,stock,long,38.97121490000879,-1.3707790036777023
2024-11-06,601012,stock,long,13.759592598353176,-0.1561686621551317
2024-11-06,FG,futures,long,22.155994212474948,0.1446131597975464
2024-11-06,GC=F,futures,long,10.20996616401434,1.1022680365348814
2024-11-06,SA,futures,long,4.009265872137131,1.911667765326297
2024-11-07,300750,stock,long,4.442592120534245,-2.1394432603500713
2024-11-07,600438,stock,long,39.75387095943664,2.0000000000000018
2024-11-07,601012,stock,long,16.415602492251978,0.2606882168926017
2024-11-07,FG,futures,long,27.437212648517622,-2.310469314079422
2024-11-07,GC=F,futures,long,12.975437002468217,-0.40653410457155426
2024-11-07,SA,futures,long,10.400797826428667,-2.069857697283317
2024-11-08,300750,stock,long,12.104712350072724,4.124936063491025
2024-11-08,600438,stock,long,49.875138881576866,0.4652708541043493
2024-11-08,601012,stock,long,22.761467278509325,4.1081643265730605
2024-11-08,FG,futures,long,19.899719660999413,-1.9955654101995512
2024-11-08,GC=F,futures,long,4.062542921847197,-2.8610693283079858
2024-11-08,SA,futures,short,-0.9157355050057212,1.915455746367234
2024-11-11,300750,stock,long,12.953303140530382,2.186762165845302
2024-11-11,600438,stock,long,48.533825347657476,-1.98478332782005
2024-11-11,601012,stock,long,23.48071814025705,0.3996003996004083
2024-11-11,FG,futures,long,12.443537802072962,-0.8295625942684737
2024-11-11,GC=F,futures,short,7.30400570327656,0.4354930876873997
2024-11-11,SA,futures,short,4.243746381400794,-0.8080808080808133
2024-11-12,300750,stock,long,22.961612776970394,3.481321816800298
2024-11-12,600438,stock,long,45.70099621452726,0.5737428282146517
2024-11-12,601012,stock,long,27.772665875659417,-0.09950248756220859
2024-11-12,FG,futures,long,3.9873081705743645,1.59695817490495
2024-11-12,GC=F,futures,short,11.41421055669429,0.7596995149130148
2024-11-12,SA,futures,short,8.202712977091831,-1.8036072144288484
2024-11-13,300750,stock,long,34.982454279288454,-2.6224300185817895
2024-11-13,600438,stock,long,47.143704268784724,-3.0201342281879318
2024-11-13,601012,stock,long,30.949044048841287,-4.432270916334646
2024-11-13,FG,futures,long,4.495444045631123,-4.041916167664672
2024-11-13,GC=F,futures,short,16.752981609566188,0.525810850811903
2024-11-13,SA,futures,short,1.6997669603693908,1.5748031496062964
2024-11-14,300750,stock,long,31.56173027881294,-3.6317749530639265
2024-11-14,600438,stock,long,48.26381418915389,-8.131487889273348
2024-11-14,601012,stock,long,26.992595822402944,-3.4914017717561308
2024-11-14,FG,futures,long,15.392464498247346,-1.8720748829953227
2024-11-14,GC=F,futures,short,21.928161438180314,0.1088190288689228
2024-11-14,SA,futures,long,11.588082003453616,-2.0000000000000018
2024-11-15,300750,stock,long,13.43386328010421,-1.0539427038420923
2024-11-15,600438,stock,long,30.967646446224382,0.7156308851224091
2024-11-15,601012,stock,long,16.30030010313738,-1.673866090712739
2024-11-15,FG,futures,long,5.373411717532681,-1.5103338632750374
2024-11-15,GC=F,futures,short,26.73551699285518,-1.7314500723369042
2024-11-15,SA,futures,long,4.250540668074161,0.8843537414966018
2024-11-18,300750,stock,long,8.652366910723725,2.340143959200791
2024-11-18,600438,stock,long,25.938489910259115,2.505609573672407
2024-11-18,601012,stock,long,6.819004932136342,2.3613399231191545
2024-11-18,FG,futures,short,-0.26872925098052897,-1.4527845036319542
2024-11-18,GC=F,futures,short,18.95094415365742,-0.6272432391649874
2024-11-18,SA,futures,long,1.3049858243566312,-0.20229265003371966
2024-11-19,300750,stock,long,15.16669425617531,-0.46126916041127064
2024-11-19,600438,stock,long,25.34239597346945,-1.4958044509303159
2024-11-19,601012,stock,long,3.616762538680482,-0.21459227467810482
2024-11-19,FG,futures,short,-0.13840369171890154,0.4773269689737458
2024-11-19,GC=F,futures,short,19.614486387442998,-0.7867712342027655
2024-11-19,SA,futures,short,6.023519993086683,1.0135135135135087
2024-11-20,300750,stock,long,15.303691643381493,0.2812126205055332
2024-11-20,600438,stock,long,13.943434750814209,0.5555555555555536
2024-11-20,601012,stock,long,-5.6966334080250824,0.053763440860210565
2024-11-20,FG,futures,short,-0.7063955104516266,-1.9984012789768135
2024-11-20,GC=F,futures,short,11.60903788991174,-0.8749086095363845
2024-11-20,SA,futures,short,7.0703766758612545,-2.9351535836177556
2024-11-21,300750,stock,long,18.5520849147841,-3.6178649857023237
2024-11-21,600438,stock,long,11.624068731651821,-4.272559852670355
2024-11-21,601012,stock,long,1.6169624327703522,-4.621171413218694
2024-11-21,FG,futures,short,11.649182579206347,2.8213166144200663
2024-11-21,GC=F,futures,short,10.87145772202406,-1.3944465284642105
2024-11-21,SA,futures,short,7.375889843998674,1.7904509283819592
2024-11-22,300750,stock,long,1.369370748549549,2.048945203009489
2024-11-22,600438,stock,long,-7.7439400094954935,0.0
2024-11-22,601012,stock,long,-26.882405204758836,0.33802816901407073
2024-11-22,FG,futures,short,17.512170691580263,-0.24193548387096975
2024-11-22,GC=F,futures,short,5.67004919529858,3.4547582353354755
2024-11-22,SA,futures,short,5.517490927269546,-1.417960837272103
2024-11-25,300750,stock,long,7.516664229907305,-2.96352217421334
2024-11-25,600438,stock,long,-14.536213366077474,1.2312427856868036
2024-11-25,601012,stock,long,-22.583399058290436,1.0668163952835652
2024-11-25,FG,futures,short,31.94854218845371,0.08045052292839916
2024-11-25,GC=F,futures,short,16.916810898349635,-0.10693331403952566
2024-11-25,SA,futures,short,9.44858524132261,-0.0
2024-11-26,300750,stock,long,5.205008884856384,1.3159637158180582
2024-11-26,600438,stock,long,-15.468678633222922,2.660585328772336
2024-11-26,601012,stock,long,-12.78469952220357,1.9444444444444597
2024-11-26,FG,futures,short,25.147012652658745,-0.08051529790660261
2024-11-26,GC=F,futures,short,20.01782351861585,-0.7095659851660274
2024-11-26,SA,futures,short,2.050250726198609,-0.1997336884154377
2024-11-27,300750,stock,long,10.865427051001749,-2.12394007221397
2024-11-27,600438,stock,long,-8.771169142989983,0.03702332469455172
2024-11-27,601012,stock,long,-8.63388911141041,-0.4359673024523225
2024-11-27,FG,futures,short,25.340963623588834,-0.24135156878519748
2024-11-27,GC=F,futures,short,20.01294162336202,-0.647755531983174
2024-11-27,SA,futures,short,10.480826583966536,1.196013289036546
2024-11-28,300750,stock,long,8.313052521578202,2.7292303069758272
2024-11-28,600438,stock,long,-21.46687037173135,1.5914137675795637
2024-11-28,601012,stock,long,-15.295440375651616,1.258894362342633
2024-11-28,FG,futures,short,22.25188892270031,-1.3643659711075395
2024-11-28,SA,futures,short,17.32280009358431,0.6052454606590429
2024-11-29,300750,stock,long,13.038441381868083,0.3859153098696888
2024-11-29,600438,stock,long,-12.929105724877285,0.3278688524590123
2024-11-29,601012,stock,long,-4.993021687991418,-0.3783783783783745
2024-11-29,FG,futures,short,19.82394741774715,-2.454473475851149
2024-11-29,GC=F,futures,short,11.581381912318516,-0.05645464809935774
2024-11-29,SA,futures,short,12.578563649472216,-0.27063599458727605
2024-12-02,300750,stock,long,9.851385701743464,-0.14163274225268419
2024-12-02,600438,stock,long,-16.760435655489665,1.6702977487291326
2024-12-02,601012,stock,long,-8.872237338416737,0.27129679869777323
2024-12-02,FG,futures,short,7.551112382712995,0.9273570324574987
2024-12-02,GC=F,futures,short,11.362157393336629,-0.3535791741113403
2024-12-02,SA,futures,short,8.730682512448285,0.6747638326585648
2024-12-03,300750,stock,long,1.543064054428723,-1.16303572586397
2024-12-03,600438,stock,long,-18.268784206824648,-4.07142857142857
2024-12-03,601012,stock,long,-12.905053637770594,-2.9761904761904767
2024-12-03,FG,futures,short,22.25759953051851,2.574102964118563
2024-12-03,GC=F,futures,short,9.668737116507774,-0.311107955018608
2024-12-03,SA,futures,short,15.144272293817743,3.3288043478260865
2024-12-04,300750,stock,long,3.243926670654325,-1.2177221625433554
2024-12-04,600438,stock,long,-18.52357487571246,1.1541325390916013
2024-12-04,601012,stock,long,-14.53399688212872,0.0557724484104849
2024-12-04,FG,futures,short,27.842854602768234,3.8430744595676525
2024-12-04,GC=F,futures,short,8.996158459531856,1.0387881823236578
2024-12-04,SA,futures,short,19.07092205641906,0.35137034434293835
2024-12-05,300750,stock,long,-4.703178932424029,4.378901580555183
2024-12-05,600438,stock,long,-13.770262366514707,-4.269414795730587
2024-12-05,601012,stock,long,-14.045398948216858,-0.5016722408026753
2024-12-05,FG,futures,short,36.17627049776821,-0.24979184013322886
2024-12-05,GC=F,futures,short,3.4515128260971046,-0.4229042337068556
2024-12-05,SA,futures,short,27.59060610695155,-0.7052186177715081
2024-12-06,300750,stock,long,8.441566368764457,0.5964736477942489
2024-12-06,600438,stock,long,-24.644564037988864,-1.0380622837370401
2024-12-06,601012,stock,long,-15.798331872870001,-1.2324929971988974
2024-12-06,FG,futures,short,29.935543225050157,-0.0
2024-12-06,GC=F,futures,short,6.2019389781987515,-0.98510867084729
2024-12-06,SA,futures,short,18.87730442615044,0.5602240896358524
2024-12-09,300750,stock,long,1.5819952749829238,0.9961340511823069
2024-12-09,600438,stock,long,-27.460343006447996,-1.8648018648018572
2024-12-09,601012,stock,long,-31.640803279535554,-0.05672149744752053
2024-12-09,FG,futures,short,25.00463063590509,-1.82724252491695
2024-12-09,GC=F,futures,short,0.6866288985596701,-1.2137855731237046
2024-12-09,SA,futures,short,14.810118757283686,-0.9154929577464888
2024-12-10,300750,stock,long,-0.954143344359954,-1.3581319618940269
2024-12-10,600438,stock,long,-27.270435952062503,0.0
2024-12-10,601012,stock,long,-32.98151924707797,0.39727582292850006
2024-12-10,FG,futures,short,17.24395853382759,-0.32626427406199365
2024-12-10,GC=F,futures,long,17.412579468167454,1.4089188568283673
2024-12-10,SA,futures,short,14.39591246113383,-0.488485694347518
2024-12-11,300750,stock,long,-12.089519229037329,2.6227244591870758
2024-12-11,600438,stock,long,-28.421935508485305,-0.03958828186857444
2024-12-11,601012,stock,long,-31.52776616421732,0.5087620124364145
2024-12-11,FG,futures,short,21.05345134563181,-1.38211382113822
2024-12-11,GC=F,futures,long,25.175708897577973,-1.7158214410682548
2024-12-11,SA,futures,short,19.874865671970166,-5.833333333333335
2024-12-12,300750,stock,long,-0.08447153629119936,-2.582760460566502
2024-12-12,600438,stock,long,-23.42819079745454,-4.673267326732677
2024-12-12,601012,stock,long,-21.081210045044237,-4.2744656917885315
2024-12-12,FG,futures,short,7.277934881120156,-10.264635124298316
2024-12-12,GC=F,futures,long,19.862801900803913,-1.2401216035536011
2024-12-12,SA,futures,long,5.058463961714147,-2.099737532808399
2024-12-13,300750,stock,long,2.384748317596488,0.0674715627207556
2024-12-13,600438,stock,long,-20.231033070268023,-1.9941836310760297
2024-12-13,601012,stock,long,-22.294509500029193,-0.9400705052878933
2024-12-13,FG,futures,long,17.004711082937984,-0.8727272727272695
2024-12-13,GC=F,futures,long,16.43540247264566,-0.21675942605148268
2024-12-13,SA,futures,long,4.7819428911115915,-1.943699731903481
2024-12-16,300750,stock,long,5.065927327903035,2.6177179845158216
2024-12-16,600438,stock,long,-26.065323935710754,-0.38151759220008685
2024-12-16,601012,stock,long,-20.498448546655005,-1.0676156583629859
2024-12-16,FG,futures,long,18.257341041841887,0.6603081438004477
2024-12-16,GC=F,futures,long,15.978306753009239,-0.2996254681647992
2024-12-16,SA,futures,short,2.5595080266201338,0.06835269993165083
2024-12-17,300750,stock,long,5.680987131684509,-0.9237500386506281
2024-12-17,600438,stock,long,-34.08738344100987,-0.1276595744680864
2024-12-17,601012,stock,long,-32.06222641600961,-0.299760191846532
2024-12-17,FG,futures,long,16.900909986440578,0.07288629737609575
2024-12-17,GC=F,futures,long,8.1199127557172,-0.32682010412753426
2024-12-17,SA,futures,short,2.2170853679763165,1.9151846785225746
2024-12-18,300750,stock,long,4.571401502061891,-0.6319780914261774
2024-12-18,600438,stock,long,-30.999658047098695,-1.4486578610992784
2024-12-18,601012,stock,long,-32.32952668512519,-0.06013229104027129
2024-12-18,FG,futures,long,17.925772974335388,1.8208302986161717
2024-12-18,GC=F,futures,long,4.12478258332483,-1.7035371175543546
2024-12-18,SA,futures,short,4.4483542786304415,-1.9525801952580135
2024-12-19,300750,stock,long,2.422365723656086,-2.779544437377801
2024-12-19,600438,stock,long,-35.82311924405692,-2.031993082576733
2024-12-19,601012,stock,long,-32.705303553726395,-1.6847172081829176
2024-12-19,FG,futures,long,17.63856692220853,-1.788268955650929
2024-12-19,GC=F,futures,short,6.113741685386397,-1.4186572069549763
2024-12-19,SA,futures,short,7.164875369435879,-0.0
2024-12-20,300750,stock,long,4.529707853265097,0.31901404469427685
2024-12-20,600438,stock,long,-32.7162719644348,1.103265666372466
2024-12-20,601012,stock,long,-28.50244568813173,-0.6119951040391758
2024-12-20,FG,futures,long,19.879161750459236,-0.0728332119446451
2024-12-20,GC=F,futures,short,3.827534291086211,0.6389227575678391
2024-12-20,SA,futures,short,2.5536738189222215,0.6839945280437743
2024-12-23,300750,stock,long,0.3557193463843379,1.9039721770492735
2024-12-23,600438,stock,long,-29.505134532645055,4.146660846791783
2024-12-23,601012,stock,long,-32.09244090819416,0.923645320197064
2024-12-23,FG,futures,long,19.285904556430875,1.7492711370262315
2024-12-23,GC=F,futures,short,12.274925402700891,-0.27775850253972667
2024-12-23,SA,futures,short,8.267239970638908,-2.3415977961432466
2024-12-24,300750,stock,long,12.968499729036104,-0.10270265999888784
2024-12-24,600438,stock,long,-20.204630450353644,-0.5029337803855838
2024-12-24,601012,stock,long,-32.78396989548644,-0.18303843807200293
2024-12-24,FG,futures,long,22.544722536984285,-2.005730659025784
2024-12-24,GC=F,futures,long,3.87630095960798,0.6981560365680206
2024-12-24,SA,futures,short,1.8620302413309642,1.2786002691790088
2024-12-25,300750,stock,long,9.370683993219863,-2.6571977635252098
2024-12-25,600438,stock,long,-28.62952207971211,-5.686604886267899
2024-12-25,601012,stock,long,-44.070484699701225,-1.0391198044009675
2024-12-25,FG,futures,long,18.35388238724526,-1.6081871345029253
2024-12-25,SA,futures,short,5.629223082936048,0.13633265167007913
2024-12-26,300750,stock,long,7.828246214072895,0.30465760547246923
2024-12-26,600438,stock,long,-37.203381149370685,-1.518535060294779
2024-12-26,601012,stock,long,-46.28398231171321,-0.24706609017913772
2024-12-26,FG,futures,long,14.85827539878676,-0.7429420505200568
2024-12-26,GC=F,futures,long,6.922246331124254,-0.828968718095624
2024-12-26,SA,futures,short,2.9412817467128796,0.9556313993174026
2024-12-27,300750,stock,long,1.707077698557711,1.8547916801658904
2024-12-27,600438,stock,long,-44.863028652662784,2.4943310657596474
2024-12-27,601012,stock,long,-55.25397469963267,0.5572755417956543
2024-12-27,FG,futures,long,11.156696898035925,0.5988023952095745
2024-12-27,GC=F,futures,short,1.1169419889215515,0.524328629489712
2024-12-27,SA,futures,short,3.832671614419057,0.5513439007580945
2024-12-30,300750,stock,long,5.530120064716621,-0.23060896671279751
2024-12-30,600438,stock,long,-38.441547172705135,-2.1681415929203585
2024-12-30,601012,stock,long,-50.17261933665531,-3.2635467980295374
2024-12-30,FG,futures,long,8.029441173648708,-1.2648809523809534
2024-12-30,GC=F,futures,short,7.2501886260963175,-0.8746763488626907
2024-12-30,SA,futures,short,5.944852709202749,0.6930006930006893
2024-12-31,300750,stock,long,5.2942087974703025,-2.87731939042275
2024-12-31,600438,stock,long,-47.43839865174362,-0.09045680687471691
2024-12-31,601012,stock,long,-59.056566305006704,-1.7823042647994947
2024-12-31,FG,futures,long,7.407630639295079,0.8289374529012905
2024-12-31,GC=F,futures,short,2.9044784154775343,-1.0602044680045442
2024-12-31,SA,futures,short,5.990894764764532,-0.7676203768318235
2025-01-02,300750,stock,long,0.7508811486257245,-0.4718761796904558
2025-01-02,600438,stock,long,-40.7409099201612,-3.62154821186057
2025-01-02,601012,stock,long,-57.93634837126487,-2.7867790019442618
2025-01-02,FG,futures,long,13.806635320086658,0.2989536621823552
2025-01-02,GC=F,futures,long,0.6834994039037665,-0.5357830209113845
2025-01-02,SA,futures,long,4.912479041038509,-1.939058171745156
2025-01-03,300750,stock,long,2.639685774487599,-0.36279982519644705
2025-01-03,600438,stock,long,-50.6221315621128,-0.7045561296383229
2025-01-03,601012,stock,long,-65.79921263581251,1.1333333333333417
2025-01-03,FG,futures,long,22.893207853987583,-0.44709388971684305
2025-01-03,GC=F,futures,short,3.5086281388185854,0.27498583502449936
2025-01-03,SA,futures,short,-0.4834608992771368,-0.0
2025-01-06,300750,stock,long,-10.86952321302561,-3.0205480018868136
2025-01-06,600438,stock,long,-45.21598713398985,-0.09460737937558861
2025-01-06,601012,stock,long,-56.646644789177856,0.46143704680290387
2025-01-06,FG,futures,long,21.4525240655346,-0.07485029940119681
2025-01-06,GC=F,futures,short,-0.2766282207248854,-0.679912391930837
2025-01-06,SA,futures,short,1.4250470438218197,0.8474576271186418
2025-01-07,300750,stock,long,-20.291858138960386,-1.7535775542072973
2025-01-07,600438,stock,long,-42.91984877772688,0.14204545454543638
2025-01-07,601012,stock,long,-49.83082154889891,-0.9842519685039353
2025-01-07,FG,futures,long,21.299460111492873,-3.0711610486891416
2025-01-07,GC=F,futures,long,1.5694173515283742,0.26262475637688354
2025-01-07,SA,futures,short,2.1966257224427874,1.2820512820512775
2025-01-08,300750,stock,long,-27.99146903639157,0.8642103983184768
2025-01-08,600438,stock,long,-38.39541568873471,-1.1820330969267157
2025-01-08,601012,stock,long,-53.33586086694041,-0.7289595758780631
2025-01-08,FG,futures,long,11.320452335010074,1.9319938176197926
2025-01-08,GC=F,futures,short,2.1225623129997593,-0.6885251892217781
2025-01-08,SA,futures,short,8.108092258009318,-1.5873015873015817
2025-01-09,300750,stock,long,-21.65272010309588,-0.5726390479552923
2025-01-09,600438,stock,long,-41.18711342599859,-4.066985645933007
2025-01-09,601012,stock,long,-58.34396212020774,-3.471295060080104
2025-01-09,FG,futures,long,14.191592080980138,-0.7581501137225222
2025-01-09,GC=F,futures,short,4.98223348255019,-0.8993589539443514
2025-01-09,SA,futures,short,5.051557620428916,0.28409090909090606
2025-01-10,300750,stock,long,-33.12821133026682,0.3940622185269804
2025-01-10,600438,stock,long,-48.13824875081283,0.6483790523690747
2025-01-10,601012,stock,long,-68.53662081824928,1.1756569847856113
2025-01-10,FG,futures,long,10.223610619109566,4.048892284186412
2025-01-10,GC=F,futures,short,7.994272463205641,1.3406962189226546
2025-01-10,SA,futures,short,31.399346199496904,-1.6381766381766472
2025-01-13,300750,stock,long,-25.081644875324177,4.007108411908322
2025-01-13,600438,stock,long,-38.82101862847959,2.626362735381571
2025-01-13,601012,stock,long,-55.21140036103901,3.280929596719062
2025-01-13,FG,futures,short,2.124095426061316,-2.1292217327459673
2025-01-13,GC=F,futures,short,6.141361020651883,-0.13813003199367735
2025-01-13,SA,futures,short,16.62826797384004,-2.382620882971276
2025-01-14,300750,stock,long,-10.927789201960486,-2.210444245380039
2025-01-14,600438,stock,long,-26.93176157565108,4.007725736359236
2025-01-14,601012,stock,long,-32.95550928670285,0.9927200529450619
2025-01-14,FG,futures,long,6.8064252066052795,0.0
2025-01-14,GC=F,futures,long,1.861297295979065,1.3234910097216668
2025-01-14,SA,futures,short,-0.1291992864587849,0.6160164271047264
2025-01-15,300750,stock,long,-24.69224631028532,-0.39864629895079995
2025-01-15,600438,stock,long,-15.92350820610508,0.8356545961002881
2025-01-15,601012,stock,long,-26.121028360984667,0.917431192660545
2025-01-15,FG,futures,long,4.871116505717672,3.2350826743350103
2025-01-15,GC=F,futures,long,10.572599460315189,1.2178914166219634
2025-01-15,SA,futures,short,1.8942317550323258,-1.8595041322314154
2025-01-16,300750,stock,long,-23.28761960895881,0.6684890444438762
2025-01-16,600438,stock,long,-13.943691135226947,0.0
2025-01-16,601012,stock,long,-22.066285588904325,-1.558441558441559
2025-01-16,FG,futures,long,13.13344851673112,1.253481894150421
2025-01-16,GC=F,futures,long,18.625426585046704,-0.07997205459931989
2025-01-16,SA,futures,long,12.175448008936291,2.1636240703177823
2025-01-17,300750,stock,long,-19.526146198636397,5.9299236977007785
2025-01-17,600438,stock,long,-11.1567997546467,-2.5322283609576335
2025-01-17,601012,stock,long,-26.23967347106485,-0.13192612137202797
2025-01-17,FG,futures,long,11.721415228407777,-2.5447042640990403
2025-01-17,GC=F,futures,long,20.112934942413148,0.38199876983748826
2025-01-17,SA,futures,long,12.814174507595888,-1.4559894109861027
2025-01-20,300750,stock,long,3.587919711612167,-0.5350412061585597
2025-01-20,600438,stock,long,-12.044783514702349,-4.629192253188474
2025-01-20,601012,stock,long,-21.977090547816612,-2.245706737120212
2025-01-20,FG,futures,long,9.365398108040122,-0.5645730416372619
2025-01-20,SA,futures,long,7.186888029788676,-0.2014775016789816
2025-01-21,300750,stock,long,1.655590647543519,-2.4808516787899304
2025-01-21,600438,stock,long,-21.956951934913167,-1.0401188707280906
2025-01-21,601012,stock,long,-26.058253162505547,-1.2837837837837873
2025-01-21,FG,futures,long,8.014821001564922,-0.8516678495386842
2025-01-21,GC=F,futures,long,36.46970589482296,0.42403419030598855
2025-01-21,SA,futures,long,8.97080161585124,-0.1345895020188448
2025-01-22,300750,stock,long,-8.155037611928485,-0.20582230125798517
2025-01-22,600438,stock,long,-34.59705035891163,-0.9009009009009028
2025-01-22,601012,stock,long,-32.8835388917589,-0.5475701574264247
2025-01-22,FG,futures,long,1.063730472576605,-0.7158196134574135
2025-01-22,GC=F,futures,long,31.97185605536596,-0.21292369091931995
2025-01-22,SA,futures,short,-0.08980877353569028,-0.4716981132075526
2025-01-23,300750,stock,long,-8.385650007535945,1.7922847195868563
2025-01-23,600438,stock,long,-35.42275450339272,4.595959595959598
2025-01-23,601012,stock,long,-34.000852675520434,2.959394356503786
2025-01-23,FG,futures,long,4.70439618239772,0.7209805335256059
2025-01-23,GC=F,futures,long,35.88106020790605,0.5027089455244216
2025-01-23,SA,futures,long,7.039385158527595,1.140174379611003
2025-01-24,300750,stock,long,1.579725742538098,-1.4669351995558744
2025-01-24,600438,stock,long,-14.495030298783895,-1.2071463061323007
2025-01-24,601012,stock,long,-20.213476972183226,-0.40106951871657914
2025-01-24,FG,futures,long,11.482674266962324,-2.505368647100925
2025-01-24,GC=F,futures,long,37.343966954025674,-1.4574112570892472
2025-01-24,SA,futures,long,11.91524210577395,-1.7904509283819592
2025-01-27,300750,stock,long,-2.418568705801978,-2.006966806907584
2025-01-27,600438,stock,long,-13.905445370282992,0.586510263929596
2025-01-27,601012,stock,long,-20.628351051683463,1.2080536912751683
2025-01-27,FG,futures,long,6.113962794951611,-2.496328928046987
2025-01-27,GC=F,futures,long,19.858545510153373,1.0626679336112943
2025-01-27,SA,futures,long,8.324469694486028,-2.2282241728561747
2025-02-05,300750,stock,long,-11.13085870922853,0.411292928699436
2025-02-05,600438,stock,long,-18.347203143690233,2.4295432458697697
2025-02-05,601012,stock,long,-18.658769376122862,2.3209549071617985
2025-02-05,FG,futures,short,2.2016584199883833,-0.6777108433734913
2025-02-05,GC=F,futures,long,48.244741167270256,-0.5634306542732448
2025-02-05,SA,futures,long,1.890143669494145,-1.035911602209949
2025-02-06,300750,stock,long,-9.66264535343828,3.4189748926868324
2025-02-06,600438,stock,long,-8.592982919927142,7.874762808349156
2025-02-06,601012,stock,long,-3.977923217576763,5.184705119896305
2025-02-06,FG,futures,long,2.871396040101413,0.37397157816005944
2025-02-06,GC=F,futures,long,42.10154305391304,0.3789114843185004
2025-02-06,SA,futures,long,0.6807758312742913,1.4654570830425762
2025-02-07,300750,stock,long,4.402920754872579,-1.1437439630122004
2025-02-07,600438,stock,long,6.197978708863717,-2.7264731750219817
2025-02-07,601012,stock,long,12.812735474788488,-1.2322858903265566
2025-02-07,FG,futures,long,1.685132424431039,0.44709388971684305
2025-02-07,GC=F,futures,long,40.49524308709636,1.6207162731946667
2025-02-07,SA,futures,long,3.053268925899857,0.6189821182943644
2025-02-10,300750,stock,long,2.906282564282122,-2.7186911035432915
2025-02-10,600438,stock,long,7.806359522477318,-3.3001808318264048
2025-02-10,601012,stock,long,17.162216388654212,-2.183406113537123
2025-02-10,FG,futures,long,2.0733318382101347,-1.85459940652819
2025-02-10,GC=F,futures,long,42.775639511257594,-0.06133467650617508
2025-02-10,SA,futures,long,12.412775432874012,-0.5468215994531733
2025-02-11,300750,stock,long,-2.1698741812352402,1.4708787029371395
2025-02-11,600438,stock,long,3.3511072002565294,1.7765310892940533
2025-02-11,601012,stock,long,8.802449928325993,1.0841836734693855
2025-02-11,FG,futures,short,1.5894985475893337,0.07558578987150177
2025-02-11,GC=F,futures,long,54.90047176536198,-0.13299278300822337
2025-02-11,SA,futures,long,10.379487694370386,1.0309278350515427
2025-02-12,300750,stock,long,7.586786142096721,2.522229999213099
2025-02-12,600438,stock,long,6.339382675079376,-1.5617822691777694
2025-02-12,601012,stock,long,10.228587202897065,-0.8201892744479466
2025-02-12,FG,futures,short,1.5913870853095708,3.8577912254160407
2025-02-12,GC=F,futures,long,52.788832687373784,0.5702172107181047
2025-02-12,SA,futures,long,17.17953256223342,-3.0612244897959218
2025-02-13,300750,stock,long,16.876145598527398,3.3610322247043856
2025-02-13,600438,stock,long,3.5681688817174155,0.18665422305179646
2025-02-13,601012,stock,long,10.636693991015697,0.5725190839694694
2025-02-13,FG,futures,short,3.4843658509895423,0.7867820613689958
2025-02-13,GC=F,futures,long,49.788298322793324,-1.5176190892213226
2025-02-13,SA,futures,long,9.733156129298292,2.3157894736842044
2025-02-14,300750,stock,long,21.44672579524192,-0.12115858877602692
2025-02-14,600438,stock,long,5.78127969296691,1.4438751746623346
2025-02-14,601012,stock,long,13.77036518117882,1.454775458570512
2025-02-14,FG,futures,short,10.486655971311622,-0.7930214115781098
2025-02-14,GC=F,futures,long,30.003442500012497,1.6651170283438654
2025-02-14,SA,futures,long,11.76075955609485,3.840877914951979
2025-02-17,300750,stock,long,22.474360595699423,0.5360923174449139
2025-02-17,600438,stock,long,15.392011447919726,-4.040404040404056
2025-02-17,601012,stock,long,27.824622010802134,-1.3092269326683281
2025-02-17,FG,futures,short,6.517788961127207,-0.7081038552321006
2025-02-17,SA,futures,long,22.085912718295226,-0.5944517833553542
2025-02-18,300750,stock,long,22.77521171442815,1.082036252106655
2025-02-18,600438,stock,long,7.078904376385983,1.3875598086124485
2025-02-18,601012,stock,long,20.995737648124365,3.2849020846493993
2025-02-18,FG,futures,short,17.110206665492413,0.5468750000000022
2025-02-18,GC=F,futures,long,37.71592105347644,-0.43743310762123233
2025-02-18,SA,futures,long,15.91977961450795,-0.0664451827242507
2025-02-19,300750,stock,long,17.65189108249808,-1.2899350411816446
2025-02-19,600438,stock,long,5.16014240335188,-3.303445021236451
2025-02-19,601012,stock,long,21.00257776769732,-1.8960244648318136
2025-02-19,FG,futures,short,26.325234182008188,-1.5710919088766762
2025-02-19,GC=F,futures,long,32.81084895737436,0.6811756866179408
2025-02-19,SA,futures,long,9.357769658459361,1.8617021276595702
2025-02-20,300750,stock,long,20.133810386059178,2.0869660195121487
2025-02-20,600438,stock,long,-6.783597966888285,0.43923865300146137
2025-02-20,601012,stock,long,13.256408579123924,0.6857855361595888
2025-02-20,FG,futures,short,20.76576343690074,2.010827532869297
2025-02-20,GC=F,futures,long,34.03299663659228,-0.09810718137299723
2025-02-20,SA,futures,long,16.364000792163072,-1.1096605744125299
2025-02-21,300750,stock,long,25.56814683361496,-1.5475558170903514
2025-02-21,600438,stock,long,-7.449903456357395,1.0689990281827155
2025-02-21,601012,stock,long,12.70563822731916,1.3003095975232304
2025-02-21,FG,futures,short,40.86268915558569,-0.0789265982636067
2025-02-21,GC=F,futures,long,34.73778202841636,0.33861574445821496
2025-02-21,SA,futures,long,7.8379020770548165,0.5280528052805211
2025-02-24,300750,stock,long,20.10867378337345,-0.7840001862970736
2025-02-24,600438,stock,long,-5.6631150864540665,2.9807692307692424
2025-02-24,601012,stock,long,20.105110370338288,0.5501222493887514
2025-02-24,FG,futures,short,46.47635377738049,2.444794952681384
2025-02-24,GC=F,futures,long,33.91357830778325,-1.498376858645356
2025-02-24,SA,futures,long,3.1808543320887077,-1.7071569271175258
2025-02-25,300750,stock,long,6.364996071101471,-0.3364197893073295
2025-02-25,600438,stock,long,3.3534838164169662,3.0345471521942002
2025-02-25,601012,stock,long,21.859513724438827,5.957446808510647
2025-02-25,FG,futures,short,46.34411362736476,1.0509296685529468
2025-02-25,GC=F,futures,long,33.559570970859156,0.40427739587240996
2025-02-25,SA,futures,long,2.3998823295358194,0.6680026720106813
2025-02-26,300750,stock,long,6.90750320031295,0.5416586529970013
2025-02-26,600438,stock,long,16.619053003057626,-2.310829179882201
2025-02-26,601012,stock,long,37.77347143858868,-1.8932874354561036
2025-02-26,FG,futures,short,47.95759213196171,-0.8169934640522847
2025-02-26,GC=F,futures,long,30.638348479175118,-1.184064497242443
2025-02-26,SA,futures,long,5.002975021053761,3.2514930325149294
2025-02-27,300750,stock,long,15.87513589037647,-2.22523257584335
2025-02-27,600438,stock,long,14.212835034225085,-2.1799628942485993
2025-02-27,601012,stock,long,35.85812760956561,-2.280701754385972
2025-02-27,FG,futures,short,41.08616714291829,-1.1345218800648205
2025-02-27,GC=F,futures,long,22.649835562083716,-1.636793533691816
2025-02-27,SA,futures,long,13.97045207366162,0.8354755784061751
2025-02-28,300750,stock,long,9.686058920422639,3.6853221961805183
2025-02-28,600438,stock,long,11.8889434417493,1.04314841156945
2025-02-28,601012,stock,long,30.86918813662354,1.795332136445249
2025-02-28,FG,futures,short,33.696518578434954,1.6826923076923128
2025-02-28,GC=F,futures,long,4.954586882526072,1.8465893507547904
2025-02-28,SA,futures,long,14.942016064299517,-1.3384321223709361
2025-03-03,300750,stock,long,13.826567060577334,-4.05494391238549
2025-03-03,600438,stock,long,6.343058352729738,-0.1407789770060841
2025-03-03,601012,stock,long,28.940324470039748,2.4691358024691246
2025-03-03,FG,futures,short,41.768716962337955,-0.32599837000815146
2025-03-03,GC=F,futures,long,14.94241980163185,0.6721588136773926
2025-03-03,SA,futures,long,8.00727951052811,-1.6795865633074891
2025-03-04,300750,stock,long,6.638965357850339,-0.8067332121226678
2025-03-04,600438,stock,long,8.260892285472345,-3.007518796992481
2025-03-04,601012,stock,long,34.859544263687496,-2.1227768215720033
2025-03-04,FG,futures,short,33.62059781399186,2.3558082859463814
2025-03-04,GC=F,futures,long,11.164609998474893,0.18489016514391388
2025-03-04,SA,futures,long,8.33671775657898,-3.6793692509855425
2025-03-05,300750,stock,long,9.603207914651776,1.343351824652128
2025-03-05,600438,stock,long,1.8695134636280502,3.3430232558139483
2025-03-05,601012,stock,long,26.711891897498166,0.4103165298944944
2025-03-05,FG,futures,short,33.364386784725106,-0.33277870216306127
2025-03-05,GC=F,futures,long,8.951444001570122,0.020509147513680936
2025-03-05,SA,futures,long,4.091242530129695,0.20463847203273655
2025-03-06,300750,stock,long,11.710604930330815,-1.4173750214602543
2025-03-06,600438,stock,long,3.3773424855751646,0.42194092827005925
2025-03-06,601012,stock,long,23.068632000333913,1.284296555750153
2025-03-06,FG,futures,short,34.84452249764028,1.9900497512437831
2025-03-06,GC=F,futures,long,6.168925616262758,-0.42711677656303015
2025-03-06,SA,futures,long,7.334363180919837,-2.1102791014295463
2025-03-07,300750,stock,long,0.4510162942795034,-1.7253040544645382
2025-03-07,600438,stock,long,-11.595189546358377,1.6339869281045694
2025-03-07,601012,stock,long,16.66087530822179,-0.7492795389049123
2025-03-07,FG,futures,short,42.40089083091033,3.2994923857868064
2025-03-07,GC=F,futures,long,6.866893552840111,-0.5044505960630219
2025-03-07,SA,futures,short,1.8708134400682024,0.2781641168289273
2025-03-10,300750,stock,long,-0.9660760355733712,-0.5357444581356896
2025-03-10,600438,stock,long,-2.3474198164405045,1.3780431786862612
2025-03-10,601012,stock,long,17.92897140297281,0.6387921022067422
2025-03-10,FG,futures,short,51.893164013750194,-0.8748906386701671
2025-03-10,GC=F,futures,long,2.488402877652283,0.7415327558857987
2025-03-10,SA,futures,short,4.1582713445238735,0.20920502092049986
2025-03-11,300750,stock,long,4.545153350437738,-0.2900316134458736
2025-03-11,600438,stock,long,8.173073340481851,-2.809243316719534
2025-03-11,601012,stock,long,25.652301683640342,-1.7311021350259526
2025-03-11,FG,futures,short,42.5203281740653,0.5203816131829964
2025-03-11,GC=F,futures,short,1.9406027501473124,-0.8867180441066269
2025-03-11,SA,futures,short,3.3040568482244352,-0.06988120195667857
2025-03-12,300750,stock,long,0.06258079912171738,-0.531886159740369
2025-03-12,600438,stock,long,-2.1937613284405075,-2.0046620046620056
2025-03-12,601012,stock,long,18.21919932611387,-1.2918379330593255
2025-03-12,FG,futures,short,44.08423506894645,-0.34873583260679464
2025-03-12,GC=F,futures,long,2.9254361212994975,1.5101126395629327
2025-03-12,SA,futures,short,5.801155497425718,-0.6284916201117374
2025-03-13,300750,stock,long,-8.202109677673393,3.667915763264862
2025-03-13,600438,stock,long,-3.1483692003926067,2.901998097050429
2025-03-13,601012,stock,long,16.951528510861056,4.2236763831053015
2025-03-13,FG,futures,short,34.53636424144135,-1.0425716768027726
2025-03-13,GC=F,futures,long,10.709282177475174,0.3276183822470191
2025-03-13,SA,futures,long,3.926625229925391,0.4163775156141636
2025-03-14,300750,stock,long,-7.2468955771057155,-2.417863173123036
2025-03-14,600438,stock,long,2.696304240000333,0.1386962552011095
2025-03-14,601012,stock,long,23.70251193331898,0.8561643835616639
2025-03-14,FG,futures,short,27.2805337988784,-0.7738607050730817
2025-03-14,GC=F,futures,long,9.577224378125909,0.16660557253338482
2025-03-14,SA,futures,short,1.3380800009046674,1.1748445058742174
2025-03-17,300750,stock,long,-12.892685449325636,0.4129620529169653
2025-03-17,600438,stock,long,-0.05291810423085048,-0.7848568790397081
2025-03-17,601012,stock,long,22.473003776019723,1.3016411997736066
2025-03-17,FG,futures,short,27.3625230496927,1.1945392491467532
2025-03-17,GC=F,futures,long,19.089343839003213,1.1543178884471983
2025-03-17,SA,futures,short,18.186754926103085,0.9090909090909038
2025-03-18,300750,stock,long,-13.22542454921453,3.450502358597274
2025-03-18,600438,stock,long,7.468498403741462,-1.7217310376919426
2025-03-18,601012,stock,long,28.683037486060265,-1.3407821229050154
2025-03-18,FG,futures,short,34.28811649418282,-1.5544041450777257
2025-03-18,GC=F,futures,long,17.05507840355739,0.013151221301255234
2025-03-18,SA,futures,short,19.164817888982345,-0.14114326040930436
2025-03-19,300750,stock,long,-6.617135981397782,-1.2880501544467626
2025-03-19,600438,stock,long,0.278131779206024,-0.5681818181818232
2025-03-19,601012,stock,long,18.72714870314484,-1.3023782559456465
2025-03-19,FG,futures,short,25.65645086524266,0.25510204081632404
2025-03-19,GC=F,futures,long,19.705600625378274,0.08549578120464751
2025-03-19,SA,futures,short,18.450314892944917,-0.8456659619450413
2025-03-20,300750,stock,long,-6.6128120292340595,-2.476812603955658
2025-03-20,600438,stock,long,6.985063744146786,-1.0000000000000009
2025-03-20,601012,stock,long,20.360756005344072,-2.1227768215720033
2025-03-20,FG,futures,short,33.33405854284752,-0.0
2025-03-20,GC=F,futures,long,16.580995887219434,-0.7359270032536891
2025-03-20,SA,futures,short,22.69826395707416,1.4675052410901501
2025-03-21,300750,stock,long,-17.553774977134974,0.8919980343006229
2025-03-21,600438,stock,long,3.4417558876424494,-1.3468013468013407
2025-03-21,601012,stock,long,13.377187512397944,-0.05861664712777381
2025-03-21,FG,futures,short,27.12233396811961,-5.71184995737426
2025-03-21,GC=F,futures,long,12.775107410953188,-0.19195753210294875
2025-03-21,SA,futures,short,23.728241540569375,-2.76595744680852
2025-03-24,300750,stock,long,-11.724108272841091,0.5402905289526139
2025-03-24,600438,stock,long,-2.4135974176677473,-0.04875670404681509
2025-03-24,601012,stock,long,10.376844074615102,0.7038123167155463
2025-03-24,FG,futures,short,4.832235923598564,-1.6129032258064502
2025-03-24,GC=F,futures,long,9.899920834246128,0.34155074790935824
2025-03-24,SA,futures,short,14.626780161920065,0.6901311249137287
2025-03-25,300750,stock,long,-8.541106838554445,-1.0422052411524496
2025-03-25,600438,stock,long,-10.372026890013263,1.5121951219512209
2025-03-25,601012,stock,long,10.717082289727996,1.1065812463599167
2025-03-25,FG,futures,long,5.7526739945437,-2.4603174603174627
2025-03-25,GC=F,futures,long,21.64925305267734,-0.11236004010299894
2025-03-25,SA,futures,short,11.719273520175019,0.8339124391938846
2025-03-26,300750,stock,long,-10.18597589895484,0.806342127673565
2025-03-26,600438,stock,long,-15.122458980564438,-2.3546371936568833
2025-03-26,601012,stock,long,-0.29189909712496975,-1.8433179723502335
2025-03-26,FG,futures,long,1.9616361193603433,0.5695687550854256
2025-03-26,GC=F,futures,long,18.5884959091522,1.2737799834574126
2025-03-26,SA,futures,short,16.537502194070576,0.630693763139456
2025-03-27,300750,stock,long,-9.529296623196068,-0.8488652548840347
2025-03-27,600438,stock,long,-15.220428837814254,-1.67322834645669
2025-03-27,601012,stock,long,-0.151601385013809,-0.9976525821596138
2025-03-27,FG,futures,long,1.335199941191775,-3.1553398058252413
2025-03-27,GC=F,futures,long,34.1380280176572,0.8330610911466918
2025-03-27,SA,futures,short,33.88066320590844,1.7630465444287702
2025-03-28,300750,stock,long,-6.4064646381490435,-1.588784662053988
2025-03-28,600438,stock,long,-14.026761773544022,-4.254254254254263
2025-03-28,601012,stock,long,3.59330764446673,-6.046235921754606
2025-03-28,FG,futures,short,9.117456021372076,1.3366750208855471
2025-03-28,GC=F,futures,long,58.16785902918209,1.1760910036651584
2025-03-28,SA,futures,short,43.74813989408081,1.4357501794687755
2025-03-31,300750,stock,long,-21.120358521664958,-1.6227994964302606
2025-03-31,600438,stock,long,-26.065738151076044,0.261369576581294
2025-03-31,601012,stock,long,-15.467421413714119,1.1987381703469913
2025-03-31,FG,futures,short,8.327205618250696,-4.572396274343782
2025-03-31,GC=F,futures,long,58.34875972574063,0.7429214425874298
2025-03-31,SA,futures,short,44.01138967034622,-1.0924981791696986
2025-04-01,300750,stock,long,-16.18050623654693,0.03401172554238219
2025-04-01,600438,stock,long,-24.980582415082026,-1.511991657977052
2025-04-01,601012,stock,long,-19.061959572371435,-0.4987531172069737
2025-04-01,FG,futures,long,1.7876072539651786,-0.8097165991902799
2025-04-01,GC=F,futures,long,58.72438667926152,0.642083635469648
2025-04-01,SA,futures,short,33.059031179464924,-0.4322766570605152
2025-04-02,300750,stock,long,-13.725970515191692,-2.575512233683108
2025-04-02,600438,stock,long,-22.03360082583012,-1.4293276866066629
2025-04-02,601012,stock,long,-15.432998944436434,-1.253132832080206
2025-04-02,FG,futures,long,5.267768661459209,-2.2040816326530654
2025-04-02,GC=F,futures,long,62.20853269607989,-1.4054703015054293
2025-04-02,SA,futures,short,21.447114768315934,0.9325681492108995
2025-04-03,300750,stock,long,-24.81492431449889,-12.153573002141925
2025-04-03,600438,stock,long,-38.56399146754582,-9.98925886143931
2025-04-03,601012,stock,long,-19.50703896542008,-10.025380710659903
2025-04-03,FG,futures,short,0.35612840169884324,1.5025041736227096
2025-04-03,GC=F,futures,long,43.32238377868727,-2.7645209398080794
2025-04-03,SA,futures,short,26.31041557004189,1.6654598117306296
2025-04-07,300750,stock,long,-30.72999759358812,1.9019431602051995
2025-04-07,600438,stock,long,-44.150118952944574,1.4916467780429654
2025-04-07,601012,stock,long,-32.94702138078785,2.3977433004231274
2025-04-07,FG,futures,short,-0.7052360302694735,-0.8474576271186418
2025-04-07,GC=F,futures,long,11.814777132108706,0.5582409527329801
2025-04-07,SA,futures,short,25.09547756467518,2.5036818851251863
2025-04-08,300750,stock,long,-24.500057242119187,-3.7328888953865214
2025-04-08,600438,stock,long,-44.54348992845996,1.1169900058788818
2025-04-08,601012,stock,long,-26.684161553710343,1.3085399449035862
2025-04-08,FG,futures,long,10.355964452176119,-0.8403361344537785
2025-04-08,GC=F,futures,long,11.041567600424465,2.9830764707529767
2025-04-08,SA,futures,short,32.03317841698557,0.8308157099697899
2025-04-09,300750,stock,long,-28.90147499086836,3.335982545572369
2025-04-09,600438,stock,long,-45.245008317309455,1.569767441860459
2025-04-09,601012,stock,long,-25.40007105850613,2.1753908905506325
2025-04-09,FG,futures,long,6.362051214481569,-0.9322033898305104
2025-04-09,GC=F,futures,long,17.83988215387558,3.1856887954560653
2025-04-09,SA,futures,short,34.49269682695008,-0.5331302361005319
2025-04-10,300750,stock,long,-22.411323159039284,2.949057722171311
2025-04-10,600438,stock,long,-36.45605642319428,-0.9158557527189526
2025-04-10,601012,stock,long,-18.595104592674417,-1.5302727877578137
2025-04-10,FG,futures,long,5.389720638317167,-1.9674935842600494
2025-04-10,GC=F,futures,long,22.046022717677634,2.1117261260818143
2025-04-10,SA,futures,short,32.22936983968291,-0.5303030303030365
2025-04-11,300750,stock,long,-16.797207964613307,0.0
2025-04-11,600438,stock,long,-34.57743936706981,0.5199306759098743
2025-04-11,601012,stock,long,-18.959755239379994,0.6756756756756799
2025-04-11,FG,futures,short,-0.06009638393145796,-0.5235602094240788
2025-04-11,GC=F,futures,long,27.26890519876537,-0.5640155420492121
2025-04-11,SA,futures,short,32.734231301606094,-3.7678975131876458
2025-04-14,300750,stock,long,-22.96659005760067,1.9747517285025662
2025-04-14,600438,stock,long,-40.96759036157974,-0.8620689655172376
2025-04-14,601012,stock,long,-26.340210951498047,-1.140939597315438
2025-04-14,FG,futures,short,1.1128569711321867,-2.517361111111116
2025-04-14,GC=F,futures,long,24.53291263142173,0.4370285869953916
2025-04-14,SA,futures,short,15.343890877077111,0.6535947712418277
2025-04-15,300750,stock,long,-16.279870385870375,-1.5212106223431276
2025-04-15,600438,stock,long,-43.16870575371584,1.1594202898550732
2025-04-15,601012,stock,long,-30.032338479210416,1.6972165648336812
2025-04-15,FG,futures,long,2.7457756910702917,0.3386960203217715
2025-04-15,GC=F,futures,long,22.29115729024463,3.2712011848701428
2025-04-15,SA,futures,short,13.762789394602034,1.1695906432748537
2025-04-16,300750,stock,long,-19.14198880561197,0.5259591647199802
2025-04-16,600438,stock,long,-38.60489697034613,-1.0315186246418362
2025-04-16,601012,stock,long,-29.173305402084882,-0.06675567423231055
2025-04-16,FG,futures,long,6.161362049807024,-1.6033755274261652
2025-04-16,GC=F,futures,long,30.506306767903745,-0.5378914811524194
2025-04-16,SA,futures,short,14.544882243010246,-0.4437869822485174
2025-04-17,300750,stock,long,-24.362195821397947,-0.25453328494058347
2025-04-17,600438,stock,long,-37.35452764042755,-1.968731905037635
2025-04-17,601012,stock,long,-26.950068653386882,-0.8016032064128376
2025-04-17,FG,futures,short,0.8238810868046916,3.7735849056603765
2025-04-17,GC=F,futures,long,28.321853695806404,2.911313223394263
2025-04-17,SA,futures,short,13.513344658204966,2.5036818851251863
2025-04-18,300750,stock,long,-22.777971314857304,2.7881084810479573
2025-04-18,600438,stock,long,-39.94121172062036,0.47253396337862963
2025-04-18,601012,stock,long,-26.109416040356177,0.13468013468012074
2025-04-18,FG,futures,short,8.051943725841449,-0.7130124777183555
2025-04-18,SA,futures,short,23.46249193021625,-1.2084592145015005
2025-04-21,300750,stock,long,-14.42068596911912,1.777824773691683
2025-04-21,600438,stock,long,-36.797331268615636,-0.5878894767783693
2025-04-21,601012,stock,long,-22.304888886040192,-0.4707464694014729
2025-04-21,FG,futures,short,6.554349232593211,0.5309734513274322
2025-04-21,GC=F,futures,long,38.08438250237058,-0.17225196042004454
2025-04-21,SA,futures,short,14.96082338251028,1.8656716417910446
2025-04-22,300750,stock,long,-12.991135707067354,1.2015538892402144
2025-04-22,600438,stock,long,-35.3536490906025,0.591366055588427
2025-04-22,601012,stock,long,-23.042847621883546,0.6756756756756799
2025-04-22,FG,futures,short,23.639360121573496,-2.6690391459074814
2025-04-22,GC=F,futures,long,38.15422727369761,-3.6643799574778035
2025-04-22,SA,futures,short,31.77195770667245,-4.410646387832706
2025-04-23,300750,stock,long,-11.956702044300135,1.5711480092840624
2025-04-23,600438,stock,long,-33.935679751464335,-1.2345679012345734
2025-04-23,601012,stock,long,-23.097264446425676,-1.2751677852348986
2025-04-23,FG,futures,short,20.26871220879557,1.6464471403812797
2025-04-23,GC=F,futures,long,22.81952377233824,1.6544730999151103
2025-04-23,SA,futures,short,11.838429206645607,-0.5098324836125379
2025-04-24,300750,stock,long,-8.014224249177042,-0.11865002636667343
2025-04-24,600438,stock,long,-40.07807596377238,-0.8333333333333415
2025-04-24,601012,stock,long,-27.499549163896493,1.223657375934728
2025-04-24,FG,futures,short,18.60928480583958,1.2334801762114544
2025-04-24,GC=F,futures,long,27.176330721554685,-1.4991397553752672
2025-04-24,SA,futures,short,8.193866132742395,1.0869565217391353
2025-04-25,300750,stock,long,-9.404556661615425,-0.7699414844471786
2025-04-25,600438,stock,long,-37.39508986702017,-0.36014405762304635
2025-04-25,601012,stock,long,-21.9502553026331,0.402955003357941
2025-04-25,FG,futures,short,23.10083506275909,-0.0892060660124816
2025-04-25,GC=F,futures,long,19.664856536585607,1.4946656041644246
2025-04-25,SA,futures,short,9.383553810014734,0.073260073260073
2025-04-28,300750,stock,long,-9.289454791385763,-1.2503325352487327
2025-04-28,600438,stock,long,-34.86019930150737,-1.746987951807244
2025-04-28,601012,stock,long,-19.462238545972166,-0.6020066889632081
2025-04-28,FG,futures,short,15.865266879019075,1.2477718360071277
2025-04-28,GC=F,futures,long,21.18073429553077,-0.4211803244400514
2025-04-28,SA,futures,short,4.9309831450209,-0.8797653958944274
2025-04-29,300750,stock,long,-8.803934854475319,-0.2379669540229945
2025-04-29,600438,stock,long,-31.361190188762823,0.0
2025-04-29,601012,stock,long,-11.200109196455719,-1.076716016150736
2025-04-29,FG,futures,short,15.653972709842225,2.3465703971119134
2025-04-29,GC=F,futures,long,17.2090205100202,-0.43496519004168066
2025-04-29,SA,futures,long,1.4530922121039382,-1.744186046511631
2025-04-30,300750,stock,long,-6.780183069867451,0.05850848373014639
2025-04-30,600438,stock,long,-31.96412846537325,1.9619865113427393
2025-04-30,601012,stock,long,-15.729235599954249,2.244897959183678
2025-04-30,FG,futures,short,40.57291581881124,1.0166358595194103
2025-04-30,GC=F,futures,long,14.247520260157168,-2.919470447812045
2025-04-30,SA,futures,short,6.341989377769607,1.6272189349112454
2025-05-06,300750,stock,long,-6.743502724985214,3.1396185678301602
2025-05-06,600438,stock,long,-24.14920508311908,0.42092603728203226
2025-05-06,601012,stock,long,-10.102835984810822,0.46573519627413074
2025-05-06,FG,futures,short,41.17569707867311,-0.2801120448179262
2025-05-06,GC=F,futures,long,35.727342657037795,-0.9027739290512815
2025-05-06,SA,futures,short,11.823353787103484,0.5263157894736858
2025-05-07,300750,stock,long,1.7476946820976225,2.599215002180544
2025-05-07,600438,stock,long,-20.43216742133975,1.197604790419149
2025-05-07,601012,stock,long,-6.845625755227848,1.1258278145695355
2025-05-07,FG,futures,short,34.04198936528853,1.582867783985098
2025-05-07,GC=F,futures,long,31.62597283399649,-2.532501100176765
2025-05-07,SA,futures,short,10.760033928207081,-0.0
2025-05-08,300750,stock,long,43.111283497827706,1.572728045566607
2025-05-08,600438,stock,long,4.123218662113633,-2.3668639053254337
2025-05-08,601012,stock,long,30.61772116977644,-2.292075965946294
2025-05-08,FG,futures,short,34.23911900076963,2.1759697256386046
2025-05-08,GC=F,futures,long,17.908064816560067,1.1494252873563315
2025-05-08,SA,futures,short,6.354034539041437,1.3605442176870763
2025-05-09,300750,stock,long,42.42537187512496,3.653331101439572
2025-05-09,600438,stock,long,-11.764857506312849,3.3939393939393936
2025-05-09,601012,stock,long,11.260682976188908,3.150134048257369
2025-05-09,FG,futures,short,43.729475585210324,-1.0638297872340496
2025-05-09,GC=F,futures,long,13.692634417405676,-3.468899521531099
2025-05-09,SA,futures,short,3.311675281051293,-0.9961685823754785
2025-05-12,300750,stock,long,71.26732770284649,0.714602931083208
2025-05-12,600438,stock,long,-2.152186160132011,7.5615474794841875
2025-05-12,601012,stock,long,16.573584011439724,1.5594541910331383
2025-05-12,FG,futures,short,36.58393058010102,2.775119617224875
2025-05-12,GC=F,futures,short,0.19718162799084646,-0.6133844122715226
2025-05-12,SA,futures,long,1.9074234337057714,-2.0485584218512876
2025-05-13,300750,stock,long,66.55009851097532,1.5353162831716505
2025-05-13,600438,stock,long,12.153974972894979,-3.0517711171662243
2025-05-13,601012,stock,long,14.804651861555477,-0.6397952655150418
2025-05-13,FG,futures,short,40.491766084126105,-2.952755905511806
2025-05-13,GC=F,futures,long,2.5757896985785704,-1.8320093326394504
2025-05-13,SA,futures,short,5.28661515380661,-4.182804027885356
2025-05-14,300750,stock,long,64.56708359962133,-0.9554265861265732
2025-05-14,600438,stock,long,6.976222935037012,-3.3164699269252362
2025-05-14,601012,stock,long,18.627891750615703,-2.8332260141661236
2025-05-14,FG,futures,short,23.785594373496227,0.9560229445506718
2025-05-14,GC=F,futures,short,2.7185309442907153,-1.2012686460360689
2025-05-14,SA,futures,long,4.254647047975176,-1.115241635687736
2025-05-15,300750,stock,long,59.40178697648923,-0.32686251843584424
2025-05-15,600438,stock,long,-1.2300782054410395,0.11627906976743319
2025-05-15,601012,stock,long,4.9348730570294785,0.3976143141153132
2025-05-15,FG,futures,short,27.957983474352826,2.992277992277992
2025-05-15,GC=F,futures,short,7.953891557076272,1.2211041124369437
2025-05-15,SA,futures,short,8.424521907595516,3.082706766917298
2025-05-16,300750,stock,long,51.75702744820282,0.25594881023793814
2025-05-16,600438,stock,long,0.7747088762032445,-1.3937282229965042
2025-05-16,601012,stock,long,10.240677945806313,-0.3960396039603964
2025-05-16,FG,futures,short,44.579993071157546,-1.2935323383084674
2025-05-16,GC=F,futures,short,9.570655555807463,-1.4526872972340898
2025-05-16,SA,futures,short,14.104260633732546,0.38789759503491394
2025-05-19,300750,stock,long,61.377665007770865,1.1966971159599549
2025-05-19,600438,stock,long,-4.460020512150326,1.0011778563015161
2025-05-19,601012,stock,long,3.233725887327805,0.1325381047051044
2025-05-19,FG,futures,short,40.85732838769132,-0.6876227897838927
2025-05-19,GC=F,futures,short,13.742963614666571,-1.5803339309184983
2025-05-19,SA,futures,short,12.192730887355816,0.31152647975077885
2025-05-20,300750,stock,long,63.76551177133273,4.367535180732385
2025-05-20,600438,stock,long,-0.2931566543560227,0.1749271137026387
2025-05-20,601012,stock,long,3.929683631449236,0.1323626737260275
2025-05-20,FG,futures,short,34.25863527003293,-0.8780487804878057
2025-05-20,GC=F,futures,short,9.071709368132003,-0.8798606066038772
2025-05-20,SA,futures,short,14.162457326612534,-0.6250000000000089
2025-05-21,300750,stock,long,71.60833367978091,-1.4012161498659137
2025-05-21,600438,stock,long,4.1727599415244,-1.105937136204893
2025-05-21,601012,stock,long,7.262212601923053,-0.793126239259756
2025-05-21,FG,futures,short,23.189945376507673,1.5473887814313358
2025-05-21,GC=F,futures,long,2.474206705051735,-0.5583220159951718
2025-05-21,SA,futures,short,6.379232111807082,0.15527950310558758
2025-05-22,300750,stock,long,56.77389709040447,-1.2947215199570983
2025-05-22,600438,stock,long,0.8755830350347922,-0.8828722778104647
2025-05-22,601012,stock,long,3.951935829737634,-0.5996002664890088
2025-05-22,FG,futures,short,29.885517382293095,1.7681728880157177
2025-05-22,GC=F,futures,short,3.6143782248231067,-2.148711648805013
2025-05-22,SA,futures,short,10.11677030550897,2.5660964230171057
2025-05-23,300750,stock,long,45.73072046930543,-4.303787643588953
2025-05-23,600438,stock,long,0.26310315360463365,1.7220902612826494
2025-05-23,601012,stock,long,3.4952788531247725,0.4691689008042843
2025-05-23,FG,futures,short,33.07788990299172,-1.8999999999999906
2025-05-23,GC=F,futures,long,6.391733580223169,-1.94307877876303
2025-05-23,SA,futures,short,11.74429829851669,-0.07980845969672856
2025-05-26,300750,stock,long,24.57383845931462,-0.7745650675209825
2025-05-26,600438,stock,long,2.5748384312413606,-1.0507880910682998
2025-05-26,601012,stock,long,2.7834699093463433,-3.6691127418278846
2025-05-26,FG,futures,short,36.79088778669853,-1.177625122669279
2025-05-26,SA,futures,short,28.06261555937404,1.8341307814991992
2025-05-27,300750,stock,long,18.788583080377823,-0.15939185875429862
2025-05-27,600438,stock,long,2.956860082229528,-0.41297935103244976
2025-05-27,601012,stock,long,-4.891955443468779,-0.6232686980609414
2025-05-27,FG,futures,short,27.780562821849976,2.133850630455869
2025-05-27,GC=F,futures,short,2.9393612140422736,0.16664647202583316
2025-05-27,SA,futures,short,35.240673157821426,1.299756295694554
2025-05-28,300750,stock,long,18.6836287248793,-0.716361701256707
2025-05-28,600438,stock,long,3.829131449387858,0.7109004739336511
2025-05-28,601012,stock,long,-10.716126013348116,1.2543554006968716
2025-05-28,FG,futures,short,29.869125047515315,2.378592666005952
2025-05-28,GC=F,futures,short,2.2569994627674963,-0.673774499088986
2025-05-28,SA,futures,short,35.812117081758274,0.987654320987652
2025-05-29,300750,stock,long,18.8293934012083,-0.7627607817267235
2025-05-29,600438,stock,long,6.028578309542152,-4.176470588235304
2025-05-29,601012,stock,long,-7.93346411940035,-1.0323468685478177
2025-05-29,FG,futures,short,36.17470994903762,0.3045685279187804
2025-05-29,GC=F,futures,short,-0.7259090758955502,0.8501460457109866
2025-05-29,SA,futures,short,38.73745401640231,0.33250207813798616
2025-05-30,300750,stock,long,20.201800034385037,0.4777930117578544
2025-05-30,600438,stock,long,0.972827335241596,-0.613873542050325
2025-05-30,601012,stock,long,-9.197536770768174,-0.20862308762170656
2025-05-30,FG,futures,short,33.575228240237195,2.851323828920571
2025-05-30,GC=F,futures,long,6.708159293290337,3.2928958631713856
2025-05-30,SA,futures,short,43.58832801103037,1.1676396997497895
2025-06-03,300750,stock,long,22.036078356341477,-0.04134965266291424
2025-06-03,600438,stock,long,-0.21293467210318007,0.7411982705373577
2025-06-03,601012,stock,long,-6.614208101326878,0.9059233449477455
2025-06-03,FG,futures,short,34.42563552140522,-3.563941299790363
2025-06-03,GC=F,futures,long,5.368042799612466,0.6544032713440284
2025-06-03,SA,futures,short,42.1529700870481,-3.3755274261603407
2025-06-04,300750,stock,long,21.775964076310295,0.18615040953089412
2025-06-04,600438,stock,long,-2.602847172559435,-0.49049662783566816
2025-06-04,601012,stock,long,-11.248550979336617,0.13812154696133394
2025-06-04,FG,futures,short,19.12546862412636,2.53036437246964
2025-06-04,GC=F,futures,short,1.245069765916041,0.7089860514771007
2025-06-04,SA,futures,short,22.543440765751082,1.795918367346938
2025-06-05,300750,stock,long,15.223942683539198,-1.0817952846938428
2025-06-05,600438,stock,long,-4.3867240019841915,-0.8626001232285962
2025-06-05,601012,stock,long,-12.346097540518887,-0.2068965517241339
2025-06-05,FG,futures,short,25.511917294377078,-3.530633437175501
2025-06-05,GC=F,futures,short,0.6730397673466023,0.8444194001769323
2025-06-05,SA,futures,short,25.752569491965208,-0.7481296758104827
2025-06-06,300750,stock,long,5.773682319638228,-1.3774679634344755
2025-06-06,600438,stock,long,-8.463330770044346,1.1187072715972635
2025-06-06,601012,stock,long,-16.995281087754186,0.06910850034553828
2025-06-06,FG,futures,short,12.051824584710351,-0.9027081243731194
2025-06-06,GC=F,futures,long,4.595438819281828,0.24800706523950833
2025-06-06,SA,futures,short,23.420257636532643,0.8250825082508295
2025-06-09,300750,stock,long,-2.1853172176718374,-1.0327168070427883
2025-06-09,600438,stock,long,-1.6305501400726534,-1.905347264904722
2025-06-09,601012,stock,long,-9.700913024428989,-1.2430939226519278
2025-06-09,FG,futures,short,5.2132727871794575,1.0934393638170947
2025-06-09,GC=F,futures,long,1.7828484799492637,-0.3427822091492505
2025-06-09,SA,futures,short,22.06556982240834,-0.4991680532445919
2025-06-10,300750,stock,long,-16.72986498508673,3.147585852970103
2025-06-10,600438,stock,long,-12.73390876656348,1.1278195488721776
2025-06-10,601012,stock,long,-29.179907685476383,2.9370629370629286
2025-06-10,FG,futures,short,10.167748207648168,-0.3015075376884502
2025-06-10,GC=F,futures,long,13.718703126877577,0.008974362531821711
2025-06-10,SA,futures,short,23.67749077376755,0.4966887417218513
2025-06-11,300750,stock,long,-8.496292258267307,-0.2860815125005134
2025-06-11,600438,stock,long,-39.611644943237735,-0.867410161090465
2025-06-11,601012,stock,long,-21.129440846706473,0.13586956521738358
2025-06-11,FG,futures,short,3.251549280055131,1.7034068136272507
2025-06-11,GC=F,futures,long,11.498099311421983,1.7555388350950052
2025-06-11,SA,futures,short,19.765779955060488,2.2462562396006636
2025-06-12,300750,stock,long,-13.89321861796543,-0.6694386694386711
2025-06-12,600438,stock,long,-35.01730857702403,-0.4375000000000018
2025-06-12,601012,stock,long,-18.300458696283812,-2.170963364993217
2025-06-12,FG,futures,short,15.01069950100172,0.5096839959225274
2025-06-12,GC=F,futures,long,25.655602851750526,1.4813116603270782
2025-06-12,SA,futures,short,46.88425834524578,1.6170212765957426
2025-06-13,300750,stock,long,-13.116327678522346,-0.6446481644271418
2025-06-13,600438,stock,long,-28.24016644979431,-1.6949152542372836
2025-06-13,601012,stock,long,-16.601328288947215,1.5256588072122046
2025-06-13,FG,futures,short,13.93451707783669,-0.4098360655737654
2025-06-13,GC=F,futures,long,26.502470368294905,-1.0281510512619607
2025-06-13,SA,futures,short,48.22003240824923,-1.5570934256055269
2025-06-16,300750,stock,long,-14.004180955841115,-0.16852749104697695
2025-06-16,600438,stock,long,-34.3889649109609,-0.4469987228607919
2025-06-16,601012,stock,long,-11.85780969588701,-0.4098360655737765
2025-06-16,FG,futures,short,5.722799762869667,0.6122448979591799
2025-06-16,GC=F,futures,long,27.47915685166017,-0.30433811300654146
2025-06-16,SA,futures,short,32.73457655930828,1.277683134582619
2025-06-17,300750,stock,long,-15.246962292981143,-0.2912006752479379
2025-06-17,600438,stock,long,-31.29904662402513,-1.2828736369467575
2025-06-17,601012,stock,long,-11.907145261298863,0.0685871056241405
2025-06-17,FG,futures,short,10.88777921025468,-0.6160164271047153
2025-06-17,GC=F,futures,long,21.021793066867254,0.035228370275119936
2025-06-17,SA,futures,short,35.62030163057344,-0.9490940465918918
2025-06-18,300750,stock,long,-19.884263992352988,-1.4687209007026136
2025-06-18,600438,stock,long,-40.78941223350259,-2.6640675763482835
2025-06-18,601012,stock,long,-12.146757545135666,-1.7820424948594926
2025-06-18,FG,futures,short,11.089023068135779,-1.8367346938775508
2025-06-18,GC=F,futures,long,15.438528867472753,-0.6572619888652764
2025-06-18,SA,futures,short,30.351513369417113,-0.512820512820511
2025-06-19,300750,stock,long,-47.76430858448702,-0.7904119592766046
2025-06-19,600438,stock,long,-48.98739385253306,1.6688918558077415
2025-06-19,601012,stock,long,-18.54818719836699,-0.6280530355896707
2025-06-19,FG,futures,short,8.345951783244749,-0.9018036072144353
2025-06-19,SA,futures,short,30.828094063956005,0.25510204081632404
2025-06-20,300750,stock,long,-45.86319412478603,-0.28144620047628743
2025-06-20,600438,stock,long,-36.483818684773006,-1.1162179908076109
2025-06-20,601012,stock,long,-17.998923261388317,0.3511235955056202
2025-06-20,FG,futures,short,1.961811892186572,-0.0
2025-06-20,GC=F,futures,long,9.238480457773688,0.2746861494594688
2025-06-20,SA,futures,short,31.193709300493467,-0.0
2025-06-23,300750,stock,long,-42.28359433456795,2.739904472427268
2025-06-23,600438,stock,long,-37.18219205014575,2.7888446215139417
2025-06-23,601012,stock,long,-14.585000702479762,1.5395381385584272
2025-06-23,FG,futures,long,2.7595613387541844,0.794438927507457
2025-06-23,GC=F,futures,long,12.679805651541074,-1.799708325662741
2025-06-23,SA,futures,short,23.71136661720174,1.0230179028132946
2025-06-24,300750,stock,long,-16.86635679341322,3.7952749249820394
2025-06-24,600438,stock,long,-31.368843485047943,1.2273901808785403
2025-06-24,601012,stock,long,-10.451368525351537,0.8959338387319216
2025-06-24,FG,futures,short,0.2268861400936945,-0.19704433497536034
2025-06-24,GC=F,futures,short,3.337769139569001,-0.275958954437483
2025-06-24,SA,futures,short,27.680313491315726,-0.4306632213608941
2025-06-25,300750,stock,long,1.9493413398951922,-0.8591555030742382
2025-06-25,600438,stock,long,-23.534311121075056,0.0
2025-06-25,601012,stock,long,6.232114974596672,-1.1612021857923538
2025-06-25,FG,futures,short,2.966039412270725,0.0983284169124854
2025-06-25,GC=F,futures,long,6.2101312216994025,0.14656762288347558
2025-06-25,SA,futures,short,19.836965303911665,-1.2006861063464935
2025-06-26,300750,stock,long,-0.4217831592080995,-0.7392804337111758
2025-06-26,600438,stock,long,-22.22325038978158,-0.12763241863432695
2025-06-26,601012,stock,long,3.9494664046624854,0.6910850034554272
2025-06-26,FG,futures,long,2.8215093951130132,0.2952755905511806
2025-06-26,GC=F,futures,long,7.6015128059355765,-1.8040592097894215
2025-06-26,SA,futures,short,10.276861535533516,-1.3559322033898313
2025-06-27,300750,stock,long,-0.4986896816499558,0.5089374379344536
2025-06-27,600438,stock,long,-25.1075488295435,7.028753993610226
2025-06-27,601012,stock,long,1.7065538548460786,3.0885380919698058
2025-06-27,FG,futures,long,11.20968616420301,-1.2757605495583912
2025-06-27,GC=F,futures,short,3.1652567385154384,-0.6113837729216032
2025-06-27,SA,futures,short,1.4963287581293023,1.2541806020066937
2025-06-30,300750,stock,long,3.7952776525269885,-0.2964060763245624
2025-06-30,600438,stock,long,7.633014253746556,-3.402985074626863
2025-06-30,601012,stock,long,16.583038736452405,-1.0652463382157085
2025-06-30,FG,futures,long,8.07756300547812,-2.5844930417495027
2025-06-30,GC=F,futures,long,2.957073589273504,1.272790708883198
2025-06-30,SA,futures,short,4.785388868513094,1.3547840812870415
2025-07-01,300750,stock,long,1.1809307049259878,-0.4335439118047901
2025-07-01,600438,stock,long,0.9013193176963286,10.012360939431408
2025-07-01,601012,stock,long,13.186155014159484,4.71063257065949
2025-07-01,FG,futures,long,9.01612875572765,7.346938775510203
2025-07-01,GC=F,futures,short,6.838199146439203,-0.2955371126468709
2025-07-01,SA,futures,short,5.426143977634842,-3.433476394849788
2025-07-02,300750,stock,long,-0.14504140052690878,5.034419839097626
2025-07-02,600438,stock,long,15.304304110534487,2.921348314606731
2025-07-02,601012,stock,long,21.752458821920484,-0.12853470437018677
2025-07-02,FG,futures,long,15.447536034497668,-1.2357414448669224
2025-07-02,GC=F,futures,short,2.2417785855646493,0.5000461074586515
2025-07-02,SA,futures,short,5.190691292224688,1.8257261410788428
2025-07-03,300750,stock,long,12.902657752491539,1.267372078332274
2025-07-03,600438,stock,long,20.46553366442205,0.21834061135370675
2025-07-03,601012,stock,long,20.941412332398265,0.19305019305020377
2025-07-03,FG,futures,long,19.04831567928277,-1.2512030798844997
2025-07-03,GC=F,futures,short,8.340760596164825,-0.10769385148881039
2025-07-03,SA,futures,short,5.289465868385385,0.7607776838546076
2025-07-04,300750,stock,long,19.35322920971227,-1.9143046512534623
2025-07-04,600438,stock,long,22.28089859387446,-0.8714596949891074
2025-07-04,601012,stock,long,22.1613147278885,-0.6422607578676964
2025-07-04,FG,futures,long,8.095446763865644,-0.6822612085769952
2025-07-04,GC=F,futures,short,4.087211269108598,0.11056181598311232
2025-07-04,SA,futures,short,10.69703248426071,0.5110732538330498
2025-07-07,300750,stock,long,17.613503171752974,0.9619206614198239
2025-07-07,600438,stock,long,19.045487480311696,10.000000000000009
2025-07-07,601012,stock,long,19.928231634570295,6.464124111182934
2025-07-07,FG,futures,long,4.131769269897801,0.5888125613346507
2025-07-07,GC=F,futures,short,0.1807220191459276,0.7748039399920081
2025-07-07,SA,futures,short,9.619100046028091,-0.8561643835616417
2025-07-08,300750,stock,long,23.211600032763712,2.948818897637806
2025-07-08,600438,stock,long,32.00419259699781,1.2487512487512564
2025-07-08,601012,stock,long,33.76146708898274,-0.6071645415907545
2025-07-08,FG,futures,long,8.406997617418071,0.9756097560975618
2025-07-08,GC=F,futures,short,5.658758754024835,-0.12361234215578776
2025-07-08,SA,futures,short,8.275452117897691,-1.3582342954159499
2025-07-09,300750,stock,long,22.858843232673063,0.4589085624689293
2025-07-09,600438,stock,long,32.16518119193529,2.6640355204736066
2025-07-09,601012,stock,long,26.122842515195412,0.5497861942577842
2025-07-09,FG,futures,long,10.064952558771422,4.637681159420293
2025-07-09,GC=F,futures,short,3.1657151941309722,-0.14152216717480126
2025-07-09,SA,futures,short,1.6370633938404375,-3.0988274706867713
2025-07-10,300750,stock,long,24.985216215936102,-0.19033842171380932
2025-07-10,600438,stock,long,37.05364681925775,-2.0182604517059
2025-07-10,601012,stock,long,27.128809865092318,-1.2758201701093652
2025-07-10,FG,futures,long,23.854443368610514,0.27700831024930483
2025-07-10,GC=F,futures,short,2.452088738795527,-1.1516387344152612
2025-07-10,SA,futures,long,16.240441944137483,-1.1372867587327362
2025-07-11,300750,stock,long,26.471660088580176,-1.1442083984896434
2025-07-11,600438,stock,long,34.419167227420076,1.1770475723393847
2025-07-11,601012,stock,long,29.984505656175067,-0.5538461538461492
2025-07-11,FG,futures,long,25.81635851129983,1.4732965009208066
2025-07-11,GC=F,futures,short,6.030266121338239,0.14565702567628236
2025-07-11,SA,futures,long,18.1749946589141,1.9720624486442073
2025-07-14,300750,stock,long,24.832233192501775,-0.28936301554843835
2025-07-14,600438,stock,long,38.871583978652986,-2.278235579253507
2025-07-14,601012,stock,long,24.895313128199632,-0.8663366336633671
2025-07-14,FG,futures,long,28.160437085526276,-2.8130671506352067
2025-07-14,GC=F,futures,short,16.75406740568656,0.6668496273750324
2025-07-14,SA,futures,long,19.297112099054534,-2.175664786462528
2025-07-15,300750,stock,long,24.47249509058598,-1.296238972295305
2025-07-15,600438,stock,long,35.74146075572061,2.331349206349209
2025-07-15,601012,stock,long,23.640681590855518,-0.6866416978776546
2025-07-15,FG,futures,long,21.88802604236753,-0.09337068160597539
2025-07-15,GC=F,futures,short,14.821821149052523,-0.6713263647367462
2025-07-15,SA,futures,long,15.646745482989791,-0.49423393739703725
2025-07-16,300750,stock,long,21.342992806074683,0.4312203536006809
2025-07-16,600438,stock,long,40.99359179820875,0.7755695588948175
2025-07-16,601012,stock,long,21.671623228705762,1.8856065367693242
2025-07-16,FG,futures,long,20.30321731850808,2.0560747663551426
2025-07-16,GC=F,futures,short,8.415392775861038,0.41082576960875805
2025-07-16,SA,futures,long,11.016741973713463,1.407284768211925
2025-07-17,300750,stock,long,27.15996972504113,2.2249111987197034
2025-07-17,600438,stock,long,47.150871875462144,-2.0683020683020636
2025-07-17,601012,stock,long,31.101564569135522,-0.863664404688469
2025-07-17,FG,futures,long,20.7152217957243,-1.0073260073260037
2025-07-17,GC=F,futures,short,11.149631862953228,-0.3886049027068239
2025-07-17,SA,futures,long,13.689499374913433,-0.7346938775510181
2025-07-18,300750,stock,long,35.17784025318675,3.230363893237631
2025-07-18,600438,stock,long,40.910761446155256,0.8349705304518729
2025-07-18,601012,stock,long,30.403726796841237,1.4934660858742843
2025-07-18,FG,futures,long,16.406868771550254,8.51063829787233
2025-07-18,GC=F,futures,short,4.688819358351848,-1.4322678979327375
2025-07-18,SA,futures,long,12.084974804926945,6.4967105263157965
2025-07-21,300750,stock,long,43.02439209537881,2.589236175328269
2025-07-21,600438,stock,long,44.08903892050495,5.552849488553346
2025-07-21,601012,stock,long,33.05276928319647,1.5941140404659881
2025-07-21,FG,futures,long,27.39581032621636,6.479113384484236
2025-07-21,GC=F,futures,long,2.3514611500982,1.094999116294626
2025-07-21,SA,futures,long,24.3531461457808,6.1776061776061875
2025-07-22,300750,stock,long,42.802116023775504,0.12979989183341534
2025-07-22,600438,stock,long,46.6188004722264,-2.2611905860636883
2025-07-22,601012,stock,long,33.165137292945424,-1.2673506336753237
2025-07-22,FG,futures,long,34.03052003224347,-3.04243394715773
2025-07-22,GC=F,futures,long,21.113926651456953,-1.3386721889036113
2025-07-22,SA,futures,long,36.00993790173745,-2.6909090909090883
2025-07-23,300750,stock,long,35.605564255212045,-0.6553599078175099
2025-07-23,600438,stock,long,40.86597788614529,3.2577903682719622
2025-07-23,601012,stock,long,27.34531902697402,3.17848410757946
2025-07-23,FG,futures,long,27.867995149362734,7.927332782824115
2025-07-23,GC=F,futures,long,9.919634549604954,-0.709327082750999
2025-07-23,SA,futures,long,28.135669887142484,5.231689088191338
2025-07-24,300750,stock,long,36.353746331683396,-0.8699119214179429
2025-07-24,600438,stock,long,45.081023104491386,-3.383630544124383
2025-07-24,601012,stock,long,37.01158853547653,-2.132701421800942
2025-07-24,FG,futures,long,36.25672461856472,4.20811017597551
2025-07-24,GC=F,futures,long,4.783752578599348,-1.123459384726544
2025-07-24,SA,futures,long,33.502646393528586,2.2727272727272707
2025-07-25,300750,stock,long,35.869378656208944,1.2797542871768597
2025-07-25,600438,stock,long,39.38150893531207,-2.5082820634169334
2025-07-25,601012,stock,long,29.109232132013812,-0.6658595641646503
2025-07-25,FG,futures,long,41.07768387634228,-10.205580029368576
2025-07-25,GC=F,futures,long,9.411286891499547,-0.7674810201090287
2025-07-25,SA,futures,long,34.97462258497428,-8.611111111111114
2025-07-28,300750,stock,long,37.92923534261734,1.9928517274991897
2025-07-28,600438,stock,long,28.358863340435637,3.4466019417475513
2025-07-28,601012,stock,long,21.2979270168103,0.9140767824497242
2025-07-28,FG,futures,long,23.874505239894468,-2.861815208503682
2025-07-28,GC=F,futures,long,0.8131601595023064,0.4229607250755274
2025-07-28,SA,futures,long,17.266806457176674,0.1519756838905817
2025-07-29,300750,stock,long,44.178567857725646,-5.213974726558357
2025-07-29,600438,stock,long,38.25892198828498,2.5340215861098248
2025-07-29,601012,stock,long,26.16301044639312,-1.0869565217391242
2025-07-29,FG,futures,long,23.503753448589396,0.2525252525252597
2025-07-29,GC=F,futures,short,4.691755313199305,0.8483739823067049
2025-07-29,SA,futures,long,19.593273333616366,-0.531107738998482
2025-07-30,300750,stock,long,24.698385867406802,-4.656807827320919
2025-07-30,600438,stock,long,33.3310234235205,-6.49885583524028
2025-07-30,601012,stock,long,14.080315303750867,-3.7851037851037828
2025-07-30,FG,futures,long,16.574446064694914,-6.213266162888331
2025-07-30,GC=F,futures,short,11.914374524116484,0.0788912439386169
2025-07-30,SA,futures,long,14.063185742049336,-4.881769641495037
2025-07-31,300750,stock,long,2.8562493422744466,-0.6071050879323248
2025-07-31,600438,stock,long,16.79982799784443,0.7342143906020393
2025-07-31,601012,stock,long,4.2722929365086415,1.0152284263959421
2025-07-31,FG,futures,long,10.154685266066206,-1.3428827215756445
2025-07-31,GC=F,futures,short,9.28879237230575,-3.236976170193273
2025-07-31,SA,futures,long,9.09852442318495,0.721732157177235
2025-08-01,300750,stock,long,-1.3194783386821667,1.343789407314011
2025-08-01,600438,stock,long,17.51819108299272,-2.478134110787167
2025-08-01,601012,stock,long,6.1541436186197735,-0.8793969849246297
2025-08-01,FG,futures,long,10.049532979424848,-1.4519056261342977
2025-08-01,GC=F,futures,long,7.875473712600567,0.7823946447907737
2025-08-01,SA,futures,long,11.201604211970112,-0.23885350318471055
2025-08-04,300750,stock,long,6.039387547195228,-0.3033013181942046
2025-08-04,600438,stock,long,15.076983743190214,2.391629297458886
2025-08-04,601012,stock,long,5.592508688851876,0.8871989860583129
2025-08-04,FG,futures,long,9.17475070987702,-0.8287292817679592
2025-08-04,GC=F,futures,long,11.927946852461249,0.24223818190187707
2025-08-04,SA,futures,long,11.594089608361086,1.436552274541092
2025-08-05,300750,stock,long,3.1855746594784873,-0.2730215687039239
2025-08-05,600438,stock,long,5.8258449755510835,-0.6326034063260266
2025-08-05,601012,stock,long,-9.914161650724456,0.12562814070351536
2025-08-05,FG,futures,long,7.604310792115305,0.557103064066844
2025-08-05,GC=F,futures,long,16.95563818776695,-0.0378504337091079
2025-08-05,SA,futures,long,12.38830469268717,7.789142407553107
2025-08-06,300750,stock,long,-4.339154675809681,-0.762642262114277
2025-08-06,600438,stock,long,2.6579867329453535,-1.3712047012732653
2025-08-06,601012,stock,long,-7.621715399486799,-0.6273525721455453
2025-08-06,FG,futures,long,7.14880138775792,-0.6463527239150557
2025-08-06,GC=F,futures,long,16.17872394268468,0.5912520942948474
2025-08-06,SA,futures,long,19.451016006798277,-0.948905109489051
2025-08-07,300750,stock,long,-7.250220448687664,0.16946480649482343
2025-08-07,600438,stock,long,-4.23162316191097,0.049652432969216065
2025-08-07,601012,stock,long,-11.36016061960709,-0.12626262626261875
2025-08-07,FG,futures,short,-1.3877058696376374,1.2081784386617112
2025-08-07,GC=F,futures,long,18.225452852382613,1.0886903375463053
2025-08-07,SA,futures,long,14.374286634712757,-1.8422991893883522
2025-08-08,300750,stock,long,-6.388561233423697,0.07081874336074545
2025-08-08,600438,stock,long,-0.6863949867913882,3.622828784119103
2025-08-08,601012,stock,long,-7.834507518466889,1.2010113780025256
2025-08-08,FG,futures,short,0.28129013187603163,-0.470366886171214
2025-08-08,GC=F,futures,long,17.97895644785614,-2.480454170225721
2025-08-08,SA,futures,long,13.404207132935136,0.9759759759759845
2025-08-11,300750,stock,long,-3.514962795480005,-0.16119520345979632
2025-08-11,600438,stock,long,3.442276333563296,-2.490421455938696
2025-08-11,601012,stock,long,-2.184557247792958,-1.0618363522798324
2025-08-11,FG,futures,short,1.410323250064054,-0.46816479400748623
2025-08-11,GC=F,futures,long,6.108499966910297,-0.1674141995952727
2025-08-11,SA,futures,long,12.174081703369305,4.75836431226766
2025-08-12,300750,stock,long,-3.208332105692255,4.075765928959596
2025-08-12,600438,stock,long,3.0765714442543284,-0.8840864440078589
2025-08-12,601012,stock,long,-2.7904641353494535,-0.06313131313131493
2025-08-12,FG,futures,long,2.305140086550106,13.140726933830372
2025-08-12,GC=F,futures,long,8.230364883382975,0.27361132180421244
2025-08-12,SA,futures,long,20.732763628701683,-1.8452803406671436
2025-08-13,300750,stock,long,8.940289198707609,2.37996140603125
2025-08-13,600438,stock,long,-2.3348709794950575,-3.07234886025769
2025-08-13,601012,stock,long,-0.8355782907375109,-1.7056222362602624
2025-08-13,FG,futures,long,14.465453983390042,0.49423393739702615
2025-08-13,GC=F,futures,long,6.621065280386298,-0.7364403748689963
2025-08-13,SA,futures,long,18.86329611870886,1.2292118582791112
2025-08-14,300750,stock,long,12.960304218593649,0.28826964298913627
2025-08-14,600438,stock,long,-8.665104298313132,6.390593047034776
2025-08-14,601012,stock,long,-12.348400100720061,3.8560411311054033
2025-08-14,FG,futures,long,13.006288523226544,-0.7377049180327888
2025-08-14,GC=F,futures,long,5.2263455736854105,-0.01773035954960589
2025-08-14,SA,futures,long,18.646968090004048,-0.3571428571428559
2025-08-15,300750,stock,long,8.939134064390458,0.8586379716981174
2025-08-15,600438,stock,long,4.8634710131037515,-0.09610764055741905
2025-08-15,601012,stock,long,2.407173088385,0.9282178217821624
2025-08-15,FG,futures,long,13.272886266746744,0.08257638315440907
2025-08-15,GC=F,futures,long,3.555278109416452,-0.13599294990375155
2025-08-15,SA,futures,long,19.149907603533446,-0.6451612903225823
2025-08-18,300750,stock,long,3.884405720147057,-1.8999598085425062
2025-08-18,600438,stock,long,3.466984935250456,-0.8658008658008698
2025-08-18,601012,stock,long,0.8409918553148616,-2.084610668301645
2025-08-18,FG,futures,long,5.619049387532979,-1.320132013201325
2025-08-18,GC=F,futures,short,3.0463346677685332,0.5713454360013359
2025-08-18,SA,futures,long,10.8218579191013,-2.020202020202022
2025-08-19,300750,stock,long,-6.653462593913308,0.8946329472233616
2025-08-19,600438,stock,long,-6.704152736214474,0.7763221737020931
2025-08-19,601012,stock,long,-9.428918840373537,1.440200375704448
2025-08-19,FG,futures,short,2.392577229586843,2.842809364548493
2025-08-19,GC=F,futures,short,10.438131780342438,-0.8872495090765042
2025-08-19,SA,futures,short,0.06398822554863777,3.6082474226804107
2025-08-20,300750,stock,long,-4.81778123806096,-0.07383016109741014
2025-08-20,600438,stock,long,-1.774387403435658,-0.5296100144439042
2025-08-20,601012,stock,long,-1.861110308232281,0.0
2025-08-20,FG,futures,short,2.183963635621009,0.5163511187607606
2025-08-20,GC=F,futures,short,0.6663514488986647,0.20362704275490584
2025-08-20,SA,futures,short,1.3417370849830148,0.22918258212375475
2025-08-21,300750,stock,long,-3.457139392634069,3.0218846511902875
2025-08-21,600438,stock,long,-8.28487284011181,1.790900290416264
2025-08-21,601012,stock,long,-11.725309362541015,1.975308641975304
2025-08-21,FG,futures,short,12.165072346152362,-1.4705882352941124
2025-08-21,GC=F,futures,long,1.6051239007669684,1.0911965128379553
2025-08-21,SA,futures,short,9.543290861767847,-1.5313935681470214
2025-08-22,300750,stock,long,5.454398590056756,1.111621102154392
2025-08-22,600438,stock,long,0.5384505400734901,2.5677603423680306
2025-08-22,601012,stock,long,0.7810808348539863,1.5133171912832921
2025-08-22,FG,futures,short,15.76022579492974,-1.534526854219953
2025-08-22,GC=F,futures,long,11.6808851451619,-0.029252596167905764
2025-08-22,SA,futures,short,10.727831829971072,-0.8295625942684737
2025-08-25,300750,stock,long,5.08591212936952,-0.2766232108152522
2025-08-25,600438,stock,long,9.40930961044556,-1.1590171534538674
2025-08-25,601012,stock,long,7.300163934386198,0.4770423375074717
2025-08-25,FG,futures,short,2.1003077240445336,1.5113350125944613
2025-08-25,GC=F,futures,long,15.305105030916875,0.45354791514264914
2025-08-25,SA,futures,long,4.181060709546233,-1.9446522064323069
2025-08-26,300750,stock,long,-0.03131042609574146,-3.983043614327575
2025-08-26,600438,stock,long,1.4041027814904927,-1.9699812382739323
2025-08-26,601012,stock,long,6.019596318850626,-1.7804154302670683
2025-08-26,FG,futures,short,0.21103607452414777,-0.17050298380221207
2025-08-26,GC=F,futures,long,15.440786772106485,0.4544158944436383
2025-08-26,SA,futures,short,-0.3245050874190421,0.30511060259343914
2025-08-27,300750,stock,long,2.996066687452873,-0.32963939672288056
2025-08-27,600438,stock,long,-6.78104400438164,3.0143540669856694
2025-08-27,601012,stock,long,3.854677800479847,2.0543806646525775
2025-08-27,FG,futures,short,0.3273621489614943,0.08510638297872797
2025-08-27,GC=F,futures,long,21.981036957261868,0.7452285113991985
2025-08-27,SA,futures,short,-0.7344064052356447,-0.3060443764345777
2025-08-28,300750,stock,long,16.238758788734692,10.691113406812303
2025-08-28,600438,stock,long,12.076395288635482,2.3223409196470035
2025-08-28,601012,stock,long,24.054753400203612,1.65778567199526
2025-08-28,FG,futures,long,9.183194046603315,0.6814310051107331
2025-08-28,GC=F,futures,long,25.802372977594846,1.2031214414605307
2025-08-28,SA,futures,long,11.1623099333935,-1.1441647597253968
2025-08-29,300750,stock,long,29.327885289763127,-0.7318579792662594
2025-08-29,600438,stock,long,15.12773257487839,2.4965955515206417
2025-08-29,601012,stock,long,25.83920882893907,-0.5241700640652547
2025-08-29,FG,futures,long,12.42253749198486,-3.8071065989847663
2025-08-29,GC=F,futures,long,20.595585094400676,2.164325571002701
2025-08-29,SA,futures,long,7.387213481179056,-1.9290123456790154
2025-09-01,300750,stock,long,25.5501811159426,-0.3821544039067648
2025-09-01,600438,stock,long,25.886930194556463,-3.011514614703281
2025-09-01,601012,stock,long,27.265939066302693,-1.9906323185011732
2025-09-01,FG,futures,long,8.42954356497776,-0.26385224274406704
2025-09-01,SA,futures,long,3.9696547300734832,-0.31471282454760274
2025-09-02,300750,stock,long,25.400130426997166,2.0810559406848173
2025-09-02,600438,stock,long,14.018530434703809,0.36529680365298134
2025-09-02,601012,stock,long,16.654625978187788,2.62843488649942
2025-09-02,FG,futures,long,9.306280983178326,0.08818342151675207
2025-09-02,GC=F,futures,long,25.67926148108993,1.2053908305966976
2025-09-02,SA,futures,short,-0.5606046857978382,-0.710339384372527
2025-09-03,300750,stock,long,29.422751816320964,-1.6528540832479788
2025-09-03,600438,stock,long,16.10156167604291,4.504094631483158
2025-09-03,601012,stock,long,23.313602773940396,1.2805587892898762
2025-09-03,FG,futures,long,8.59508251077063,0.35242290748898064
2025-09-03,GC=F,futures,long,30.03136678811426,-0.7921894877767843
2025-09-03,SA,futures,short,18.982794137138153,-0.07836990595611049
2025-09-04,300750,stock,long,27.57375254552451,7.128316459377393
2025-09-04,600438,stock,long,26.65665687210091,6.181976491075325
2025-09-04,601012,stock,long,29.15563424890403,4.022988505747138
2025-09-04,FG,futures,long,10.133519051849747,4.389815627743632
2025-09-04,GC=F,futures,long,25.375460870628135,1.292042539915439
2025-09-04,SA,futures,short,16.14529207884728,-1.9577133907595856
2025-09-05,300750,stock,long,35.6063639987363,0.08207018895083351
2025-09-05,600438,stock,long,34.867798478983005,-1.2710127101271063
2025-09-05,601012,stock,long,37.77984600568661,-0.607734806629856
2025-09-05,FG,futures,long,18.105831464772187,1.2615643397813292
2025-09-05,GC=F,futures,long,28.209553023926848,0.6596735333402437
2025-09-05,SA,futures,short,5.420085497295214,0.691244239631339
2025-09-08,300750,stock,long,35.625860962312885,-1.6936750540903711
2025-09-08,600438,stock,long,26.56872915226831,-1.661129568106301
2025-09-08,601012,stock,long,32.51553529518735,-2.1122846025569686
2025-09-08,FG,futures,long,19.258058195965674,-0.9966777408637828
2025-09-08,GC=F,futures,long,26.444945660273223,0.13052833402931174
2025-09-08,SA,futures,short,10.093028961317104,1.1600928074245953
2025-09-09,300750,stock,long,32.75552510281038,-1.2704849659278983
2025-09-09,600438,stock,long,28.476092772859346,-5.996621621621612
2025-09-09,601012,stock,long,28.685909409506273,-2.3282226007950046
2025-09-09,FG,futures,long,16.996262789996734,-0.9228187919463116
2025-09-09,GC=F,futures,long,51.519470523596624,-0.0054302095086167235
2025-09-09,SA,futures,short,34.52813313700095,-0.23474178403755097
2025-09-10,300750,stock,long,24.941229369341,2.1154771034536557
2025-09-10,600438,stock,long,17.044927527870875,0.8086253369272267
2025-09-10,601012,stock,long,21.602077362923527,0.46511627906977715
2025-09-10,FG,futures,short,7.263680736529976,-0.3386960203217715
2025-09-10,GC=F,futures,long,52.948768480310704,-0.22813422986828202
2025-09-10,SA,futures,short,27.615699205484187,-0.4683840749414525
2025-09-11,300750,stock,long,24.58170558317332,0.7796538973148026
2025-09-11,600438,stock,long,24.0689167174195,-0.9358288770053513
2025-09-11,601012,stock,long,27.877085805295746,-0.92592592592593
2025-09-11,FG,futures,short,7.73144272257972,0.42194092827003704
2025-09-11,GC=F,futures,long,48.84476528431434,0.34842672983557144
2025-09-11,SA,futures,short,31.289626112756682,-0.2331002331002363
2025-09-12,300750,stock,long,25.354858628598024,9.378197112652042
2025-09-12,600438,stock,long,13.303683796383398,-0.31488978857400207
2025-09-12,601012,stock,long,16.816654388494904,0.2336448598130758
2025-09-12,FG,futures,short,6.822299828528122,-2.2881355932203418
2025-09-12,GC=F,futures,long,59.33572840210376,0.8843342697444134
2025-09-12,SA,futures,short,28.873199232869446,-1.3953488372093092
2025-09-15,300750,stock,long,33.14657836703914,-0.3695235455784096
2025-09-15,600438,stock,long,12.895614646577112,1.037906137184108
2025-09-15,601012,stock,long,14.947549455297994,-0.6410256410256387
2025-09-15,FG,futures,short,0.3150221802123458,-2.4855012427506207
2025-09-15,GC=F,futures,long,65.65061873634042,0.16402521259075709
2025-09-15,SA,futures,short,20.302888824630767,-2.3700305810397504
2025-09-16,300750,stock,long,35.669774404164954,6.861540601312033
2025-09-16,600438,stock,long,16.41577110433184,2.6797677534613484
2025-09-16,601012,stock,long,19.73108495444352,1.4662756598240456
2025-09-16,FG,futures,long,10.055843821649571,-0.24252223120452276
2025-09-16,GC=F,futures,long,68.68442134254033,-0.1959691991288537
2025-09-16,SA,futures,short,4.2174157482494,0.37341299477221535
2025-09-17,300750,stock,long,41.48845472638215,-2.7684982320657636
2025-09-17,600438,stock,long,19.564256171843393,-3.871248368856006
2025-09-17,601012,stock,long,19.79627535970587,-2.774566473988438
2025-09-17,FG,futures,long,18.53680222996104,-2.1069692058346856
2025-09-17,GC=F,futures,long,73.85707856610021,-1.0624562774012136
2025-09-17,SA,futures,long,8.619232273285595,-2.0989505247376306
2025-09-18,300750,stock,long,37.0402481549895,0.4462019844833298
2025-09-18,600438,stock,long,12.827924773077314,-1.2217194570135925
2025-09-18,601012,stock,long,10.944553650135205,0.47562425683709275
2025-09-18,FG,futures,long,13.25450821898748,0.6622516556291425
2025-09-18,GC=F,futures,long,53.7806018947299,0.7476279703924948
2025-09-18,SA,futures,long,0.6041385210103966,0.9188361408882129
2025-09-19,300750,stock,long,33.92590120211097,0.43311436995741026
2025-09-19,600438,stock,long,7.7257903123330625,-2.519468621163523
2025-09-19,601012,stock,long,7.103457352445868,-1.7751479289940697
2025-09-19,FG,futures,long,11.104936600876096,-1.398026315789469
2025-09-19,GC=F,futures,long,60.8176812678199,1.870042849452691
2025-09-19,SA,futures,short,1.8500116675022178,1.896813353566007
2025-09-22,300750,stock,long,33.038260638947015,-0.5252362180780845
2025-09-22,600438,stock,long,-0.8803203428255322,-2.3966165413533913
2025-09-22,601012,stock,long,-1.8974517070768198,-1.867469879518091
2025-09-22,FG,futures,long,2.7360771057044087,-1.334445371142623
2025-09-22,GC=F,futures,long,61.70470602391151,1.0754642914192258
2025-09-22,SA,futures,short,12.342148380476429,1.5467904098994567
2025-09-23,300750,stock,long,32.68314466814931,3.273658994781048
2025-09-23,600438,stock,long,-2.932327840289586,4.670197400096288
2025-09-23,601012,stock,long,-8.092740769131643,6.813996316758741
2025-09-23,FG,futures,long,3.25358918661429,4.564666103127646
2025-09-23,GC=F,futures,long,68.54515580217749,-1.2474737040318429
2025-09-23,SA,futures,short,11.024110372673627,-2.670856245090336
2025-09-24,300750,stock,long,43.655734003088526,3.476651005591691
2025-09-24,600438,stock,long,7.762145490050967,1.057957681692745
2025-09-24,601012,stock,long,11.571574556137273,2.0689655172414056
2025-09-24,FG,futures,long,13.693399124211345,2.667744543249806
2025-09-24,GC=F,futures,long,51.96786450581116,0.07961571938777112
2025-09-24,SA,futures,long,0.6685106025704154,0.6120887528691554
2025-09-25,300750,stock,long,48.74084136895399,-3.2376177374643045
2025-09-25,600438,stock,long,4.742834147147642,-1.0468821119708704
2025-09-25,601012,stock,long,11.599214930529087,-1.4639639639639768
2025-09-25,FG,futures,long,19.850479074616718,-1.4173228346456734
2025-09-25,GC=F,futures,long,49.66713329170302,1.0050091846489195
2025-09-25,SA,futures,long,1.7472402185874942,-1.6730038022813698
2025-09-26,300750,stock,long,34.6180199077722,4.560700041925125
2025-09-26,600438,stock,long,-0.7287120463592929,0.6899724011039554
2025-09-26,601012,stock,long,5.078959899720679,0.45714285714284486
2025-09-26,FG,futures,long,14.555684141267017,-1.9169329073482455
2025-09-26,GC=F,futures,long,50.746638379861494,1.2129154941421527
2025-09-26,SA,futures,short,0.1185801454388877,1.1600928074245953
2025-09-29,300750,stock,long,41.82258270837301,1.1900416900134214
2025-09-29,600438,stock,long,-3.754672630564028,1.827318410232981
2025-09-29,601012,stock,long,7.129346791447333,2.3890784982935287
2025-09-29,FG,futures,long,20.511823180418524,-1.4657980456026065
2025-09-29,GC=F,futures,long,50.77692979204364,0.46690185276974105
2025-09-29,SA,futures,long,2.6265746598019373,-1.7996870109546204
2025-09-30,300750,stock,long,44.44784270021552,2.0041047316176064
2025-09-30,600438,stock,long,4.391397108290824,1.8393898609241788
2025-09-30,601012,stock,long,16.297087759233982,4.888888888888876
2025-09-30,FG,futures,long,17.117084774621407,0.6611570247933907
2025-09-30,GC=F,futures,long,46.12619865582565,0.627389474709994
2025-09-30,SA,futures,short,2.5757248038228475,0.3984063745019917
2025-10-09,300750,stock,long,44.34311999936504,-6.957483154125432
2025-10-09,600438,stock,long,6.836022259106671,-4.008810572687227
2025-10-09,601012,stock,long,19.706314065044857,-2.5423728813559365
2025-10-09,FG,futures,long,18.541244168532263,-0.9031198686371145
2025-10-09,GC=F,futures,long,36.5679576463026,0.6997886523715691
2025-10-09,SA,futures,short,6.421270424033214,0.8000000000000007
2025-10-10,300750,stock,long,32.39538708972633,-1.9938871968354754
2025-10-10,600438,stock,long,-7.5911023785976575,0.5048187241853963
2025-10-10,601012,stock,long,11.848369469134129,-1.4673913043478204
2025-10-10,FG,futures,long,15.262559657176515,-2.319801159900581
2025-10-10,GC=F,futures,long,38.11347318453662,3.3146710552253156
2025-10-10,SA,futures,short,9.404370985261261,-0.5645161290322553
2025-10-13,300750,stock,long,21.64971485110683,-4.505833005636384
2025-10-13,600438,stock,long,-20.049693780869745,5.570776255707766
2025-10-13,601012,stock,long,1.4988639711331357,6.343077771649219
2025-10-13,FG,futures,short,1.3837410467986213,3.4775233248515725
2025-10-13,GC=F,futures,long,42.403591148856144,0.7355408261250806
2025-10-13,SA,futures,short,14.951718911881088,1.0425020048115519
2025-10-14,300750,stock,long,14.610123866880363,3.2314150738363967
2025-10-14,600438,stock,long,-5.7491624619220705,5.406574394463659
2025-10-14,601012,stock,long,13.41248371235286,2.2821576763485396
2025-10-14,FG,futures,short,13.195547906130978,0.7908611599297011
2025-10-14,GC=F,futures,long,44.74631873414064,0.9175240478579871
2025-10-14,SA,futures,short,16.121725512681053,0.16207455429497752
2025-10-15,300750,stock,long,21.004622620437296,-0.2216115592589385
2025-10-15,600438,stock,long,6.1167394290970325,1.928600738613051
2025-10-15,601012,stock,long,21.310181071846454,2.6876267748478844
2025-10-15,FG,futures,short,12.700892975170511,-1.5943312666076181
2025-10-15,GC=F,futures,long,49.57804714036952,2.4514470108056186
2025-10-15,SA,futures,short,12.692148533638411,-0.24350649350648457
2025-10-16,300750,stock,long,22.504667933739285,-2.876243781094534
2025-10-16,600438,stock,long,21.325118166987874,-4.991948470209328
2025-10-16,601012,stock,long,30.70449455101402,-2.716049382716057
2025-10-16,FG,futures,short,6.2608074377660055,4.533565823888408
2025-10-16,GC=F,futures,long,63.71304588888991,-2.12099360910345
2025-10-16,SA,futures,short,12.658936668862273,2.1052631578947323
2025-10-17,300750,stock,long,15.650779856256218,2.3897184934482896
2025-10-17,600438,stock,long,9.799836636784617,-2.4152542372881336
2025-10-17,601012,stock,long,24.03126782299567,-3.248730964467006
2025-10-17,FG,futures,short,16.492809979535,0.36529680365297024
2025-10-17,GC=F,futures,long,46.30965083320663,3.4675932031636325
2025-10-17,SA,futures,short,21.168602406422007,-0.8271298593879317
2025-10-20,300750,stock,long,17.62769653098534,2.6242908831017875
2025-10-20,600438,stock,long,7.226107056633873,0.21710811984367862
2025-10-20,601012,stock,long,19.275027655420796,-0.2623294858341896
2025-10-20,FG,futures,short,16.366889830482016,0.36663611365719273
2025-10-20,GC=F,futures,long,48.1108149061832,-5.74161146704919
2025-10-20,SA,futures,short,18.854992617753194,0.7383100902379036
2025-10-21,300750,stock,long,10.417851175389213,-0.8270038520968748
2025-10-21,600438,stock,long,8.101445159434421,-2.6429809358752165
2025-10-21,601012,stock,long,18.420736585763,-1.2624934245134223
2025-10-21,FG,futures,short,23.194640582172998,-0.6439742410303539
2025-10-21,GC=F,futures,long,18.70057161441593,-1.063497950254988
2025-10-21,SA,futures,short,27.203479403944705,-1.074380165289246
2025-10-22,300750,stock,long,9.721185965747672,0.9847703482630754
2025-10-22,600438,stock,long,2.047159988030197,1.7801513128615998
2025-10-22,601012,stock,long,17.298162041728048,1.4384656366542403
2025-10-22,FG,futures,short,28.759203681742108,-1.279707495429605
2025-10-22,GC=F,futures,long,19.20482863529448,1.97275046093901
2025-10-22,SA,futures,short,34.53647842700719,-0.9811937857726827
2025-10-23,300750,stock,long,1.1602326954150881,2.5316318159840367
2025-10-23,600438,stock,long,0.6121579164492847,-2.885876694359424
2025-10-23,601012,stock,long,17.25486261346688,-1.0504201680672232
2025-10-23,FG,futures,short,24.57016506301152,1.4440433212996373
2025-10-23,GC=F,futures,long,23.426512777460825,-0.1881583554853683
2025-10-23,SA,futures,short,28.4090299559861,0.4858299595141724
2025-10-24,300750,stock,long,10.017265543856745,0.10862020547763862
2025-10-24,600438,stock,long,2.2505164565492377,3.2417829806393517
2025-10-24,601012,stock,long,20.60826039652475,1.1677282377919207
2025-10-24,FG,futures,short,23.227772075581502,-0.27472527472527375
2025-10-24,GC=F,futures,long,20.5928027881726,-2.8541703100724125
2025-10-24,SA,futures,short,23.432159887148718,-1.3832384052074875
2025-10-27,300750,stock,long,9.453521550647716,0.07939196341617549
2025-10-27,600438,stock,long,9.420557125130346,-1.3955516790231104
2025-10-27,601012,stock,long,21.76078937624903,-0.8394543546694666
2025-10-27,FG,futures,short,24.269931526964868,-1.6438356164383494
2025-10-27,GC=F,futures,long,10.438607418124738,-0.9105120770259267
2025-10-27,SA,futures,short,21.13267543555641,0.5617977528089901
2025-10-28,300750,stock,long,8.862786359735786,3.5750928149096195
2025-10-28,600438,stock,long,11.399341623504677,9.995577178239735
2025-10-28,601012,stock,long,23.605095626810556,10.000000000000009
2025-10-28,FG,futures,short,16.58498511800344,-1.2578616352201255
2025-10-28,GC=F,futures,long,7.310021524710589,0.4418631991192301
2025-10-28,SA,futures,short,16.67004507716185,-1.6142050040355072
2025-10-29,300750,stock,long,15.286906858848232,-0.43656750712294246
2025-10-29,600438,stock,long,26.426771888817825,-0.3618817852834688
2025-10-29,601012,stock,long,36.452715774637184,3.463203463203479
2025-10-29,FG,futures,short,10.369531849851573,3.1943212067435667
2025-10-29,GC=F,futures,long,6.902152091922154,0.3799322957829476
2025-10-29,SA,futures,short,3.8044012776325187,1.9062748212867353
2025-10-30,300750,stock,long,9.46504227387955,-2.441138308947599
2025-10-30,600438,stock,long,20.08004336713446,0.0
2025-10-30,601012,stock,long,33.63509025102004,-1.8596001859600308
2025-10-30,FG,futures,short,31.94566067234737,0.7332722273143855
2025-10-30,GC=F,futures,long,9.469864247889422,-0.4830773379692066
2025-10-30,SA,futures,short,24.1175637625668,0.8097165991902799
2025-10-31,300750,stock,long,-0.36615391142479503,-0.502021226824223
2025-10-31,600438,stock,long,18.58254349523093,1.735270379338183
2025-10-31,601012,stock,long,27.255157064556382,3.0791094268119545
2025-10-31,FG,futures,short,44.69670108722957,-0.9233610341643494
2025-10-31,GC=F,futures,long,6.040873403456512,0.43788314775428105
2025-10-31,SA,futures,short,30.68974592991875,1.8775510204081636
2025-11-03,300750,stock,long,4.376616308512853,-2.0895411990955126
2025-11-03,600438,stock,long,22.584675918258554,-3.6096786989289975
2025-11-03,601012,stock,long,34.14536844406346,-1.8841911764705843
2025-11-03,FG,futures,short,37.26948134266457,-1.097895699908502
2025-11-03,GC=F,futures,long,3.200968021012246,-1.3328350772296993
2025-11-03,SA,futures,short,31.222155622071927,1.0815307820299491
2025-11-04,300750,stock,long,-7.604557770028951,2.630570739419702
2025-11-04,600438,stock,long,15.924305397666215,0.411522633744843
2025-11-04,601012,stock,long,30.07565790440312,2.3419203747072626
2025-11-04,FG,futures,short,28.525299553810484,0.7239819004524861
2025-11-04,GC=F,futures,short,1.4212071246430655,-0.8180760596831149
2025-11-04,SA,futures,short,30.954101380278694,-0.5046257359125228
2025-11-05,300750,stock,long,-4.850969177434414,1.5720625039433056
2025-11-05,600438,stock,long,14.047005485210093,2.2950819672131306
2025-11-05,601012,stock,long,30.015313299922585,-0.36613272311213363
2025-11-05,FG,futures,short,26.650466651712833,-0.3646308113035568
2025-11-05,GC=F,futures,short,3.337127676514891,0.04758201783707783
2025-11-05,SA,futures,short,21.59539901679571,-1.0041841004184038
2025-11-06,300750,stock,long,-5.662019514679483,0.17858436946776024
2025-11-06,600438,stock,long,14.627309810514056,6.770833333333326
2025-11-06,601012,stock,long,23.099002153710096,3.031694993109779
2025-11-06,FG,futures,short,27.62038220208174,0.9082652134423275
2025-11-06,GC=F,futures,long,2.107875217972943,0.47106110819656877
2025-11-06,SA,futures,short,14.80786861440209,-0.24855012427507095
2025-11-07,300750,stock,long,8.930131684057537,-2.8057520500591626
2025-11-07,600438,stock,long,28.583892410952288,1.9136960600375286
2025-11-07,601012,stock,long,32.08318389159539,1.64957646009809
2025-11-07,FG,futures,short,27.633928192289236,2.016498625114571
2025-11-07,GC=F,futures,long,1.571258463898045,2.7981432940693773
2025-11-07,SA,futures,short,10.26412012374797,-1.3223140495867813
2025-11-10,300750,stock,long,6.972484814643011,0.2897379599257732
2025-11-10,600438,stock,long,30.43691584119228,-1.6200294550810068
2025-11-10,601012,stock,long,37.47640739458384,-1.5789473684210464
2025-11-10,FG,futures,short,27.010100687554953,1.4967259120673537
2025-11-10,GC=F,futures,short,-0.35912972715677155,0.1382871254852036
2025-11-10,SA,futures,short,6.7056210640780565,0.897226753670477
2025-11-11,300750,stock,long,19.837341836157254,0.20673642695843153
2025-11-11,600438,stock,long,21.489406114795326,-6.062874251496996
2025-11-11,601012,stock,long,26.644350310765503,-7.352941176470596
2025-11-11,FG,futures,short,23.03413667194489,0.3798670465337106
2025-11-11,GC=F,futures,short,1.7475468222938857,-2.363780520989933
2025-11-11,SA,futures,short,6.114868040498215,0.08230452674896638
2025-11-12,300750,stock,long,13.068528022371323,7.7286865993778875
2025-11-12,600438,stock,long,5.656562422921602,2.071713147410348
2025-11-12,601012,stock,long,9.20098134353,2.4531024531024626
2025-11-12,FG,futures,short,21.81017197371652,-0.6673021925643452
2025-11-12,GC=F,futures,long,1.692654674662965,-0.4532964024486885
2025-11-12,SA,futures,short,5.772852810571834,-2.0593080724876422
2025-11-13,300750,stock,long,25.569439342791302,-2.818616619034986
2025-11-13,600438,stock,long,5.839256702055046,0.5464480874316946
2025-11-13,601012,stock,long,8.886032961689722,2.7230046948356623
2025-11-13,FG,futures,short,25.383778945041257,2.2727272727272707
2025-11-13,GC=F,futures,short,5.307222700589732,2.391227770368931
2025-11-13,SA,futures,long,1.885038006557482,-1.049233252623083
2025-11-14,300750,stock,long,25.72622091878047,-3.370286903883668
2025-11-14,600438,stock,long,13.851410945982817,-2.0962732919254767
2025-11-14,601012,stock,long,16.85324656752329,-0.8683729433272336
2025-11-14,FG,futures,short,21.65972046748361,0.29069767441860517
2025-11-14,GC=F,futures,short,5.921756881374664,0.4811672953646595
2025-11-14,SA,futures,long,6.473516861040213,0.4078303425774976
2025-11-17,300750,stock,long,13.675558250511672,-1.511221736493118
2025-11-17,600438,stock,long,14.345218134214798,-1.3481363996827866
2025-11-17,601012,stock,long,20.90019461307038,-2.489626556016611
2025-11-17,FG,futures,short,21.380654974426083,1.1661807580174877
2025-11-17,GC=F,futures,short,16.923098845918663,0.19634310958399626
2025-11-17,SA,futures,long,4.740215181225053,-1.380991064175463
2025-11-18,300750,stock,long,5.896917262350553,1.619360113833035
2025-11-18,600438,stock,long,12.085958699159029,4.139871382636651
2025-11-18,601012,stock,long,17.22168749299346,0.23640661938535423
2025-11-18,FG,futures,short,24.128205378567365,0.7866273352999054
2025-11-18,GC=F,futures,short,3.066893768595917,-0.40083730058095846
2025-11-18,SA,futures,long,1.9437894263939481,-2.635914332784184
2025-11-19,300750,stock,long,10.539178677357743,-3.0591025935756133
2025-11-19,600438,stock,long,21.384063848944358,-5.0945580856812
2025-11-19,601012,stock,long,19.560705294471536,-5.188679245283012
2025-11-19,FG,futures,short,29.82226346845039,1.9821605550049526
2025-11-19,GC=F,futures,long,2.203979687029878,-0.5584414753465383
2025-11-19,SA,futures,short,12.352138241522162,2.030456852791873
2025-11-20,300750,stock,long,2.7318526726285572,-2.5304380163952978
2025-11-20,600438,stock,long,11.235292913035664,-6.588043920292808
2025-11-20,601012,stock,long,9.174131168132147,-6.26865671641792
2025-11-20,FG,futures,short,42.65633057205175,0.2022244691607722
2025-11-20,GC=F,futures,short,7.369239426681479,-0.4802955665024644
2025-11-20,SA,futures,short,23.217904030119424,-1.0362694300518172
2025-11-21,300750,stock,long,-6.585340084563944,0.15206308129569468
2025-11-21,600438,stock,long,6.0344445200146275,-1.0883761427949445
2025-11-21,601012,stock,long,1.8508294110477916,-0.4246284501061459
2025-11-21,FG,futures,short,38.347644073324226,-2.634245187436668
2025-11-21,GC=F,futures,short,4.786069035295572,-0.36033707983516017
2025-11-21,SA,futures,short,17.15600395300157,-1.1111111111111072
2025-11-24,300750,stock,long,-6.504713338334277,0.49966596915873573
2025-11-24,600438,stock,long,0.759786958885267,0.044014084507049134
2025-11-24,601012,stock,long,-0.18324906450835732,1.1727078891258014
2025-11-24,FG,futures,short,25.829729063922954,-0.09871668311944859
2025-11-24,GC=F,futures,long,8.621665939864796,1.1186568651835316
2025-11-24,SA,futures,short,18.3496112004005,0.8453085376162295
2025-11-25,300750,stock,long,-5.722984435972208,0.12635557557711952
2025-11-25,600438,stock,long,2.548168911964284,0.5719313682358118
2025-11-25,601012,stock,long,2.3893904440920553,-0.8956796628029617
2025-11-25,FG,futures,short,32.746725778261805,-2.268244575936884
2025-11-25,GC=F,futures,long,17.615285008310508,0.6087003698671545
2025-11-25,SA,futures,short,19.320063547365642,-0.17050298380221207
2025-11-26,300750,stock,long,-12.737109659783247,-0.44442981301027196
2025-11-26,600438,stock,long,-11.174399886080174,0.6124234470691103
2025-11-26,601012,stock,long,-14.366752694485081,-1.2227538543328031
2025-11-26,FG,futures,short,27.50367639591189,-0.38572806171648377
2025-11-26,GC=F,futures,long,18.311794336598748,2.153550917725333
2025-11-26,SA,futures,short,25.87884721277096,-0.08510638297871687
2025-11-27,300750,stock,long,-12.7522840547464,0.5511281593421735
2025-11-27,600438,stock,long,-9.675656368645537,-0.521739130434784
2025-11-27,601012,stock,long,-22.808568028069125,-0.053821313240032254
2025-11-27,FG,futures,short,17.04380407549399,-1.1527377521613813
2025-11-27,SA,futures,short,18.971389584418215,-0.08503401360544505
2025-11-28,300750,stock,long,-7.060063057367549,2.6775045766966654
2025-11-28,600438,stock,long,-10.466922337612093,1.9230769230769384
2025-11-28,601012,stock,long,-19.871182709048885,0.9693053311793154
2025-11-28,FG,futures,short,9.719719805235952,1.614434947768284
2025-11-28,GC=F,futures,long,24.394462702369413,0.4676937836490147
2025-11-28,SA,futures,short,15.459600815771799,0.0849617672047609
2025-12-01,300750,stock,long,-0.7603697860141846,-0.7713619208780109
2025-12-01,600438,stock,long,-10.162776326614447,-4.159519725557459
2025-12-01,601012,stock,long,-24.206088861055644,-2.3466666666666747
2025-12-01,FG,futures,short,18.881981634765996,0.19305019305019266
2025-12-01,GC=F,futures,long,28.62615436144031,-1.2632170503233064
2025-12-01,SA,futures,short,8.708086571408861,-0.5952380952380931
2025-12-02,300750,stock,long,1.791280842957285,-1.0759282571038198
2025-12-02,600438,stock,long,-10.89201330207227,-1.4765100671141007
2025-12-02,601012,stock,long,-24.903507824463848,-1.5838339705079196
2025-12-02,FG,futures,short,24.258421322456158,1.3539651837524147
2025-12-02,GC=F,futures,long,20.653014030374006,0.2772032755381071
2025-12-02,SA,futures,short,1.6149714639431476,1.5215553677092153
2025-12-03,300750,stock,long,-5.552314841248952,1.9767682150897858
2025-12-03,600438,stock,long,-13.702425723597841,-1.3623978201634857
2025-12-03,601012,stock,long,-32.62830762602794,-0.6104328523862335
2025-12-03,FG,futures,short,26.281727226351222,0.9803921568627416
2025-12-03,GC=F,futures,long,28.36817787028313,0.24808033077377
2025-12-03,SA,futures,short,9.972064992061224,0.2575107296137302
2025-12-04,300750,stock,long,-4.715253435393264,1.530495251198527
2025-12-04,600438,stock,long,-19.513645754376594,0.5524861878453136
2025-12-04,601012,stock,long,-33.08483897000903,0.6141820212171911
2025-12-04,FG,futures,short,31.364418741554786,1.5841584158415856
2025-12-04,GC=F,futures,long,26.100284974898848,0.0
2025-12-04,SA,futures,short,15.588093935841123,2.151462994836484
2025-12-05,300750,stock,long,-2.0164143863498305,0.8955255237905302
2025-12-05,600438,stock,long,-33.91928804953081,0.22893772893772812
2025-12-05,601012,stock,long,-39.18272197899469,0.33296337402886067
2025-12-05,FG,futures,short,33.35163258947834,-0.8048289738430636
2025-12-05,GC=F,futures,long,26.315590210773667,-0.5962716164859772
2025-12-05,SA,futures,short,24.27392163029918,0.3518029903254227
2025-12-08,300750,stock,long,5.4027656617451765,-1.2780068299183767
2025-12-08,600438,stock,long,-37.809518108583724,3.60895386021014
2025-12-08,601012,stock,long,-42.486494558082185,0.6637168141592875
2025-12-08,FG,futures,short,23.44121873815983,1.7964071856287456
2025-12-08,GC=F,futures,long,21.537290220946193,0.4386276677645462
2025-12-08,SA,futures,short,32.538335494816806,0.7060900264783787
2025-12-09,300750,stock,long,2.216034946673801,-1.3736481035219072
2025-12-09,600438,stock,long,-26.48772942539628,-2.998236331569659
2025-12-09,601012,stock,long,-37.84185696538319,0.0
2025-12-09,FG,futures,short,24.27777991480814,2.0325203252032575
2025-12-09,GC=F,futures,long,13.507634537423424,-0.2714697009061351
2025-12-09,SA,futures,short,31.829782960576935,2.7555555555555555
2025-12-10,300750,stock,long,-0.9461043428851927,1.7670395004170336
2025-12-10,600438,stock,long,-22.973929753554067,-3.3636363636363575
2025-12-10,601012,stock,long,-28.96331067849431,-1.758241758241763
2025-12-10,FG,futures,short,29.234316329379517,0.8298755186721962
2025-12-10,GC=F,futures,long,12.846112109670708,2.0900845173693616
2025-12-10,SA,futures,short,39.42824086413968,-0.8226691042047429
2025-12-11,300750,stock,long,-17.918044272632034,0.7381489011826226
2025-12-11,600438,stock,long,-33.16162927161208,1.6933207902163572
2025-12-11,601012,stock,long,-40.569484547837234,1.7337807606264022
2025-12-11,FG,futures,short,35.05933186069432,2.1966527196652708
2025-12-11,GC=F,futures,long,11.87500504870804,0.3547369507883147
2025-12-11,SA,futures,short,48.044017101544526,-2.0852221214868516
2025-12-12,300750,stock,long,-8.421782708023796,-1.642798285231506
2025-12-12,600438,stock,long,-30.53346511887586,0.5550416281220993
2025-12-12,601012,stock,long,-44.60347151602237,-1.0445299615173265
2025-12-12,FG,futures,short,34.91248070246447,-1.6042780748663166
2025-12-12,GC=F,futures,long,15.943452520501518,0.15942496907277448
2025-12-12,SA,futures,short,31.404863704106784,-2.6642984014209503
2025-12-15,300750,stock,long,-3.6553285332545653,-1.8796793145135715
2025-12-15,600438,stock,long,-25.692799033725766,-4.323827046918116
2025-12-15,601012,stock,long,-45.03486246193521,-2.9999999999999916
2025-12-15,FG,futures,short,26.595209165026326,-9.263157894736839
2025-12-15,GC=F,futures,long,35.30680664463888,-0.06690326846119365
2025-12-15,SA,futures,short,20.42091186287751,-1.211072664359869
2025-12-16,300750,stock,long,-4.763447039752631,1.35368087716361
2025-12-16,600438,stock,long,-29.86876227525629,1.8269230769230704
2025-12-16,601012,stock,long,-45.75238433759132,1.832760595647187
2025-12-16,FG,futures,long,5.130085438825713,0.0
2025-12-16,GC=F,futures,long,38.556506224435196,0.9602312751125552
2025-12-16,SA,futures,short,11.58558268306096,-0.0
2025-12-17,300750,stock,long,-5.644089760588359,-3.0444240653458188
2025-12-17,600438,stock,long,-36.08687346556214,-1.9830028328611804
2025-12-17,601012,stock,long,-40.30298150594557,-0.4499437570303799
2025-12-17,FG,futures,long,6.669958450873555,2.3121387283236983
2025-12-17,GC=F,futures,long,45.55981899823187,-0.21490894976158303
2025-12-17,SA,futures,short,3.0307008672449367,-1.9658119658119588
2025-12-18,300750,stock,long,-5.602848792562884,0.549915862872985
2025-12-18,600438,stock,long,-32.296323989923756,0.19267822736031004
2025-12-18,601012,stock,long,-33.21895634188288,2.1468926553672274
2025-12-18,FG,futures,long,15.04015142009443,-1.9774011299435013
2025-12-18,GC=F,futures,long,41.221189125373805,0.5223921339786886
2025-12-18,SA,futures,long,11.534209307425947,-1.4249790444258226
2025-12-19,300750,stock,long,4.425173870867597,-0.5906609934042906
2025-12-19,600438,stock,long,-22.30472211396156,0.19230769230769162
2025-12-19,601012,stock,long,-13.929119332483415,0.16592920353983853
2025-12-19,FG,futures,long,11.363452423950392,-0.9606147934678178
2025-12-19,GC=F,futures,long,49.458661538340245,1.871312682313886
2025-12-19,SA,futures,long,2.4954014491711596,-0.5952380952380931
2025-12-22,300750,stock,long,1.9034036737322604,1.7219942123389398
2025-12-22,600438,stock,long,-19.289441338277044,0.09596928982724684
2025-12-22,601012,stock,long,-11.823276662910903,-0.4969630038652695
2025-12-22,FG,futures,long,4.59542578197597,-0.29097963142580285
2025-12-22,GC=F,futures,long,53.72871880213523,0.8121961283821255
2025-12-22,SA,futures,short,3.660166221050469,-0.5132591958939337
2025-12-23,300750,stock,long,5.842483685021396,-0.676055728625824
2025-12-23,600438,stock,long,-19.16146474675097,0.8628954937679678
2025-12-23,601012,stock,long,-18.189785289393434,0.6104328523862446
2025-12-23,FG,futures,long,3.837495549809598,1.9455252918287869
2025-12-23,GC=F,futures,long,56.15577726809209,-0.06437158486526373
2025-12-23,SA,futures,long,1.2727517030575377,0.7659574468085184
2025-12-24,300750,stock,long,3.2001461226121517,-0.7051610163031019
2025-12-24,600438,stock,long,-18.40636587757834,1.615969581749055
2025-12-24,601012,stock,long,-12.677188778083247,0.7722007722007707
2025-12-24,FG,futures,long,3.228876710426034,-0.0954198473282486
2025-12-24,GC=F,futures,long,49.59164857144931,1.1082080658583404
2025-12-24,SA,futures,long,3.4191735022320584,0.0
2025-12-25,300750,stock,long,2.3448692902827837,0.38935898349885534
2025-12-25,600438,stock,long,-15.781782165282983,1.9644527595884087
2025-12-25,601012,stock,long,-5.476011212395225,4.10509031198687
2025-12-25,FG,futures,long,2.2924857919657327,0.9551098376313183
2025-12-25,SA,futures,long,3.111066464648489,1.3513513513513598
2025-12-26,300750,stock,long,1.8241339768298657,-1.3984409568395195
2025-12-26,600438,stock,long,-9.776683420851782,-1.3302752293577913
2025-12-26,601012,stock,long,8.001849770700527,-1.6824395373291279
2025-12-26,FG,futures,long,1.9105105854057778,-0.5676442762535427
2025-12-26,GC=F,futures,long,51.73308226855114,-4.592880898934249
2025-12-26,SA,futures,long,7.527768639157756,-1.5833333333333366
2025-12-29,300750,stock,long,-12.20066072191943,-0.030470745314437053
2025-12-29,600438,stock,long,-17.444169348121928,-2.324500232450022
2025-12-29,601012,stock,long,0.014446094915228186,-1.3903743315507922
2025-12-29,FG,futures,long,3.992218740987193,3.4253092293054177
2025-12-29,GC=F,futures,long,8.302958914571873,0.9830487630362317
2025-12-29,SA,futures,long,2.1462813091175525,2.709568162574083
2025-12-30,300750,stock,long,-9.672173352968532,-0.5375569422431115
2025-12-30,600438,stock,long,-14.095003521049641,-2.3322227510709226
2025-12-30,601012,stock,long,2.9339286294374403,-1.3015184381778844
2025-12-30,FG,futures,long,10.681394880740045,0.0
2025-12-30,GC=F,futures,long,10.122873847318894,-1.0304746379384833
2025-12-30,SA,futures,long,8.696161915235551,-0.3297609233305798
2025-12-31,300750,stock,long,-7.868236962475401,2.8527491140876826
2025-12-31,600438,stock,long,-15.914223142869856,2.875243664717342
2025-12-31,601012,stock,long,3.8275452373535903,1.5934065934065877
2025-12-31,FG,futures,long,13.379989997396782,-0.5519779208831621
2025-12-31,GC=F,futures,long,11.072786275485473,-0.2649098095252156
2025-12-31,SA,futures,long,12.83533137565935,-2.6468155500413593
2026-01-05,300750,stock,long,-4.530423786997904,-0.9507248261067414
2026-01-05,600438,stock,long,-5.470056209656405,2.273803884414982
2026-01-05,601012,stock,long,10.440670159488265,1.838831800973506
2026-01-05,FG,futures,long,14.252117809524181,1.0175763182238562
2026-01-05,GC=F,futures,long,16.93239289229377,1.001911662501409
2026-01-05,SA,futures,long,4.6579154859894505,1.1045029736618472
2026-01-06,300750,stock,long,-13.132589030987365,-0.8149156917759193
2026-01-06,600438,stock,long,-1.489760158137759,0.2779064381658092
2026-01-06,601012,stock,long,13.819121484842288,-0.9559214020180562
2026-01-06,FG,futures,long,19.53055635122242,5.128205128205132
2026-01-06,GC=F,futures,long,20.206957406904984,-0.74731649488331
2026-01-06,SA,futures,long,15.137671731303566,6.806722689075628
2026-01-07,300750,stock,long,-19.207277351252728,-0.496275179072625
2026-01-07,600438,stock,long,-1.3805459982092987,0.046189376443428465
2026-01-07,601012,stock,long,9.887124025003306,0.6434316353887359
2026-01-07,FG,futures,long,25.920752745931075,1.3066202090592283
2026-01-07,GC=F,futures,long,19.631449477620166,-0.040331757703082616
2026-01-07,SA,futures,long,27.78810086330682,-2.5177025963807997
2026-01-08,300750,stock,long,-16.71028773058811,0.005541670592035253
2026-01-08,600438,stock,long,-10.067851116764421,-3.8319482917820946
2026-01-08,601012,stock,long,9.829579450498697,-2.024507192328173
2026-01-08,FG,futures,long,32.24793843816832,-1.6337059329320724
2026-01-08,GC=F,futures,long,18.011412246947597,0.9011972396955503
2026-01-08,SA,futures,long,22.592915867041743,-0.88781275221953
2026-01-09,300750,stock,long,-12.085352063322047,-2.0918647242340493
2026-01-09,600438,stock,long,-11.701464363882964,2.112337974075862
2026-01-09,601012,stock,long,3.7602735855108658,4.567699836867867
2026-01-09,FG,futures,long,33.24451053356447,-0.08741258741258306
2026-01-09,GC=F,futures,long,21.923476310160204,2.528389776219875
2026-01-09,SA,futures,long,28.083724803625447,0.8957654723126929
2026-01-12,300750,stock,long,-26.12841261671548,-0.7584075704922921
2026-01-12,600438,stock,long,1.1073609383898675,-3.8551951104842552
2026-01-12,601012,stock,long,19.275882351725723,-3.7961518460738475
2026-01-12,FG,futures,long,34.8869969807524,-4.111986001749779
2026-01-12,GC=F,futures,long,22.927494022411413,-0.338052245996312
2026-01-12,SA,futures,long,28.24848742580807,-2.1791767554479424
2026-01-13,300750,stock,long,-32.03899895491303,-1.4314555222246228
2026-01-13,600438,stock,long,-11.538041922785368,0.5867970660146771
2026-01-13,601012,stock,long,4.924992838730031,0.4864864864864815
2026-01-13,FG,futures,long,29.641872146909716,0.0
2026-01-13,GC=F,futures,long,20.553123098196373,0.7958099819332487
2026-01-13,SA,futures,long,17.813319654697573,0.8250825082508184
2026-01-14,300750,stock,long,-31.473097670075255,-0.06653706403758619
2026-01-14,600438,stock,long,-11.462800451460204,-2.67379679144385
2026-01-14,601012,stock,long,8.520065704481986,-0.484131253362019
2026-01-14,FG,futures,long,26.79340294457848,-0.9124087591240837
2026-01-14,GC=F,futures,long,22.580983606453152,-0.2588605710984959
2026-01-14,SA,futures,long,14.025316123821336,-2.3731587561374834
2026-01-15,300750,stock,long,-25.584127570992994,-0.4139624017924892
2026-01-15,600438,stock,long,-8.22023965325125,0.0
2026-01-15,601012,stock,long,15.262876618211568,1.2432432432432527
2026-01-15,FG,futures,long,12.285728938197401,1.5653775322283625
2026-01-15,GC=F,futures,long,21.909115455134074,-0.6120702418690671
2026-01-15,SA,futures,long,5.449228331104796,-0.08382229673092878
2026-01-16,300750,stock,long,-33.9062429965277,-0.9941513668127899
2026-01-16,600438,stock,long,-12.95944319212798,-3.746253746253747
2026-01-16,601012,stock,long,13.939022251365387,-2.1890016017084846
2026-01-16,FG,futures,long,16.045038878869885,-2.9918404351767958
2026-01-16,GC=F,futures,long,16.732056143448983,3.7080538356812465
2026-01-16,SA,futures,long,5.258147897081188,0.0
2026-01-19,300750,stock,long,-29.244881230798097,0.20552449852022647
2026-01-19,600438,stock,long,-16.39655723261854,-3.5288012454592566
2026-01-19,601012,stock,long,9.281036264824056,-5.131004366812231
2026-01-19,FG,futures,long,2.7843509204922077,-1.3084112149532756
2026-01-19,SA,futures,short,-0.8114952100448828,1.2583892617449632
2026-01-20,300750,stock,long,-31.141322016539675,0.061530888506045045
2026-01-20,600438,stock,long,-23.889135644682028,-0.5379236148467026
2026-01-20,601012,stock,long,-7.329972997469062,-0.9205983889528202
2026-01-20,FG,futures,long,4.449107322177624,-1.6098484848484862
2026-01-20,GC=F,futures,long,26.415706296848104,1.5044735039432044
2026-01-20,SA,futures,long,1.2003738534930994,-1.1894647408666081
2026-01-21,300750,stock,long,-28.09906628661168,-1.1742244554936665
2026-01-21,600438,stock,long,-25.59120131716636,1.7847485127095775
2026-01-21,601012,stock,long,-9.637071373152345,2.1486643437863107
2026-01-21,FG,futures,long,2.8408144381144083,1.7324350336862304
2026-01-21,GC=F,futures,long,28.9983259898343,1.568990229328171
2026-01-21,SA,futures,short,0.1782242328942861,-1.8916595012897774
2026-01-22,300750,stock,long,-45.34276240090871,0.3555639837388602
2026-01-22,600438,stock,long,-21.268022415856628,7.757704569606805
2026-01-22,601012,stock,long,-3.889870237078966,10.00568504832291
2026-01-22,FG,futures,long,7.590258643106674,0.6622516556291425
2026-01-22,GC=F,futures,long,28.311719554633264,1.349377097050941
2026-01-22,SA,futures,long,2.9498857023468683,1.0970464135021007
2026-01-23,300750,stock,long,-39.58860219323754,-1.4615048480625448
2026-01-23,600438,stock,long,-4.879610483425789,-3.3530571992110403
2026-01-23,601012,stock,long,11.421624353221384,-1.3436692506460068
2026-01-23,FG,futures,long,4.6349076686525565,2.1616541353383534
2026-01-23,GC=F,futures,long,29.704575479033164,2.064377385294547
2026-01-23,SA,futures,long,3.6891718338500694,0.5843071786310494
2026-01-26,300750,stock,long,-42.25134696211243,-0.7940265234822164
2026-01-26,600438,stock,long,-13.103772604363618,-0.5102040816326592
2026-01-26,601012,stock,long,8.161037305236256,0.5762179151388214
2026-01-26,FG,futures,long,9.84064507363573,-1.931922723091073
2026-01-26,GC=F,futures,long,35.273920914711375,0.0019694570831285674
2026-01-26,SA,futures,long,5.0036421876697,-0.9128630705394158
2026-01-27,300750,stock,long,-48.72057589603373,0.17819820472859682
2026-01-27,600438,stock,long,-17.547245757976683,-2.4615384615384595
2026-01-27,601012,stock,long,2.9504242436456884,-1.9791666666666652
2026-01-27,FG,futures,long,2.9806516835557226,0.09380863039398779
2026-01-27,GC=F,futures,long,32.114560214700035,4.348168176794198
2026-01-27,SA,futures,short,0.10798697334928947,-0.3350083752093891
2026-01-28,300750,stock,long,-41.49736043449462,0.5728378386526733
2026-01-28,600438,stock,long,-19.293556980309617,0.2103049421661396
2026-01-28,601012,stock,long,2.4785547967352968,-0.2656748140276388
2026-01-28,FG,futures,long,4.516963701707969,1.8744142455482615
2026-01-28,GC=F,futures,long,67.49099702936232,0.27905204794833605
2026-01-28,SA,futures,long,4.300073469272318,2.170283806343898
2026-01-29,300750,stock,long,-37.71379299142797,2.4311863349941065
2026-01-29,600438,stock,long,-15.145462439605,-4.512067156348376
2026-01-29,601012,stock,long,4.257454374565193,-4.741608950452858
2026-01-29,FG,futures,long,0.9765342736341848,-2.8518859245630135
2026-01-29,GC=F,futures,long,64.76083005545424,-10.779554287274529
2026-01-29,SA,futures,long,3.1047161179587612,-1.6339869281045805
2026-01-30,300750,stock,long,-19.864590783475084,-0.2985144516113869
2026-01-30,600438,stock,long,-18.16127935767237,-1.978021978021971
2026-01-30,601012,stock,long,-1.0844714739537895,-1.3422818791946178
2026-01-30,FG,futures,short,5.668388616141118,-0.0
2026-01-30,GC=F,futures,long,16.288227229420333,-1.9493793196415088
2026-01-30,SA,futures,short,-0.06245525215635397,0.08305647840531893
2026-02-02,300750,stock,long,-41.338508114127706,-0.31408510238588594
2026-02-02,600438,stock,long,-26.956422292102882,4.596412556053808
2026-02-02,601012,stock,long,-5.47675133265771,5.272108843537415
2026-02-02,FG,futures,short,4.395406388275754,-1.5151515151515138
2026-02-02,GC=F,futures,long,13.295858542236587,6.069722228781482
2026-02-02,SA,futures,long,6.210646028443696,-0.16625103906899863
2026-02-03,300750,stock,long,-38.37494527044246,5.041195281535438
2026-02-03,600438,stock,long,-21.791384785371413,4.8231511254019255
2026-02-03,601012,stock,long,-0.3254439478030776,3.9849219170705386
2026-02-03,FG,futures,short,3.218240512648286,-3.4514925373134275
2026-02-03,GC=F,futures,long,17.395802619594484,0.32015814969605927
2026-02-03,SA,futures,long,3.182795449871687,2.3313905079100694
2026-02-04,300750,stock,long,-4.716084684551612,-0.5858904132629794
2026-02-04,600438,stock,long,-13.520875535728916,-6.083844580777087
2026-02-04,601012,stock,long,6.474119154100587,-5.592957017089583
2026-02-04,FG,futures,short,7.738254703559445,1.8935978358881833
2026-02-04,GC=F,futures,long,16.361036850578913,-1.2381798316599357
2026-02-04,SA,futures,short,10.816372195732248,1.6273393002441017
2026-02-05,300750,stock,long,-5.004181215977683,1.7398317128741958
2026-02-05,600438,stock,long,-21.236784701794694,1.0887316276537717
2026-02-05,601012,stock,long,-1.9754781755162367,0.7131102578167736
2026-02-05,FG,futures,short,15.748423656436133,1.4705882352941124
2026-02-05,GC=F,futures,long,15.554738277637885,1.8468106081910296
2026-02-05,SA,futures,short,8.118188289171064,1.5715467328370591
2026-02-06,300750,stock,long,0.634906834088649,-0.08037649458706442
2026-02-06,600438,stock,long,-14.580545827033289,2.746365105008075
2026-02-06,601012,stock,long,1.5790480465867107,4.466230936819171
2026-02-06,FG,futures,short,15.380508125136952,-0.5597014925373234
2026-02-06,GC=F,futures,long,18.367848299345606,2.000082364003797
2026-02-06,SA,futures,short,10.360502657446371,0.7563025210084007
2026-02-09,300750,stock,long,7.344912808150773,-1.0679256169004114
2026-02-09,600438,stock,long,-13.575037984280774,-1.2054507337526
2026-02-09,601012,stock,long,1.4491833478908418,-1.929092805005217
2026-02-09,FG,futures,short,13.690517319579927,0.7421150278293154
2026-02-09,GC=F,futures,long,19.947909108239426,-0.9528665447549711
2026-02-09,SA,futures,short,16.34801575747045,0.8467400508044065
2026-02-10,300750,stock,long,6.271914649176937,0.8495438258070642
2026-02-10,600438,stock,long,-10.084537404686452,-0.9549071618037086
2026-02-10,601012,stock,long,3.9653361165982712,-1.1695906432748426
2026-02-10,FG,futures,short,5.867193286528482,-0.09345794392523477
2026-02-10,GC=F,futures,long,14.743645174544548,1.341681574239706
2026-02-10,SA,futures,short,12.195747750073197,-0.5977796754910392
2026-02-11,300750,stock,long,14.118941670058609,2.187983052166853
2026-02-11,600438,stock,long,-12.323614098750763,-1.339046598821636
2026-02-11,601012,stock,long,1.754947881635552,-0.5379236148467026
2026-02-11,FG,futures,short,5.604335455684345,0.5602240896358524
2026-02-11,GC=F,futures,long,17.293143435347798,-2.944005053569676
2026-02-11,SA,futures,short,13.121193088851532,1.358234295415961
2026-02-12,300750,stock,long,20.848990518468156,-2.8648228054042657
2026-02-12,600438,stock,long,-10.496731118389741,-2.22584147665581
2026-02-12,601012,stock,long,1.683313070710071,-1.9469983775013522
2026-02-12,FG,futures,short,4.636262860394692,2.2535211267605604
2026-02-12,GC=F,futures,long,11.310879760576729,1.9784153317394804
2026-02-12,SA,futures,short,9.833358599851572,1.03270223752151
2026-02-13,300750,stock,long,11.76053446276341,-0.9494947231620698
2026-02-13,600438,stock,long,-13.645757407705267,0.8328706274292053
2026-02-13,601012,stock,long,-2.543050657804352,0.8273579702151146
2026-02-13,FG,futures,short,15.203048413294427,-0.8645533141210304
2026-02-13,GC=F,futures,long,14.548477408924915,-2.7822346625805405
2026-02-13,SA,futures,short,13.42305058087448,-1.6521739130434865
2026-02-24,300750,stock,long,11.903645928952098,0.06503752382354122
2026-02-24,600438,stock,long,-7.18039779765307,2.5330396475770955
2026-02-24,601012,stock,long,1.4573985662806461,1.5864332603938713
2026-02-24,FG,futures,short,4.756261250376218,-1.333333333333342
2026-02-24,GC=F,futures,long,4.3496226570060195,0.9640166239948345
2026-02-24,SA,futures,short,6.626774618255673,-1.8819503849443864
2026-02-25,300750,stock,long,11.487081734129411,-4.572274720803005
2026-02-25,601012,stock,long,10.972540499163939,-1.6155088852988775
2026-02-25,FG,futures,long,3.0285647293437563,-0.5639097744360888
2026-02-25,GC=F,futures,long,5.743650626799268,-0.6122995446806945
2026-02-25,SA,futures,long,4.938531517410282,0.0
2026-02-26,300750,stock,long,-1.852444344942281,-1.1815500515262478
2026-02-26,601012,stock,long,9.94935428209852,0.2736726874657869
2026-02-26,FG,futures,long,6.248826102211645,0.3780718336483968
2026-02-26,GC=F,futures,short,1.5361888870009899,-1.033839763814104
2026-02-26,SA,futures,long,9.465954050603301,0.25188916876575096
2026-02-27,300750,stock,long,-1.870533755361153,-0.5364067341520284
2026-02-27,601012,stock,long,7.379451200348431,-1.091703056768556
2026-02-27,FG,futures,long,2.226688512315048,-1.7890772128060228
2026-02-27,GC=F,futures,short,0.3906170417355007,-1.2138226051920498
2026-02-27,SA,futures,long,3.555409143811594,-0.5025125628140725
2026-03-02,300750,stock,long,-4.096386608600453,1.1599460097857284
2026-03-02,601012,stock,long,-10.773193384525719,-0.7174392935982432
2026-03-02,FG,futures,short,5.216308588029718,-1.0546500479386323
2026-03-02,GC=F,futures,long,27.581148152061186,-3.537538573859522
2026-03-02,SA,futures,short,2.7156852410875283,-2.5252525252525304
2026-03-03,300750,stock,long,2.4586181518711903,-1.5397811545082574
2026-03-03,601012,stock,long,-9.653657540451068,-1.834352418009999
2026-03-03,FG,futures,short,8.881634704399858,1.5180265654648917
2026-03-03,GC=F,futures,long,22.519165865047952,0.21468859575475285
2026-03-03,SA,futures,long,4.5333463156870275,-1.2315270935960632
2026-03-04,300750,stock,long,0.5815865589554919,3.433234924015105
2026-03-04,601012,stock,long,-14.028888290527181,0.5662514156285381
2026-03-04,FG,futures,short,7.69172503312585,-1.6377649325626242
2026-03-04,GC=F,futures,long,11.704240822512787,-1.09061868989202
2026-03-04,SA,futures,long,3.3486044479511103,1.8287614297589405
2026-03-05,300750,stock,long,8.086295850309948,1.3218616022600216
2026-03-05,601012,stock,long,-9.421455295163874,1.3513513513513375
2026-03-05,FG,futures,short,2.710303069168763,-3.033175355450246
2026-03-05,GC=F,futures,long,7.760842505972039,1.57520619299083
2026-03-05,SA,futures,long,8.365505785953433,1.3877551020408108
2026-03-06,300750,stock,long,9.759816598217942,0.7879652025330364
2026-03-06,601012,stock,long,-6.3754011697500435,2.1666666666666723
2026-03-06,FG,futures,long,0.8120154198362532,1.5639374425022945
2026-03-06,GC=F,futures,long,15.369427433910046,-1.0661600387240178
2026-03-06,SA,futures,long,5.866238976762224,2.7375201288244666
2026-03-09,300750,stock,long,6.140443598917881,5.383857591239205
2026-03-09,601012,stock,long,6.7247506472048,0.9244154431756302
2026-03-09,FG,futures,long,14.607738239479902,-2.536231884057971
2026-03-09,GC=F,futures,long,7.56797710431923,2.711756119038178
2026-03-09,SA,futures,long,20.59033129621811,-3.21316614420063
2026-03-10,300750,stock,long,17.149225518294923,5.570773277679941
2026-03-10,601012,stock,long,11.259057801796281,1.2392241379310276
2026-03-10,FG,futures,long,6.265242451007147,3.3457249070631967
2026-03-10,GC=F,futures,long,9.280605567290722,-1.2018084131618867
2026-03-10,SA,futures,long,8.7046756288293,1.6194331983805599
2026-03-11,300750,stock,long,26.56557352758024,-0.3346272252710558
2026-03-11,600438,stock,long,1.8141189697250033,4.994629430719644
2026-03-11,601012,stock,long,3.6855212647596414,0.7982969664715345
2026-03-11,FG,futures,long,10.808091973812969,0.08992805755396738
2026-03-11,GC=F,futures,long,8.57979048082769,-1.0291419737739838
2026-03-11,SA,futures,long,13.834926513938642,0.07968127490038945
2026-03-12,300750,stock,long,17.790729130345017,0.38740469844418257
2026-03-12,600438,stock,long,9.602934473170906,-1.176470588235301
2026-03-12,601012,stock,long,-3.6730794581274937,-0.36958817317845893
2026-03-12,FG,futures,long,1.867233700489517,1.9766397124887591
2026-03-12,GC=F,futures,long,2.3143221332082202,-1.2505289285075327
2026-03-12,SA,futures,long,7.496988653025706,1.671974522292996
2026-03-13,300750,stock,long,19.855458976982113,2.932913463616438
2026-03-13,600438,stock,long,5.389165792600768,-2.7432712215320953
2026-03-13,601012,stock,long,11.417729716621857,-1.006889242183362
2026-03-13,FG,futures,long,13.477434007828236,-2.907488986784146
2026-03-13,GC=F,futures,long,7.206329448590442,-1.1754943537568896
2026-03-13,SA,futures,long,17.926619737209045,-1.6444792482380621
2026-03-16,300750,stock,long,21.87294500433041,-0.8498045449546576
2026-03-16,600438,stock,long,-10.918657026349136,-1.8626929217668842
2026-03-16,601012,stock,long,6.051233136022308,0.5888650963597364
2026-03-16,FG,futures,long,8.630655345585826,-0.7259528130671544
2026-03-16,GC=F,futures,short,1.6789384264233822,-0.11994721853840762
2026-03-16,SA,futures,long,17.6478396493575,-1.0350318471337605
2026-03-17,300750,stock,long,20.207178047150915,-0.7512125276032844
2026-03-17,600438,stock,long,-8.66389685278307,-0.48806941431670525
2026-03-17,601012,stock,long,-7.386674788678907,-1.3304949441192093
2026-03-17,FG,futures,long,4.983070769836492,-2.5594149908592323
2026-03-17,GC=F,futures,long,7.130818190117656,-2.2363323276259672
2026-03-17,SA,futures,long,16.665571357351904,-2.574416733708773
2026-03-18,300750,stock,long,20.914089978771226,-0.38606900475474104
2026-03-18,600438,stock,long,-8.627477138388205,-1.3623978201634857
2026-03-18,601012,stock,long,-5.212048302764433,-0.10787486515642097
2026-03-18,FG,futures,short,0.1139625448583509,0.09380863039399889
2026-03-18,GC=F,futures,short,6.223640758147851,5.933172427837352
2026-03-18,SA,futures,long,10.607049176067278,0.49545829892649884
2026-03-19,300750,stock,long,18.403338045802318,3.18721442558747
2026-03-19,600438,stock,long,-6.879680604935429,1.9889502762430844
2026-03-19,601012,stock,long,-0.969852992089307,2.5377969762419017
2026-03-19,FG,futures,short,0.6148211128140744,1.0328638497652531
2026-03-19,GC=F,futures,short,18.473987412027455,0.6687428982046439
2026-03-19,SA,futures,long,10.315975133954456,-1.232539030402624
2026-03-20,300750,stock,long,20.025861441224926,-2.7205875085249964
2026-03-20,600438,stock,long,-3.849287638023042,-2.8169014084507005
2026-03-20,601012,stock,long,10.623631953638853,-0.9478672985781977
2026-03-20,FG,futures,short,1.8686699666984858,-2.6565464895635715
2026-03-20,GC=F,futures,short,24.737621472369426,3.6634702667568186
2026-03-20,SA,futures,long,10.717890231104931,4.492512479201327
2026-03-23,300750,stock,long,20.38540344170197,-1.2700606072921783
2026-03-23,600438,stock,long,-1.0849942137010669,-2.898550724637683
2026-03-23,601012,stock,long,15.09733161637775,1.2227538543328142
2026-03-23,FG,futures,long,11.099860859104716,-1.6635859519408491
2026-03-23,GC=F,futures,short,41.64302540425438,0.12025060518604525
2026-03-23,SA,futures,long,23.751749405491076,-1.273885350318471
2026-03-24,300750,stock,long,19.675105967854133,0.21096937856652787
2026-03-24,600438,stock,long,-2.6279591534361204,0.172215843857626
2026-03-24,601012,stock,long,16.47866806050188,-0.7878151260504174
2026-03-24,FG,futures,long,4.343344130790683,-0.6578947368421018
2026-03-24,GC=F,futures,short,39.45581905204317,-3.4143526735006757
2026-03-24,SA,futures,long,16.0600556353815,0.3225806451612856
2026-03-25,300750,stock,long,19.96836572430968,1.2041016477450706
2026-03-25,600438,stock,long,-10.887346780036927,-3.9541547277936795
2026-03-25,601012,stock,long,7.377409388797813,-2.7527792482795133
2026-03-25,FG,futures,short,0.8133815752133319,1.9867549668874163
2026-03-25,GC=F,futures,short,30.55927951053657,3.866177702504847
2026-03-25,SA,futures,long,12.283888654672497,-1.5273311897106123
2026-03-26,300750,stock,long,35.29699675052977,3.4703900637252927
2026-03-26,600438,stock,long,-28.596385627947814,1.3126491646777927
2026-03-26,601012,stock,long,2.6502658846227014,0.8165487207403288
2026-03-26,FG,futures,short,4.416063576694272,-0.4826254826254761
2026-03-26,GC=F,futures,short,36.134335581782935,-2.655215604471084
2026-03-26,SA,futures,long,8.127177064251,0.3265306122449019
2026-03-27,300750,stock,long,45.067282064125315,-0.7796563627804787
2026-03-27,600438,stock,long,-16.08996237694096,-1.3545347467608937
2026-03-27,601012,stock,long,4.60669721606563,-3.0237580993520474
2026-03-27,FG,futures,short,4.146850901354487,0.09606147934678733
2026-03-27,GC=F,futures,short,31.28427466953374,-0.7456872565386741
2026-03-27,SA,futures,long,8.316965842518965,-1.7900732302685074
2026-03-30,300750,stock,long,44.354996795819986,-2.7922469433544594
2026-03-30,600438,stock,long,-21.590309112978254,-1.3731343283582165
2026-03-30,601012,stock,long,-2.194307435932518,-2.3385300668151587
2026-03-30,FG,futures,short,-0.1634739406082133,2.019230769230773
2026-03-30,GC=F,futures,short,32.51021775184698,-2.6867012297006276
2026-03-30,SA,futures,long,4.914638171388861,-2.4855012427506207
2026-03-31,300750,stock,long,33.553104408081644,1.0193394883474927
2026-03-31,600438,stock,long,-32.462351747150265,1.0290556900726555
2026-03-31,601012,stock,long,-7.155051859277237,1.9954389965792574
2026-03-31,FG,futures,short,7.688351413055362,1.962708537782143
2026-03-31,GC=F,futures,short,19.16233440714516,-3.5609776341011035
2026-03-31,SA,futures,short,7.641314751392423,0.8496176720475757
2026-04-01,300750,stock,long,39.80285354238346,-1.1424200180170097
2026-04-01,600438,stock,long,-26.87490318365768,-2.8759736369083355
2026-04-01,601012,stock,long,4.785372667985368,-2.9625489100055913
2026-04-01,FG,futures,short,8.740002854195755,-0.30030030030030463
2026-04-01,GC=F,futures,short,11.408972394817251,2.77160041630361
2026-04-01,SA,futures,short,6.713736104641163,-0.42844901456726703
2026-04-02,300750,stock,long,30.631397559538794,-3.7443173429855814
2026-04-02,600438,stock,long,-30.467722934529917,-3.7014188772362844
2026-04-02,601012,stock,long,-5.700502554228815,-4.0322580645161255
2026-04-02,FG,futures,short,12.387764079393296,2.4950099800399195
2026-04-02,GC=F,futures,short,14.38938088787528,-0.10684445138191556
2026-04-02,SA,futures,short,10.50116723996904,1.4505119453924964
2026-04-03,300750,stock,long,18.36502812919991,-0.49451014406904914
2026-04-03,600438,stock,long,-34.267974211109404,0.19218449711724261
2026-04-03,601012,stock,long,-19.252677083617872,0.24009603841537164
2026-04-03,FG,futures,short,28.12737896441555,0.8188331627430934
2026-04-03,SA,futures,short,18.01012817933407,0.8658008658008698
2026-04-07,300750,stock,long,15.807728737676358,1.783237040304897
2026-04-07,600438,stock,long,-29.271337566154443,4.859335038363155
2026-04-07,601012,stock,long,-25.45320575984757,3.7125748502994105
2026-04-07,FG,futures,short,35.912668231393866,-0.9287925696594534
2026-04-07,GC=F,futures,short,15.39430914099479,-1.9745126933107704
2026-04-07,SA,futures,short,29.58712604338881,-0.3493449781659441
2026-04-08,300750,stock,long,9.749834677455542,-0.3420436980406949
2026-04-08,600438,stock,long,-18.251557101207386,-2.3170731707316983
2026-04-08,601012,stock,long,-16.010486990302994,-2.3094688221708903
2026-04-08,FG,futures,short,26.514859117118018,0.8179959100204526
2026-04-08,GC=F,futures,short,17.107386464679816,-0.8540526463080456
2026-04-08,SA,futures,short,20.826497403068146,1.1314186248912117
2026-04-09,300750,stock,long,-3.6464757230755027,6.814573388318013
2026-04-09,600438,stock,long,-28.303445398537853,1.6853932584269593
2026-04-09,601012,stock,long,-24.605447363057486,1.1820330969267046
2026-04-09,FG,futures,short,44.84186378728484,0.7216494845360799
2026-04-09,GC=F,futures,short,12.99709204065266,0.6351203332555011
2026-04-09,SA,futures,short,30.132398911509778,-0.8802816901408494
2026-04-10,300750,stock,long,11.609581785213512,2.730002060378922
2026-04-10,600438,stock,long,-39.518191740281885,7.857581338244324
2026-04-10,601012,stock,long,-23.498692670077336,3.2710280373831724
2026-04-10,FG,futures,short,47.90156742832939,0.6230529595015577
2026-04-10,GC=F,futures,short,12.240969393427493,0.41776330383865856
2026-04-10,SA,futures,short,27.228174167844386,0.2617801047120394
2026-04-13,300750,stock,long,15.963506897106653,0.8738795956277468
2026-04-13,600438,stock,long,-14.573084710750987,0.2845759817871496
2026-04-13,601012,stock,long,-13.567698668831259,-0.7352941176470562
2026-04-13,FG,futures,short,62.59450658566581,-0.6269592476489061
2026-04-13,GC=F,futures,short,10.637134846092584,-1.7347022906939902
2026-04-13,SA,futures,short,34.776612470262535,-6.73665791776028
2026-04-14,300750,stock,long,12.220431996517474,0.049706259674953124
2026-04-14,600438,stock,long,-9.625537226353138,-1.589103291713967
2026-04-14,601012,stock,long,-12.9785634272859,-0.9686609686609837
2026-04-14,FG,futures,short,51.54147366802847,-0.8307372793354029
2026-04-14,GC=F,futures,short,4.817565854741699,0.5463804759989532
2026-04-14,SA,futures,short,5.490401901592503,-0.4918032786885185
2026-04-15,300750,stock,long,14.12614633743232,5.436582665392309
2026-04-15,600438,stock,long,-9.179717165508304,1.4417531718569743
2026-04-15,601012,stock,long,-16.524813741181365,0.7479861910241858
2026-04-15,FG,futures,short,44.05014735411098,-9.371781668383106
2026-04-15,GC=F,futures,short,6.120245359871719,0.31719654737100145
2026-04-15,SA,futures,short,2.069621272214616,-1.2234910277324706
2026-04-16,300750,stock,long,24.426109566517557,-2.1944389595936142
2026-04-16,600438,stock,long,-5.819805119542488,0.11370096645821892
2026-04-16,601012,stock,long,-11.826080885966272,-0.3997715591090856
2026-04-16,FG,futures,short,-0.41135340526238096,-1.5065913370998052
2026-04-16,GC=F,futures,short,2.4067736755157663,-1.4828587206488386
2026-04-16,SA,futures,long,6.680112089567618,-0.241740531829171
2026-04-17,300750,stock,long,20.546451069091535,-2.6841511200021984
2026-04-17,600438,stock,long,-3.322293939583157,3.5775127768313375
2026-04-17,601012,stock,long,-12.485388855388344,1.2041284403669472
2026-04-17,FG,futures,long,3.5415577634663244,1.2059369202226389
2026-04-17,GC=F,futures,long,14.71533672301209,-1.0410749231919647
2026-04-17,SA,futures,long,4.969446503860248,0.7269789983844976
2026-04-20,300750,stock,long,9.80390023032546,3.5597088111043895
2026-04-20,600438,stock,long,-0.5905010358815501,0.0
2026-04-20,601012,stock,long,-16.00220515128218,-0.3399433427761944
2026-04-20,FG,futures,long,7.9338882045506445,-1.2832263978001857
2026-04-20,GC=F,futures,long,13.763066669244132,-2.261425435886688
2026-04-20,SA,futures,long,9.604329776005613,0.0
2026-04-21,300750,stock,long,21.154553586345756,-0.9888638991832344
2026-04-21,600438,stock,long,4.198535144335915,1.2609649122806932
2026-04-21,601012,stock,long,-14.617509397453288,-0.22740193291642674
2026-04-21,FG,futures,short,-0.2151879472615524,-1.021355617455888
2026-04-21,GC=F,futures,long,18.07246456878311,0.7076850083195918
2026-04-21,SA,futures,short,1.0405629459546017,-1.523656776263027
2026-04-22,300750,stock,long,21.735050043639554,0.5862769802367218
2026-04-22,600438,stock,long,11.605191786524198,-0.7579859231185759
2026-04-22,601012,stock,long,-18.264124185194234,-0.11396011396010985
2026-04-22,FG,futures,long,5.628968660227205,-0.3676470588235281
2026-04-22,GC=F,futures,long,20.15894947296926,-0.610140963601935
2026-04-22,SA,futures,long,6.374450171709506,-0.9478672985781977
2026-04-23,300750,stock,long,22.4276504293734,1.3714348408449872
2026-04-23,600438,stock,long,9.939027731456264,-2.6186579378068564
2026-04-23,601012,stock,long,-16.67844257568163,-0.798630918425558
2026-04-23,FG,futures,long,6.2242014078841725,-0.46125461254612476
2026-04-23,GC=F,futures,long,10.746213645029904,0.35774560422840995
2026-04-23,SA,futures,long,2.9861212001732804,-0.5582137161084577
2026-04-24,300750,stock,long,22.713648863769574,-2.259311203207226
2026-04-24,600438,stock,long,12.66905771693518,-1.2885154061624715
2026-04-24,601012,stock,long,-12.477783482697022,-1.4376078205865395
2026-04-24,FG,futures,long,9.481541771949615,-0.5560704355885071
2026-04-24,GC=F,futures,long,25.531054299446446,-0.9955853952519855
2026-04-24,SA,futures,long,5.624470278328928,0.9623095429029727
2026-04-27,300750,stock,long,12.38935235930281,-1.663290870586287
2026-04-27,600438,stock,long,7.940601246006949,-2.2133938706015877
2026-04-27,601012,stock,long,-18.01406208498102,-1.1085180863477317
2026-04-27,FG,futures,long,7.3281423910096315,-2.889095992544266
2026-04-27,GC=F,futures,long,14.817581188264827,-1.8173357781551047
2026-04-27,SA,futures,long,7.2871512518146355,-1.7474185861795055
2026-04-28,300750,stock,long,10.679094682143559,4.065517467884061
2026-04-28,600438,stock,long,6.32697935816902,0.5803830528148479
2026-04-28,601012,stock,long,-13.914602296794799,-2.359882005899694
2026-04-28,FG,futures,long,1.5346864551646673,-0.5758157389635365
2026-04-28,GC=F,futures,long,6.345955306708129,-1.0177046987588367
2026-04-28,SA,futures,long,7.409551248998753,0.08084074373484462
2026-04-29,300750,stock,long,22.87043729042937,-2.028863971433592
2026-04-29,600438,stock,long,9.872216416391435,0.2308136180034781
2026-04-29,601012,stock,long,-13.960832185316976,-0.5438066465256797
2026-04-29,FG,futures,long,4.460040243647186,2.0270270270270174
2026-04-29,GC=F,futures,short,5.4538652354145425,-1.4929320981311056
2026-04-29,SA,futures,long,15.076690927615571,0.08077544426494665
2026-04-30,300750,stock,long,17.04415739387387,5.522344787596811
2026-04-30,600438,stock,long,8.461706899736052,-0.05757052389178119
2026-04-30,601012,stock,long,-21.287262599249757,0.5467800729040073
2026-04-30,FG,futures,long,12.551402552807504,0.9460737937559083
2026-04-30,GC=F,futures,short,14.205860337119763,-0.32183994361183466
2026-04-30,SA,futures,long,17.887776063237958,2.259887005649719
2026-05-06,300750,stock,long,26.989570566325582,-1.8229473307777244
2026-05-06,600438,stock,long,13.993191305624542,0.748847926267282
2026-05-06,601012,stock,long,-12.5310765589447,0.0
2026-05-06,FG,futures,long,13.833883077075702,1.0309278350515427
2026-05-06,GC=F,futures,short,5.744699412961761,-0.35362244311012425
2026-05-06,SA,futures,long,22.42428673632945,-0.07892659826361781
2026-05-07,300750,stock,long,31.437640261989905,-3.251613591034075
2026-05-07,600438,stock,long,23.81224220874952,-1.5437392795883298
2026-05-07,601012,stock,long,-1.4211167238174112,-1.148036253776441
2026-05-07,FG,futures,long,21.72649227026409,-2.1335807050092748
2026-05-07,GC=F,futures,short,7.648582254988947,-0.420308080816989
2026-05-07,SA,futures,long,26.942160682852684,-3.001579778830965
2026-05-08,300750,stock,long,25.543288441538316,2.0913778300175823
2026-05-08,600438,stock,long,20.012667408499148,0.0
2026-05-08,601012,stock,long,-5.850723515187221,1.5281173594132058
2026-05-08,FG,futures,long,18.53906814632349,1.4218009478673022
2026-05-08,GC=F,futures,short,3.7568700149242726,0.04227703970718366
2026-05-08,SA,futures,long,19.29062363110287,-0.08143322475570036
2026-05-11,300750,stock,long,25.996900276891576,-3.3415184795416386
2026-05-11,600438,stock,long,11.480692224879153,-1.3356562137049943
2026-05-11,601012,stock,long,-14.946737131545502,0.541842263696557
2026-05-11,FG,futures,long,19.487216680608395,-1.3084112149532756
2026-05-11,GC=F,futures,short,2.37467532033604,0.8881933357000271
2026-05-11,SA,futures,long,18.134341647400657,-0.4889975550122272
2026-05-12,300750,stock,long,20.222672615288698,0.6513930505667176
2026-05-12,600438,stock,long,13.84645584225282,1.2948793407887127
2026-05-12,601012,stock,long,-4.621738977388056,0.47904191616767733
2026-05-12,FG,futures,long,18.367441774505274,0.9469696969697017
2026-05-12,GC=F,futures,short,12.58963043784262,-0.42673947909028787
2026-05-12,SA,futures,long,20.0383279018655,0.08190008190007703
2026-05-13,300750,stock,long,11.838254778526725,-1.6295001941532217
2026-05-13,600438,stock,long,13.05843382984256,-1.568855316676343
2026-05-13,601012,stock,long,-7.5869858340663985,-2.8605482717520836
2026-05-13,FG,futures,long,21.867607087071317,-1.407129455909939
2026-05-13,GC=F,futures,short,8.815485392795747,0.4546792813851397
2026-05-13,SA,futures,long,17.947923123971417,-1.1456628477905073
2026-05-14,300750,stock,long,4.1780807678524265,-0.7988759345673668
2026-05-14,600438,stock,long,-11.603976870066466,-4.073199527744986
2026-05-14,601012,stock,long,-36.25902851859686,-4.294478527607371
2026-05-14,FG,futures,long,20.061500936710416,-1.3320647002854402
2026-05-14,GC=F,futures,short,9.333719784396887,2.633767474608395
2026-05-14,SA,futures,long,15.396770224983868,-1.490066225165565
2026-05-15,300750,stock,long,1.1956054929168043,-1.5087707663229089
2026-05-15,600438,stock,long,-22.749756470703705,-1.1076923076923095
2026-05-15,601012,stock,long,-41.11190089450557,-2.9487179487179382
2026-05-15,FG,futures,long,15.901179758273376,0.0964320154291265
2026-05-15,GC=F,futures,short,24.09419654976632,0.0854885558042695
2026-05-15,SA,futures,short,9.771038526995637,-0.6722689075630228
2026-05-18,300750,stock,long,-1.5696690364832753,0.1659339919389824
2026-05-18,600438,stock,long,-21.526248429296025,0.24891101431236962
2026-05-18,601012,stock,long,-45.09272729718425,0.6605019815059343
2026-05-18,FG,futures,long,14.447973957527356,-1.6377649325626242
2026-05-18,GC=F,futures,short,20.72396492158788,1.0267618404453671
2026-05-18,SA,futures,short,8.979874470343779,0.4173622704507496
2026-05-19,300750,stock,long,-12.228205427940225,-0.761071550329151
2026-05-19,600438,stock,long,-25.739822197575002,0.24829298572315306
2026-05-19,601012,stock,long,-45.513117312518126,0.7217847769028785
2026-05-19,FG,futures,short,13.47955323390211,0.7835455435847183
2026-05-19,GC=F,futures,short,17.01722685445646,-0.5342172444495308
2026-05-19,SA,futures,short,16.313027596196463,1.257334450963954
2026-05-20,300750,stock,long,-9.519537216529738,-0.7548119260284314
2026-05-20,600438,stock,long,-25.293173096724452,-3.4674922600619107
2026-05-20,601012,stock,long,-40.897113162538965,-3.6482084690553807
2026-05-20,FG,futures,short,22.583999340885754,-1.4807502467917066
2026-05-20,GC=F,futures,short,17.778792845293708,-0.1587589712384263
2026-05-20,SA,futures,short,20.24179304122934,-0.339558573853993
2026-05-21,300750,stock,long,-5.780142799330861,-0.11457043400255884
2026-05-21,600438,stock,long,-51.29854388430687,3.271327774214261
2026-05-21,601012,stock,long,-54.031918499967794,1.690331304935766
2026-05-21,FG,futures,short,21.276093423677782,0.7782101167315147
2026-05-21,GC=F,futures,short,14.767017285606547,0.42487186984039305
2026-05-21,SA,futures,short,22.116953385627827,0.08460236886632666
2026-05-22,300750,stock,long,-14.335983760968391,-2.0207049038700853
2026-05-22,600438,stock,long,-34.72724039747091,-3.105590062111807
2026-05-22,601012,stock,long,-45.00771372155605,-1.2632978723404187
2026-05-22,FG,futures,short,19.627936031623115,-2.35294117647058
2026-05-22,GC=F,futures,short,17.920298550784647,0.46207087288905324
2026-05-22,SA,futures,short,22.491747428507125,-3.1329381879762863
2026-05-25,300750,stock,long,-16.421240447647513,-0.09465026726246384
2026-05-25,600438,stock,long,-46.49636759321807,-1.9230769230769162
2026-05-25,601012,stock,long,-48.09294341965861,-1.683501683501687
2026-05-25,FG,futures,short,13.670840293117575,2.011494252873558
2026-05-25,SA,futures,short,13.67326624187309,1.6420361247947435
2026-05-26,300750,stock,long,-17.990827526927436,3.0665822317737845
2026-05-26,600438,stock,long,-49.31312978215667,0.19607843137254832
2026-05-26,601012,stock,long,-52.645074993310686,-1.6438356164383605
2026-05-26,FG,futures,short,18.66185973606262,-1.3685239491691092
2026-05-26,GC=F,futures,short,15.959857851011002,1.197163775891441
2026-05-26,SA,futures,short,15.900974617008865,-0.33388981636059967
2026-05-27,300750,stock,long,-13.667052041327073,0.21286992196380972
2026-05-27,600438,stock,long,-42.24390670389626,-1.304631441617743
2026-05-27,601012,stock,long,-54.87197386910878,-0.0696378830083555
2026-05-27,FG,futures,short,12.176934608887256,-0.0964320154291265
2026-05-27,GC=F,futures,short,13.87589090255732,-1.14422946365349
2026-05-27,SA,futures,short,12.638220738647533,-0.16638935108153063
2026-05-28,300750,stock,long,-8.611515991400317,2.0083132582468854
2026-05-28,600438,stock,long,-42.28329981690097,-2.379378717779257
2026-05-28,601012,stock,long,-50.68559358962365,-3.205574912891984
2026-05-28,FG,futures,short,10.062107904378196,-1.8304431599229343
2026-05-28,GC=F,futures,short,4.956133675600545,-2.082550605204836
2026-05-28,SA,futures,short,15.784849081295903,-0.9136212624584639
2026-05-29,300750,stock,long,-0.7295971930150049,-0.9228628625786328
2026-05-29,600438,stock,long,-42.569399485623926,-1.6249153689911977
2026-05-29,601012,stock,long,-54.33678718127661,-1.5118790496760348
2026-05-29,FG,futures,long,5.609571390044191,-0.09460737937558861
2026-05-29,GC=F,futures,short,2.4833930845973105,1.887659379762685
2026-05-29,SA,futures,short,6.112998086081183,-0.49382716049382047
2026-06-01,300750,stock,long,-12.371064275659236,3.293543317617953
2026-06-01,600438,stock,long,-49.33392744334957,-2.890571231933925
2026-06-01,601012,stock,long,-52.696165621208195,-1.4619883040935644
2026-06-01,FG,futures,long,7.302970624674934,-1.2310606060606077
2026-06-01,GC=F,futures,short,10.587180932619855,-0.30180188282420417
2026-06-01,SA,futures,short,4.540348129855758,1.2285012285012331
2026-06-02,300750,stock,long,-0.021177420765139975,-1.7272155528014754
2026-06-02,600438,stock,long,-57.07806909883637,-0.9213323883770275
2026-06-02,601012,stock,long,-55.2497921289124,-0.4451038575667643
2026-06-02,FG,futures,short,4.093135323804626,-0.5752636625119933
2026-06-02,GC=F,futures,short,0.6083861473117618,1.1725923393240967
2026-06-02,SA,futures,short,9.270813634796411,0.497512437810943
2026-06-03,300750,stock,long,-19.438511374259846,-4.286877261668909
2026-06-03,600438,stock,long,-59.97124828455487,-0.6437768240343367
2026-06-03,601012,stock,long,-59.09587618592486,-0.5961251862891204
2026-06-03,FG,futures,short,5.4620243704127045,1.7159199237368972
2026-06-03,GC=F,futures,short,8.403253741749936,-0.8529427228995967
2026-06-03,SA,futures,short,21.285727352903265,1.5000000000000013
2026-06-04,300750,stock,long,-23.810848511621526,-1.278275704403653
2026-06-04,600438,stock,long,-65.69308403677384,-2.087832973362136
2026-06-04,601012,stock,long,-61.28414252838145,-1.5742128935532174
2026-06-04,FG,futures,short,15.126928967200838,2.0368574199805978
2026-06-04,GC=F,futures,short,18.49568960572527,3.101003225582688
2026-06-04,SA,futures,short,26.39350272952219,1.6920473773265665
2026-06-05,300750,stock,long,-19.906653269681257,-2.4850721368134376
2026-06-05,600438,stock,long,-66.84121103349018,-5.220588235294111
2026-06-05,601012,stock,long,-62.38130389635164,-5.255140898705268
2026-06-05,FG,futures,short,14.855337451526019,0.5940594059405946
2026-06-05,GC=F,futures,short,29.797216844385467,0.043522837577159024
2026-06-05,SA,futures,short,23.37798944972781,0.43029259896729677
2026-06-08,300750,stock,long,-32.29465592931326,1.6546736871134726
2026-06-08,600438,stock,long,-73.50069391422336,2.172226532195487
2026-06-08,601012,stock,long,-76.56372305310717,4.019292604501601
2026-06-08,FG,futures,short,22.88675374841198,0.8964143426294813
2026-06-08,GC=F,futures,short,31.937768554782334,1.7646789596030499
2026-06-08,SA,futures,short,24.8984764977078,0.4321521175453813
2026-06-09,300750,stock,long,-19.712118433057388,-2.7631387246356387
2026-06-09,600438,stock,long,-59.474999902517155,6.07441154138193
2026-06-09,601012,stock,long,-57.07811465138777,8.809891808346215
2026-06-09,FG,futures,short,21.56875170662494,0.6030150753768893
2026-06-09,GC=F,futures,short,37.861050038079966,3.5717642110932535
2026-06-09,SA,futures,short,24.66161791783965,-0.0
2026-06-10,300750,stock,long,-28.027957727294105,-1.6274948462663197
2026-06-10,600438,stock,long,-38.562705505774275,1.646385110952031
2026-06-10,601012,stock,long,-26.536945479539074,-3.125
2026-06-10,FG,futures,short,28.006057449109345,-0.2022244691607611
2026-06-10,GC=F,futures,short,42.56577976051861,0.46693454623379926
2026-06-10,SA,futures,short,25.04363124974322,-0.5208333333333259
2026-06-11,300750,stock,long,-28.023605197466743,3.3219712288404812
2026-06-11,600438,stock,long,-31.64606808058973,-3.5211267605633756
2026-06-11,601012,stock,long,-26.877913116594065,-1.319648093841641
2026-06-11,FG,futures,short,22.155822766282558,0.4036326942482349
2026-06-11,GC=F,futures,short,46.29937630959127,-3.033539248602324
2026-06-11,SA,futures,short,17.882432017929144,0.6908462867012077
2026-06-12,300750,stock,long,-15.767207643005333,0.826030377584841
2026-06-12,600438,stock,long,-30.98908107736003,-0.9489051094890399
2026-06-12,601012,stock,long,-22.884393644650135,-0.5943536404160454
2026-06-12,FG,futures,short,18.894060467047733,-2.735562310030404
2026-06-12,GC=F,futures,short,29.489018633646285,-2.6611375428490236
2026-06-12,SA,futures,short,14.831978155176802,-1.5652173913043521
2026-06-15,300750,stock,long,-10.227244090977782,1.368799439372026
2026-06-15,600438,stock,long,-30.695890391315363,-0.44215180545320587
2026-06-15,601012,stock,long,-19.293692119789753,-0.5979073243647215
2026-06-15,FG,futures,short,7.499752427821896,0.9861932938856066
2026-06-15,GC=F,futures,short,12.962667359703921,-0.06433965954288912
2026-06-15,SA,futures,short,10.333931863324512,0.42808219178082085
2026-06-16,300750,stock,long,-7.258635001213814,-1.1265069828512275
2026-06-16,600438,stock,long,-32.12979567826637,-2.4426350851221357
2026-06-16,601012,stock,long,-21.50830426335497,-1.7293233082706805
2026-06-16,FG,futures,short,5.331374121392652,0.7968127490039834
2026-06-16,GC=F,futures,short,12.517786466261182,-0.6200624794582499
2026-06-16,SA,futures,short,10.378661784932051,1.1177987962166847
2026-06-17,300750,stock,long,-8.091878838156315,-1.8737518800396313
2026-06-17,600438,stock,long,-37.112268728988525,-2.5037936267071292
2026-06-17,601012,stock,long,-25.71558308602459,-1.7597551644988552
2026-06-17,FG,futures,short,5.37738449262125,1.8072289156626509
2026-06-17,GC=F,futures,short,7.714385889970517,3.092618866575425
2026-06-17,SA,futures,short,9.83670573298698,2.0000000000000018
2026-06-18,300750,stock,long,-10.565308875910164,4.467535396823763
2026-06-18,600438,stock,long,-35.819416426151,1.1673151750972721
2026-06-18,601012,stock,long,-23.04965647292436,3.0373831775700966
2026-06-18,FG,futures,short,17.107861547350154,0.10224948875255935
2026-06-18,GC=F,futures,short,17.17184486275454,1.0174452536529044
2026-06-18,SA,futures,short,18.835118115029545,-0.08873114463177068
2026-06-22,300750,stock,long,0.02863625697327227,-4.040944310046168
2026-06-22,600438,stock,long,-42.149957176529455,-4.9230769230769305
2026-06-22,601012,stock,long,-20.210026370283927,-4.686318972033265
2026-06-22,FG,futures,short,14.753934533382516,1.0235414534288667
2026-06-22,GC=F,futures,short,20.362660120168773,1.2682392388635888
2026-06-22,SA,futures,short,18.102913419846622,-0.35460992907800915
2026-06-23,300750,stock,long,-3.961720258412368,0.7286989782873343
2026-06-23,600438,stock,long,-43.855110587409335,-0.9708737864077555
2026-06-23,601012,stock,long,-24.84654950587254,-1.2688342585249868
2026-06-23,FG,futures,short,29.54859811817076,-0.6204756980351611
2026-06-23,GC=F,futures,short,22.534937270334524,3.388438251907422
2026-06-23,SA,futures,short,37.82973968067019,1.2367491166077715
2026-06-24,300750,stock,long,-2.3298027474690985,1.6600754395138528
2026-06-24,600438,stock,long,-42.111405091716044,0.08169934640522847
2026-06-24,601012,stock,long,-24.216725930993533,1.2851405622489986
2026-06-24,FG,futures,short,19.843815824917765,-0.20554984583760483
2026-06-24,GC=F,futures,short,28.67325343231241,-0.9678718907286887
2026-06-24,SA,futures,short,36.65296588108285,0.6261180679785316
2026-06-25,300750,stock,long,-5.2497906663546585,-5.218502963810046
2026-06-25,600438,stock,long,-42.38221229138377,-2.3673469387755053
2026-06-25,601012,stock,long,-19.327110615145344,0.4758128469468659
2026-06-25,FG,futures,short,25.725905681242164,0.7179487179487132
2026-06-25,GC=F,futures,short,22.8705831655042,-1.2031748655073171
2026-06-25,SA,futures,short,42.359612414701225,1.3501350135013523
2026-06-26,300750,stock,long,-14.78044532564244,2.9926395818734575
2026-06-26,600438,stock,long,-44.18631125934753,0.5852842809364489
2026-06-26,601012,stock,long,-18.409169592186846,1.104972375690605
2026-06-26,FG,futures,short,29.212764459793974,-1.0330578512396604
2026-06-26,GC=F,futures,short,22.692340528035547,1.4012622386199824
2026-06-26,SA,futures,short,49.84632648843902,-0.6386861313868675
2026-06-29,300750,stock,long,-12.711827756039147,0.16625826815155342
2026-06-29,600438,stock,long,-38.27773575646096,0.6650041562759723
2026-06-29,601012,stock,long,-11.670215771216391,2.4199843871974824
2026-06-29,FG,futures,short,34.57230673860146,0.30674846625766694
2026-06-29,GC=F,futures,short,32.86523411007897,0.009901268994505497
2026-06-29,SA,futures,short,52.42164709767418,1.5412511332728918
2026-06-30,300750,stock,long,-10.748638809973945,-2.3416273416273503
2026-06-30,600438,stock,long,-33.573957519657505,3.5507844756399676
2026-06-30,601012,stock,long,-5.210490137724491,0.5335365853658569
2026-06-30,FG,futures,short,35.59340763869245,1.4358974358974375
2026-06-30,GC=F,futures,short,28.206506710579553,-1.087034848180024
2026-06-30,SA,futures,short,63.616831986079255,-0.2762430939226457
2026-07-01,300750,stock,long,-21.71611751349447,-0.38960563542326243
2026-07-01,600438,stock,long,-20.183939595600652,-3.5885167464114742
2026-07-01,601012,stock,long,-2.029886335311513,-3.1084154662623265
2026-07-01,FG,futures,short,36.22288222383721,-0.520291363163361
2026-07-01,GC=F,futures,short,25.754706152695796,-1.0606577994451527
2026-07-01,SA,futures,short,55.020016107538105,-1.2855831037649201
2026-07-02,300750,stock,long,-19.306505841589395,-0.6168820941440778
2026-07-02,600438,stock,long,-24.32147308970573,-2.3986765922249687
2026-07-02,601012,stock,long,-6.156657093819897,-1.7996870109546093
2026-07-02,FG,futures,short,36.551639109559694,-0.7246376811594235
2026-07-02,GC=F,futures,short,19.650896911360636,-1.0131566209050202
2026-07-02,SA,futures,short,41.524185892002336,-0.0
2026-07-03,300750,stock,long,-13.144828957235543,-1.4500868995610094
2026-07-03,600438,stock,long,-27.184202640028555,-1.3559322033898313
2026-07-03,601012,stock,long,-7.99443395977073,-1.5936254980079778
2026-07-03,FG,futures,short,25.96425738338401,0.6166495375128478
2026-07-03,SA,futures,short,35.076049643032746,0.1813236627379866
2026-07-06,300750,stock,long,-13.468248528074788,-0.5413982010570639
2026-07-06,600438,stock,long,-26.01818216982593,-1.6323024054982982
2026-07-06,601012,stock,long,-8.02361528068132,-1.1336032388663875
2026-07-06,FG,futures,short,20.92693248870903,1.5511892450879028
2026-07-06,GC=F,futures,short,19.178428789926027,0.24235387297540933
2026-07-06,SA,futures,short,28.88663775006361,2.815622161671205
2026-07-07,300750,stock,long,-9.785650528240563,-3.0963006079420485
2026-07-07,600438,stock,long,-21.113978259665505,-2.882096069869
2026-07-07,601012,stock,long,-1.718515442053261,-3.8493038493038534
2026-07-07,FG,futures,short,24.65328674937436,-1.0504201680672232
2026-07-07,GC=F,futures,short,12.495176822757807,1.8040121653372432
2026-07-07,SA,futures,short,35.562196328421095,-0.9345794392523255
2026-07-08,300750,stock,long,-19.178794017038488,4.032280490992712
2026-07-08,600438,stock,long,-31.07554749456506,-0.2697841726618688
2026-07-08,601012,stock,long,-15.074379573068159,0.7666098807495692
2026-07-08,FG,futures,short,15.03960514522144,0.519750519750517
2026-07-08,GC=F,futures,short,17.016766634900897,-1.430528702252376
2026-07-08,SA,futures,short,28.216170896579015,0.18518518518518823
2026-07-09,300750,stock,long,-5.25956833188293,-7.147859651749011
2026-07-09,600438,stock,long,-54.924461623546264,2.4346257889990897
2026-07-09,601012,stock,long,-41.77694936185569,2.3668639053254337
2026-07-09,FG,futures,short,14.677306582922599,-0.8359456635318674
2026-07-09,GC=F,futures,short,8.380921864975512,0.6544535030242882
2026-07-09,SA,futures,short,29.094080694647474,-0.5565862708719838
2026-07-10,300750,stock,long,-13.597926489597452,2.9652404723656822
2026-07-10,600438,stock,long,-51.434509872722025,-5.98591549295775
2026-07-10,601012,stock,long,-27.600470292034835,-3.9636663914120462
2026-07-10,FG,futures,short,11.53275325094035,1.3471502590673534
2026-07-10,GC=F,futures,short,0.6052319457145505,2.625379561293495
2026-07-10,SA,futures,short,28.89676914019084,1.9372693726937285
2026-07-13,300750,stock,long,-14.28743715063364,1.3840037130443017
2026-07-13,600438,stock,long,-52.07785808081591,0.0
2026-07-13,601012,stock,long,-31.96594682620205,0.8598452278589797
2026-07-13,FG,futures,short,15.364801666308201,0.10504201680672232
2026-07-13,GC=F,futures,short,6.623051168646183,-1.5977232638524574
2026-07-13,SA,futures,short,32.85246875730555,-0.09407337723423836
2026-07-14,300750,stock,long,-13.299353960500769,2.4792613511009254
2026-07-14,600438,stock,long,-49.71194738605039,1.1235955056179803
2026-07-14,601012,stock,long,-28.312906529522394,2.3017902813299296
2026-07-14,FG,futures,short,34.93304652740611,0.2103049421661396
2026-07-14,GC=F,futures,short,11.3336840151492,0.43983346582088245
2026-07-14,SA,futures,short,42.18970697422302,1.2218045112781906
2026-07-15,300750,stock,long,-11.307480621377678,-1.8299344991092537
2026-07-15,600438,stock,long,-45.37926812835012,-0.7407407407407418
2026-07-15,601012,stock,long,-20.931772253931097,-1.1666666666666714
2026-07-15,FG,futures,short,31.119158120700437,2.1074815595363505
2026-07-15,GC=F,futures,short,22.46415120786699,1.4734179982336837
2026-07-15,SA,futures,short,45.28559821567827,1.6175071360608917
2026-07-16,300750,stock,long,-12.395411844005746,-1.699570721330701
2026-07-16,600438,stock,long,-42.186095881808804,-2.23880597014926
2026-07-16,601012,stock,long,-19.8287065796278,-0.9274873524451888
2026-07-16,FG,futures,short,35.144049820615955,3.1216361679224924
2026-07-16,GC=F,futures,short,27.173184912349964,-0.6688196818398939
2026-07-16,SA,futures,short,46.694968006637964,2.6112185686653744
2026-07-17,300750,stock,long,-12.13031083004098,4.581732190363574
2026-07-17,600438,stock,long,-41.77034958336745,1.1450381679389166
2026-07-17,601012,stock,long,-18.165645402036034,2.127659574468077
2026-07-17,FG,futures,short,36.682159835724015,1.1111111111111072
2026-07-17,GC=F,futures,short,26.985569893585375,0.07216448813422982
2026-07-17,SA,futures,short,47.3295593908289,0.09930486593843213
2026-07-20,300750,stock,long,-11.908882094153858,1.5385517881331578
2026-07-20,600438,stock,long,-41.83630376110885,1.132075471698113
2026-07-20,601012,stock,long,-20.722148448124333,-0.5833333333333357
2026-07-20,FG,futures,short,40.907931388849846,-1.573033707865168
2026-07-20,GC=F,futures,short,18.875531794667907,-1.5065116529595635
2026-07-20,SA,futures,short,48.3249862296314,-0.29821073558649047
2026-07-21,300750,stock,long,-3.0037990740739176,-2.6103078272469937
2026-07-21,600438,stock,long,-30.95225658118233,3.4514925373134275
2026-07-21,601012,stock,long,-12.873230637311424,5.364626990779553
2026-07-21,FG,futures,short,27.419969021134357,-0.9955752212389424
2026-07-21,GC=F,futures,short,9.717349394593269,-1.8521244678813442
2026-07-21,SA,futures,short,48.66116930733243,-0.3964321110009994
2026-07-22,300750,stock,long,-8.441092364042177,3.7022256497095896
2026-07-22,600438,stock,long,-19.36861010306896,4.598737601442737
2026-07-22,601012,stock,long,3.1579353312753984,1.829753381066035
2026-07-22,FG,futures,short,25.468564056778984,1.533406352683464
2026-07-22,GC=F,futures,long,0.9195814352075627,-2.4494798420950703
2026-07-22,SA,futures,short,41.37597886672055,0.5923000987166804
2026-07-23,300750,stock,long,-4.926598260804447,-0.7748551696880823
2026-07-23,600438,stock,long,-9.000508950917407,-3.9655172413793016
2026-07-23,601012,stock,long,4.286455076094091,-2.968750000000009
2026-07-23,FG,futures,short,31.993430550384165,-1.001112347052291
2026-07-23,GC=F,futures,long,4.333693441603147,0.5086192757048913
2026-07-23,SA,futures,short,41.238475809901985,0.2979145978152964
2026-07-24,300750,stock,long,2.3022937051210612,4.452212741871242
2026-07-24,600438,stock,long,-11.619235399860788,0.2692998204667729
2026-07-24,601012,stock,long,-2.8865593196392814,1.7713365539452575
2026-07-24,FG,futures,short,24.377846168112907,0.8810572687224627
2026-07-24,GC=F,futures,long,2.719214188170919,0.15230301408835079
2026-07-24,SA,futures,short,37.307369084872214,0.8964143426294813
2026-07-27,300750,stock,long,4.653508963133378,-2.2930370950180357
2026-07-27,600438,stock,long,-12.215846340547285,0.1790510295434089
2026-07-27,601012,stock,long,-1.5178325877688168,0.31645569620253333
2026-07-27,FG,futures,short,32.75658864944047,1.3333333333333308
2026-07-27,GC=F,futures,short,1.0809512150254255,0.9394174350778717
2026-07-27,SA,futures,short,44.88602124752283,2.311557788944718
2026-07-28,300750,stock,long,0.56202280544756,1.535467239086108
2026-07-28,600438,stock,long,-13.138016665042585,3.1277926720285842
2026-07-28,601012,stock,long,-5.918178771685842,1.0252365930599527
2026-07-28,FG,futures,short,36.39550369860274,0.45045045045044585
2026-07-28,GC=F,futures,short,-0.6221960561015802,0.059422645226558934
2026-07-28,SA,futures,short,46.28241979899886,1.2345679012345734
2026-07-29,300750,stock,long,6.974607381485301,1.274536084038469
2026-07-29,600438,stock,long,-14.069424235575369,1.299826689774708
2026-07-29,601012,stock,long,-4.879609173164153,1.6393442622950838
2026-07-29,FG,futures,short,33.03962892263109,1.5837104072398245
2026-07-29,GC=F,futures,short,-0.4377391748549476,-1.5806567414790695
2026-07-29,SA,futures,short,53.00062854788624,1.6666666666666718
2026-07-30,300750,stock,long,9.706671528413228,-1.643036571297296
2026-07-30,600438,stock,long,-5.180637488419,-0.08554319931565191
2026-07-30,601012,stock,long,5.080445868891182,-0.23041474654377225
2026-07-30,FG,futures,short,41.32269211047491,-0.5747126436781658
2026-07-30,GC=F,futures,long,2.23403851742558,0.1682861925174528
2026-07-30,SA,futures,short,69.67496255926322,0.9533898305084776
2026-07-31,300750,stock,long,7.94915442205125,-0.22848554701979662
2026-07-31,600438,stock,long,-0.7719885368515502,10.017123287671236
2026-07-31,601012,stock,long,8.577956419261776,2.2324865280985318
2026-07-31,FG,futures,short,42.176093465869954,0.8000000000000007
2026-07-31,GC=F,futures,short,1.0439182572815369,0.40175310445580426
2026-07-31,SA,futures,short,74.97462440506902,1.7112299465240621
2026-08-03,300750,stock,long,10.024675681858863,0.17811795479873993
2026-08-03,600438,stock,long,16.24545876506495,-0.07782101167315147
2026-08-03,601012,stock,long,16.864540158649735,-1.5813253012048167
2026-08-03,FG,futures,short,42.86768029195452,-1.9585253456221308
2026-08-03,GC=F,futures,short,6.390336501925176,-1.518154202573041
2026-08-03,SA,futures,short,81.49277046746262,-0.32644178454841466
2026-08-04,300750,stock,long,11.234187997363916,2.5654181631606043
2026-08-04,600438,stock,long,18.740613068464373,-0.3894080996884819
2026-08-04,601012,stock,long,15.773075700009674,-0.7651109410864554
2026-08-04,FG,futures,short,26.703641851812833,-0.0
2026-08-04,GC=F,futures,short,-0.23438416810692952,-3.674808410816599
2026-08-04,SA,futures,short,71.52375826226044,-1.626898047722336
2026-08-05,300750,stock,long,21.106788773150672,-4.259555520334423
2026-08-05,600438,stock,long,23.107297150879507,-3.7529319781078874
2026-08-05,601012,stock,long,24.528522346945447,-1.7733230531996935
2026-08-05,FG,futures,short,31.55052857675814,-0.6779661016949046
2026-08-05,GC=F,futures,long,18.0970669843917,-0.13007752025904207
2026-08-05,SA,futures,short,63.91111066416456,-0.0
2026-08-06,300750,stock,long,6.882807608528102,0.01810666376960146
2026-08-06,600438,stock,long,16.98007055542672,6.255077173030044
2026-08-06,601012,stock,long,18.040004472303906,1.491365777080067
2026-08-06,FG,futures,short,26.47073446461826,0.6734006734006703
2026-08-06,GC=F,futures,long,13.193902576009265,2.3281257647848497
2026-08-06,SA,futures,short,62.76206183219545,-0.2134471718249653
2026-08-07,300750,stock,long,22.77134239810153,1.8625797842076297
2026-08-07,600438,stock,long,21.28107140147337,-2.828746177370023
2026-08-07,601012,stock,long,16.281591674568322,0.07733952049497894
2026-08-07,FG,futures,short,32.91806599541452,-0.4519774011299438
2026-08-07,GC=F,futures,long,22.228302883347553,0.45457642821453703
2026-08-07,SA,futures,short,65.37844977611773,-2.8753993610223683
2026-08-10,300750,stock,long,20.927140448746997,-0.881001345621657
2026-08-10,600438,stock,long,27.56864320335848,1.0228166797797034
2026-08-10,601012,stock,long,29.08534624169826,-1.1591962905718733
2026-08-10,FG,futures,short,26.03414720665616,-1.3498312710911176
2026-08-10,GC=F,futures,long,35.83071204984483,0.48419352892865586
2026-08-10,SA,futures,short,35.825538199486914,-3.105590062111796
2026-08-11,300750,stock,long,16.229513190621713,0.9042008196721296
2026-08-11,600438,stock,long,29.152519844772307,5.0623052959501535
2026-08-11,601012,stock,long,23.32267819992133,2.7365129007036915
2026-08-11,FG,futures,short,19.542679008373955,2.5527192008878985
2026-08-11,GC=F,futures,long,32.41117968109167,0.5944451096178138
2026-08-11,SA,futures,short,20.795160669499513,0.9036144578313254
2026-08-12,300750,stock,long,13.26701872690098,0.6016297311705054
2026-08-12,600438,stock,long,33.792745980492946,-4.447739065974798
2026-08-12,601012,stock,long,24.14459082297877,-3.3485540334855513
2026-08-12,FG,futures,short,26.43542056573614,0.7972665148063829
2026-08-12,GC=F,futures,long,36.58121275911254,-1.0542831036653655
2026-08-12,SA,futures,short,19.863542094118518,1.2158054711246202
2026-08-13,300750,stock,long,18.728021622131532,-0.5980317940953883
2026-08-13,600438,stock,long,26.90427440811348,-0.6982156710628407
2026-08-13,601012,stock,long,17.24338389217422,-0.393700787401563
2026-08-13,FG,futures,short,22.72063428809935,0.4592422502870286
2026-08-13,GC=F,futures,long,38.94938854172825,0.38231614146018167
2026-08-13,SA,futures,short,18.738167712214448,-4.923076923076919
2026-08-14,300750,stock,long,21.430843096817846,1.5358058538319064
2026-08-14,600438,stock,long,29.444941652262756,0.8593749999999956
2026-08-14,601012,stock,long,18.631112445623035,1.4229249011857625
2026-08-14,FG,futures,short,14.856596552944719,-6.459054209919257
2026-08-14,GC=F,futures,long,37.87917966217638,0.8203275015708167
2026-08-14,SA,futures,long,5.209230637272457,0.782013685239491
2026-08-17,300750,stock,long,16.186082735382314,-0.9300465023251214
2026-08-17,600438,stock,long,29.048436073392395,-1.0069713400464808
2026-08-17,601012,stock,long,17.154023717945567,0.0779423226812126
2026-08-17,FG,futures,long,10.502273536128811,-0.650054171180936
2026-08-17,GC=F,futures,long,41.39482614388701,-1.1869391183586209
2026-08-17,SA,futures,long,7.623361536469392,1.1639185257032114
2026-08-18,300750,stock,long,10.385401126097323,-1.8321304194215848
2026-08-18,600438,stock,long,25.88642576039436,-3.7558685446009266
2026-08-18,601012,stock,long,18.84665647726543,-3.0373831775700966
2026-08-18,FG,futures,long,4.680808773076665,-1.6357688113413316
2026-08-18,GC=F,futures,long,30.470415190804648,2.820877353220985
2026-08-18,SA,futures,long,9.932669668225207,-2.9721955896452545
2026-08-19,300750,stock,long,12.499639767899335,-1.0282776349614386
2026-08-19,600438,stock,long,15.607222607475533,0.1626016260162677
2026-08-19,601012,stock,long,-1.7345749514385451,-0.3212851405622441
2026-08-19,FG,futures,short,2.309909728975069,-1.6629711751662946
2026-08-19,GC=F,futures,long,32.380095669604344,0.5742216966487801
2026-08-19,SA,futures,short,-0.6671744769779911,-2.075098814229248
2026-08-20,300750,stock,long,1.1923341557838707,1.5974025974025974
2026-08-20,600438,stock,long,10.004128949766717,0.8928571428571397
2026-08-20,601012,stock,long,-7.814930734097398,0.08058017727639033
2026-08-20,FG,futures,long,6.0985747698062625,-1.0905125408942173
2026-08-20,GC=F,futures,long,48.92704256477981,2.388769253298384
2026-08-20,SA,futures,long,7.307144489773867,0.5808325266214887
2026-08-21,300750,stock,long,7.266508788818946,-0.8334398568324186
2026-08-21,600438,stock,long,17.411037914721128,-2.493966210780374
2026-08-21,601012,stock,long,0.7892531362174723,-2.1739130434782594
2026-08-21,FG,futures,short,-0.5963428610683094,-1.6538037486218293
2026-08-21,GC=F,futures,long,53.81695524375324,0.3674679885569132
2026-08-21,SA,futures,long,9.50270750147107,1.4436958614052031
2026-08-24,300750,stock,long,-7.337948299583007,-2.8771043337028512
2026-08-24,600438,stock,long,13.177596113349283,-0.9075907590759047
2026-08-24,601012,stock,long,-11.034048617860668,0.16460905349793276
2026-08-24,FG,futures,long,7.158958474301343,-0.9761388286334105
2026-08-24,GC=F,futures,long,54.796920654619136,-0.0702414922876704
2026-08-24,SA,futures,long,15.331815488671545,-0.8538899430740043
2026-08-25,300750,stock,long,-8.849507384654975,0.6025535529424308
2026-08-25,600438,stock,long,11.602346228566699,0.0
2026-08-25,601012,stock,long,-11.502991215072756,0.9038619556285932
2026-08-25,FG,futures,long,8.1383442740316,-1.642935377875132
2026-08-25,GC=F,futures,long,60.13086604359804,-0.8776269104803447
2026-08-25,SA,futures,long,19.705807370768213,-0.9569377990430672
2026-08-26,300750,stock,long,-11.814768542460495,-1.58311345646438
2026-08-26,600438,stock,long,7.324316239365231,-0.9159034138218058
2026-08-26,601012,stock,long,-11.898711455628062,-1.0586319218240936
2026-08-26,FG,futures,long,4.929578206794204,1.2249443207126953
2026-08-26,GC=F,futures,long,55.14656160563281,0.2299485475172114
2026-08-26,SA,futures,long,20.545098889819254,-2.3188405797101463
2026-08-27,300750,stock,long,-20.44390875698669,-1.2064343163538882
2026-08-27,600438,stock,long,4.1587295317944655,0.5042016806722671
2026-08-27,601012,stock,long,-20.607719278009295,2.304526748971192
2026-08-27,FG,futures,long,12.279711034529598,1.980198019801982
2026-08-27,GC=F,futures,long,50.443682928107776,-2.875216502063682
2026-08-27,SA,futures,long,18.441954600186055,3.5608308605341144
2026-08-28,300750,stock,long,-19.31163975503589,-1.3432835820895495
2026-08-28,600438,stock,long,5.000502984478219,-3.0936454849498363
2026-08-28,601012,stock,long,-11.982429344009532,-2.8962188254223586
2026-08-28,FG,futures,long,15.614807230976272,1.5102481121898492
2026-08-28,GC=F,futures,long,33.09930316295874,-1.0684541245317147
2026-08-28,SA,futures,long,28.528722483228343,1.3371537726838634
2026-08-31,300750,stock,long,-22.46972413989382,-1.4991060376839505
2026-08-31,600438,stock,long,-17.82281893260289,1.984469370146691
2026-08-31,601012,stock,long,-26.903353611747495,0.0
2026-08-31,FG,futures,long,21.49543747841443,2.9755579171094615
2026-08-31,GC=F,futures,long,30.342266901968767,-1.8989199521644573
2026-08-31,SA,futures,long,37.149760135466764,0.8482563619227168
2026-09-01,300750,stock,long,-27.28106904535751,-2.739458251884952
2026-09-01,600438,stock,long,-13.717584476087039,-3.891708967851104
2026-09-01,601012,stock,long,-22.53829518487631,-2.6512013256006606
2026-09-01,FG,futures,long,23.43569001346449,-0.8255933952528327
2026-09-01,GC=F,futures,long,18.500162294777795,0.4139795222631415
2026-09-01,SA,futures,long,38.50432153823345,-1.3084112149532756
2026-09-02,300750,stock,long,-45.354887796280146,0.3474116397255145
2026-09-02,600438,stock,long,-19.310512477392532,-0.7042253521126751
2026-09-02,601012,stock,long,-26.92681116303,-0.42553191489361764
2026-09-02,FG,futures,long,21.197768658853672,0.10405827263266776
2026-09-02,GC=F,futures,long,9.619790917217523,2.8383047595641253
2026-09-02,SA,futures,long,30.495874254511122,0.0
2026-09-03,300750,stock,long,-35.86267046814795,0.42918454935623185
2026-09-03,600438,stock,long,-14.489080259093864,0.9751773049645474
2026-09-03,601012,stock,long,-23.477565386836904,0.5982905982905962
2026-09-03,FG,futures,long,19.7863413006416,1.6632016632016633
2026-09-03,GC=F,futures,long,18.58501072560601,-1.3942995671517133
2026-09-03,SA,futures,long,30.495874254511122,3.5037878787878896
2026-09-04,300750,stock,long,-34.096935450815494,-0.7977207977208023
2026-09-04,600438,stock,long,-28.794538524884835,2.4582967515364373
2026-09-04,601012,stock,long,-26.645612465062772,0.9345794392523477
2026-09-04,FG,futures,long,25.491119170217736,-0.2044989775051076
2026-09-04,GC=F,futures,long,6.528967876792037,-0.8399253191263556
2026-09-04,SA,futures,long,36.850100546657536,-1.2808783165599302
2026-09-07,300750,stock,long,-47.531884811494095,-3.650201033888567
2026-09-07,600438,stock,long,-17.025464659420813,1.6281062553556103
2026-09-07,601012,stock,long,-23.791820635955656,0.0
2026-09-07,FG,futures,long,23.807974089226978,0.10245901639345245
2026-09-07,SA,futures,long,27.231532498199783,0.3707136237256714
2026-09-08,300750,stock,long,-51.510831990340556,0.4023964946794134
2026-09-08,600438,stock,long,-15.583006686823701,-1.2647554806070715
2026-09-08,601012,stock,long,-20.52772453710164,-0.42087542087542174
2026-09-08,FG,futures,long,20.85012572604755,-0.8188331627430934
2026-09-08,GC=F,futures,long,2.1630543522786474,0.4888532397499423
2026-09-08,SA,futures,long,21.638675943318553,-0.5540166204986097
2026-09-09,300750,stock,long,-54.220186534059145,0.3621897636860272
2026-09-09,600438,stock,long,-34.271148842964024,-1.7933390264731064
2026-09-09,601012,stock,long,-32.72827348699301,-1.098901098901106
2026-09-09,FG,futures,long,26.381066619925768,-0.515995872033026
2026-09-09,GC=F,futures,long,2.1784782460247083,-1.1971302326283961
2026-09-09,SA,futures,long,22.619705198817574,-0.18570102135562205
2026-09-10,300750,stock,long,-55.50099101532599,-2.2333313612968198
2026-09-10,600438,stock,long,-30.420398143120625,-3.913043478260858
2026-09-10,601012,stock,long,-28.049796039373092,-3.2478632478632363
2026-09-10,FG,futures,long,27.232210459482435,0.9336099585062207
2026-09-10,GC=F,futures,short,3.7477304886355287,-0.03630562310619201
2026-09-10,SA,futures,long,25.57837914509579,-0.9302325581395321
2026-09-11,300750,stock,long,-59.786745554477385,1.9969138603975756
2026-09-11,600438,stock,long,-36.27892800547342,1.9909502262443368
2026-09-11,601012,stock,long,-34.753502373620705,0.08833922261484162
2026-09-11,FG,futures,long,31.036844669797183,-4.727646454265155
2026-09-11,GC=F,futures,short,0.15794074272358608,1.2928395124075953
2026-09-11,SA,futures,long,12.562836948583602,-4.319248826291078
2026-09-14,300750,stock,long,-56.49658695814553,-6.15526089407018
2026-09-14,600438,stock,long,-32.36874791557147,-1.0647737355811815
2026-09-14,601012,stock,long,-40.622079214298715,-2.206531332744921
2026-09-14,FG,futures,long,2.0757074521290986,-1.9417475728155331
2026-09-14,GC=F,futures,short,5.651564781668026,0.4388910150705305
2026-09-14,SA,futures,short,2.0070976202337802,0.9813542688910659
2026-09-15,300750,stock,long,-57.85034547573238,-3.4391199898849423
2026-09-15,600438,stock,long,-32.50204365296918,0.5381165919282616
2026-09-15,601012,stock,long,-47.24555477465907,-0.7220216606498187
2026-09-15,FG,futures,short,1.5867528095495647,-0.11001100110010764
2026-09-15,GC=F,futures,short,9.870232726132828,-1.262467637053577
2026-09-15,SA,futures,short,7.455565948459243,-0.1982160555004997
2026-09-16,300750,stock,long,-60.01446924360836,-0.38627733403169273
2026-09-16,600438,stock,long,-23.321775658738407,-1.0704727921498791
2026-09-16,601012,stock,long,-42.454412222540554,-0.09090909090908594
2026-09-16,FG,futures,long,3.3606036298141744,-0.5494505494505475
2026-09-16,GC=F,futures,short,1.7498100134728094,-0.2780671296296333
2026-09-16,SA,futures,short,-0.6165751911221365,0.4945598417408492
2026-09-17,300750,stock,long,-58.15324370791147,-0.7722642129477597
2026-09-17,600438,stock,long,-26.560529223111477,2.3444544634806164
2026-09-17,601012,stock,long,-41.552071962085094,2.1838034576888044
2026-09-17,FG,futures,short,3.01959441085078,-0.22099447513812542
2026-09-17,GC=F,futures,short,11.228724868749957,-0.5727596407159252
2026-09-17,SA,futures,short,6.518971793823512,-0.09940357852882276
2026-09-18,300750,stock,long,-67.74143719704439,-1.6062261963901148
2026-09-18,600438,stock,long,-21.82293669509471,2.1145374449339283
2026-09-18,601012,stock,long,-31.496303061026435,1.1576135351736294
2026-09-18,FG,futures,long,0.8137273618886152,1.764057331863289
2026-09-18,GC=F,futures,short,11.234398780016688,0.9265746323048663
2026-09-18,SA,futures,short,7.8889981656565515,-1.0923535253227312
2026-09-21,300750,stock,long,-69.85975100009168,2.5345001682934853
2026-09-21,600438,stock,long,-10.168977100630585,1.1216566005176842
2026-09-21,601012,stock,long,-20.95801004033809,0.17605633802817433
2026-09-21,FG,futures,long,1.1346360050997442,0.9750812567713929
2026-09-21,GC=F,futures,short,25.77745630488537,0.17108054853146593
2026-09-21,SA,futures,short,8.944799255735232,0.09823182711198308
2026-09-22,300750,stock,long,-51.377752199465064,-1.1916094934838917
2026-09-22,600438,stock,long,-5.07776659557585,-1.1945392491467643
2026-09-22,601012,stock,long,-20.91840055274941,0.2636203866432263
2026-09-22,FG,futures,long,6.8795096089658685,-0.7510729613733891
2026-09-22,GC=F,futures,short,28.174249833007533,1.3252902224254792
2026-09-22,SA,futures,short,6.843963342198323,0.5899705014749235
2026-09-23,300750,stock,long,-56.870661810027755,-2.491694352159468
2026-09-23,600438,stock,long,-7.976951153926507,-3.9723661485319584
2026-09-23,601012,stock,long,-23.292739916945692,-3.242769500438225
2026-09-23,FG,futures,long,9.717587703347037,-1.1891891891891881
2026-09-23,GC=F,futures,short,32.821075152582985,0.4723949334261124
2026-09-23,SA,futures,short,5.829089694766893,0.6923837784371889
2026-09-24,300750,stock,long,-58.53387154776168,-0.5144804088585975
2026-09-24,600438,stock,long,-14.309533631266305,-0.5395683453237266
2026-09-24,601012,stock,long,-28.1271339267004,-2.083333333333326
2026-09-24,FG,futures,long,2.444283504983305,-2.297592997811815
2026-09-24,GC=F,futures,short,31.314955348056543,-0.5397904912168405
2026-09-24,SA,futures,short,1.2572340598168315,-0.9960159362549792
