date,MKT,SMB,HML,MOM,rf
2021-08-13,0.0038566049570531763,0.004936496179213862,0.0023123071481009794,-0.0014921742867396682,9.79913587377812e-05
2021-08-16,-0.012279809274885947,0.00768396328569624,0.0010956543947001182,-0.0035908941344966845,9.79913587377812e-05
2021-08-17,0.009205414349677487,-0.003884554946483451,0.0041346734238193565,-0.0008677453344741189,9.79913587377812e-05
2021-08-18,0.011486776596694568,0.0016098537125963557,0.002037813756993688,0.004746660565617123,9.79913587377812e-05
2021-08-19,-0.02321242226384604,-0.0035269576100398774,0.004970900749804546,-0.0011645237845339387,9.79913587377812e-05
2021-08-20,-0.015426154082347815,-0.0030424236506839484,0.003777694706587942,-0.0027803482167622325,9.79913587377812e-05
2021-08-23,0.0017340848380074246,0.0039724735193268565,0.006186801810947836,-0.0009929896178732308,9.79913587377812e-05
2021-08-24,-0.0035949111081229864,-9.269130921706256e-05,0.0015351843356250173,-0.0074311311070053105,9.79913587377812e-05
2021-08-25,-1.6138900514655263e-06,0.008798240209655058,0.0037210376059758185,0.0025821896137638812,9.79913587377812e-05
2021-08-26,-0.01003652713088296,-0.0023111623935146053,-0.0011285082923431415,-0.01052035956306946,9.79913587377812e-05
2021-08-27,0.010752775698353943,0.005096681662372446,-0.002305843246236024,-0.002464728726193092,9.79913587377812e-05
2021-08-30,0.00953350322514738,0.00058706706478891,0.006927070561675894,0.004756311252984459,9.79913587377812e-05
2021-08-31,0.0009923683707345925,0.004078890048721166,0.0009648187052907522,0.002018289697596301,9.79913587377812e-05
2021-09-01,0.013726894483616395,-0.002135788286649734,0.0033195222634495158,0.003741923437918342,9.79913587377812e-05
2021-09-02,0.005810112107024547,-0.00014779418775791357,0.0005949600576455607,-0.00019027403631285465,9.79913587377812e-05
2021-09-03,-0.01011150955459886,-0.0004774943964946738,-0.0022460626036798575,0.0072184770859131005,9.79913587377812e-05
2021-09-06,0.004625009408989986,-0.004080285574228936,0.0001439315703296053,0.005748195180618751,9.79913587377812e-05
2021-09-07,-0.011306591209947987,0.0034104076729087633,0.005843976071070857,0.0028768460254860475,9.79913587377812e-05
2021-09-08,0.01074140361568727,0.003351245027891821,0.002320960297117696,0.005765274663881258,9.79913587377812e-05
2021-09-09,-0.00039911093183503474,0.0030677734745278335,-0.006745892638921836,0.00470254132642146,9.79913587377812e-05
2021-09-10,-0.0020183483625431267,0.007784828269588224,-0.0007609778263046188,-0.0024367810800813416,9.79913587377812e-05
2021-09-13,-0.007971154532847297,0.007346724006181518,0.007229175170818849,-0.007863393470148002,9.79913587377812e-05
2021-09-14,0.014870496064088363,-0.0017747234492456769,-0.0007551874473998242,0.0027221727550557433,9.79913587377812e-05
2021-09-15,-0.0016543537848256258,0.001965261592170891,-0.007101914766936722,0.003476535384988572,9.79913587377812e-05
2021-09-16,-0.004939933865957287,-0.0030180034462910636,0.007672195541690175,0.006742831946831392,9.79913587377812e-05
2021-09-17,-0.004025602605858755,0.00021677658057277728,0.0028295700392511705,-0.005417927650271761,9.79913587377812e-05
2021-09-20,0.006587710226640184,-0.002898747245594324,-0.0001800514352512016,-0.00523858635566298,9.79913587377812e-05
2021-09-21,0.00458532877236894,0.008200351545680254,-0.0013856709443282745,0.0029594015978466224,9.79913587377812e-05
2021-09-22,0.0051527913391518606,0.0019184907517148142,0.004429407719166942,-0.00022700193311851988,9.79913587377812e-05
2021-09-23,0.005369852036094592,-0.0009901456405221106,-0.0020679336009047705,-0.011114569663426768,9.79913587377812e-05
2021-09-24,0.025899771210445535,0.006068092859281885,0.004693025698063954,0.0024506489825251447,9.79913587377812e-05
2021-09-27,-0.004676980196615387,-0.010753077048977058,0.0022687811428970237,-0.010914537489933727,9.79913587377812e-05
2021-09-28,-0.005946912748858449,-0.00997051297432645,0.0010787277019494,-0.005471539311240258,9.79913587377812e-05
2021-09-29,-0.009565272738974532,0.00407919327609887,0.0006820592213423814,0.008310088237160644,9.79913587377812e-05
2021-09-30,0.0075917530709059475,0.0004023422405868403,-0.0005998721468567124,0.011149274106842692,9.79913587377812e-05
2021-10-01,0.0137476675126507,0.0013522315013038033,0.004282560480837063,-0.007093938210831771,9.79913587377812e-05
2021-10-04,-0.001167369491858501,-0.006531980516592743,-0.003361371328407337,-0.0017763492244761655,9.79913587377812e-05
2021-10-05,-0.009881877723550337,-1.6168554251831007e-05,-0.006387700507320837,0.00045573513847223593,9.79913587377812e-05
2021-10-06,-0.009693774588294875,0.010117547052006709,0.0025577604915698986,0.010887361565489409,9.79913587377812e-05
2021-10-07,0.008007113453896413,0.0042209980989793144,0.002624953312268591,-0.002757213686946409,9.79913587377812e-05
2021-10-08,0.009119050054441307,0.0009485327257140607,0.0020209646100470668,-0.0026613041381996685,9.79913587377812e-05
2021-10-11,0.00671785121966234,-0.0020952695505246886,0.0017309134784721553,0.009492353350777171,9.79913587377812e-05
2021-10-12,-0.007786116487464333,-0.0018728642593469692,-0.0011821615133501913,-0.002048734916309548,9.79913587377812e-05
2021-10-13,0.002985935876800637,-0.01054598944600009,0.003249930817542101,0.004533210253798745,9.79913587377812e-05
2021-10-14,0.0016002297096887389,0.001388202104605803,-8.22325070181635e-05,-0.008662857790674565,9.79913587377812e-05
2021-10-15,0.0028242631607481557,0.00432741554240927,-0.0018484542432607124,-0.0008273964645539575,9.79913587377812e-05
2021-10-18,0.010657145335378279,-0.007778096635853076,-0.0011475652490215995,-0.009757581029958428,9.79913587377812e-05
2021-10-19,0.0028831465852961874,-0.0032070844615340803,0.008182558795103328,-0.006132602685734227,9.79913587377812e-05
2021-10-20,0.008346962756862739,-0.00568732316116711,-0.006839904328181731,0.00523520813091358,9.79913587377812e-05
2021-10-21,0.0010109488338666975,-0.004726755974043818,0.002099152417183195,-9.943234652027576e-05,9.79913587377812e-05
2021-10-22,0.00366943278427981,0.00036740813410950107,-0.0066164417104948685,-0.0017146344433178477,9.79913587377812e-05
2021-10-25,0.007775458710062484,-0.010322010774942372,-0.0003329333532918929,-0.004292497743885506,9.79913587377812e-05
2021-10-26,-0.017285869838268,0.0031713521917853195,-0.0016345099406167509,-0.0011239364394476964,9.79913587377812e-05
2021-10-27,-0.003636054596287616,0.003869275349668411,-0.008240113186719512,0.002006679002604162,9.79913587377812e-05
2021-10-28,-0.0054444718515135465,-0.0011555129401845624,0.0016561503617350522,0.0060974972387705705,9.79913587377812e-05
2021-10-29,-0.007466534178920104,-0.012303542549922709,-0.0014201522487687836,-0.015550880104580814,9.79913587377812e-05
2021-11-01,-0.0031017070147202046,-0.004882093130011948,-0.008296825370244976,-0.004790567045576859,9.79913587377812e-05
2021-11-02,0.01813929573481275,0.006264509670513483,0.0034582723630970083,0.0011545774531340344,9.79913587377812e-05
2021-11-03,-0.010189973388318918,-0.013789971403642864,0.00584002471195574,-0.0003931786957737152,9.79913587377812e-05
2021-11-04,0.01181934025509777,-0.001637617060967596,0.006060497369186288,0.00262025745516035,9.79913587377812e-05
2021-11-05,-0.01999443725938966,-0.005800003892336295,0.0015358257626058847,0.001805241716759323,9.79913587377812e-05
2021-11-08,-0.003818620359829298,0.004122851507924183,0.00028423255430846196,-0.0016292071779604434,9.79913587377812e-05
2021-11-09,0.002153036781260067,-0.003275569760717307,0.005412626483583188,-0.0029611191759230625,9.79913587377812e-05
2021-11-10,0.0072346679763113375,0.0021197701036780574,0.006829534341360394,-0.0012730089384130052,9.79913587377812e-05
2021-11-11,0.00873471895751426,0.0029273020958454654,0.0046342748115025005,0.007092454098936456,9.79913587377812e-05
2021-11-12,0.009720166822399104,0.009281129198650099,-0.0036661504089192045,-0.004192047597434287,9.79913587377812e-05
2021-11-15,-0.003984700866981251,-0.0009147097183768512,0.0009053794128596877,-0.00017684033886373289,9.79913587377812e-05
2021-11-16,-0.0053482215119748065,0.0019802218481130567,0.0018580645771657145,0.0013000532839905262,9.79913587377812e-05
2021-11-17,0.010495710575085847,-0.00732527739563718,-0.007138467875668917,0.009562105579246749,9.79913587377812e-05
2021-11-18,-0.0020956518985793785,0.00605206781646872,0.0019774426384830965,-0.0016018495494178795,9.79913587377812e-05
2021-11-19,-0.015108235880055063,-0.0037025442403568233,0.009191967303917557,0.005952839936065765,9.79913587377812e-05
2021-11-22,-0.013399446568041767,-0.002703770820438728,0.0026597446632031655,0.007591876419590133,9.79913587377812e-05
2021-11-23,-0.010833427432019335,-1.123897424605368e-05,0.005993652325767026,-0.0001825255899438895,9.79913587377812e-05
2021-11-24,0.006165928928645168,-0.007714421726699248,0.0008316589205148204,-0.001064313874460575,9.79913587377812e-05
2021-11-25,0.0019091088328467831,0.00124385014464469,-0.00019287329593528597,-0.0017743220322892967,9.79913587377812e-05
2021-11-26,0.00848582424881322,0.004937331364625054,0.0016250855603239021,-0.0013349388054554941,9.79913587377812e-05
2021-11-29,-0.004927031756038412,0.001564669117486458,-0.003163306591937731,0.005325439163460996,9.79913587377812e-05
2021-11-30,0.002102476292920571,-0.007844487820893626,-0.0037551007489375547,0.0015860598635330835,9.79913587377812e-05
2021-12-01,0.007707084727608041,-0.0005190464716482979,0.005165218228677463,0.0016117382550192166,9.79913587377812e-05
2021-12-02,-0.0035121584766428606,0.003810144514897453,0.0055893693714660735,-0.00655134106227901,9.79913587377812e-05
2021-12-03,0.005681302850688937,-0.00928994382982954,-0.0038644252623494016,-0.005604940464251407,9.79913587377812e-05
2021-12-06,-0.007743111292799815,-0.00527383006908857,0.003971995218215458,0.013060680948661882,9.79913587377812e-05
2021-12-07,-0.004156646158780862,0.0044827180204076,-0.00024783990242408367,-0.0008669543517321375,9.79913587377812e-05
2021-12-08,-0.00438085472797995,0.0014504771709864328,0.0014592342979617224,-0.004448631973470162,9.79913587377812e-05
2021-12-09,-0.014150075747068476,0.002159857910633769,0.0019408745577402537,0.008786594993535785,9.79913587377812e-05
2021-12-10,0.006043669769426981,0.009397474038116558,0.004077401872497274,0.0018908512921013128,9.79913587377812e-05
2021-12-13,-0.005432828082432687,0.0024427638925310128,0.0004308728074527555,0.0036689295011871296,9.79913587377812e-05
2021-12-14,0.00034992942473224917,0.0033894400521658967,0.005740647981207744,-0.0006282824516892016,9.79913587377812e-05
2021-12-15,0.005968959906870908,0.01365372763609163,0.001337651359039699,-0.0017120385434608249,9.79913587377812e-05
2021-12-16,0.005558374112359329,-0.0009690227904524534,0.00259673708987813,-0.0008175182349837421,9.79913587377812e-05
2021-12-17,0.008184621307673435,-0.0038894138180924757,-0.003233050366148986,-0.00809642902179176,9.79913587377812e-05
2021-12-20,-0.0009818258141130833,0.0022389819912356636,0.008734636042819335,-0.0003275644565193849,9.79913587377812e-05
2021-12-21,-0.004879579744529845,0.0022949551469444744,0.0019792996928198656,0.001976198462255704,9.79913587377812e-05
2021-12-22,-0.0007566185308767886,-0.0025335769597310412,0.002951989701380397,0.011302779403062523,9.79913587377812e-05
2021-12-23,-0.02004801320749636,-0.005061985097774237,-0.006332743244846166,0.0007159943900312929,9.79913587377812e-05
2021-12-24,-0.017165349669077047,0.01164922211045039,-0.0031908080923164044,-0.01380506225326183,9.79913587377812e-05
2021-12-27,-0.01567239534825283,0.0017342173519401146,0.005051534751674923,-0.00036391259670772857,9.79913587377812e-05
2021-12-28,-0.011766961931217781,-0.0035614269070103786,0.001247564473170419,0.016637024798649834,9.79913587377812e-05
2021-12-29,0.004997290720681239,0.004679651511397993,-0.007555118939315704,0.005398197409910238,9.79913587377812e-05
2021-12-30,-0.01066574866432073,-0.0004457257578066725,0.004253159715935277,-0.004665333662851532,9.79913587377812e-05
2021-12-31,-0.004337950648472677,-0.0011644072315891564,-0.002075131217410894,0.0037466390865833407,9.79913587377812e-05
2022-01-03,0.015790739573432785,0.002911364359572466,0.005745267943506848,-0.004252080549338442,9.79913587377812e-05
2022-01-04,-0.004075167652737112,-0.006359411341158449,-0.00025134271441479863,-0.007922845117281144,9.79913587377812e-05
2022-01-05,0.00905018682160504,0.001863136019585862,0.0009188267440821198,-0.0018902161794044333,9.79913587377812e-05
2022-01-06,-0.011003412160118523,0.009664774038658761,0.004815818314366594,0.0007491586354331672,9.79913587377812e-05
2022-01-07,-0.0022652506944115603,0.0024308883109865538,-0.0034899718834186496,-0.011032933014600375,9.79913587377812e-05
2022-01-10,-0.011200264658926975,-0.0017810605189173224,-0.0038713872313357587,-0.006694955743231815,9.79913587377812e-05
2022-01-11,-0.0038683969108067495,-0.00243552640214121,-0.0006859936815924293,0.00026201337909412834,9.79913587377812e-05
2022-01-12,0.010283697649488747,-0.001951699866725547,0.0034086911984848884,-0.0022490390559337247,9.79913587377812e-05
2022-01-13,-0.020527845078308186,-0.0011698133902389052,-0.005223509010453963,0.002568867626876545,9.79913587377812e-05
2022-01-14,0.005413083722550288,-0.0017890326637913598,-0.006572138399556386,-0.0070880099638513695,9.79913587377812e-05
2022-01-17,0.003052827227987335,0.0046815572053728344,0.003394883708175169,0.004484682491319804,9.79913587377812e-05
2022-01-18,-0.006929799468361533,-0.008566045516044916,-0.002311913250268015,-0.0069025545823611706,9.79913587377812e-05
2022-01-19,-0.017152694252661457,0.004410000252060671,-0.0014689040516811323,0.01005640581162578,9.79913587377812e-05
2022-01-20,0.0010655540925664341,-0.0017984326257128056,-0.007327241607760664,-0.0100945497062699,9.79913587377812e-05
2022-01-21,-0.0061539125087656295,0.001984738928476861,-0.0026159172574079285,-0.006355325622300476,9.79913587377812e-05
2022-01-24,0.002992114536256448,-0.0055349395510043186,6.973081347539746e-05,0.0027042248181909753,9.79913587377812e-05
2022-01-25,0.00046222574628131455,0.006743155334247181,0.0038215114304915687,0.010185399508985829,9.79913587377812e-05
2022-01-26,0.019421346695850984,0.006328174800859366,-0.0029849206649385555,0.0020902582166970243,9.79913587377812e-05
2022-01-27,-0.0026722675296762914,0.004897952628750368,0.006729504480929987,0.0035771475210943466,9.79913587377812e-05
2022-01-28,-0.01208196991146238,-0.007473773878967697,-0.0026382240967192027,0.00030522141003835087,9.79913587377812e-05
2022-01-31,0.002351307619475794,0.004245605355330265,-0.002632367206340699,-0.00595839072469116,9.79913587377812e-05
2022-02-01,0.002839960207661182,0.0021242754381785444,0.006249430207591209,-0.0027408300894362757,9.79913587377812e-05
2022-02-02,0.016510250902885236,-0.007926356235662839,0.0009458406094556687,-0.007071458319887661,9.79913587377812e-05
2022-02-03,0.010221334950974943,-2.148691885407745e-05,-0.0021080989160463066,-0.00747225980666123,9.79913587377812e-05
2022-02-04,0.004482452709794112,0.0019226724451663127,-0.0005205325247223737,0.0026104935159184787,9.79913587377812e-05
2022-02-07,0.017759634694634742,0.002880376369115754,0.0055122943101682375,-0.00653906789252777,9.79913587377812e-05
2022-02-08,-0.014065156651874211,0.0009863068347442786,0.005964811278502727,0.002117324040340168,9.79913587377812e-05
2022-02-09,-0.007477018392996973,0.0015561570842368986,-0.003167172717081024,-0.0076109365133265865,9.79913587377812e-05
2022-02-10,-0.010918911296866299,0.0074680569612654785,-6.973524031643286e-05,0.001978298120700528,9.79913587377812e-05
2022-02-11,-0.004477717637869216,0.0062301695495534,0.0004606273106702923,-0.002732095413777775,9.79913587377812e-05
2022-02-14,-0.016320233770675707,-0.014235274768913718,-0.0038449604420663906,0.008639693201903867,9.79913587377812e-05
2022-02-15,0.007821811361772853,-0.00148719277418841,-0.00012274021059997722,0.0021423133734743897,9.79913587377812e-05
2022-02-16,-0.0024666723651852805,-0.0007232551377197564,0.00012129144180680196,0.007614697357964849,9.79913587377812e-05
2022-02-17,-0.017449675534031896,-0.008660492863634857,0.004660837915746943,-0.004333880298551156,9.79913587377812e-05
2022-02-18,-0.0119869489744905,0.0005709152911615609,0.004929700113244804,0.0005368600414650037,9.79913587377812e-05
2022-02-21,0.003962166169402343,0.006343788862052533,-0.0012168375934360322,-0.00568652294869767,9.79913587377812e-05
2022-02-22,0.010257518814732573,-0.005332839297952951,-0.0007558125754432467,-0.002281631456466509,9.79913587377812e-05
2022-02-23,0.024160770700301436,0.0017820046934493615,0.0027571692082225424,-0.0013726253364677744,9.79913587377812e-05
2022-02-24,0.035166349592087955,-0.004479117386482189,-0.002240753795708046,-0.004155149324122836,9.79913587377812e-05
2022-02-25,0.005172913199311956,-0.0032595601183983843,0.0024545606069496105,-0.007093017153074171,9.79913587377812e-05
2022-02-28,-0.011674457440382369,0.007486968170850176,-0.00025162594947685896,-0.008281103941915917,9.79913587377812e-05
2022-03-01,-0.02538455536877571,-0.002612789100559125,-0.003777594310954483,-0.013838488694244382,9.79913587377812e-05
2022-03-02,0.00341253754812603,0.002411062445053123,-0.0037273468515185864,-0.006138078781020747,9.79913587377812e-05
2022-03-03,-0.009555293143723912,-0.009256090580304936,0.005888234784124409,0.003964963380031067,9.79913587377812e-05
2022-03-04,-0.004784287122156224,0.0094115878069744,-0.0005256859165731943,-0.009390991192079697,9.79913587377812e-05
2022-03-07,-0.0071451615887176976,0.0031132622315324945,0.006661416375593245,-0.00800873707751983,9.79913587377812e-05
2022-03-08,-0.0014894906369966232,-0.0008124992132513084,-0.0019545450428596406,0.010945391427397491,9.79913587377812e-05
2022-03-09,0.012991762769451723,0.0029777325499994738,0.0012648208045259737,-0.0036189762990895243,9.79913587377812e-05
2022-03-10,0.0020845828093441353,-0.006949097144739051,0.009670706892072965,0.0021262760549890145,9.79913587377812e-05
2022-03-11,-0.0017036180444642596,0.0060126537087632865,-0.0041295469786531164,0.0040539028790029675,9.79913587377812e-05
2022-03-14,-0.012227845033909739,-0.0015199238774821508,-0.007491257999599106,0.004175156778687681,9.79913587377812e-05
2022-03-15,-0.019896195336452285,-0.0009203475752421735,0.005246360525148933,-0.008933885383648359,9.79913587377812e-05
2022-03-16,-0.005635694908879971,-0.0023582780748274226,-0.003207236421572295,-0.0011863580793969413,9.79913587377812e-05
2022-03-17,-0.0004453906098198459,-0.0028032570137279237,1.7174543575064892e-05,-0.009509363617110352,9.79913587377812e-05
2022-03-18,0.021415158962958595,0.003573353058142043,-0.00224367284180634,0.01487790715346194,9.79913587377812e-05
2022-03-21,0.0017632942576746302,0.0013795342505211145,0.0011726511238212645,-0.0093692515840936,9.79913587377812e-05
2022-03-22,0.011992874132276692,0.0033587407070151997,-0.003702144828742969,-0.006087041313218922,9.79913587377812e-05
2022-03-23,-0.005791547182469825,5.602655257214274e-05,-0.0006197603515332243,-0.006043605129049028,9.79913587377812e-05
2022-03-24,-0.014019325197004296,0.002665999055385905,0.001899261306226137,-0.008779962860337281,9.79913587377812e-05
2022-03-25,-0.011381401146788463,-0.001994243719625192,-0.0039332355450970476,0.008315563458539272,9.79913587377812e-05
2022-03-28,-0.008502712774429039,0.011248659207047741,-0.002700336118583556,0.014734687406500975,9.79913587377812e-05
2022-03-29,0.025741636789221974,-0.007739652082152492,-0.0012895313343941272,-0.002654494715875704,9.79913587377812e-05
2022-03-30,-0.009656640150692633,0.006404686617814922,-0.005615261736905112,-0.007722538881066461,9.79913587377812e-05
2022-03-31,0.01026187044483614,0.006939537253604854,-0.0015902439311949856,-0.013221552992356127,9.79913587377812e-05
2022-04-01,-0.010635126137044317,-0.004160794029827969,0.0005751861596116075,-0.0012646523111326088,9.79913587377812e-05
2022-04-04,0.01137887615449093,0.011246368052779867,-0.001498195766353714,-0.001698192538968663,9.79913587377812e-05
2022-04-05,0.004819411593270357,0.005077451414726591,-0.0009855059717268982,-0.0037077767581608673,9.79913587377812e-05
2022-04-06,-0.001679654771897085,0.004955695034114558,2.0393316373658587e-05,0.0015282515238573705,9.79913587377812e-05
2022-04-07,-0.00028915031362520833,0.00024011093512938346,-0.002522973849729256,0.002571038856892918,9.79913587377812e-05
2022-04-08,-0.0076574523451526854,-0.0009861307910933822,0.0028642502634675087,0.002138499547627404,9.79913587377812e-05
2022-04-11,0.005552866417784966,-0.0009470441351980404,0.005843912499207103,-0.001696749231810923,9.79913587377812e-05
2022-04-12,-0.005259801764089361,0.002052652981597586,-0.0017575215687817938,-0.006409730977445572,9.79913587377812e-05
2022-04-13,-0.014507269165206978,0.007105931375169481,0.002040792925910828,0.004194998586840295,9.79913587377812e-05
2022-04-14,-0.015135250891835431,0.0010065710893070981,-0.0008584686217385877,0.0002750825565291827,9.79913587377812e-05
2022-04-15,0.002271055012665434,-0.0044572181156864515,0.001561949380154019,0.005530145149007901,9.79913587377812e-05
2022-04-18,0.019149095076925218,0.004222135311924899,0.006363118124813018,0.004940453296833388,9.79913587377812e-05
2022-04-19,0.002119899362881259,0.0047057537319739615,0.002134638172072395,-0.008330572414282693,9.79913587377812e-05
2022-04-20,-0.0012236599133185907,0.0033732976422389304,-0.006993658155238723,-0.008405333244745619,9.79913587377812e-05
2022-04-21,0.003629913675230515,0.0038274945326249132,0.0019159825257878357,-0.004333244312443171,9.79913587377812e-05
2022-04-22,0.015872020900481898,-0.0012546406507890405,0.005031454973236037,-0.006137592449744008,9.79913587377812e-05
2022-04-25,0.0028325900163662762,-0.0045449458356528975,-0.0007863846799924108,0.004731510655856604,9.79913587377812e-05
2022-04-26,-0.004731126770004847,-0.004240967153203899,0.00408253922447133,0.0023078580559275064,9.79913587377812e-05
2022-04-27,0.013475464520718667,-0.00807731624228929,-0.002660462164607784,0.0067951039627118645,9.79913587377812e-05
2022-04-28,0.0053450772615393615,0.0012847430577297488,-0.005842156638089095,0.00257892090446551,9.79913587377812e-05
2022-04-29,0.018629071903951903,-0.0003172439161329681,0.0006646760753305607,0.0014518974912402143,9.79913587377812e-05
2022-05-02,0.002398813246662874,-0.002099938522648544,-0.006925906882985256,0.007398378682065022,9.79913587377812e-05
2022-05-03,-0.014493628380646002,-0.01467809412172535,-0.000859084051574367,0.003018364038410291,9.79913587377812e-05
2022-05-04,-0.01621791039094798,-0.006136587348470844,0.0052473690505820125,0.0006086057806263128,9.79913587377812e-05
2022-05-05,0.020011135186774994,0.0057042032570158345,-0.007539051622985123,0.009082718203584113,9.79913587377812e-05
2022-05-06,0.020883988649399565,-0.0032231300003156553,-0.005017987183655591,0.0008910852989167403,9.79913587377812e-05
2022-05-09,-0.0019542305593912078,0.0019029583882842073,-0.00402812898064631,-0.0016260436295075298,9.79913587377812e-05
2022-05-10,-0.004398247853631854,-0.006853427149876281,-0.00015327943884383988,-0.004826939552665898,9.79913587377812e-05
2022-05-11,0.017737331506906425,0.007293527411796156,-0.001362867142584837,0.004418152754272467,9.79913587377812e-05
2022-05-12,-0.013084548184521856,-0.000620138300273382,0.0056965455267843496,0.007622303251054813,9.79913587377812e-05
2022-05-13,-0.010536724227469917,0.001550201982417676,0.0039173933163667895,-0.00010352440860058039,9.79913587377812e-05
2022-05-16,0.007919921536268533,0.011728898959408424,0.0020810917842743917,0.008047493742679032,9.79913587377812e-05
2022-05-17,-0.0045352614743150756,0.007682200502947019,0.0006825212573755393,-0.011620090191829455,9.79913587377812e-05
2022-05-18,0.00013853759935914445,-0.0014328281064352889,0.0016729191079393093,-0.00013272024884748877,9.79913587377812e-05
2022-05-19,-0.0017613147822941508,-0.0028661009243517964,-0.0033479294212535003,-4.056947262661716e-05,9.79913587377812e-05
2022-05-20,0.004250894585587203,-0.001527725057597659,0.0035288414142264487,-0.004161966234444083,9.79913587377812e-05
2022-05-23,0.0170897823357646,0.002649491242382678,-0.004348177017436804,0.01450316622789124,9.79913587377812e-05
2022-05-24,0.0012870188828209466,-0.00042612067125435564,0.0034415079756089234,-0.00019715579613256698,9.79913587377812e-05
2022-05-25,0.007927265519322295,-0.0018762207250173585,0.004844570008475324,-0.0022463846296265997,9.79913587377812e-05
2022-05-26,-0.024402065212372273,0.007435906253545212,0.0009434584083523488,0.00035577268060103015,9.79913587377812e-05
2022-05-27,-0.00038462082316141546,-0.0004710494588891845,-0.0006048522358479034,-0.011816882431154977,9.79913587377812e-05
2022-05-30,-0.009918763243514454,0.011597945465186596,0.0017012396332386933,-0.004359207552069491,9.79913587377812e-05
2022-05-31,-0.014425756725083536,0.0005537128187608651,-0.011346073480402693,0.006099439816672425,9.79913587377812e-05
2022-06-01,-0.010337828403145009,0.009026591971123637,0.001309032873941845,-0.003573672129596648,9.79913587377812e-05
2022-06-02,-0.0038094812884097444,0.001886597113553134,-0.00035341599135922815,-0.00477325097680163,9.79913587377812e-05
2022-06-03,0.011190830508272158,0.00491480286624724,-0.00010251245222796407,0.008057153819086402,9.79913587377812e-05
2022-06-06,-0.01571671261287477,-0.0035230552575886225,0.0029261300515913097,0.008241526405710974,9.79913587377812e-05
2022-06-07,0.0005675779111330094,-0.004168796112937059,-0.00019907568625891124,0.003301942832966851,9.79913587377812e-05
2022-06-08,-0.0056100332000029425,0.0023985297750749373,-0.004460827426604632,-0.0025307040042320036,9.79913587377812e-05
2022-06-09,-0.00373207713234353,0.005042766212326576,-0.0004656106833015122,-0.0012368263906979411,9.79913587377812e-05
2022-06-10,0.01223309390365525,0.00030128251000231435,0.00037022193632329787,-0.004624899769449755,9.79913587377812e-05
2022-06-13,0.006657385244047112,-0.0063319666754184855,0.0005597356463240509,-0.00576863871417187,9.79913587377812e-05
2022-06-14,0.016248777289312923,-0.006701291831446635,0.0007476774691402723,-0.006066498929850595,9.79913587377812e-05
2022-06-15,-0.0016540681509988055,-0.007035682010931205,0.0042574761796742135,-0.0035083264407112453,9.79913587377812e-05
2022-06-16,-0.008151311340048437,-0.008738110564696906,-0.00424413821213659,-0.00600832594410847,9.79913587377812e-05
2022-06-17,-0.0024863058025659944,0.0006474267972354376,0.0008028018246593997,-0.009182230711258893,9.79913587377812e-05
2022-06-20,0.0031099614952546594,0.005725219608540126,0.005259718794472964,0.0015164160185234346,9.79913587377812e-05
2022-06-21,0.0023188803014445323,3.292106537595616e-05,-0.0068384459877487815,0.0016075734853606225,9.79913587377812e-05
2022-06-22,-0.012812656866800397,-0.011202073786689262,0.0008185867231202143,0.010404756550569902,9.79913587377812e-05
2022-06-23,0.0012858773795344908,-0.0008538023016727435,-0.002241514007892174,-0.0038100302101282154,9.79913587377812e-05
2022-06-24,0.0029387399616668617,-0.0007139949831630355,-0.0013828415378924197,0.0019766035377396236,9.79913587377812e-05
2022-06-27,0.030409688450407046,0.010579993751127196,-0.0035192300128576884,0.00207627547564881,9.79913587377812e-05
2022-06-28,0.02272213533538004,-0.007185689564597781,-0.0005782028628017763,-0.0013230253667531984,9.79913587377812e-05
2022-06-29,-0.01003892020670584,-0.0018533880129959787,0.0074650224577076174,0.004666001532498056,9.79913587377812e-05
2022-06-30,-0.0032486003385901133,0.00862926340272282,-0.004957721444708855,0.004851375121104286,9.79913587377812e-05
2022-07-01,-0.017361304022044038,0.0023498917067327403,-0.0045784400099153095,0.00216446657118524,9.79913587377812e-05
2022-07-04,-0.006888484167561838,0.0029165653675821235,-0.005107738280654018,-0.0013338382302867731,9.79913587377812e-05
2022-07-05,0.003987260043084086,0.0006729221851193911,0.007009673146512404,-0.0019451806513272104,9.79913587377812e-05
2022-07-06,0.014670243450658803,0.001749717693286323,-0.0017493588220851477,-0.008006523392782355,9.79913587377812e-05
2022-07-07,-0.008549006052923303,0.00398804765139268,-2.5562413906968538e-06,-0.00463550667170615,9.79913587377812e-05
2022-07-08,-0.007649757280813559,-0.003947431594463832,-0.0015111317644249586,-0.0035320451434101272,9.79913587377812e-05
2022-07-11,-0.02556746835686386,0.004490292894540999,-0.003677691513612366,-0.006543830574576605,9.79913587377812e-05
2022-07-12,-0.001751991046538892,-0.006765015084427696,-0.0008406025864577416,0.002839543800125986,9.79913587377812e-05
2022-07-13,-0.012548972942314756,0.0017418398641576907,0.00993297442294624,0.0073797672139220595,9.79913587377812e-05
2022-07-14,-0.006153273128392886,0.0009937048164316358,0.00566828368389702,-0.005248374593974901,9.79913587377812e-05
2022-07-15,-0.010322329338011058,-0.0029814654409605398,-0.0033117512711690893,0.001900648614467823,9.79913587377812e-05
2022-07-18,-0.0009311506510306838,-1.3426376628233676e-05,0.002690296412246743,-0.006004666837178262,9.79913587377812e-05
2022-07-19,-0.020892740696279576,-0.0030127007633277657,-0.003226091090665506,-0.0016295330256349727,9.79913587377812e-05
2022-07-20,-0.01740454294469189,-0.0052585066343087215,-0.007005470555384884,-0.0039419774750666554,9.79913587377812e-05
2022-07-21,0.025750965344339575,-0.0016680737080682218,0.0041780436706585185,0.003811373891638649,9.79913587377812e-05
2022-07-22,-0.015249070975288371,-0.0054199431768583075,0.004740371386574203,-0.0038727290430530695,9.79913587377812e-05
2022-07-25,-0.012961426941455675,0.0017139873204662407,0.004284209004191597,0.00626996248223988,9.79913587377812e-05
2022-07-26,0.022242962339855767,-0.005650427470761817,-0.001779460996878291,-0.001274324641973194,9.79913587377812e-05
2022-07-27,0.035060806030884885,0.0036598851149552566,-0.0005671029360079449,-0.003697622257568985,9.79913587377812e-05
2022-07-28,-0.0138587995459041,-0.0058073953396441,0.003099062214632493,-0.007319831574070979,9.79913587377812e-05
2022-07-29,-0.004218987481456367,-0.0027314745779050318,0.0016659841493924287,0.001719227061772099,9.79913587377812e-05
2022-08-01,0.004298666611286114,-0.003023017041075895,-0.0014745498851881772,0.005571310413357081,9.79913587377812e-05
2022-08-02,0.020944371732867107,0.006725733644374195,-0.006376287280472659,0.0018399275392212454,9.79913587377812e-05
2022-08-03,-0.011642284941138848,0.0017514497280829593,0.0005555007765680491,0.013632989998486543,9.79913587377812e-05
2022-08-04,-0.002743334151305317,-0.0009586690127219711,0.004416038556944453,0.00877872471482251,9.79913587377812e-05
2022-08-05,0.00952805091274093,0.0025935972053486166,-0.004690353156136628,-0.0016451665883020934,9.79913587377812e-05
2022-08-08,0.005417192893599423,-0.01043596173664844,0.0026550375267039078,-0.0017081646028424156,9.79913587377812e-05
2022-08-09,-0.004313872854761191,-0.00011566794820453722,0.0014261667805347707,0.0030181803169121195,9.79913587377812e-05
2022-08-10,-0.0014058755741924937,0.010087570889023813,0.0031005930529293345,-0.004828115082554111,9.79913587377812e-05
2022-08-11,-0.016298749700439784,0.0007617325320133629,0.003587901998876029,0.00719772983919492,9.79913587377812e-05
2022-08-12,-0.0026580849276959828,0.0004395658458466775,-0.0026778609677014123,0.0023696031310615024,9.79913587377812e-05
2022-08-15,-0.0029966498801074614,0.00284064189821098,-0.006367837600659784,0.0017387534651511969,9.79913587377812e-05
2022-08-16,0.0029860386755150717,0.004578026216571728,-0.0020340781027315172,0.004321722006624898,9.79913587377812e-05
2022-08-17,-0.006463926625828193,-0.009887333464449298,0.0036565092701080293,0.010536979300214355,9.79913587377812e-05
2022-08-18,0.005858462270541668,-0.008311632408955135,-0.0020680156141038844,0.0012257321131250313,9.79913587377812e-05
2022-08-19,0.012352589813837944,0.0011514564554307328,-0.0026761732954305676,-0.0004782422252283062,9.79913587377812e-05
2022-08-22,0.0020651519320215926,-0.003474382809487549,-0.007185401367698553,0.009252317739935472,9.79913587377812e-05
2022-08-23,0.004421076900790442,0.006660126311099571,0.007110590218203756,0.006005302495946812,9.79913587377812e-05
2022-08-24,0.0008378641709344084,-0.0014758719494261194,0.0034028545657012396,-0.0017258790423023338,9.79913587377812e-05
2022-08-25,0.00020101271709697016,-0.00957265367856559,0.003179583925099058,0.0002311186919541205,9.79913587377812e-05
2022-08-26,-0.00845869640251417,-0.006240069584219985,0.003970901547117895,0.0013722854956327915,9.79913587377812e-05
2022-08-29,0.003997931140079696,-0.013648380098152878,0.0024068334461736065,0.0023708776676298975,9.79913587377812e-05
2022-08-30,-0.0009674391809618737,-0.0010706276864145628,-0.0008773154207181162,-0.007939599105634684,9.79913587377812e-05
2022-08-31,0.025318019707167138,-0.0008419206363219168,-0.0005550564164888066,-0.00905490764680936,9.79913587377812e-05
2022-09-01,0.01908025882970291,-0.002022313548909489,-0.0016102574583684993,-0.005124340132014723,9.79913587377812e-05
2022-09-02,0.004830158630678009,0.005494395195148694,0.01063896301766,-0.005588430658068054,9.79913587377812e-05
2022-09-05,-0.00895668651633721,0.006092599182583468,0.00232364812519777,-0.0036629440838350153,9.79913587377812e-05
2022-09-06,-0.013148937663801015,-0.0007519421167805561,-0.0017552017654057382,0.004008263852540025,9.79913587377812e-05
2022-09-07,0.014493715437066382,-0.010573468337384281,0.001961987096665119,-0.00081357493794843,9.79913587377812e-05
2022-09-08,0.003352990701765662,0.0031864079024612924,-0.00394347567142527,0.0013783676300611297,9.79913587377812e-05
2022-09-09,0.00596172084069933,0.0028768011425428773,0.006118026874356908,-0.00714582046025357,9.79913587377812e-05
2022-09-12,-0.020735031843690313,0.0016469578507847251,-0.0025442763832285607,-0.002569853217525671,9.79913587377812e-05
2022-09-13,0.01132926177869817,0.005007398746540579,0.0021043417304898626,0.0037235459704690423,9.79913587377812e-05
2022-09-14,0.005653044058572356,-0.0057241404823052,0.004363910518972538,0.0037697147490608107,9.79913587377812e-05
2022-09-15,-0.013125168212973735,0.010143776930925694,0.0016390741768199713,-0.004147442969127448,9.79913587377812e-05
2022-09-16,-0.005458297689399388,-0.00469713876570934,0.00047787996727855284,0.0011699743182773217,9.79913587377812e-05
2022-09-19,0.003364606452278235,0.003846114636004273,0.00014320833942406064,0.013393087120893994,9.79913587377812e-05
2022-09-20,0.0008296015802749235,-0.008336738472066759,-0.0001257643875484285,9.441242446617119e-05,9.79913587377812e-05
2022-09-21,-0.00330605422964266,-0.004551323436350254,-0.002206793955710009,-0.0039591216768546725,9.79913587377812e-05
2022-09-22,-0.0010418592167915303,0.007681843233626681,-0.0016979337190788169,-0.0008425743361729616,9.79913587377812e-05
2022-09-23,-0.0028237285384826246,-0.0012044991150042495,0.006018361494603741,0.0007530626451609983,9.79913587377812e-05
2022-09-26,0.002030750145229623,0.00429961302566399,-0.0003341465307406267,-0.0007070102841432963,9.79913587377812e-05
2022-09-27,0.017857903675917882,0.0012847769435962305,-0.003043185077531093,1.1871795940989247e-05,9.79913587377812e-05
2022-09-28,-0.030599901291175572,-0.0004247907800008634,-0.0019651903874460344,-0.008460680781621037,9.79913587377812e-05
2022-09-29,-0.0026422031741162107,0.006919251624663449,0.004501482722788892,-0.005575782850515708,9.79913587377812e-05
2022-09-30,0.0023181490564693637,-0.0010832941232595016,0.0028024265326579137,-0.0006960114224289853,9.79913587377812e-05
2022-10-03,0.003751927876245194,-0.008803690537817353,0.0023413167129290274,-0.0007916078201346202,9.79913587377812e-05
2022-10-04,-0.004262974975855479,-0.003916200459758525,-0.000930084795639166,-0.0031971356491600034,9.79913587377812e-05
2022-10-05,-0.020880661389742993,0.002855958643508471,0.00239344988069178,-0.0008620815164586216,9.79913587377812e-05
2022-10-06,0.004135945804569315,0.0020775455318125407,-0.002474244499802592,0.0005660891324852322,9.79913587377812e-05
2022-10-07,0.02092820256997022,-0.007735291251177191,-0.0009384561253830981,0.005536480739147151,9.79913587377812e-05
2022-10-10,-0.018206336858993654,-0.0035217125970410054,0.003979217949566982,-0.00039527041135630533,9.79913587377812e-05
2022-10-11,0.01056593616437826,-0.002808606746011233,0.0035971107156762576,0.0025946192317895193,9.79913587377812e-05
2022-10-12,-0.0037423026774747264,-0.0017273479705711252,-0.0038276393838032135,-0.003049601808603526,9.79913587377812e-05
2022-10-13,-0.0005358921499461676,-0.006779567943007757,-0.0033221058116343033,0.003632574341590892,9.79913587377812e-05
2022-10-14,-0.012434782128447388,-0.0030418555405973932,0.0005348086112536387,0.0024543817856741406,9.79913587377812e-05
2022-10-17,-0.0038134740682705197,-0.0035430524262976375,0.00700452949867804,0.005394902019078916,9.79913587377812e-05
2022-10-18,0.015800535136387503,0.003957666298809597,-0.007562260657875976,0.004480762774666926,9.79913587377812e-05
2022-10-19,0.007191862903852484,0.004145606554951219,0.001213331758282017,0.003732413737286877,9.79913587377812e-05
2022-10-20,0.020987739264919328,-0.0006290522904440799,-0.005404173326292593,-0.00039050445194668154,9.79913587377812e-05
2022-10-21,0.014328942667732325,-0.0018601989793536574,-0.0024373239741021825,0.001669635362266809,9.79913587377812e-05
2022-10-24,0.005469040147154914,0.000799621560195567,-0.0013577136722569656,0.006581053570709159,9.79913587377812e-05
2022-10-25,0.021127214314013504,-0.003982875537277874,-0.0015820333737475638,-0.0037124474164167667,9.79913587377812e-05
2022-10-26,0.005467917904859585,-0.005634160410837205,-0.002035183758636834,-0.0035704466721811936,9.79913587377812e-05
2022-10-27,0.010135858121564707,-0.0046011060446285845,0.00012882824150548062,0.001288588387702172,9.79913587377812e-05
2022-10-28,-0.0033588514424165005,-0.0030740658198572836,-0.0020410222665223137,0.002691678141592721,9.79913587377812e-05
2022-10-31,0.000998549790310458,-0.005717368998961355,-0.005749829539416611,-0.004744638995584027,9.79913587377812e-05
2022-11-01,-0.008169085879603322,0.0009102977953143738,0.0032194784500911055,-0.0002485753804798502,9.79913587377812e-05
2022-11-02,0.012075007215138238,0.003748578368918542,0.0031114886685955218,-0.00036399264537270877,9.79913587377812e-05
2022-11-03,-0.013939643477378387,-0.00783549150399121,0.003472697240090676,-0.013091680693620824,9.79913587377812e-05
2022-11-04,0.009588204109011936,0.00022564355608016676,-0.006062937985056327,-0.0011175639355525582,9.79913587377812e-05
2022-11-07,-0.0020878126900619135,-0.000999678976331678,0.0012956726103366034,-0.0007439069970907977,9.79913587377812e-05
2022-11-08,0.014254965121607833,0.0018075434276840147,0.0028039154232276935,-0.000761757656938115,9.79913587377812e-05
2022-11-09,0.009210427864775118,3.5306159482059697e-05,-0.00402480827375834,0.00869548564746361,9.79913587377812e-05
2022-11-10,0.02204775389176162,-0.007167996399658154,0.00013669299272851658,-0.007094789791053252,9.79913587377812e-05
2022-11-11,0.008969296293663739,-0.006211946494285827,-0.000365066581241463,-0.004747735427227676,9.79913587377812e-05
2022-11-14,-0.01866448306783889,0.00024711787792486365,0.007468602634273055,-0.015473174789916005,9.79913587377812e-05
2022-11-15,-0.0006034380747784101,0.005243904598727547,0.0077979841480502925,-0.0026854999970448443,9.79913587377812e-05
2022-11-16,-0.01386408631113779,-0.010970936855215016,-0.006557425573320803,-0.0021738613247560055,9.79913587377812e-05
2022-11-17,-0.006019358108395297,0.0018286328990078998,0.010075708022911958,-0.0028598630580055373,9.79913587377812e-05
2022-11-18,0.01833474119932066,0.006048110026438216,-0.0035609028846132957,0.00684606403690256,9.79913587377812e-05
2022-11-21,0.007850405730772352,-0.0006651293810310655,0.004022693177309703,0.005363705134021779,9.79913587377812e-05
2022-11-22,-0.008187165142944956,0.002851012480132204,0.0039819919234549235,0.0006671403456038248,9.79913587377812e-05
2022-11-23,-0.011964608397284787,-0.003415345404489011,-0.0038827609073672277,-0.0020236783212391734,9.79913587377812e-05
2022-11-24,0.0005933851145151296,-0.000496830996384384,0.0020730711753563958,0.006357138008641183,9.79913587377812e-05
2022-11-25,-0.014398721792573533,-0.008004567591540758,-0.0003301349770642559,8.145284098489023e-05,9.79913587377812e-05
2022-11-28,-0.007853683328758973,-0.01162171654209437,0.0023173200185295628,-0.0047096202335107475,9.79913587377812e-05
2022-11-29,0.0039441136586149264,0.004813829006126377,0.0010226892095225029,-0.010097492064907308,9.79913587377812e-05
2022-11-30,0.014063744433280356,-0.004824974638622209,0.004885357941480988,-0.002447886963374096,9.79913587377812e-05
2022-12-01,0.007505137666693277,-0.002177639225017153,0.00040159817258424906,0.004727861703035651,9.79913587377812e-05
2022-12-02,-0.027295474103177203,-0.006832211266350966,-0.0005714962777052449,0.013859232137258539,9.79913587377812e-05
2022-12-05,0.0038524007483631178,-0.006949848515419379,0.004484256932228722,0.0005696620771368556,9.79913587377812e-05
2022-12-06,0.001064402878790935,-0.0007691885004730818,0.002421583859434413,-0.004392133090721826,9.79913587377812e-05
2022-12-07,0.005166683424472317,-0.0035478859706782324,0.0030272535772835514,-0.006909791249705284,9.79913587377812e-05
2022-12-08,0.019594516179814486,0.001989854989973492,-0.0025583466890343872,0.003511729377833593,9.79913587377812e-05
2022-12-09,-0.024558859321656915,0.0023626920948979593,-0.004081051125593896,-0.010387696314305611,9.79913587377812e-05
2022-12-12,-0.006893241102293267,0.0017042482316230359,-0.0021708885730108065,0.0035020706084293294,9.79913587377812e-05
2022-12-13,0.007290875873520256,0.0012930039546422186,-0.0023832855427223546,0.0051062696375774735,9.79913587377812e-05
2022-12-14,-0.01877913279344731,0.00798884102465943,0.0032447970746116573,0.0028176767193971845,9.79913587377812e-05
2022-12-15,0.017911388576642106,-0.0052379688452244295,0.004003936201176207,-0.0011179700316313445,9.79913587377812e-05
2022-12-16,0.0046202793524079,-0.00017467433101458877,-0.0005205211581296015,0.0035896439212808875,9.79913587377812e-05
2022-12-19,0.010359007830120849,0.005763449102597944,0.00582367607529741,0.0012256302267698,9.79913587377812e-05
2022-12-20,-0.006651323938261535,0.0064226990466901826,0.00557387757506052,-0.0044687430511635515,9.79913587377812e-05
2022-12-21,0.009965164279594527,-0.007008818246722864,0.001073595665602157,0.011302473934250155,9.79913587377812e-05
2022-12-22,0.01302165867186846,-0.0014617772082793495,-0.0031875670861721606,-0.001910076277663098,9.79913587377812e-05
2022-12-23,0.0029945362416460204,0.006890605479336303,0.006401506597742161,0.004854513802699456,9.79913587377812e-05
2022-12-26,0.0030128107123843515,0.0026403955259953265,-0.00014406940411363294,-0.014311685696174288,9.79913587377812e-05
2022-12-27,0.0034441188713807106,0.0010763151573988637,0.0006046607857238984,0.007858825296685574,9.79913587377812e-05
2022-12-28,-0.010160143176872579,-0.0009884234671732838,-0.0012584201024262746,0.009012582467927492,9.79913587377812e-05
2022-12-29,-0.0015703441628842352,-0.001819004628538727,-0.0034591613051887906,0.00037900272275982934,9.79913587377812e-05
2022-12-30,-0.0016302703894283056,0.0015410953154516211,-0.005774557721261168,0.003552626208426551,9.79913587377812e-05
2023-01-02,0.004800726372241941,-0.0011618706249224167,0.002631473294229152,0.0035510910896453768,9.79913587377812e-05
2023-01-03,0.012197890962923535,-0.0001128931052222209,-0.003033604215586482,-0.0036567014178443455,9.79913587377812e-05
2023-01-04,-0.01250243298374091,0.0004929935305751869,0.012338124915987294,0.0034827338326360417,9.79913587377812e-05
2023-01-05,-0.0013001083638349315,-0.003290357642467496,-0.004244294330449916,-0.0046517828192353325,9.79913587377812e-05
2023-01-06,0.01797746657190768,0.0027606468694071915,-0.00492952989992548,-0.0034525415418719565,9.79913587377812e-05
2023-01-09,-0.008723058745750769,0.014671223242077099,0.0021405548624537645,0.006961658859273792,9.79913587377812e-05
2023-01-10,-0.009667000207483843,-0.008784933196630377,0.0062172539158691816,0.006047946144201216,9.79913587377812e-05
2023-01-11,0.002627674301974323,0.0017200626209498994,0.0003583586277728866,-0.004038253012694756,9.79913587377812e-05
2023-01-12,0.010332622285823842,-0.0037009504430945282,0.002388969680749097,-0.004201458061006244,9.79913587377812e-05
2023-01-13,0.000337112666727912,0.00298701288759625,-0.007274189669834838,-0.003673579614746033,9.79913587377812e-05
2023-01-16,0.01614752708524387,0.0003327873666393046,-0.002610046182767067,0.004595837398792944,9.79913587377812e-05
2023-01-17,0.010481527790798324,0.003909273870212318,-0.0041944629165502675,-0.005799908684862383,9.79913587377812e-05
2023-01-18,0.010301840802680743,0.005977532882543898,-0.007480183399791524,0.0023402758342157158,9.79913587377812e-05
2023-01-19,0.0068493980158891195,0.0010621055888409066,0.0005679209360955478,0.004681080863805767,9.79913587377812e-05
2023-01-20,0.02813183720415302,0.005760261442070891,-0.008871310486441734,-0.0003294727017586007,9.79913587377812e-05
2023-01-23,-0.00226194026639253,-0.011621489468943388,-0.005188783864349795,0.006260382181189566,9.79913587377812e-05
2023-01-24,-0.02384226750479817,0.008052261489580116,-0.0020487751760536726,-0.0016258610169387546,9.79913587377812e-05
2023-01-25,0.01945105233820569,0.0019753107594617006,-0.0032251433438043055,-0.0010831336059634864,9.79913587377812e-05
2023-01-26,-0.005292393171481908,0.00548921677872591,0.0016856340088282709,-0.005663477386791139,9.79913587377812e-05
2023-01-27,0.0014945653321163967,-0.005999378724207608,0.00132232076760992,0.006303064085721232,9.79913587377812e-05
2023-01-30,0.015914608218326323,-0.004053849408026678,0.0036751949837418273,-0.004399122681873222,9.79913587377812e-05
2023-01-31,-0.019027114492707106,0.0008296914707238707,0.0031095349308507122,0.0022986309062903556,9.79913587377812e-05
2023-02-01,-0.014819766569273673,1.4810553312684925e-05,0.004663251157445524,-0.00022789640275560857,9.79913587377812e-05
2023-02-02,-0.019015335245426247,0.0015153429400499479,9.232639996378338e-05,-0.006116698378669976,9.79913587377812e-05
2023-02-03,-0.009329635480305087,0.005522575804649831,0.0013138676032666788,-0.0034546188629399244,9.79913587377812e-05
2023-02-06,0.005475639272203923,-0.008726101576514246,0.002146054807676765,0.008497233434244404,9.79913587377812e-05
2023-02-07,0.006490254113753252,0.004969095358586546,0.0006666267895641029,0.0014099452558068832,9.79913587377812e-05
2023-02-08,0.003515290151942645,0.0001414095497896351,-0.0014887772396682956,-0.005854902048201052,9.79913587377812e-05
2023-02-09,-0.0167531906067084,-0.0009189093056227386,-0.001229770137359081,0.002031969724092151,9.79913587377812e-05
2023-02-10,-0.02752124123959173,-0.007255576171924452,-0.003170233593319862,-0.0006766841895672707,9.79913587377812e-05
2023-02-13,0.0008522430246845872,0.002615243341884325,0.0017864673196393186,0.02092427841346509,9.79913587377812e-05
2023-02-14,-0.005461312403660029,-0.011970539255155187,-0.00027606069634062216,0.0019107430480536348,9.79913587377812e-05
2023-02-15,0.005712629260599341,0.0033419700561935634,-0.0025526950025470596,-0.002083749082398187,9.79913587377812e-05
2023-02-16,0.008623443514655242,-0.00736052917736496,-0.0025489792772983707,0.008720167506722627,9.79913587377812e-05
2023-02-17,0.0018588971847041831,0.00036728956308737016,-0.004741594911131154,-0.010846217003757073,9.79913587377812e-05
2023-02-20,0.009321597024510245,-0.000495844186639602,0.004015365364948799,0.0007659209382865847,9.79913587377812e-05
2023-02-21,0.002950536489380821,0.005947690736469419,0.00041447067812715025,0.012166570968086437,9.79913587377812e-05
2023-02-22,0.0065607764672176,-0.0007932758450694508,-0.0033512000782930807,-0.0004971957061585244,9.79913587377812e-05
2023-02-23,-0.008256079154438588,-0.0033706928057283285,0.0033341909984080727,-0.010199806267888472,9.79913587377812e-05
2023-02-24,-0.001955336965977502,-0.002433013479856015,-0.002141795239177492,-0.0021755077864635862,9.79913587377812e-05
2023-02-27,0.002561313159883487,0.006464413843773318,-0.0055260025080489305,0.008927108245754222,9.79913587377812e-05
2023-02-28,0.010046341705009027,0.0027814848459044683,0.004184889156876532,0.002456417577924627,9.79913587377812e-05
2023-03-01,-0.004524894066694866,-0.0018281499076158066,-0.0020483879582644526,-0.004833136657075107,9.79913587377812e-05
2023-03-02,0.006454007068785352,-0.0010822320998225671,-0.001535596360835158,-0.003911456843074144,9.79913587377812e-05
2023-03-03,-0.002990065502984548,-0.007735885452927234,0.00026472008139670993,-0.0031582016268988803,9.79913587377812e-05
2023-03-06,-0.0012105060079375643,0.002042371004257705,0.00467035689116046,0.0023671873043239772,9.79913587377812e-05
2023-03-07,0.010154228504288878,-0.00869907853847733,0.0001801491634652468,0.00822917679763192,9.79913587377812e-05
2023-03-08,-0.023716724452649874,0.0038589823291772804,-0.004696468504580921,0.0065145380767950255,9.79913587377812e-05
2023-03-09,-0.015357667936897131,0.0007431079624563293,0.0022755080164487207,0.002936073092654771,9.79913587377812e-05
2023-03-10,-0.01758622476931385,0.012034758997869611,-0.0018399588970468962,-0.0077898685603449,9.79913587377812e-05
2023-03-13,-0.02780339343817966,-0.005400677768621529,0.007651695886117866,-0.007767595083960649,9.79913587377812e-05
2023-03-14,-0.007939173281862121,-0.00041331045520316467,9.552111200843933e-05,0.0033995121272825802,9.79913587377812e-05
2023-03-15,0.009193206796732885,0.009091438504615313,-0.008840141991594665,-0.007872826587597366,9.79913587377812e-05
2023-03-16,-0.003218608796590897,0.006056948201457072,0.001529459888622696,-0.0011534021264116255,9.79913587377812e-05
2023-03-17,0.0025734809833022256,-0.003381060257899499,0.007878391169040913,0.002024902677117062,9.79913587377812e-05
2023-03-20,0.013270609960529513,0.0012198371418672388,0.006403681154181559,-0.006625563972176133,9.79913587377812e-05
2023-03-21,0.0161322335872123,0.00010999678207543617,0.007423817155026262,-0.005945574006153182,9.79913587377812e-05
2023-03-22,-0.0006296552167136746,0.001509779336970786,-0.003979040741525854,-0.000364726387406912,9.79913587377812e-05
2023-03-23,0.016443030674832767,-0.003393402179924149,0.003748609583907115,0.003221901725144323,9.79913587377812e-05
2023-03-24,0.0013055199012093105,-0.0003466020135036726,-0.002787978158946847,0.0065691126224825406,9.79913587377812e-05
2023-03-27,-0.009848778685929545,-0.007890261876383569,0.000997157597667698,0.0038423206086233112,9.79913587377812e-05
2023-03-28,-0.006932804226384823,0.0007756172593404103,-0.0049918097149589296,0.0006419395699531671,9.79913587377812e-05
2023-03-29,-0.017566438150780198,0.00235010336710916,-0.002477823059530865,-0.004277168521342296,9.79913587377812e-05
2023-03-30,-0.010457606244803828,-0.00103709706321942,-0.0026049867894544615,-0.0062254419750671156,9.79913587377812e-05
2023-03-31,-0.00409620025689315,-0.007975254452923939,0.0036942211205704648,-0.0028652625299748855,9.79913587377812e-05
2023-04-03,0.00984302023254322,0.0050426593142573126,0.0033028764866786216,0.002659613509883403,9.79913587377812e-05
2023-04-04,0.020849237973991804,0.0019226251899640114,0.001207278917323283,0.0022197422397640574,9.79913587377812e-05
2023-04-05,-0.01638617818452448,-0.0035300754885048843,-0.005301685672221542,-0.012399411914350735,9.79913587377812e-05
2023-04-06,0.004913929619119027,-0.0013030022341903199,-0.00114655773579888,-0.0045140621696050185,9.79913587377812e-05
2023-04-07,-0.012286527269890412,-0.007403347013909194,-0.0028844659317709045,0.007427045309636935,9.79913587377812e-05
2023-04-10,0.005896365061558423,-0.005027050638889522,0.003578703026777964,0.0006752902868248366,9.79913587377812e-05
2023-04-11,-0.001373039808252719,-0.0025890567317856973,0.004812739411268739,-0.008302053478617915,9.79913587377812e-05
2023-04-12,-0.021770869910170364,0.006242104061400756,0.0043255423441235325,0.014334927089588908,9.79913587377812e-05
2023-04-13,0.011339563898821813,-0.0030975169544373783,-0.0029208776776680823,2.6349606111412147e-05,9.79913587377812e-05
2023-04-14,-0.0070600085537047726,0.0033010682966437936,-0.010858132489157917,0.0025060037558804478,9.79913587377812e-05
2023-04-17,-0.006206802860482656,-0.002591581014307899,-0.006967847592520217,0.002597148536270807,9.79913587377812e-05
2023-04-18,-0.012637028935476278,0.0013397378042593743,0.005786507912328834,-0.002005572796961116,9.79913587377812e-05
2023-04-19,-0.007651399320250667,-0.0006069775107190108,-0.0015050197572792957,-0.004165442090928366,9.79913587377812e-05
2023-04-20,0.005334685288339007,0.004465283000463717,-0.0029028984730604503,0.012930049910395643,9.79913587377812e-05
2023-04-21,-0.0020709320912368663,-0.0025740566910927897,0.0066706411737449366,0.006219235217706503,9.79913587377812e-05
2023-04-24,0.004143944027389772,-0.007762641250012205,0.0051606397819533075,0.005131623206652059,9.79913587377812e-05
2023-04-25,0.004543062247146124,-0.006809745156818163,0.0001977948876791466,0.0036577351503092642,9.79913587377812e-05
2023-04-26,0.016047939866338002,-0.002559387469713787,-0.0010736123642558955,-0.005819904342170108,9.79913587377812e-05
2023-04-27,-0.003913433810372552,-0.006145299853390264,-0.0004284048512525009,0.007865181150441642,9.79913587377812e-05
2023-04-28,-0.017522293802148783,0.0021510600783977564,0.0010086511935498642,-0.004858795948070496,9.79913587377812e-05
2023-05-01,0.013006668998863796,-0.002228840824290389,0.0065001891252784326,0.0018997207889038744,9.79913587377812e-05
2023-05-02,-0.0037778580651670565,0.011973032750132158,0.001789869696948907,-0.009636339432787413,9.79913587377812e-05
2023-05-03,0.013575109334928524,-0.008588572975685662,0.0030041161321565655,-0.012045153103885117,9.79913587377812e-05
2023-05-04,0.0048005253581896445,0.0011181658935490062,0.004777080436280686,0.0021097472159186882,9.79913587377812e-05
2023-05-05,-0.001373650362440139,-0.005539765117528345,-0.004578704004097676,-0.004654595603169449,9.79913587377812e-05
2023-05-08,0.004385310728555541,-0.002367006701913393,0.0031194475698961715,-0.011735005427783638,9.79913587377812e-05
2023-05-09,0.023612150721515592,0.0008070973667027209,-0.0010782750186464453,0.0034436570176824533,9.79913587377812e-05
2023-05-10,0.025123766348645035,-0.011526856874371435,-0.009964380783091064,0.012920484626304737,9.79913587377812e-05
2023-05-11,0.0010325736215933445,0.0012841305839401374,-0.00841267816794325,0.00853736155148037,9.79913587377812e-05
2023-05-12,0.0021222871198049035,0.009614537311370838,-0.003972470446074743,-0.001343907311594035,9.79913587377812e-05
2023-05-15,0.013114881889596627,-0.0021671914918429645,0.0022248929143703256,0.00025307184018167434,9.79913587377812e-05
2023-05-16,-0.009947932393208165,0.0013990392840275475,0.0005551982613611858,0.005526237540703479,9.79913587377812e-05
2023-05-17,0.004196844471419061,0.0052246084656269965,0.0008374668287026561,0.006932768119009441,9.79913587377812e-05
2023-05-18,-0.00011035417544627679,-0.0007197675001349828,0.007903773930746769,-0.0018612143129541924,9.79913587377812e-05
2023-05-19,0.003966898537490643,-0.002804800942657416,-0.004976358459439249,0.00040506629434744576,9.79913587377812e-05
2023-05-22,-0.009800425671392868,-0.011278682018608762,-9.733416734894378e-06,0.0020036888405872188,9.79913587377812e-05
2023-05-23,-0.01887480991970763,0.0033049535969748665,0.0013177420912552625,0.003523257921672991,9.79913587377812e-05
2023-05-24,-0.024675801231895503,-0.00046584204864448623,-0.002845092466153342,-0.0005984586520676016,9.79913587377812e-05
2023-05-25,-0.013208609355875294,-0.004963419256940808,0.00021330698033176387,-0.0005205114704124657,9.79913587377812e-05
2023-05-26,-0.005304103419271997,0.0007329835513884679,-0.006299797336337379,0.00847899397852633,9.79913587377812e-05
2023-05-29,-0.003318299039785142,-0.002818401784030907,0.005739624869100112,0.007457124214657317,9.79913587377812e-05
2023-05-30,0.0234467739491542,-0.0025421306555776283,-0.0026264582101217355,0.0030644634406165297,9.79913587377812e-05
2023-05-31,0.01347192043888758,0.003131455780543541,0.008225600659114011,0.010514654420137572,9.79913587377812e-05
2023-06-01,-0.011345093396099527,-0.0065919120566192225,-2.9897295669820186e-05,-0.0021186745733585022,9.79913587377812e-05
2023-06-02,0.004372501429411483,0.005336576430368793,0.004212214261596733,0.009937840691776284,9.79913587377812e-05
2023-06-05,-0.004684938836203902,-0.0068884308155920185,-0.0001132114759646175,0.003455092661213303,9.79913587377812e-05
2023-06-06,-0.0032123660564811417,-0.0032135070417763194,-2.297532904211928e-05,0.019826156733287536,9.79913587377812e-05
2023-06-07,0.002423907792984584,0.009714730970332887,-0.0022361173328880315,-0.006954891560694867,9.79913587377812e-05
2023-06-08,0.007630053403704719,0.0057367738082121115,0.0005764957174651105,-0.00393607151330405,9.79913587377812e-05
2023-06-09,-0.0038711018066081844,0.000588019962477201,0.0013719947776561897,0.0027127869692032862,9.79913587377812e-05
2023-06-12,0.012966218392812303,-0.004602651077506082,-0.0030370340356607197,0.0025834043178739516,9.79913587377812e-05
2023-06-13,-0.013503258713708848,-0.0025463615334994664,-0.0004001776634395369,0.011900833905050113,9.79913587377812e-05
2023-06-14,0.0002760687483472213,0.000466376572928482,-0.002340395464228455,-0.0038102480997972035,9.79913587377812e-05
2023-06-15,0.03137208471914999,0.0002876161616979921,0.009298656278459355,0.005629511112163306,9.79913587377812e-05
2023-06-16,0.0028769569115033016,-0.0003543546481298143,-0.00025892307964647414,0.007174778028091974,9.79913587377812e-05
2023-06-19,0.017398574079274073,-5.416257042092165e-05,0.006280928606786237,0.004427886993323885,9.79913587377812e-05
2023-06-20,0.0012982421380784983,-0.0009718755485255703,-0.0006824893232307532,-0.00556597805154592,9.79913587377812e-05
2023-06-21,0.00716932514395756,-0.007109893678200065,0.0011371505661396319,0.008646552831525189,9.79913587377812e-05
2023-06-22,-0.00048139833271229843,-0.0024825537108041644,-0.005185456286581077,0.007575949587892482,9.79913587377812e-05
2023-06-23,-0.001844890973970453,0.004673120269934233,-0.0016882903674714585,0.0037975071187422646,9.79913587377812e-05
2023-06-26,-0.009153788760705035,-0.006741671487755587,0.0009421386831569871,0.001426086123253725,9.79913587377812e-05
2023-06-27,0.005363616307490639,-0.0008477775576963926,0.006444015323839467,0.0015566480602662279,9.79913587377812e-05
2023-06-28,-0.010018446270229214,-0.00399876964385422,0.0009879311107050847,-0.0002724147534362663,9.79913587377812e-05
2023-06-29,0.00818702283576115,0.0006567521469905567,0.005634881444771997,0.004044710805515851,9.79913587377812e-05
2023-06-30,0.01322344405335092,-0.0018431659053340908,0.002662916440811681,0.00038680911766986534,9.79913587377812e-05
2023-07-03,0.004598376886846759,0.007486968324873345,0.006609605357858744,-0.004891149852115848,9.79913587377812e-05
2023-07-04,-0.0032349848026683023,0.002632915770951269,-0.00013616886922022172,-0.006091549868965553,9.79913587377812e-05
2023-07-05,0.005647586951704353,-0.006459015828886056,0.009660890842607217,-0.004312217521913753,9.79913587377812e-05
2023-07-06,-0.003504076666556951,0.003456140058068493,-0.001841584811656492,0.0015327934552967107,9.79913587377812e-05
2023-07-07,0.011426565505581791,-0.0037732592813103155,-0.0029658473367906763,3.826498138875608e-05,9.79913587377812e-05
2023-07-10,-0.021776873010581486,-0.002784981856887668,-0.004740211398756137,0.0014920627597324954,9.79913587377812e-05
2023-07-11,-0.0038272884174237547,0.0016690951005356091,0.00942409868623228,0.003204878801276666,9.79913587377812e-05
2023-07-12,-0.023689743941487974,-0.002358737098650674,0.0033777902904715902,-0.003563925555501274,9.79913587377812e-05
2023-07-13,-0.01774072996272646,0.004564279081614777,-0.0012364829335212337,0.008993961010072087,9.79913587377812e-05
2023-07-14,0.01656634675776691,-0.0037725503075669775,0.00509609078749398,-0.0014062649622848464,9.79913587377812e-05
2023-07-17,0.010942219783660232,-0.002994732762956816,0.0028507687404711276,-0.002400561908689054,9.79913587377812e-05
2023-07-18,-0.008433762799417484,-0.0031818544677405447,0.00796450988550236,0.0030943174239947144,9.79913587377812e-05
2023-07-19,-0.017830041472490767,-0.002728193741775195,-0.006091331330959645,-0.010819061214250436,9.79913587377812e-05
2023-07-20,-0.035374346054099816,0.0055959577777390645,-0.0009614404332570182,-0.0045432066983375164,9.79913587377812e-05
2023-07-21,-0.006321946095191615,0.0032439814680515155,-0.0017500855357713016,0.006086436792150997,9.79913587377812e-05
2023-07-24,0.02924498014696883,0.008649719770060356,-0.007794730705634406,-0.010224531574372664,9.79913587377812e-05
2023-07-25,0.005418611257563768,0.011438221019496273,0.004341308819118777,0.006905445181598935,9.79913587377812e-05
2023-07-26,-0.0065148674325938745,-0.005053585159661699,-0.0009815862232134336,0.009266819398154809,9.79913587377812e-05
2023-07-27,0.005780962514003675,0.0004520956366364444,0.003058524819946249,-0.00201673202694249,9.79913587377812e-05
2023-07-28,-0.018531500235933317,-0.005781001583217165,0.009539087737318446,0.0019508766045578606,9.79913587377812e-05
2023-07-31,-0.003367880352371625,-0.003788029638741336,-0.001312974767310433,0.006914522509106159,9.79913587377812e-05
2023-08-01,0.001393729676188862,-0.0030504125512783474,-0.0015846119306286207,-0.002600735128261118,9.79913587377812e-05
2023-08-02,-0.0008332078218525821,-0.0051857743706913715,0.0005746566788959841,0.005406653123157089,9.79913587377812e-05
2023-08-03,0.009689673460280967,-0.005159436364492068,0.0040489894119336385,-0.003826892770784029,9.79913587377812e-05
2023-08-04,0.004335742714832628,-0.0006214218926012743,-0.0021668521012405996,-0.002665613759999076,9.79913587377812e-05
2023-08-07,0.008219912217295964,-0.005983592091932035,-0.0024238463885285226,-0.004596018785949843,9.79913587377812e-05
2023-08-08,-0.008060467386769113,0.0043106347956881645,0.004328757080965464,0.0022558831951688205,9.79913587377812e-05
2023-08-09,0.010973784900926578,-0.004488767687087571,0.0016145572953521422,0.007147814315393297,9.79913587377812e-05
2023-08-10,0.019747243371487897,0.01414784485048196,-0.008078913052019283,-0.0009046775927029858,9.79913587377812e-05
2023-08-11,-0.011441794235816951,-0.002156922254821976,-0.004801567197876433,-0.00742749495947442,9.79913587377812e-05
2023-08-14,-0.010452347868574716,0.0004600882095852611,0.006104943455308842,-0.006296240933720895,9.79913587377812e-05
2023-08-15,0.016229412035842793,-0.006376705922330176,0.0017077131323152501,0.0025675965282232426,9.79913587377812e-05
2023-08-16,-0.0020961278403407234,0.008630458790638196,-0.0029487837241489964,0.011264698480365617,9.79913587377812e-05
2023-08-17,0.017045856704798683,0.005697503404014582,-0.0005816386289399286,0.0025623499958863853,9.79913587377812e-05
2023-08-18,-0.005110428542706207,0.0015845793536805627,0.0001529466912066808,-0.002121379303907516,9.79913587377812e-05
2023-08-21,0.017660546915248536,-0.006634012743897828,0.003042933441120655,0.0047971038011017045,9.79913587377812e-05
2023-08-22,0.0017778298016654264,0.0011533343886231016,-0.005333053579435158,-0.0012369918135204782,9.79913587377812e-05
2023-08-23,0.0032987458798723426,-0.005507155230086274,-0.0032637965546818324,-0.0020697113041852383,9.79913587377812e-05
2023-08-24,0.018976616260038853,0.007411776317366804,0.0011918230194535556,-0.005550754634171582,9.79913587377812e-05
2023-08-25,-0.0041412457293300555,0.004145973659265864,-0.0002993383219818013,0.008650693065478136,9.79913587377812e-05
2023-08-28,-0.0110934651510995,0.0005771951924386806,0.0023874367305468393,-0.015035247504973981,9.79913587377812e-05
2023-08-29,-0.0051827704963402525,-0.012081878316236612,-0.004818029589438391,0.0049871552016756155,9.79913587377812e-05
2023-08-30,0.005628007407717664,-0.004817079893295153,0.0015285147050852846,-0.0025824696267852214,9.79913587377812e-05
2023-08-31,-0.018589108866166174,0.003538805657999362,0.004466334477509889,-0.0022620443887096764,9.79913587377812e-05
2023-09-01,0.007849650831813458,0.0061644184586157795,0.0020472741885971335,0.010353890936706876,9.79913587377812e-05
2023-09-04,-0.0062652558114129194,0.005645849057460658,0.0006564469590463676,-0.0040847865532003085,9.79913587377812e-05
2023-09-05,0.013973751928802762,-0.007860065011207278,-0.0002835344102638835,-0.0038804149241704606,9.79913587377812e-05
2023-09-06,-0.02853112365880566,0.0016077615340645203,-0.0032394046110860073,-0.0005823654335171822,9.79913587377812e-05
2023-09-07,-0.009238789301250024,0.005177576082414648,-0.00018799436975915388,0.0026830843148734295,9.79913587377812e-05
2023-09-08,-0.020037617814809224,-0.008191677827911227,0.005138823411521624,-0.0024511346937572164,9.79913587377812e-05
2023-09-11,-0.00971475359636743,6.047742313381827e-05,-0.00037611402640050096,-0.009243153583215312,9.79913587377812e-05
2023-09-12,0.0031719908133073177,0.0014692119915422812,-0.003459215957393641,-0.004994189085290593,9.79913587377812e-05
2023-09-13,-0.001950719505397059,-0.0014038229242336745,-0.0018689883550615453,0.007888003138787117,9.79913587377812e-05
2023-09-14,-0.0028405308273761793,-0.009160809277006009,0.0009034011891037207,0.0006486607348130687,9.79913587377812e-05
2023-09-15,-0.0017102184565607294,-0.0015284905503686434,-0.0013940559887233878,0.0029065237022229324,9.79913587377812e-05
2023-09-18,0.0026406588874393214,-0.00153652715127512,0.0020412131322525627,-0.0013685272430382254,9.79913587377812e-05
2023-09-19,-0.011902432503317293,-0.0006403620227387709,0.0021913750429961216,-0.0037569861770396173,9.79913587377812e-05
2023-09-20,0.00868219569078861,-0.002717357127125348,0.0036559327216185928,0.010265416699252466,9.79913587377812e-05
2023-09-21,0.008151991644625808,-0.002115060766207337,0.005794237889060132,-0.000929151142306484,9.79913587377812e-05
2023-09-22,0.004820455251873212,-9.85314117348895e-05,0.004083434897489443,-0.002460219277162761,9.79913587377812e-05
2023-09-25,0.006878401313015157,0.0023122730248485556,-0.0036369562565918396,0.006776854198132037,9.79913587377812e-05
2023-09-26,0.003757016009703914,-0.001422133814283336,-0.0035141377863050893,-0.004134162153204312,9.79913587377812e-05
2023-09-27,0.024620879632772808,-0.0019482446418400093,-0.0002030859058392977,-0.0033683640626439803,9.79913587377812e-05
2023-09-28,-0.0008451300526301188,0.0005617701912722904,-0.001704701428957658,0.000261480104101388,9.79913587377812e-05
2023-09-29,-0.003484998620014921,-0.009504579629475908,-0.00445330690784377,0.00020162062452907823,9.79913587377812e-05
2023-10-02,-0.008842330964288533,0.00248517563613229,-0.001666767176691977,0.0017576680874192864,9.79913587377812e-05
2023-10-03,-0.012187152046934041,9.718451438520596e-05,-0.001798051734476156,0.012750014536372927,9.79913587377812e-05
2023-10-04,-0.014733661451212904,0.00029846763298780915,-0.0025873909590448233,0.0022174894781142227,9.79913587377812e-05
2023-10-05,-0.010465567758771022,0.00490367153797232,-0.0011631579446200226,-0.014068323776504802,9.79913587377812e-05
2023-10-06,-0.0006481645798248558,-0.009664077650241241,0.004813803401273325,0.0021577936605893656,9.79913587377812e-05
2023-10-09,0.004211541541972574,-0.00976916934929482,0.0008969521649969571,0.00042727996693759296,9.79913587377812e-05
2023-10-10,0.0008137047026259414,0.0014690192266175977,0.009987236304221877,0.00046070014610874596,9.79913587377812e-05
2023-10-11,-0.008986423329156555,6.441572435742114e-05,0.0007820327440785975,0.0016756838563770243,9.79913587377812e-05
2023-10-12,0.01100221476823956,0.0009508847159596612,-0.001060263095749007,2.7930273951203748e-05,9.79913587377812e-05
2023-10-13,0.009072952067611372,-0.002210635375862228,0.00011653153061946437,-0.00011567255833233405,9.79913587377812e-05
2023-10-16,-0.0017157796890642039,0.003421768371199656,0.0011259679137741601,0.003878265258624717,9.79913587377812e-05
2023-10-17,-0.007634993735976546,0.0047631942149556,0.0018410158286842546,-0.003052484783167006,9.79913587377812e-05
2023-10-18,0.006781135049957594,0.0025199114697576352,0.008406845303436095,-0.005486118013835054,9.79913587377812e-05
2023-10-19,0.0024556830498332536,-0.0012041422920229157,-0.003281281859910275,0.018342688715734346,9.79913587377812e-05
2023-10-20,-0.017177527112980574,-0.010438446938072015,0.0035361842327109425,-0.004095144662687401,9.79913587377812e-05
2023-10-23,-0.0006157630718128588,0.00394618104018564,0.0009310023904564955,0.0008008574747604588,9.79913587377812e-05
2023-10-24,0.0033444297448925724,0.006208643331087964,-0.00618439097028247,-0.008773961505252203,9.79913587377812e-05
2023-10-25,-0.010596337437853045,0.0033227920599199,0.003182795128379053,0.0008988104903085315,9.79913587377812e-05
2023-10-26,0.002478120714049316,-0.004298212136837533,0.00517049424321562,-0.0053993533041360115,9.79913587377812e-05
2023-10-27,-0.01725786982309347,0.0034689719683387893,-0.003328705615109719,-0.0024548376571000654,9.79913587377812e-05
2023-10-30,0.01623423320014605,0.004402648539807228,6.426452843211723e-05,0.006470387994626742,9.79913587377812e-05
2023-10-31,0.015175399820713182,0.007894081238995428,-0.006801417048030814,0.0030320574102684424,9.79913587377812e-05
2023-11-01,-0.002830208011635577,-0.004280549621139788,-0.004935225838737346,0.0036104571474489147,9.79913587377812e-05
2023-11-02,0.0045614520540688775,-0.0010322729227206923,0.004292118310469011,-0.010427229030351176,9.79913587377812e-05
2023-11-03,-0.0287190635895985,0.003836360255717276,-0.001765666024029738,0.011221371018974078,9.79913587377812e-05
2023-11-06,-0.013676171923183994,0.00038705035719078894,-0.004335211899752157,-0.006951287865651251,9.79913587377812e-05
2023-11-07,-0.0033253470418255575,-0.005486638010256374,0.0010178414578337187,0.00937136488576319,9.79913587377812e-05
2023-11-08,-0.01266559625712231,0.002173081425133515,-0.0019896497257240933,0.006329263195888917,9.79913587377812e-05
2023-11-09,0.008772757791567906,0.0029933081690758333,-0.0017832866311021443,0.0036639964507080808,9.79913587377812e-05
2023-11-10,0.02416755836897593,0.0005398144816550099,0.003057304102699613,-0.00492990868545029,9.79913587377812e-05
2023-11-13,-0.013919376633151624,0.0011979246358997209,-0.004546933435737386,0.0011095390689171375,9.79913587377812e-05
2023-11-14,-0.009849560849022313,-0.0011935295084286508,-0.003521460850727329,-0.002625528463869159,9.79913587377812e-05
2023-11-15,0.003025380419719164,0.007491394678580297,0.0007163199685954746,0.0003742374290317509,9.79913587377812e-05
2023-11-16,0.01953339378199545,-0.004403460918563383,0.003977639162992821,-0.0012992335545133592,9.79913587377812e-05
2023-11-17,-0.014468491750478837,-0.0028366038138188947,0.005052641205959399,-0.01203166303943445,9.79913587377812e-05
2023-11-20,0.0031884334676833036,0.0001549275676376281,-0.002560246881446492,0.006930704905907528,9.79913587377812e-05
2023-11-21,0.022055586209757304,0.0044947701385044635,0.0038495078676785916,-0.00028664293929616703,9.79913587377812e-05
2023-11-22,-0.019621109778151208,-0.007386865850472684,-0.003036569173881636,-0.0027088023970134223,9.79913587377812e-05
2023-11-23,-0.015172830482149985,-0.006451483748827196,0.0074048373876272,-0.003161963396978606,9.79913587377812e-05
2023-11-24,-0.00488327927753006,-0.01008864253867359,-0.004435084101678913,0.002350757458200609,9.79913587377812e-05
2023-11-27,-0.006047060954264933,0.00026347612626635394,0.005413915243166924,-0.0051625380297668335,9.79913587377812e-05
2023-11-28,0.009951215453043736,-0.005491529086032719,-0.0025259444272748956,-0.01333105335084426,9.79913587377812e-05
2023-11-29,0.003099916637850057,-0.0018227505500895836,0.0081529858191784,0.002642778819249657,9.79913587377812e-05
2023-11-30,-0.02109954471570554,0.00340689094945854,0.002465282915409937,0.0033146179877409305,9.79913587377812e-05
2023-12-01,0.00638492483480973,-0.003107713603914233,-0.003964066117632887,-0.0009977909480657974,9.79913587377812e-05
2023-12-04,-0.006730466648267807,0.001256410113716823,-0.0019889539181700273,-0.006687417251140053,9.79913587377812e-05
2023-12-05,0.01549336660329487,-0.0013966895387586102,0.0032247248208949666,0.000733613245335712,9.79913587377812e-05
2023-12-06,-0.0073310504372430365,0.003460571575482184,0.004310577670462246,-0.008587194209881532,9.79913587377812e-05
2023-12-07,-0.007439383397226829,0.0024756403367400437,-0.00018286236689785048,-0.005963383580125957,9.79913587377812e-05
2023-12-08,0.0066935793296543766,-0.0033596684808730503,0.0002786331238538656,-0.004304187619024968,9.79913587377812e-05
2023-12-11,0.00935511778804324,-0.0007432587670022631,0.003133412130576262,0.005263634425349336,9.79913587377812e-05
2023-12-12,0.005577192367234442,0.005318716988602473,0.0006271937080432799,-0.0019756657026215024,9.79913587377812e-05
2023-12-13,-0.0200271678086177,0.002066884351270485,-0.005074019437353503,-0.0024871984706587636,9.79913587377812e-05
2023-12-14,0.006656413279139012,-0.006884810288755657,-0.003151896098560723,0.011928155092467477,9.79913587377812e-05
2023-12-15,-0.012211696620092787,0.0033780903058569134,0.0010404797726066603,0.002314774983132284,9.79913587377812e-05
2023-12-18,0.0030233133390591624,-0.005323053112181191,0.004961929665990775,0.0022339670628489564,9.79913587377812e-05
2023-12-19,-0.016884813224788724,0.0071625653498050305,0.006563929696648191,-0.0020182044712526493,9.79913587377812e-05
2023-12-20,0.005555865770516763,0.005220494199205125,0.003218117683085801,-0.0033782300058206663,9.79913587377812e-05
2023-12-21,-0.00947918685168847,0.001549427379592004,0.001249163044145455,-0.012918438640102904,9.79913587377812e-05
2023-12-22,-0.01519161580312626,0.000886164217180967,0.003095255543929908,0.006012443191541349,9.79913587377812e-05
2023-12-25,0.008765841637788794,-0.0009451612801371001,-0.002567003400827423,0.002889858234538275,9.79913587377812e-05
2023-12-26,0.0030997342601210157,0.0034926197570001403,-0.0005129238410328566,-0.00087499595928048,9.79913587377812e-05
2023-12-27,-0.007167721616714766,-0.0017538908473103082,-0.0031965228853579066,-0.0006233602110175345,9.79913587377812e-05
2023-12-28,0.017614146188252768,0.0012778493531994694,-0.004894970442830846,0.00461686557356633,9.79913587377812e-05
2023-12-29,-0.00508782905883691,0.004459671832597256,0.0014341960465448199,-0.009128260438479118,9.79913587377812e-05
2024-01-01,0.000585292087651216,-0.0027090327176279485,0.0008420532263389745,-0.003339287989322833,9.79913587377812e-05
2024-01-02,0.0034269613721432113,-0.002980963699953473,0.0028506099380360512,-0.006617817177355183,9.79913587377812e-05
2024-01-03,-0.007235991209543363,-0.005871827403622295,0.002284447323569789,0.010829055694920478,9.79913587377812e-05
2024-01-04,0.005853635520799152,-0.005222363730630861,0.001070577085295448,0.005453933191119804,9.79913587377812e-05
2024-01-05,-0.0062014281659766935,-0.009041976557207513,0.002326466662710217,-0.013016155846812184,9.79913587377812e-05
2024-01-08,-0.004739659866594511,0.003749143945077648,-7.073238490990653e-05,-0.008882569759839854,9.79913587377812e-05
2024-01-09,0.016551711677640094,0.009144572710413853,0.0017515655808896025,-0.0005940740401449178,9.79913587377812e-05
2024-01-10,-0.012287032630149197,0.007226644717351528,-0.0028045776107454385,-0.002634641272434548,9.79913587377812e-05
2024-01-11,-0.028753363971153884,-0.008030422443132583,0.0015788237025565204,-0.00774629324846133,9.79913587377812e-05
2024-01-12,0.01953124394014273,0.003724273357781,0.0027736707411440374,0.011868573425902936,9.79913587377812e-05
2024-01-15,0.030791935431284036,0.007210531749617783,-0.0025787257122888126,0.0020752394838954753,9.79913587377812e-05
2024-01-16,-0.0046632311853919825,-0.0021840499036933202,0.0003073283959713869,0.0030488979371785492,9.79913587377812e-05
2024-01-17,-0.023042056487442224,0.0006072371532502474,-0.0023944100385174384,-0.0039520896953932835,9.79913587377812e-05
2024-01-18,-0.003525807714351325,-0.009939465254023352,-0.0020060267860644598,0.004533644883068014,9.79913587377812e-05
2024-01-19,-0.0032346753980880306,0.0014336808398832076,-0.0043997174204086185,-0.0020825965658920705,9.79913587377812e-05
2024-01-22,-0.0020790860922670846,-0.005217798647173587,0.005163099700666223,-0.0015000590422449963,9.79913587377812e-05
2024-01-23,-0.013160656503062178,0.0010981750895575728,0.004362740698880191,0.003866011758951559,9.79913587377812e-05
2024-01-24,0.007154733709717728,-0.007706014610944402,0.0022497354169093483,-0.009573985390361799,9.79913587377812e-05
2024-01-25,0.006494088503433033,0.0028142911223879795,0.007988783807775256,0.009782167159105896,9.79913587377812e-05
2024-01-26,-0.01773286743783168,0.005222563377133449,-0.0006569827862735667,0.0012943352883432548,9.79913587377812e-05
2024-01-29,0.008590360780338655,-0.0038158993085758383,0.012227049660442538,0.007885665252682547,9.79913587377812e-05
2024-01-30,0.024832219783350692,-0.005584612907052172,-0.0008101176614528815,-0.006252518539712911,9.79913587377812e-05
2024-01-31,0.002263523989244718,-0.010680115212749907,0.0011207734070240657,-0.005338990744169159,9.79913587377812e-05
2024-02-01,-0.0038479019448220725,-0.0012320676703758851,-0.0014911116557608326,-0.006771401329598874,9.79913587377812e-05
2024-02-02,-0.0015040385728902557,-0.002807969671408026,0.00158930224024122,0.0017017860359890334,9.79913587377812e-05
2024-02-05,0.007583081203622734,-0.007655097061740274,0.0034424597115449776,0.0005958998115094765,9.79913587377812e-05
2024-02-06,-0.02056805926608662,0.002365093781560858,-0.00035566557221233575,-0.002586470915387083,9.79913587377812e-05
2024-02-07,0.002172688435727627,-0.002149851909323246,0.0072068793884704834,-0.005884415157311677,9.79913587377812e-05
2024-02-08,-0.004485567393553722,-0.0052786797932261615,0.0010565971385338429,-0.007399577618385055,9.79913587377812e-05
2024-02-09,0.022373900155472543,-0.0026728620282022355,0.0011819415444407966,-9.090340282393589e-05,9.79913587377812e-05
2024-02-12,-0.0018900728056594944,0.005456522694648079,-0.0035359907780548702,-0.0025935206775316005,9.79913587377812e-05
2024-02-13,0.020214651333434235,0.003114684718776111,0.001773996298201538,-0.003913641954149574,9.79913587377812e-05
2024-02-14,-0.013044888373384087,-0.0005501303074924492,-0.00043610888323746244,0.009482536916789658,9.79913587377812e-05
2024-02-15,0.007247110001633507,0.0031955250923242627,-0.0023329589173491476,-0.0002939540691564035,9.79913587377812e-05
2024-02-16,0.004032803165494746,-0.0057045597819336945,-0.003005897632593456,0.007820257603561552,9.79913587377812e-05
2024-02-19,-0.010228566974377388,0.0002618505036351527,0.01078705351902674,-0.0029995130960961793,9.79913587377812e-05
2024-02-20,0.0023287533756432854,0.0008366116524323528,-0.0009539090007161415,0.0016686577027919414,9.79913587377812e-05
2024-02-21,0.014750226041979207,-0.002249182542493635,-0.005727941683125071,-0.00013285609753800937,9.79913587377812e-05
2024-02-22,-0.0036855004514392085,0.002277291679787089,-0.0026928858389302906,-0.009985733857108735,9.79913587377812e-05
2024-02-23,-0.02010355179003716,-0.0038021672732222564,-0.00010627135790485438,0.008770029837583477,9.79913587377812e-05
2024-02-26,-1.0753917729350911e-05,0.0026491035388805893,0.0022866681304659396,-0.0006109216421944953,9.79913587377812e-05
2024-02-27,-0.010629077137510151,0.0028592938576564595,0.0023191860869012535,0.004678509317797763,9.79913587377812e-05
2024-02-28,-0.003908091263966589,-0.014485799403485333,0.0028064582071061013,-0.004312172334769357,9.79913587377812e-05
2024-02-29,-0.0007790532362214518,0.006051528517550589,-0.0024794412265493186,-0.0007890662894785879,9.79913587377812e-05
2024-03-01,-0.02026782659218621,-0.01513816282676377,0.0014617617740061819,-0.005001114159540129,9.79913587377812e-05
2024-03-04,-0.01918790007184814,-0.0029802451277806266,-0.003404237856442314,0.00761599089658036,9.79913587377812e-05
2024-03-05,0.005984802026306303,0.005226740171288775,-0.002378571932056047,0.0020684560847040543,9.79913587377812e-05
2024-03-06,-0.0060726243540361645,-0.0014864336262622034,-0.003570835898001038,0.002402321160085329,9.79913587377812e-05
2024-03-07,-0.030576932101846806,-0.00723092991234771,-0.004653555418393078,0.008349104882629875,9.79913587377812e-05
2024-03-08,0.009618128439297621,-0.005368685308583353,0.004356837955432035,0.0071380477813941376,9.79913587377812e-05
2024-03-11,0.003468437063290878,0.005234528731603099,0.0028544468039155505,0.004792055216817712,9.79913587377812e-05
2024-03-12,-0.008366497888437806,-0.009507522652743192,0.00400666147991252,-0.008330364082224775,9.79913587377812e-05
2024-03-13,-0.015601962532698898,0.0057449555048100865,0.0002572522640971852,-0.003974074717100102,9.79913587377812e-05
2024-03-14,0.010229694755772047,-0.0001755104952114467,0.003207230795460586,-0.005823328816068117,9.79913587377812e-05
2024-03-15,0.004392207470725155,-0.005861976652212168,-0.00694515761857018,0.004565202161754795,9.79913587377812e-05
2024-03-18,0.02879122739220888,-0.0028155753615134557,0.0035523500721814203,0.0012239116505003086,9.79913587377812e-05
2024-03-19,0.005242263184699248,-0.004986121705508206,0.0008084793200201208,-0.008143074601783568,9.79913587377812e-05
2024-03-20,0.004852437695144178,0.004431126004292643,0.0026084384005966624,-0.0009324652780673652,9.79913587377812e-05
2024-03-21,-0.0018031351613027814,0.0037621390488141913,0.0016200931961944526,-0.008764674014312671,9.79913587377812e-05
2024-03-22,0.010001310406409492,-0.008495805669380234,-0.003848220618147547,-0.00011893892841855925,9.79913587377812e-05
2024-03-25,0.007701022414977844,-0.0019179605925966705,-0.005892159101564186,-0.009732235023923109,9.79913587377812e-05
2024-03-26,0.01522070010278234,-0.0042159283117213855,-0.0027482166647318533,0.0033729649603076776,9.79913587377812e-05
2024-03-27,-0.006055875023647418,0.006567549842296852,0.0023596691250916484,0.0024677757562044413,9.79913587377812e-05
2024-03-28,-0.0050248896753275485,-0.006650495590632105,0.0028603656607015817,0.01164769096008129,9.79913587377812e-05
2024-03-29,-0.005549238050943762,0.008121145523425069,-0.005371769109527451,0.0052872397369840545,9.79913587377812e-05
2024-04-01,0.00968962065414787,-6.647369758468783e-05,-0.0038243974698728583,-0.0023374855349350162,9.79913587377812e-05
2024-04-02,0.018180493283560785,-0.005709672031900438,-0.0027929427437633574,0.005108420559646915,9.79913587377812e-05
2024-04-03,-0.005306085917791608,-0.0032863709200463896,-0.0013292202410672628,-0.008185983285671071,9.79913587377812e-05
2024-04-04,-0.004897284733517095,-0.003908094203842253,-0.005348203323410608,-0.005574835622086513,9.79913587377812e-05
2024-04-05,0.00396892668643759,-0.00627309201007753,-0.00558820706456053,0.0021988551924506604,9.79913587377812e-05
2024-04-08,-0.002749138000154817,0.0005741342986518783,-0.003187341185630216,-0.012749497976487563,9.79913587377812e-05
2024-04-09,0.01162464383767868,-0.006039577753459217,0.00044501534490002265,-2.2964709603298205e-05,9.79913587377812e-05
2024-04-10,-0.026821327487428562,-0.010801831043690945,-0.004622377359013962,-0.005921579752710525,9.79913587377812e-05
2024-04-11,-0.009720460563002735,-0.0017983823542408654,-0.00036321403988706446,0.0008078423309195813,9.79913587377812e-05
2024-04-12,-0.009188996007537349,-0.008914280982089413,0.004334211264567262,-0.006266418148283581,9.79913587377812e-05
2024-04-15,-0.02764427214863374,-0.003660804340337602,-0.00510711894965404,0.0027454888247311327,9.79913587377812e-05
2024-04-16,-0.011363661332425648,-0.004445514443016779,-0.0007257830336421579,0.00031596454200433775,9.79913587377812e-05
2024-04-17,-0.010781873390151114,-0.00425608036012907,0.00419902693500309,0.008602195501287983,9.79913587377812e-05
2024-04-18,-0.0022132558542259637,0.010104815507950768,-0.0015730735614552373,0.00024040720460973274,9.79913587377812e-05
2024-04-19,0.013555590699923164,0.0003820578358478538,-0.002194678763433676,-0.004411856829768798,9.79913587377812e-05
2024-04-22,-0.0027407278142884284,0.001326855044976661,0.004753983257225896,-0.0012813151349636972,9.79913587377812e-05
2024-04-23,-0.012169764643253846,-0.008781991481711474,-0.0011248083158861913,-0.007865418382100389,9.79913587377812e-05
2024-04-24,-0.0004834544945623478,-0.00316981566818461,0.004517980100822272,0.00263682352823264,9.79913587377812e-05
2024-04-25,0.012790083457296193,0.0011765131497075598,0.0018158615645087952,0.0037391014778916337,9.79913587377812e-05
2024-04-26,-0.011511505793378857,-0.005022644564565032,-0.001271378611639347,0.015015176220156908,9.79913587377812e-05
2024-04-29,-0.010726898607057382,0.004640314217589927,0.0020187621223901214,-0.0035310159436264285,9.79913587377812e-05
2024-04-30,0.006902587511290681,-0.00591348292950515,0.0013817980553841513,-0.0014067674420510962,9.79913587377812e-05
2024-05-01,-0.0024584333887696062,-0.001331830679325878,0.004183531284009896,-0.003254551146629294,9.79913587377812e-05
2024-05-02,0.007969816288513693,-0.0028302581998777936,-0.002093382151460074,0.0014726822067873445,9.79913587377812e-05
2024-05-03,3.623849845643887e-05,0.0009216032969095799,0.00026482426712647874,0.002490143206877682,9.79913587377812e-05
2024-05-06,0.008619963777074805,-0.00310245035927713,-0.00014606271841854966,-0.00012024906657106461,9.79913587377812e-05
2024-05-07,-0.01222093736848769,-0.0012544681353546866,0.002916592566559139,0.006717955501238193,9.79913587377812e-05
2024-05-08,5.498419054079072e-05,-0.0010806504588899276,-0.004000716777776703,-0.003501877022528665,9.79913587377812e-05
2024-05-09,-0.0023282801723578817,-0.0035719387869565054,0.0041679081929514245,0.006117044287344272,9.79913587377812e-05
2024-05-10,-0.014390691089249568,0.002525469342485563,0.001965315088681666,0.003430987121846495,9.79913587377812e-05
2024-05-13,-0.018561735374424262,0.0012919418741871266,-0.005167700294531785,0.00012782048060632086,9.79913587377812e-05
2024-05-14,0.008428988423295942,-0.0003430697262658365,0.004933051301922002,-0.0016896198445428725,9.79913587377812e-05
2024-05-15,-0.004011428586615738,-0.0020522916673097907,0.009036372323190925,0.014760006552388218,9.79913587377812e-05
2024-05-16,-0.012067363379767954,0.004082720152599985,0.004107335878197632,-0.004702051904452477,9.79913587377812e-05
2024-05-17,-0.000954147243079987,-0.0010791712190709067,0.005807939068905877,0.0019875990618104878,9.79913587377812e-05
2024-05-20,0.013736226288191633,-0.001433486439129686,0.0004414855264103524,-0.004301314421452796,9.79913587377812e-05
2024-05-21,-0.027168854144463076,0.0006234501494406301,-0.006546019678954041,0.010913724491727835,9.79913587377812e-05
2024-05-22,-0.017759664278839918,0.008582933414854253,-0.007276481804670099,0.005520957972795222,9.79913587377812e-05
2024-05-23,-0.01087463730274321,-0.006601781040106019,0.0011203281754710338,-0.0038700992730468643,9.79913587377812e-05
2024-05-24,0.017734146400643948,0.003949284465276774,-0.0022679152309199205,0.0032755699605873704,9.79913587377812e-05
2024-05-27,0.0035910437950315583,-0.009365855806190525,-0.0035583051133094056,0.0017461743276593325,9.79913587377812e-05
2024-05-28,0.009407806885534723,0.0011863657911431198,-0.00015098673587470138,-0.0028997485718484325,9.79913587377812e-05
2024-05-29,-0.013481931029514766,0.007975414138043653,0.0025623411514451525,0.00474898530336904,9.79913587377812e-05
2024-05-30,-0.013234430503246315,0.0025433426223365357,-0.005711030187048589,0.002535832346626461,9.79913587377812e-05
2024-05-31,0.005573764600672525,0.0009531253926989641,-0.0016955104811215392,0.0014941922833157136,9.79913587377812e-05
2024-06-03,0.0008992919712253586,-0.002702247344015378,0.006139482732481261,-5.151826745397253e-05,9.79913587377812e-05
2024-06-04,0.006784865826369519,0.0002552360024427712,-0.004201153520885498,0.0027863269555979077,9.79913587377812e-05
2024-06-05,-0.0020520518911414255,-0.0011603140770167814,0.003579044748659825,0.0015763259689547569,9.79913587377812e-05
2024-06-06,0.003537724717455524,-0.0038298830396567775,-0.0018389230461959756,0.0005545599981501041,9.79913587377812e-05
2024-06-07,0.00209742901886131,-0.0013493780773743492,0.002283175039399811,-0.003646095495925381,9.79913587377812e-05
2024-06-10,0.009533208669019105,0.0010919058031321977,0.0044893100288114695,0.010362597444574956,9.79913587377812e-05
2024-06-11,0.009884099383333648,-0.003736085342653202,0.0030651270679400862,-0.006102519660091283,9.79913587377812e-05
2024-06-12,-0.01923846393270124,-0.00393140910342342,0.003736638408855506,0.0027658173132784703,9.79913587377812e-05
2024-06-13,-0.02676722266409027,-0.0067012171879608715,-0.004506374133631824,-0.0017214444538085974,9.79913587377812e-05
2024-06-14,0.012220944771818086,0.00205362513044448,0.004554638826965196,0.0107572836166958,9.79913587377812e-05
2024-06-17,0.014452701119143239,0.0028266163098353016,-0.00331077245853928,-0.005220895223343044,9.79913587377812e-05
2024-06-18,-0.012047476234160049,0.0012583022211825874,0.0011381670622861537,-0.004211579570561993,9.79913587377812e-05
2024-06-19,-0.022118024878547544,0.00492585246364333,0.0011329847479889076,-0.0056189083795709525,9.79913587377812e-05
2024-06-20,0.001388417852086411,0.0005393381854036376,0.0020404902354783237,0.0021407903057036617,9.79913587377812e-05
2024-06-21,0.011370058716206353,0.0020600546868287835,0.0014478267042407622,-0.008038303957411851,9.79913587377812e-05
2024-06-24,0.021771134269211775,0.0016191871281878143,-0.003275239914098893,-0.0026711709685465976,9.79913587377812e-05
2024-06-25,0.006395570865217411,-0.0003577000970910394,-0.005299469649182865,-0.012714194937125708,9.79913587377812e-05
2024-06-26,-0.00426060035902834,-0.0025541091406482367,0.003589394719847074,0.0016425281247685432,9.79913587377812e-05
2024-06-27,-0.010517567459018351,0.011170763078959556,0.0008433383100756623,-0.0028012891525375757,9.79913587377812e-05
2024-06-28,0.00033741550004785304,-0.0021597548992675427,0.004697507363831272,-0.008728340463591118,9.79913587377812e-05
2024-07-01,-0.0033911764466230767,-0.003229388555602182,-7.893173675147193e-05,0.006713656417844351,9.79913587377812e-05
2024-07-02,-0.011980814868745793,0.002270049117250535,-0.005520657442707842,-0.007646001390309636,9.79913587377812e-05
2024-07-03,0.02478506781035944,0.0013592720764750257,0.003964518724016424,0.0049816621401692915,9.79913587377812e-05
2024-07-04,0.02162202082486557,-0.006923957738051637,-0.0013814824386444281,-0.004006244943926827,9.79913587377812e-05
2024-07-05,0.013832584202665142,0.005713391272818693,0.0014680138296840847,0.009809428267372557,9.79913587377812e-05
2024-07-08,-0.010850204773709531,-0.00037097287675416657,-0.002489837713918077,0.004697303233556877,9.79913587377812e-05
2024-07-09,0.010460231891567346,-0.005454655476078603,0.0066772068409347626,-0.005848287225244169,9.79913587377812e-05
2024-07-10,0.007875516913974822,0.00604392057176937,-0.003406259296732788,-0.005302495313261838,9.79913587377812e-05
2024-07-11,0.005510547490448635,0.0032283778579807695,-0.0012497190164246987,0.00383315123134586,9.79913587377812e-05
2024-07-12,0.015195983204525327,-0.006222709959739571,0.0005297948107892656,-0.0013742687842610006,9.79913587377812e-05
2024-07-15,0.007824453714335329,0.00898591420128862,-0.004268729308347832,-0.0008160550421281934,9.79913587377812e-05
2024-07-16,0.009080170835652027,0.0033939868418309638,0.0014220781143503807,0.007833433170632587,9.79913587377812e-05
2024-07-17,0.007842875400466522,4.9019421874769344e-05,0.006547641909869961,-0.004292133240219739,9.79913587377812e-05
2024-07-18,0.004289496896025271,0.008051094028108897,-0.001861848642774842,0.0007477626330527269,9.79913587377812e-05
2024-07-19,-0.021203333556570204,0.0008964889191482029,0.001680571276126902,0.005927766761913836,9.79913587377812e-05
2024-07-22,0.001203452928926687,-4.04153755201599e-05,-0.010897741544154222,0.0050547049303136015,9.79913587377812e-05
2024-07-23,-0.0064743035061895025,-0.0032015005801099452,-5.571680193936262e-05,-0.000757676005124035,9.79913587377812e-05
2024-07-24,-0.015158091491680245,0.0030092521965353926,-0.0011521691437048215,-0.0015334352851159494,9.79913587377812e-05
2024-07-25,0.020381799431609886,0.002483014836619899,-0.00317399040964154,-0.010232892775125589,9.79913587377812e-05
2024-07-26,0.020947944090628442,0.00017340069944855646,0.004425801878514129,-0.0061374699559911755,9.79913587377812e-05
2024-07-29,0.016510647203547342,-0.0038499317693380147,-0.0012049747264953126,0.0021101553594484014,9.79913587377812e-05
2024-07-30,0.0032625610022704956,0.0007496492708303693,-0.0006099099483743498,-0.0006272931336534172,9.79913587377812e-05
2024-07-31,0.01640750145143188,-0.0002489939288106894,-0.0014087714991562845,0.0006495624713973583,9.79913587377812e-05
2024-08-01,0.00034463816722190654,-0.006567371593671005,-0.007567263487060306,0.006435521657804363,9.79913587377812e-05
2024-08-02,0.0026335673227733526,-0.007259061756620928,-0.0044279457603078436,-0.006923938654373647,9.79913587377812e-05
2024-08-05,-0.012921656445543795,0.0029257668940488473,0.003944373944480865,-0.0012170818133958997,9.79913587377812e-05
2024-08-06,0.00496389565398608,-0.012909441575258446,-0.008339802587519887,0.0013322657804673065,9.79913587377812e-05
2024-08-07,0.0009246311410930052,0.0011270526348062999,-0.0029652613984628225,-0.004024959625447097,9.79913587377812e-05
2024-08-08,-0.015431825402013573,-0.002290415288769123,-0.0014988802251590552,0.008788862683564502,9.79913587377812e-05
2024-08-09,-0.00041436534179916285,0.006641233034399551,0.007074487469166261,0.005651520809678885,9.79913587377812e-05
2024-08-12,-0.0007567547662817017,-0.002367341045769379,0.003174415061985476,0.001940799962532533,9.79913587377812e-05
2024-08-13,0.02177073399973568,0.0033974210712594795,-0.0021286821082123985,0.01096539067597152,9.79913587377812e-05
2024-08-14,0.010930559942160915,-0.001884569206188958,0.005318054788462204,-0.008793371677660852,9.79913587377812e-05
2024-08-15,0.0003373452690975922,0.0006687407674307173,-0.002862063282004479,0.00015364231336590937,9.79913587377812e-05
2024-08-16,0.003185447717612996,0.003784182654600256,0.004136399214936023,0.0023980218136043664,9.79913587377812e-05
2024-08-19,0.0007305485372503767,-0.0022127785816229008,-0.005335508983692062,-0.005287330280763533,9.79913587377812e-05
2024-08-20,-0.0022349678175465726,0.0050827744224920205,0.004393031327156629,0.00200428725090637,9.79913587377812e-05
2024-08-21,-0.012789126368659441,-0.004868489385532416,-0.0015245345818839424,-0.006439494962727269,9.79913587377812e-05
2024-08-22,-0.0016126225312831511,0.0015729642127918955,-0.004014016963765079,0.004343343909645519,9.79913587377812e-05
2024-08-23,-0.00875317907983016,0.004713198613939264,-0.0007685744523052561,0.00654700860877344,9.79913587377812e-05
2024-08-26,-0.014803786467077756,0.0034001874589516742,0.0012093767188808594,0.00183400040676997,9.79913587377812e-05
2024-08-27,0.006334661774570416,0.009682224383677052,-0.0018789937221028485,-0.010916786890389675,9.79913587377812e-05
2024-08-28,0.004895175919198819,-0.0037171965865533028,0.002315814023981295,-0.005600761126996208,9.79913587377812e-05
2024-08-29,-0.021240490136416938,-0.0067957462567429395,-0.00223197553465627,0.003588260019278965,9.79913587377812e-05
2024-08-30,-0.0012722156499415265,-0.004871675542475597,0.0025814895757254315,0.0003271918610741948,9.79913587377812e-05
2024-09-02,0.012148416630799084,0.003402212832742185,0.0018688882481463982,-0.01596401570615493,9.79913587377812e-05
2024-09-03,0.01291068486675585,0.002589614671346893,-0.00014369221883174012,0.0076569823032094425,9.79913587377812e-05
2024-09-04,0.012510042114622866,0.0006112832982370789,-0.0016655292494637992,0.0010199390375229941,9.79913587377812e-05
2024-09-05,0.0006669584828175177,-0.0055147852455356495,0.0007061631830610647,-0.00471444798400027,9.79913587377812e-05
2024-09-06,-0.009940543935629813,0.003934336466645304,0.002301014972134797,0.006169733585399985,9.79913587377812e-05
2024-09-09,-0.012804385928296726,-0.006023523888252702,0.008347196610926434,-0.003865240077441394,9.79913587377812e-05
2024-09-10,0.004335258857004289,0.0058947479118845,0.0038576816871927237,-0.0039307127056252885,9.79913587377812e-05
2024-09-11,0.0047513604123819555,0.014387192115699325,0.004003959799263365,0.002350115906084217,9.79913587377812e-05
2024-09-12,0.015647973339260785,0.0019322557328577525,0.012454048779441134,0.01088623075545377,9.79913587377812e-05
2024-09-13,0.013399755804105004,0.0030155406782887153,0.0021638339070713763,0.009941523067837318,9.79913587377812e-05
2024-09-16,-0.0013867438783740653,-0.002364298844477797,0.0020385740452468094,0.00235826899342464,9.79913587377812e-05
2024-09-17,-0.014730470546330433,-0.008951066605434082,0.002916060297286616,0.0029743139531019187,9.79913587377812e-05
2024-09-18,-0.003629279164130774,-0.002913596815151112,-0.003935863910353012,0.0049489935925089495,9.79913587377812e-05
2024-09-19,0.0028067743377262963,-0.005364476205493747,-0.0016756065456750248,-0.007341902052216095,9.79913587377812e-05
2024-09-20,-0.002224998944672849,-0.007135022882075078,-0.001924677066769336,0.004064890022911895,9.79913587377812e-05
2024-09-23,-0.006734729296931871,0.008711799709978246,0.0026904559088782466,-0.004204440808861169,9.79913587377812e-05
2024-09-24,0.003234617779638787,0.001464312590128865,-0.0005966982488847947,0.0021108684007794844,9.79913587377812e-05
2024-09-25,-0.005847492896927326,0.0019984379030699184,0.0006528937018972112,-0.001164805765644024,9.79913587377812e-05
2024-09-26,-0.007336793004704488,-0.0014451118259812476,0.0044498184805938585,0.003207249962685286,9.79913587377812e-05
2024-09-27,0.003937434011641275,-0.0007643554122171817,0.0035526029548165554,0.0009086207900387606,9.79913587377812e-05
2024-09-30,-0.004623910961550458,0.004922753411196667,-0.0005468840121649881,-0.0182381816249278,9.79913587377812e-05
2024-10-01,0.003129252667740226,-6.16855934760772e-05,-0.00257998038751289,0.0012733502702310837,9.79913587377812e-05
2024-10-02,0.0034784482742254725,0.0027534696901236637,0.004641098926612755,0.004052917713795576,9.79913587377812e-05
2024-10-03,-0.013473148013098896,-0.0008800214892250792,0.0031955647236394627,0.002875570090030722,9.79913587377812e-05
2024-10-04,-0.005574893486384946,-0.0016107644536602359,-0.006325027273181529,-0.00041551567725147786,9.79913587377812e-05
2024-10-07,0.017453323278997547,-0.00693457082800931,-0.0011526157556331232,0.010052970151582437,9.79913587377812e-05
2024-10-08,-0.013744954152811444,-0.009788745311835642,0.0007620618480670496,0.0020682387747299664,9.79913587377812e-05
2024-10-09,-0.025199853387646375,-0.001207809505332009,0.0032153188684841253,0.002826039801158638,9.79913587377812e-05
2024-10-10,-0.02214214183891014,0.00038248345996616344,0.0037404059797590847,0.006466951364303412,9.79913587377812e-05
2024-10-11,0.0005493193589200305,-0.0063306501835439545,0.001235624004701894,0.002375557998179593,9.79913587377812e-05
2024-10-14,0.0005710073363923869,-7.237432517316439e-05,0.002440990125435424,-0.005188106520485221,9.79913587377812e-05
2024-10-15,-0.0012113302651014513,0.0003687628149525101,0.0003565472095126145,-0.014430024482677734,9.79913587377812e-05
2024-10-16,0.01477027794714202,-0.010680040030296897,-0.002595406752722243,-0.0026627254121084887,9.79913587377812e-05
2024-10-17,-0.031874013197235256,-0.004475623297397506,-0.0009450575641650159,0.004765673155286699,9.79913587377812e-05
2024-10-18,0.004951206493169883,0.0021363194686773424,0.0001759647465604331,-0.0019185779885068348,9.79913587377812e-05
2024-10-21,0.01893725842164288,0.0020352936469787194,-3.871700007435949e-05,0.005007070233690377,9.79913587377812e-05
2024-10-22,-0.013333369178700568,-0.005668374581998803,-0.007442291617773883,0.001092369055521638,9.79913587377812e-05
2024-10-23,-0.004357678141478741,0.0008922402524986748,-0.0014899333397177248,0.007928396421573109,9.79913587377812e-05
2024-10-24,-0.00883470300674345,0.005212036126802361,0.0003248226123566074,-0.0015713002427239667,9.79913587377812e-05
2024-10-25,-0.010532152552930345,0.003985364794954491,-0.001025479967622804,0.0030056889594061286,9.79913587377812e-05
2024-10-28,-0.0037151440602764796,-0.00037642893506967284,-0.0008872951820463428,0.0032353103872121555,9.79913587377812e-05
2024-10-29,0.017329823404214056,-0.0022398815666214624,0.0020519654832183497,0.009209611235787158,9.79913587377812e-05
2024-10-30,0.022248640105850242,-0.0030467224216725224,-0.004215828748194535,-0.010039823838005666,9.79913587377812e-05
2024-10-31,-0.0038312707004817723,0.0024390989145482854,-0.006412168855804845,-0.0025504496473189456,9.79913587377812e-05
2024-11-01,0.02306072256877364,0.00107551986571444,-0.0012926791633466994,0.005291096632331023,9.79913587377812e-05
2024-11-04,0.0006269177238154984,0.003247020030511002,0.0031564576220071586,0.00947537887867189,9.79913587377812e-05
2024-11-05,0.021244292320412972,0.00075936906560576,0.006850212157946555,0.0016404290758524822,9.79913587377812e-05
2024-11-06,-0.0009195837958419012,0.0041938197517372095,0.00322851295637896,-0.0015562249865289216,9.79913587377812e-05
2024-11-07,0.0017726939125537317,0.0005729626647885008,-0.005773055039475389,0.004742710212046668,9.79913587377812e-05
2024-11-08,0.004585693671714014,0.004023443580658433,-0.0008294689575070847,0.005412216051390098,9.79913587377812e-05
2024-11-11,0.038346244152410426,0.004454113851833195,0.0011265375243261178,-0.0019579700720038433,9.79913587377812e-05
2024-11-12,0.010415426898137469,-0.003922633151124067,0.0008103644676943689,0.0021818438730652773,9.79913587377812e-05
2024-11-13,-0.008287174359417563,-0.00894072023435373,0.0022572182117714962,0.007283163574471816,9.79913587377812e-05
2024-11-14,0.011827974443310296,0.007817464280072767,-0.003568195785843043,0.011542753959646712,9.79913587377812e-05
2024-11-15,-0.004141990445012098,0.0013832936535613087,0.0003597723502029705,0.004655629755411751,9.79913587377812e-05
2024-11-18,-0.0056770021948145104,-0.008472429477480609,0.0017812913191045162,0.00046483337999355875,9.79913587377812e-05
2024-11-19,0.011103216318705336,-0.0034690974860935556,0.0034026838132146377,-0.00012445105622744924,9.79913587377812e-05
2024-11-20,0.0005730270532538335,0.003959371461849142,-0.0031228726664511686,0.0035443793431617376,9.79913587377812e-05
2024-11-21,0.003542910974141673,-0.001298384155664465,-0.0012806274689715921,-0.0004940370548767011,9.79913587377812e-05
2024-11-22,0.00036782266238350955,-0.0024603070965956357,-0.010715270720293362,0.0013378429941343297,9.79913587377812e-05
2024-11-25,0.004238997519265216,0.007104409301564834,-0.002385847870311097,-0.006147257587185249,9.79913587377812e-05
2024-11-26,0.00529959076923379,-0.005136435731919052,-0.0019976595718841725,0.007982343178946954,9.79913587377812e-05
2024-11-27,-0.023043603192464984,-0.003890766788774169,-0.003978338032669772,-0.006641108362892071,9.79913587377812e-05
2024-11-28,0.008198872023314404,0.0011569323752413378,0.0007624486009306068,-0.0023926705627180756,9.79913587377812e-05
2024-11-29,-0.011584233037963607,0.0020522746602694114,-0.0001237817281810729,0.0007855595651108829,9.79913587377812e-05
2024-12-02,-0.017107589626712938,0.0025817151717036574,-0.008936855510310447,0.012145921279331834,9.79913587377812e-05
2024-12-03,-0.0005009349263041894,0.004656190222844735,0.000962031877207026,-0.0023360979091139643,9.79913587377812e-05
2024-12-04,0.0012077720397734512,0.0010928931034075843,-0.00361329652315611,-0.003796094883762378,9.79913587377812e-05
2024-12-05,-0.00812207397486737,0.0025469196946920456,0.0020427558367620605,-0.003104901504002763,9.79913587377812e-05
2024-12-06,0.010172382292015694,-0.001196046296575416,-0.005027404990914661,0.010153383005667876,9.79913587377812e-05
2024-12-09,-0.015906101996450886,0.0004134915161835712,0.00022002615412376048,-0.01667408196103613,9.79913587377812e-05
2024-12-10,-0.004683324985270708,0.0006376709002681722,-0.0010326533155460237,-0.005816428072891522,9.79913587377812e-05
2024-12-11,-0.006818489619196008,0.0011754906790951804,0.0013124075398013215,0.01658773225495731,9.79913587377812e-05
2024-12-12,-0.0003590472440720725,0.003962699037913804,0.0005987891106053874,0.0037452924409498217,9.79913587377812e-05
2024-12-13,0.0035463714157668654,0.002875728409724155,-0.0009206567000858178,-0.006435909696035321,9.79913587377812e-05
2024-12-16,-0.011894715395482536,0.00032108501450091553,-0.006045089256176979,-5.150789304862917e-05,9.79913587377812e-05
2024-12-17,0.00889139212947474,-0.003945629924705199,-0.005808831853844126,0.00060472739640717,9.79913587377812e-05
2024-12-18,0.0009560284200163967,0.0004383562903135477,-0.0022355477563688764,0.005276751475433635,9.79913587377812e-05
2024-12-19,-0.022503355039742927,-4.0088924478719665e-05,6.688046428165212e-05,0.011237012016935381,9.79913587377812e-05
2024-12-20,-0.023303097284764374,0.0010659078990659918,-0.0023329917887964682,0.002531310087675293,9.79913587377812e-05
2024-12-23,5.2168484848265194e-05,0.01113262653570201,0.002600847722317862,-0.0030387298180777644,9.79913587377812e-05
2024-12-24,-0.002451607813436249,-0.0025188638927061773,-0.0010168836768467348,0.004922506652589226,9.79913587377812e-05
2024-12-25,-0.001041041362895602,0.0022114450956267975,-0.0037600508991180413,-0.003989516181177167,9.79913587377812e-05
2024-12-26,-0.00013578947836261575,0.005442310336221491,-0.0010123851719516374,-0.006000024975934177,9.79913587377812e-05
2024-12-27,0.002906718074122169,0.0005900095704969145,0.0010034393452662096,-0.01035945323173867,9.79913587377812e-05
2024-12-30,0.011571795318179597,0.011789225595860826,0.0013995388752983378,-0.009190770367002405,9.79913587377812e-05
2024-12-31,-0.013133258811010698,-0.0017901964586573835,0.007613516527972518,-0.005178670936745631,9.79913587377812e-05
2025-01-01,-0.013863659114809537,0.0017204461116002354,-0.0025756373600136777,-0.006866738606205227,9.79913587377812e-05
2025-01-02,-0.01291988629464859,-0.0038940287244649103,-0.00019391464636160156,0.002079419164248304,9.79913587377812e-05
2025-01-03,0.003667000006024483,-0.0016576236757164656,0.0018044957872777056,-0.006996410954944212,9.79913587377812e-05
2025-01-06,0.015139368543757347,0.0013446695519832895,6.30816319673871e-06,-0.018661997812148466,9.79913587377812e-05
2025-01-07,-0.004976073258874126,0.004331520311538649,-0.0019024725839546129,-0.006063470647536795,9.79913587377812e-05
2025-01-08,-0.029820398129915857,0.001695474170117871,-0.006097028705376974,-0.002631157886328516,9.79913587377812e-05
2025-01-09,-0.020247914351324506,0.00639557424667368,-0.001943338236212062,-0.0034326969272317925,9.79913587377812e-05
2025-01-10,-0.00979644067355214,-0.00037482655296335873,-0.004194809650871204,0.009317148075855106,9.79913587377812e-05
2025-01-13,-0.006492746649942578,-0.0015608426491950267,-0.006806426724495113,-0.0034812553557349007,9.79913587377812e-05
2025-01-14,-0.004700663527056718,0.013619925536396932,-0.003082715366682346,0.005485540779195187,9.79913587377812e-05
2025-01-15,0.0006629734757710048,0.0020711882472101537,-0.004088366883065818,8.610440191482975e-05,9.79913587377812e-05
2025-01-16,-0.0035409559698693655,-0.0034974077298927384,0.0024351461811717924,-5.382835403559239e-05,9.79913587377812e-05
2025-01-17,0.012792075326520887,-0.0033713188112403443,0.0025043673496571747,-0.004812281733088222,9.79913587377812e-05
2025-01-20,-0.007912207668176425,-0.004613399572656702,-0.0035155171583234994,-0.00015269590948460295,9.79913587377812e-05
2025-01-21,-0.010147815513706516,0.00478284677928394,-0.0009409145222524845,-0.004390576761384502,9.79913587377812e-05
2025-01-22,0.005946506462245539,-0.0017218864644662091,-0.007332970648450142,0.0012201458855274233,9.79913587377812e-05
2025-01-23,-0.018227704839113432,0.0007368123782824282,-0.0018773598007307765,-0.0012174977957421292,9.79913587377812e-05
2025-01-24,0.004876300463840026,-0.0002175433721913436,0.0016959276028093826,-0.005467767599149602,9.79913587377812e-05
2025-01-27,0.0014306382047152024,0.003757462039704673,0.003399751558456411,0.0061513660382035715,9.79913587377812e-05
2025-01-28,-0.0015693098790180088,-0.0041337204644201,-0.0027521883267652555,0.002761042880128552,9.79913587377812e-05
2025-01-29,0.019259313285791148,-0.005277861430715077,0.004307419442110079,-0.0024883764048534893,9.79913587377812e-05
2025-01-30,-0.007266489343536616,0.0012214865359079714,-0.005962767686053886,0.0010729582822118602,9.79913587377812e-05
2025-01-31,0.02492357804628894,0.003104796423499485,-0.0048905111965751695,-0.0003029351290117819,9.79913587377812e-05
2025-02-03,-0.0025051773907371917,0.0017626615654882038,0.002938647462551505,-0.005005545623579644,9.79913587377812e-05
2025-02-04,-0.015124197339642738,-0.0039472686454866375,0.00678448491425299,0.0006229773741269831,9.79913587377812e-05
2025-02-05,0.0010390349719379037,0.003487424210456969,0.0020737279527347813,-0.0035260705288442467,9.79913587377812e-05
2025-02-06,-0.012714942403825218,-0.0036193046354781712,-6.13695461360497e-05,-0.005469603013720596,9.79913587377812e-05
2025-02-07,-0.008821070173762003,-0.002507693223931917,-0.008680734986088835,-0.009536603981599149,9.79913587377812e-05
2025-02-10,0.004964399600185894,-0.004619767623610011,-0.007989788224173918,-0.0019516441212317844,9.79913587377812e-05
2025-02-11,0.006866985063801498,0.0066057917432601546,0.0006176381475834758,0.0036018239575023405,9.79913587377812e-05
2025-02-12,-0.007266012403051098,0.003267107705136746,-0.0013322506782846983,-0.0039679561202731585,9.79913587377812e-05
2025-02-13,0.012048861740556808,0.0031249668783943666,-0.0043233407286084715,0.015324252152947818,9.79913587377812e-05
2025-02-14,0.014090093096253607,0.006336057105712252,0.00036213032332020286,0.005514113921916394,9.79913587377812e-05
2025-02-17,0.01743562107875949,0.014163246241193616,0.0005605254700312384,0.008025980795962869,9.79913587377812e-05
2025-02-18,0.0065529608855086656,-0.008446130519550779,0.00387766347416109,0.004971458072442551,9.79913587377812e-05
2025-02-19,0.016561144545028383,-0.0035918829043855406,0.0006464091320508032,0.011317189849631438,9.79913587377812e-05
2025-02-20,-0.022369581135688696,-0.0029808754208726193,0.005013577473337538,-0.004522011900835253,9.79913587377812e-05
2025-02-21,-0.0036148785835415508,-0.004154098111913464,0.00013197611819525346,-0.015164424313951728,9.79913587377812e-05
2025-02-24,-0.010204063075881115,-0.0052879162380185625,-0.00036133997922934444,-0.0024767536501172985,9.79913587377812e-05
2025-02-25,0.0016307103335287051,-0.0013982653202768282,0.00435724874498873,0.003549311453285226,9.79913587377812e-05
2025-02-26,-0.006657390630360848,-0.005983018576447024,-0.0038137635201657386,0.0011091018304878709,9.79913587377812e-05
2025-02-27,-0.0017938941033967884,0.001775211837687066,0.011357789813064645,0.0018528356658067022,9.79913587377812e-05
2025-02-28,0.022786098562448592,0.0003584916071430732,0.0016010299126669434,0.008125460016019236,9.79913587377812e-05
2025-03-03,-0.0018366375570445393,0.0025051433238182765,0.0016233170113506925,0.0024923454467749976,9.79913587377812e-05
2025-03-04,0.0051655078062825665,0.0026386422581912627,0.0022003838958903903,0.004993477565546129,9.79913587377812e-05
2025-03-05,-0.0025872319590908226,0.0031150342671333823,0.00760854590132657,-0.005437376451116554,9.79913587377812e-05
2025-03-06,0.0011085594554820042,-0.0017670446841194117,0.0032700296466904263,-0.006372362135296221,9.79913587377812e-05
2025-03-07,0.0002722001652328575,0.010705717013168336,-0.0063202239160156945,0.009884683538146926,9.79913587377812e-05
2025-03-10,0.005579888791677914,0.0012721555824104888,0.0057138815390700174,0.0008054092108824071,9.79913587377812e-05
2025-03-11,0.014183690426566123,-0.009212423763123976,-0.001263586317780069,-0.0035393751006768093,9.79913587377812e-05
2025-03-12,0.01996872797123995,-0.004911878728831087,0.0005286202913572939,-0.003528366961282709,9.79913587377812e-05
2025-03-13,0.003915440982910002,-0.008602514945139078,-0.0050170158887010655,-0.0036947387298295457,9.79913587377812e-05
2025-03-14,0.007274562632427225,0.00018667314575653666,0.0022048080724955824,-0.004053754126275051,9.79913587377812e-05
2025-03-17,-0.013610374110226803,-0.0005090261202666681,-0.002505497160270209,-0.0074988868156219595,9.79913587377812e-05
2025-03-18,-0.0008545209089874469,-0.0022421284894972894,0.000500678551973895,-0.008802522413323051,9.79913587377812e-05
2025-03-19,0.01148347357860307,0.01015463056200257,-0.001036396021443132,-0.000970026265926515,9.79913587377812e-05
2025-03-20,0.01059162366100584,0.002844914370384554,0.007800051206943408,-0.0033575552219223966,9.79913587377812e-05
2025-03-21,0.002739316793540603,0.003730491807231672,0.008029041200582359,0.006842955712659771,9.79913587377812e-05
2025-03-24,0.010836727514815429,-0.004555367439710516,0.0002860526808589655,0.0019584599196014996,9.79913587377812e-05
2025-03-25,0.006089200507925826,-0.004895724456655061,0.000355910845475419,0.0017919060804678988,9.79913587377812e-05
2025-03-26,0.01460367509911186,0.00028402749548477377,-0.0013937718653980603,-0.004258722445326704,9.79913587377812e-05
2025-03-27,0.0036723098834853334,0.0009650356982611292,0.004524025166011145,-0.0005261704946798542,9.79913587377812e-05
2025-03-28,-0.004068379786852416,-0.009181557835572287,-0.0012156794813335085,0.002366006621788642,9.79913587377812e-05
2025-03-31,0.004230095083196284,-0.0008015351142476703,-0.0015853490985827973,0.004497174438276052,9.79913587377812e-05
2025-04-01,-0.03496713251023331,0.00017036041436752403,0.0040143714546598585,-0.0003633509591101931,9.79913587377812e-05
2025-04-02,0.0047946288366205935,-0.0009757458288556448,-0.002053196381266598,0.006674742675945254,9.79913587377812e-05
2025-04-03,-0.04358095390257741,-0.003966952061733382,-5.102013779412233e-05,0.0002479358534476563,9.79913587377812e-05
2025-04-04,-0.02048156088886502,-0.0025976759096057005,-0.006225243126043971,0.004957082711106079,9.79913587377812e-05
2025-04-07,0.005621223211291809,-0.0007842959678639801,0.0029167613804926677,-0.002739113251534902,9.79913587377812e-05
2025-04-08,0.005930352047201543,0.0005540001180502389,0.007863467756727475,-0.01067553019941185,9.79913587377812e-05
2025-04-09,-0.013749145361679165,0.0031239579127528396,0.0029849014911991676,0.001810153928111136,9.79913587377812e-05
2025-04-10,-0.008345224502547264,0.005504281024754356,0.00594719667018922,0.004551944378879753,9.79913587377812e-05
2025-04-11,0.016646491863369584,-0.001371738617636249,-0.0032844085447093236,0.003652083990845417,9.79913587377812e-05
2025-04-14,-0.005608361578872114,-0.0021807809805767893,0.0010452971281128029,0.00273311996862464,9.79913587377812e-05
2025-04-15,0.02711504374883582,0.002288278367671531,-0.0036726396974775585,-0.0018915217957299235,9.79913587377812e-05
2025-04-16,0.00017696176188384622,0.0031542245820542713,-0.0008110621823253714,-0.004640477508673554,9.79913587377812e-05
2025-04-17,0.005096434122575201,-0.002071002166294428,0.003188845909410019,0.003510369614262683,9.79913587377812e-05
2025-04-18,0.01960249278198329,0.004051967384830862,0.0005072824524131945,0.0027586844971896505,9.79913587377812e-05
2025-04-21,0.0017723253943210348,0.004997926705779866,-0.005550564090404886,-0.0031653945450629576,9.79913587377812e-05
2025-04-22,-0.011828127768289615,0.006558432328293366,-0.005160116422151014,0.006856545135152341,9.79913587377812e-05
2025-04-23,-0.0011167294203314813,0.008991604533599111,-0.005424655725963095,-0.005097193087285604,9.79913587377812e-05
2025-04-24,-0.00022732883428109118,-0.004232080693297194,0.002065810359758361,-0.0033011402727462424,9.79913587377812e-05
2025-04-25,-0.016176899826418786,0.00016949104666255595,0.008355578142626673,0.01001855127404999,9.79913587377812e-05
2025-04-28,-0.0028699848560898803,0.0001563884830933007,0.0055498329760008515,0.005411491626403476,9.79913587377812e-05
2025-04-29,-0.00870630512796924,-0.00039036784266253797,-0.0074839407965842574,-0.0019480558353461353,9.79913587377812e-05
2025-04-30,0.01129229308624921,-0.003146314598050681,0.005784303752279136,0.0019242842578613031,9.79913587377812e-05
2025-05-01,0.0006153424902230674,-0.007327810016155357,0.0038456016680585886,0.0011287534671430301,9.79913587377812e-05
2025-05-02,-0.0031935489897708404,0.000563397230145019,-0.0060811997821150305,-0.01627368318986427,9.79913587377812e-05
2025-05-05,-0.001074183167470915,-0.003741778297739563,-0.00111280646684199,-0.00523884369684029,9.79913587377812e-05
2025-05-06,0.0028774642208739937,0.0005299674037381251,0.004482089645983238,-0.00010507970265568914,9.79913587377812e-05
2025-05-07,0.007601770396277357,-0.0038702177084942667,0.002301734043739141,-0.0019396688593558372,9.79913587377812e-05
2025-05-08,-0.011796546744032577,-0.005398291729221707,-0.005136380209551942,0.0016826153889825234,9.79913587377812e-05
2025-05-09,-0.012299051591455262,0.0012714918018844885,0.0025429686231847764,0.0069768938776875195,9.79913587377812e-05
2025-05-12,0.013456150584830361,0.0008546076340324798,-0.008450002384322352,-0.0017292147079235648,9.79913587377812e-05
2025-05-13,-0.004748042466456767,0.0029964098566046646,-0.0007912887030288454,-0.0061459287767371895,9.79913587377812e-05
2025-05-14,-0.01680210511116249,0.011029318832088126,0.004651827077600195,0.0021491099510662715,9.79913587377812e-05
2025-05-15,0.0055257525125972555,0.001486447656054234,0.00017357686228527936,-0.001759740001406821,9.79913587377812e-05
2025-05-16,0.005760437672392243,0.002525408835320648,-0.0018957501998477834,-0.000736381004931416,9.79913587377812e-05
2025-05-19,-0.01816858308708048,-0.0052878066443366265,0.0036573850150893967,-0.0015506423149184718,9.79913587377812e-05
2025-05-20,0.002953780585563276,-0.0063345372026818725,0.003999007260346326,0.013651026800065915,9.79913587377812e-05
2025-05-21,0.009026997109140483,0.008014147233866668,0.005340158771467801,-0.01324422556598767,9.79913587377812e-05
2025-05-22,0.004692637420475157,-0.004517398899666518,0.0035973697137855493,-0.002130003418795877,9.79913587377812e-05
2025-05-23,0.007783777805136743,-0.00511972035734321,0.004425499175748586,0.0001778658461096477,9.79913587377812e-05
2025-05-26,-0.01665122917708899,-9.549460608276489e-05,0.0030316342297501382,-0.004486854953696673,9.79913587377812e-05
2025-05-27,0.004172481859954347,-0.0003509620668869418,0.0011621145964658879,0.005598954992769698,9.79913587377812e-05
2025-05-28,-0.0034314371136453586,-0.004412532532216458,0.00045803599905525636,0.0050795460723178365,9.79913587377812e-05
2025-05-29,-0.0055934819046957384,-0.0014248660935655,-0.000849038876389608,-8.652771093124368e-05,9.79913587377812e-05
2025-05-30,0.010646667313036718,0.006246878588250522,-0.0047494731722389025,-0.0014240425320621649,9.79913587377812e-05
2025-06-02,0.01795129412809076,-0.003929968044158988,-0.0037212460352792354,-0.00047174100538988203,9.79913587377812e-05
2025-06-03,0.021732440655204306,-0.006868362421830858,-0.0010280579277408388,-0.0004287199218868643,9.79913587377812e-05
2025-06-04,0.01597769445807086,0.0048129681044989615,0.0010658086384097171,-0.00027023816875457597,9.79913587377812e-05
2025-06-05,-0.001116810179562204,0.0025614845596901832,0.005863250392017053,-0.000927994609100797,9.79913587377812e-05
2025-06-06,0.004432641956316117,-0.003002593103243308,-6.718891150205013e-05,0.0017146958875543569,9.79913587377812e-05
2025-06-09,0.009401874461410924,-0.007810835080634589,0.004113905163510657,0.00471927238896719,9.79913587377812e-05
2025-06-10,0.0016541353915935438,-0.003623116782192816,0.004417262625728483,-0.007181560885591461,9.79913587377812e-05
2025-06-11,0.0017691702549385326,-0.00017352218424635657,-0.000825787190755164,-0.0061039833953988945,9.79913587377812e-05
2025-06-12,0.010085037582514186,0.005928360449419096,0.0024787608454807353,-0.010291108176901142,9.79913587377812e-05
2025-06-13,-0.0005113917523111866,-0.005082909874348285,-0.000874112166899446,0.005398384402145596,9.79913587377812e-05
2025-06-16,-0.008551443236483937,-0.0003225994075573672,0.005388543576313908,0.001701939759142779,9.79913587377812e-05
2025-06-17,-0.004773676790030303,0.00347572329947449,0.0026433733530637285,0.003231605095596624,9.79913587377812e-05
2025-06-18,0.0078069245328049085,-0.011806336700609604,-0.004661935018753421,-0.00837698943018081,9.79913587377812e-05
2025-06-19,0.0002359194943994688,0.0052689308396944995,0.000746098608615387,0.01090968873728083,9.79913587377812e-05
2025-06-20,0.004282519722420055,-0.005812252861032187,0.006692448647295519,-0.003453105448872146,9.79913587377812e-05
2025-06-23,0.008240950906426278,0.001759977467284673,-0.0006249241381868047,0.0012092348426675354,9.79913587377812e-05
2025-06-24,-0.0042980975547713155,0.0013334157480537204,0.0018908601203802727,0.005326307964070231,9.79913587377812e-05
2025-06-25,0.009274977963557673,0.005522931957319225,0.002283515350956581,-0.005721878534776432,9.79913587377812e-05
2025-06-26,0.004746111241500733,0.0028546219044677016,-0.004046491596658402,-0.003077946151076001,9.79913587377812e-05
2025-06-27,-0.014617757042937744,-0.011786452458649906,0.0021428317968540554,0.0012750306476052456,9.79913587377812e-05
2025-06-30,0.01750765749423493,-0.003823896235779957,-0.005475340608138503,0.017344838452788235,9.79913587377812e-05
2025-07-01,-0.005808936925082994,0.0007910256467664004,-0.0024024964256055847,0.002006748457112146,9.79913587377812e-05
2025-07-02,-0.019661144118222208,-0.0008748994305989347,0.0044028918699767685,0.00983816690378431,9.79913587377812e-05
2025-07-03,-0.012340524515035627,0.002488053648783852,0.001527025161233432,0.007434038871151733,9.79913587377812e-05
2025-07-04,-0.012052541928139864,0.004046832778348527,-0.001117911230986108,0.0024080602189671127,9.79913587377812e-05
2025-07-07,0.0008260798238904016,0.0031422586821483953,0.0018858440849807499,-0.005735174629784073,9.79913587377812e-05
2025-07-08,-0.003086206066554846,-0.0009713747127723261,-0.00014036899102052577,0.00655852166490941,9.79913587377812e-05
2025-07-09,-0.003841983611687115,-0.009131685055602403,0.000150314009407333,-0.008788662049888282,9.79913587377812e-05
2025-07-10,0.007636423585789746,-0.0021774062442740864,0.0027272741068805504,0.009805250742062552,9.79913587377812e-05
2025-07-11,0.004278504334312445,0.002181840740694776,-0.002809470962636528,0.001400031849309532,9.79913587377812e-05
2025-07-14,0.003992574447731435,-0.005352236262752387,0.0002613456222187628,-0.01570134128378906,9.79913587377812e-05
2025-07-15,0.005117941487944312,0.0032563736506078813,-0.0011490727784266115,-0.0018430365701910334,9.79913587377812e-05
2025-07-16,0.007593616016026859,0.004641966486336522,-0.006242413498401022,0.004123686925537643,9.79913587377812e-05
2025-07-17,-0.025095440101329317,0.0007343348814792129,-0.0035818230249971992,-0.0012221432382386003,9.79913587377812e-05
2025-07-18,-0.004173259027173535,-0.01521889933156198,0.006372825788255329,0.004490034865961439,9.79913587377812e-05
2025-07-21,-0.02596252077387369,-0.006290441813559017,0.0016388932583409363,-0.004900145006273773,9.79913587377812e-05
2025-07-22,0.000632719121573545,0.009530945792780408,-0.0051943532056055565,-0.007635894236725646,9.79913587377812e-05
2025-07-23,0.00014440433330785616,-0.0026326889651418902,-0.006061417503393642,-0.0002286724182856323,9.79913587377812e-05
2025-07-24,0.012746387297476163,-0.00982071611564498,-0.0003486556004423358,0.0003893940037394887,9.79913587377812e-05
2025-07-25,0.014451612712653451,0.006276236941551362,0.00634474613270593,-0.0018903061063739283,9.79913587377812e-05
2025-07-28,0.002633300579028408,0.00016677795771836428,-0.0006470325392174105,0.007563746879853155,9.79913587377812e-05
2025-07-29,-0.005804332928762798,0.0056247024447886275,0.0053279982136160645,-0.004901244250834346,9.79913587377812e-05
2025-07-30,0.006021933350548854,0.0014847933760968265,0.0015077230832746297,0.0020789936439940967,9.79913587377812e-05
2025-07-31,-0.006135011647891763,0.002392795681060844,0.0019850018313835745,0.0006078198269817514,9.79913587377812e-05
2025-08-01,0.0001832881826798132,0.001915046238572583,-0.005242882037218278,-0.0091402957128165,9.79913587377812e-05
2025-08-04,0.012033635803529215,0.003587441559605,0.0038500916869990305,-0.007714181102011075,9.79913587377812e-05
2025-08-05,-0.006493256151873084,0.01148715224278049,-0.001239728149094429,0.00027146609749178845,9.79913587377812e-05
2025-08-06,0.009868143670910013,0.00495503167979594,0.003552369814443633,0.012087199992121784,9.79913587377812e-05
2025-08-07,0.00832881642430763,-0.007801696589227675,-0.003156679927944452,0.003675618871392866,9.79913587377812e-05
2025-08-08,-0.011257501805569857,0.002333307576394517,0.0008081973900396501,-0.010153808950867796,9.79913587377812e-05
2025-08-11,0.011886729538608812,0.005807403840516089,0.001508011815750526,-0.01846292839071603,9.79913587377812e-05
2025-08-12,0.008582796144458062,0.00611350403268073,-0.000516133266303466,0.004598321558026279,9.79913587377812e-05
2025-08-13,0.0014231106484718895,-0.002033024915295498,0.001718180772344627,-0.0003772808975691941,9.79913587377812e-05
2025-08-14,-0.008947881496331826,0.005924722225940639,-0.000965588300770035,0.007047595817062217,9.79913587377812e-05
2025-08-15,-0.01011047222290684,0.004738711997756027,-0.002496239012165118,-0.00508430752426865,9.79913587377812e-05
2025-08-18,-0.00625195092283627,0.01296258718484865,0.006521933531175858,0.0023012749871511575,9.79913587377812e-05
2025-08-19,0.00671113355950352,-0.0036500086812425577,0.00429581146544577,0.005277040778167176,9.79913587377812e-05
2025-08-20,-0.011267502008816774,-0.0024370028820021265,-0.0029434589801927073,-0.002484781829238891,9.79913587377812e-05
2025-08-21,0.005450146983438439,-0.0014305952422997697,0.0023737772223784517,-0.0023565134213863925,9.79913587377812e-05
2025-08-22,-0.014701066346540712,-0.0023511107501938766,-0.0028707154188046123,0.00035157698659034293,9.79913587377812e-05
2025-08-25,-0.0022488230132661872,-0.004350103748818015,-0.004638738574649297,0.003456058079361973,9.79913587377812e-05
2025-08-26,0.0015157730548881036,-0.013713377528368716,0.0042352377655959055,0.00011399597292853438,9.79913587377812e-05
2025-08-27,0.029541561740707,-0.0020734973686156706,-0.006716398502589623,0.006043978026556918,9.79913587377812e-05
2025-08-28,-0.01632778786624441,0.0019467902984995223,0.0038074236543061647,-0.0025716111356021798,9.79913587377812e-05
2025-08-29,0.0178641747978816,-0.0023661092275295537,-0.000910889250292234,-0.007770371232778658,9.79913587377812e-05
2025-09-01,0.0019981089678473606,0.009776905917645549,-0.0007461864123221145,0.01206185220867908,9.79913587377812e-05
2025-09-02,0.005134063016191557,0.00016687906357931292,0.0017390048784931588,-0.003427802419254678,9.79913587377812e-05
2025-09-03,0.0016201749606584543,0.006555145275920678,0.0024247952479770096,-0.0032106525023064838,9.79913587377812e-05
2025-09-04,0.005536721818342796,0.0014071020636498418,-0.0032053727073156333,-0.00019481992643310614,9.79913587377812e-05
2025-09-05,-0.0016442212523442128,0.00423203654946629,0.0029709024350002534,0.0006030866579238871,9.79913587377812e-05
2025-09-08,0.017648602177489498,0.0014962077696678113,0.0005534821521008936,-0.002120101854929697,9.79913587377812e-05
2025-09-09,-0.005277653730696669,0.006943923159517814,-0.004924219171472152,9.539661830594577e-05,9.79913587377812e-05
2025-09-10,0.013786814866150974,0.0003796967506620036,-0.0005794979343189567,-3.857338856904375e-05,9.79913587377812e-05
2025-09-11,-0.007532405442556275,0.0025806035404439286,0.005625116062235704,0.001248915962124842,9.79913587377812e-05
2025-09-12,-0.0005230221568154435,0.0019316646682502187,0.006806379192982786,-0.013944924753923896,9.79913587377812e-05
2025-09-15,-0.012663550627482631,-0.001341427290636594,0.002969393830434709,0.011485257842047097,9.79913587377812e-05
2025-09-16,0.005660284644170239,0.0021249115946233837,-0.00466137395267348,-0.0006837298812073453,9.79913587377812e-05
2025-09-17,0.017541511483118406,0.01127193123098841,0.0020624276098235527,0.003683735716681912,9.79913587377812e-05
2025-09-18,-0.0007282741578502489,-0.00125198471047721,0.003503443615436771,-0.008068608049204146,9.79913587377812e-05
2025-09-19,-0.0021626283844469146,0.0021973244642662414,0.0030028319332748884,-0.0026260015674955013,9.79913587377812e-05
2025-09-22,-0.01317540355681512,0.006388894754347214,0.0032398171547516727,-0.0038338951979224874,9.79913587377812e-05
2025-09-23,-0.002551511842627697,0.005801266404721402,0.0015530523169901232,0.009018342587051273,9.79913587377812e-05
2025-09-24,-0.018913531116658333,0.00015858208859682627,-0.0001896493553221748,-0.003314881641015297,9.79913587377812e-05
2025-09-25,-0.010754535840625927,-0.01181694351478681,-0.002333469983616074,0.004748479921640548,9.79913587377812e-05
2025-09-26,0.002921432553309625,0.002683514093242331,-0.007491742074005985,-0.003702522716039171,9.79913587377812e-05
2025-09-29,0.016028158372896752,-0.010997371293115264,0.0014585670668534035,-0.002515713637923664,9.79913587377812e-05
2025-09-30,0.03391053033475404,0.0074496861547061555,0.0008442113746087543,-0.0012733009912041157,9.79913587377812e-05
2025-10-01,-0.006839021020850809,0.000947369355966303,0.0023303033712992645,0.007903070760975801,9.79913587377812e-05
2025-10-02,0.01742360187974528,0.005098370099359945,-0.005250174773171576,-0.011139115954180712,9.79913587377812e-05
2025-10-03,0.003125029764819775,-0.004410555690905256,0.002680066757260241,-0.007693981331646597,9.79913587377812e-05
2025-10-06,-0.0016149717609565102,-0.007662537366500272,0.008318180378483107,-0.0114838309941389,9.79913587377812e-05
2025-10-07,0.005391133420713826,0.001403771920705836,0.00041380052311164534,-0.0063250127185687025,9.79913587377812e-05
2025-10-08,0.0009429978041595101,-6.801719978070989e-05,-0.0001466612768261633,-0.004669600307152644,9.79913587377812e-05
2025-10-09,0.0015247487073466225,-0.0023577041307858287,0.001336009424342804,-0.009486887524542334,9.79913587377812e-05
2025-10-10,-0.004699997953920031,0.0005233064036638189,0.008229348098841351,-0.004204886479688015,9.79913587377812e-05
2025-10-13,-0.01657731591758621,0.013937179460161299,-0.003994591046799564,-0.01188828688560049,9.79913587377812e-05
2025-10-14,-0.018323502430264982,0.004272627736845289,0.0009128277335756198,-0.005907932342606088,9.79913587377812e-05
2025-10-15,0.008038938599374724,0.005347493029316595,-0.003098629689190577,0.007402522399461203,9.79913587377812e-05
2025-10-16,-0.0031204010810285607,0.004319684457766778,-0.00208801888337998,0.002621528421686617,9.79913587377812e-05
2025-10-17,-0.006953066795874,0.007497310719260965,-9.836123152775736e-05,0.0013248060330351664,9.79913587377812e-05
2025-10-20,0.0003020675206778428,-0.0008503583645037245,0.005489292966454235,-0.0058166713376746875,9.79913587377812e-05
2025-10-21,0.009739187034987532,-0.010173806538376469,0.007303962402754948,-0.009016509754268345,9.79913587377812e-05
2025-10-22,0.0023643673163167784,-0.0008429306650300489,0.0018925685785068254,-0.006634936453205684,9.79913587377812e-05
2025-10-23,-0.0076726592396916095,0.004158678549982509,-0.001406378892093941,-5.9258961376089896e-05,9.79913587377812e-05
2025-10-24,0.014915515467787396,-0.004749001975575368,0.010070955466554073,0.00540906067836001,9.79913587377812e-05
2025-10-27,0.019150226035779584,-0.0007818297524466517,-0.0016102179253180808,0.0056142045028119225,9.79913587377812e-05
2025-10-28,0.006134679863874239,-0.003358848715011566,-0.0021845436574389494,0.003983674174899998,9.79913587377812e-05
2025-10-29,0.011883962136129082,0.007610146259215652,-0.006999772178314908,-0.004225341184407666,9.79913587377812e-05
2025-10-30,0.015103519961765734,0.0038472850770328187,0.005684366276978974,0.0003472989944239282,9.79913587377812e-05
2025-10-31,0.013761191796854165,0.0033577031032197948,0.003972982369485176,-0.0017280551802234753,9.79913587377812e-05
2025-11-03,0.0075691901253514835,0.0032080065656048566,0.009771222144465783,-0.0010071385809685015,9.79913587377812e-05
2025-11-04,0.007380164564898594,-8.624626276063472e-05,-0.005458093408872503,0.01242276738175888,9.79913587377812e-05
2025-11-05,0.006435926880158031,0.0010877814126375176,0.0059326832299164385,-0.010372001422021675,9.79913587377812e-05
2025-11-06,-0.012968052094564522,-0.005825922902661588,0.00038054207346450953,-0.001208060895533565,9.79913587377812e-05
2025-11-07,0.00860867788231503,-0.010832209893752838,0.0033244008672005452,0.0074704934431769395,9.79913587377812e-05
2025-11-10,-0.01606976765351865,0.0008504056517251204,-0.006491108564417884,-0.00859534897020123,9.79913587377812e-05
2025-11-11,-0.00933519346150066,0.001719951281360722,0.005972327290661189,-0.003662484551597502,9.79913587377812e-05
2025-11-12,0.015842780813697048,0.006146322842126888,0.0032460670053273215,-0.0029742309854058372,9.79913587377812e-05
2025-11-13,0.010282641952330371,0.007956679080411838,-5.5640139144870094e-05,-0.001139738332323907,9.79913587377812e-05
2025-11-14,0.01804877947623035,0.007949992424994733,0.0026804507506444854,-0.009375742957637302,9.79913587377812e-05
2025-11-17,-0.003060092604247507,-0.004890117966469389,-0.002961981204168997,0.003771716362028237,9.79913587377812e-05
2025-11-18,-0.01362698609532121,-0.0016613251747488464,-0.0022177603423267976,0.004197723695078864,9.79913587377812e-05
2025-11-19,-0.0026852463648441138,0.0025016714794068974,-0.001753778454501585,0.003250251950107686,9.79913587377812e-05
2025-11-20,0.0014243755668868906,0.012759523388710886,-0.007310911446761112,-0.005022242045746489,9.79913587377812e-05
2025-11-21,0.0011478645960801162,0.0075004960185695805,0.0035470339768134684,0.0007190647447237708,9.79913587377812e-05
2025-11-24,0.013804165745080421,0.005696985809991902,0.004866374456730265,-0.005196641437414526,9.79913587377812e-05
2025-11-25,-0.004135245100041347,-0.001838939777746453,-0.0027053765990553667,-0.001795579964629076,9.79913587377812e-05
2025-11-26,0.004424413661635091,-0.004315998155775623,0.0014928120637792753,0.013120807563025269,9.79913587377812e-05
2025-11-27,-0.011663525793215272,0.0040445394169161975,-0.0009621618985169451,0.0007741722655775358,9.79913587377812e-05
2025-11-28,0.005603807336525756,-0.0054033063211718,0.001413095848324122,-0.006925159455923041,9.79913587377812e-05
2025-12-01,0.00023730260222764096,-0.001092181754901513,-0.002410308964844117,0.0012820120439834832,9.79913587377812e-05
2025-12-02,-0.00879776005941421,-0.0004738897450096132,-0.0034337006243505435,-0.007910775556379857,9.79913587377812e-05
2025-12-03,-0.002629952346098234,0.008064560445614039,0.00430829954409497,-0.006994062355090071,9.79913587377812e-05
2025-12-04,-0.0020101089581826596,-0.0016734865147983878,-0.0001554823404979704,-0.006046738815692746,9.79913587377812e-05
2025-12-05,-0.0030418615520451543,-0.012096248192863078,0.008188435803413902,-0.002465856713174101,9.79913587377812e-05
2025-12-08,0.021456094907212203,0.0026222232383123416,0.0002852398591765599,0.005821813973535209,9.79913587377812e-05
2025-12-09,-0.0009813520276945554,-0.003395109265519632,-0.003604312161401969,0.0036703891881010348,9.79913587377812e-05
2025-12-10,-0.0027267533221280527,0.0003131551221887341,0.005007763505743756,0.00333797196948397,9.79913587377812e-05
2025-12-11,-0.024969411491321702,-0.00033352350421061826,0.0026232006565840792,-0.006393547393543255,9.79913587377812e-05
2025-12-12,-0.010530488223753727,-0.0012685199790888413,0.003007491454785694,-0.0030478861326138917,9.79913587377812e-05
2025-12-15,-0.0029568810934762343,0.00405170290892352,0.004862402715471675,0.0018320066412991303,9.79913587377812e-05
2025-12-16,-0.008030232114119714,-0.007564324391763536,-0.0025111851753831784,-0.0035699199123304776,9.79913587377812e-05
2025-12-17,0.016780491120533564,-0.0024850711247718016,-0.0004090132359411502,-0.0014701986418065905,9.79913587377812e-05
2025-12-18,-0.0017792533047546236,0.0035201895655869063,-0.0005857993259511729,0.0028481521551796973,9.79913587377812e-05
2025-12-19,0.015661330991819027,-0.002970423876721841,-0.005062986147662474,-0.0018926360872078118,9.79913587377812e-05
2025-12-22,0.0009404556086044163,-0.007944033546349859,-0.0009543606006329739,0.0015563575346121516,9.79913587377812e-05
2025-12-23,0.0006467340370589197,0.003442776716283679,0.0054455178315072975,0.009756370736117412,9.79913587377812e-05
2025-12-24,-0.0008655573725500114,0.005715473152207696,0.0010493524151753881,-0.0008311527939219853,9.79913587377812e-05
2025-12-25,0.0002455550194575096,-0.00012497603821503167,-0.005284245311379951,0.007276026858315237,9.79913587377812e-05
2025-12-26,0.02082554003659831,-0.009704227992347663,-0.00612335764665974,0.0035562204038441492,9.79913587377812e-05
2025-12-29,-0.02763532872101462,0.0036298487334940808,0.006759104234993086,-0.0086034519609206,9.79913587377812e-05
2025-12-30,-0.02381854893326415,-0.008199439407098441,-0.00026127604102052,-0.006412822175581145,9.79913587377812e-05
2025-12-31,-0.006318049972673366,0.0016439963842408286,-0.0024896408228064697,-0.004801575298419379,9.79913587377812e-05
2026-01-01,0.0003743345832508266,-0.004337319123710799,-0.0009959670595880124,-0.004929009501596701,9.79913587377812e-05
2026-01-02,0.00848125309716815,-0.005699196428834826,-0.005809231017269328,-0.00034173847664088525,9.79913587377812e-05
2026-01-05,0.005877046376329702,-0.0021095500853984513,0.005792380598046479,0.003887864288490934,9.79913587377812e-05
2026-01-06,-0.0044109509545668425,-0.0008164877821362992,-0.0014722117503441184,0.0077309505002283365,9.79913587377812e-05
2026-01-07,0.012428524318901148,-0.0031210412519322413,0.0055696061109536885,0.0020490505323504937,9.79913587377812e-05
2026-01-08,0.012562344837832772,0.0030435163910757534,0.00030660685778926064,-0.0024740773363192588,9.79913587377812e-05
2026-01-09,0.0024086939752587864,-0.002130346892294169,0.005818127898273759,-0.012293447461779246,9.79913587377812e-05
2026-01-12,0.011751890869842095,0.00500095435835911,0.0011267779961723417,0.0006235374525040277,9.79913587377812e-05
2026-01-13,0.0034717431611855456,0.0015058658282173973,0.0035129306514763035,0.0003546211621699477,9.79913587377812e-05
2026-01-14,-0.006537796321394604,-0.0033877860329815405,0.002976372184353347,0.0012975725212337461,9.79913587377812e-05
2026-01-15,0.008573802068000057,-0.0042296994191614295,0.0025931642650078826,0.012837441786219997,9.79913587377812e-05
2026-01-16,0.0015273574709441327,-0.008137481495237193,0.0014917379087308425,0.007643579277158433,9.79913587377812e-05
2026-01-19,0.00021607816105384317,0.001553665889334112,-0.0008314028644623396,0.004910365509499914,9.79913587377812e-05
2026-01-20,0.01787544286627489,-0.0016729377362567906,0.007761738766291441,-0.005572462780429599,9.79913587377812e-05
2026-01-21,-0.02921046554248104,-0.011760977640317572,-0.003527747940383603,-0.0028779684951804607,9.79913587377812e-05
2026-01-22,-0.016812210041914837,-0.002578574363847001,0.00011723056937263877,-0.00036906764157101305,9.79913587377812e-05
2026-01-23,-0.014044845116492441,-0.00440517014627476,0.0001595435008303818,-0.004452442744062122,9.79913587377812e-05
2026-01-26,-0.0041591277708256675,0.007978387960853301,0.001709763013374086,0.0032027871499107088,9.79913587377812e-05
2026-01-27,-0.0028552980371923616,-0.00841389305946655,-0.0016178905835780046,0.0023414530952942272,9.79913587377812e-05
2026-01-28,-0.01788790777327657,-0.007106753998670268,0.0013589852223583512,-0.0063298467583281556,9.79913587377812e-05
2026-01-29,-0.011621896387729915,0.005649848215528499,-0.0005753703408118645,0.007380900254576746,9.79913587377812e-05
2026-01-30,-0.010130100142282841,0.006883815787319816,-0.006227810069751597,0.0008138620028531618,9.79913587377812e-05
2026-02-02,0.0296890891049107,-0.0036249146936282077,0.00013820914502738583,-0.010174426880453507,9.79913587377812e-05
2026-02-03,0.021820903372965758,-0.0030604291140445545,-0.004302261332120607,-0.00010805715006981673,9.79913587377812e-05
2026-02-04,-0.0047409930122157915,0.003181176982766564,-0.006837543049795604,0.0018872387355374292,9.79913587377812e-05
2026-02-05,-0.0041629994836815875,-0.011535498984726552,0.0006474932827575399,0.006036754168614443,9.79913587377812e-05
2026-02-06,-0.01359044796625953,-0.009205968422527782,0.0020515333680782657,-0.0018248584187596979,9.79913587377812e-05
2026-02-09,-0.022697564958703204,-0.0013036670042535592,0.0022067921684183053,0.005167629604683243,9.79913587377812e-05
2026-02-10,-0.0012025622369022883,0.00784945283064563,0.0023686828280787765,0.0013228519206212944,9.79913587377812e-05
2026-02-11,-0.011774223798928308,-0.002078650440833698,-0.007630356083762442,-0.007690327654225477,9.79913587377812e-05
2026-02-12,-0.0008182063799441172,0.0006046839586757732,-0.005344067711629878,-0.008291000640895082,9.79913587377812e-05
2026-02-13,-0.01900247018852173,0.00576894636282006,0.007994085747254683,0.006935359220896092,9.79913587377812e-05
2026-02-16,-0.008943693499723094,0.010634423666390731,-0.004088835040308145,0.007375905070290614,9.79913587377812e-05
2026-02-17,0.0019835251436339705,-0.002784242365741563,0.0025433641245467564,0.002137455382428338,9.79913587377812e-05
2026-02-18,0.004594515173407249,1.5816381332869713e-05,-0.0026477504866633844,0.009174240327080172,9.79913587377812e-05
2026-02-19,0.005209663504904174,0.009210276106714212,0.00041869095707025783,0.00653965909424964,9.79913587377812e-05
2026-02-20,-0.01564586780988445,-0.007510996375957142,-0.0024330168090943767,0.004301772376878326,9.79913587377812e-05
2026-02-23,0.01045622876162674,0.005237905352769109,0.002346164618478579,-0.005267868932402032,9.79913587377812e-05
2026-02-24,-0.009402540359222203,-0.004991577661806291,0.0006470964692667963,0.010588572506194062,9.79913587377812e-05
2026-02-25,0.007794294975287677,0.0006123618355157837,-0.0016931590945769345,0.003417808593249638,9.79913587377812e-05
2026-02-26,7.233588058168223e-05,-0.0011130952370013714,-0.004100688478722841,-0.0021150326476697297,9.79913587377812e-05
2026-02-27,-0.016316649988935377,-0.004690058003506146,0.0011710967899700444,-0.003809620031831788,9.79913587377812e-05
2026-03-02,-0.0035943724549742555,-0.004815509638291375,-0.00475087519617036,0.0017407026890831415,9.79913587377812e-05
2026-03-03,0.004584364904765211,0.0014820718212687726,0.001809924168483354,-0.009826354509030728,9.79913587377812e-05
2026-03-04,0.007555584565695188,0.005077696640813411,0.0106059396361476,0.004398039652117176,9.79913587377812e-05
2026-03-05,-0.0014918547693330232,-0.000548681015942516,0.005500680205048049,-0.005521424888164162,9.79913587377812e-05
2026-03-06,0.018581346687212633,0.00045056579366608185,0.0029733915475766513,0.0024236486529457205,9.79913587377812e-05
2026-03-09,0.012290129251838708,0.002955870331455236,-0.00024242919096459072,-0.0029297220241489568,9.79913587377812e-05
2026-03-10,-0.002879849396797034,-0.004758093865064799,-0.0076550105080141016,-0.0013865122763482218,9.79913587377812e-05
2026-03-11,0.009201461745643335,0.003798462542064615,-0.005189145583600737,-0.004341459236590389,9.79913587377812e-05
2026-03-12,0.023405521822258243,0.004196715485298735,0.005231171424410854,-0.0007673765870848091,9.79913587377812e-05
2026-03-13,0.023725815209396324,0.01311813149375205,-0.0030590243204991195,0.011536277276104125,9.79913587377812e-05
2026-03-16,-0.014535998569869969,-0.0017805209527979114,-0.002697008392656187,0.008510357762291844,9.79913587377812e-05
2026-03-17,-0.010918397333885808,-0.0021904090083406384,-0.0005626019027360858,0.0023268737299727404,9.79913587377812e-05
2026-03-18,0.01801902544080621,0.003944829357868728,-0.004148185035386219,4.8234406610285805e-05,9.79913587377812e-05
2026-03-19,-0.012499372610051646,0.004195520844560692,-0.004807074938206545,0.00526520714415731,9.79913587377812e-05
2026-03-20,-0.015670493599500148,-0.00257543576688356,-0.00010189629112568729,0.006979822364645339,9.79913587377812e-05
2026-03-23,-0.005634329568388563,-0.0019158133846502443,-0.0034661178186881454,-0.0047789102932451755,9.79913587377812e-05
2026-03-24,0.0052427205136950285,0.002805654191090202,-0.0028640743191155798,-0.0002646332057932132,9.79913587377812e-05
2026-03-25,-0.0010287604793331564,-0.004037921203673307,-0.003024764104588024,-0.010731749377408482,9.79913587377812e-05
2026-03-26,-0.007606763444867106,-0.0019526699400750746,0.0021894408553378743,0.00693861266156537,9.79913587377812e-05
2026-03-27,-0.007890549540694108,0.0005479638368421733,-0.0008285027619814291,0.012590145546205134,9.79913587377812e-05
2026-03-30,-0.008348044772952505,0.005079693424111291,-0.0006142878715754147,0.0006804957477385131,9.79913587377812e-05
2026-03-31,-0.01035411554390731,-0.0029229930808977044,0.0024877835892355327,-0.012550060749418099,9.79913587377812e-05
2026-04-01,0.02757959452731274,-0.009111922310153361,-0.0004681584329317606,0.0038533430994621867,9.79913587377812e-05
2026-04-02,0.0037701328542266593,-0.009482987337591056,-0.0010130150738286913,-0.005224534996894482,9.79913587377812e-05
2026-04-03,0.010841108652856864,-0.0061970653335306665,0.0019818014222806836,-0.0037800966499867594,9.79913587377812e-05
2026-04-06,-0.005668929617427085,-0.0064658385909996865,0.002772791374230524,0.003959458338746023,9.79913587377812e-05
2026-04-07,-0.0020314801262325865,-0.0006730537930995451,-0.0004882939980344167,0.0017273247530763464,9.79913587377812e-05
2026-04-08,-0.008362647776444259,-0.005844400767988025,0.00042243110248208637,-0.00272865265203161,9.79913587377812e-05
2026-04-09,-0.031620500019030426,-0.0034137747991060206,-0.0030271609189333124,-0.0036976337956099864,9.79913587377812e-05
2026-04-10,-0.016336111322174395,-0.003770429424910249,-0.0033427321726581024,0.0009550163313249965,9.79913587377812e-05
2026-04-13,-0.02152742415976474,-0.0021025393042399675,0.0031765900078672307,-0.002256793315074205,9.79913587377812e-05
2026-04-14,-0.02679740533541929,0.006712521657615612,0.0018797682501784868,-0.006455422801618044,9.79913587377812e-05
2026-04-15,-0.014144307691577233,0.0034097379471525833,0.0019211937536663044,-0.0017953790888701605,9.79913587377812e-05
2026-04-16,0.01609946815257957,0.00018064707638001937,0.001223417394902089,0.0022375557395311048,9.79913587377812e-05
2026-04-17,-0.00033323401245225306,-0.002205131402904191,0.0002848131032598143,-0.0008686208009178001,9.79913587377812e-05
2026-04-20,0.01568676514785409,-0.002066163283115106,0.002885647563291077,-0.008281051589489111,9.79913587377812e-05
2026-04-21,0.005131790922810503,0.0017387323497597476,0.0038404350440911354,0.006134387728253236,9.79913587377812e-05
2026-04-22,0.00959070590858191,0.003020845366761451,0.0037449120207625904,-0.016232868621660002,9.79913587377812e-05
2026-04-23,-0.010610763943654901,-0.004438087530503002,-0.0003031116637839473,-0.0024781909301706114,9.79913587377812e-05
2026-04-24,0.006487411450312049,0.00028240377807115744,0.005647970919635353,-0.0035211907273234953,9.79913587377812e-05
2026-04-27,0.008944570808892152,-0.010058097843315135,0.0010138427269292846,0.0010890732672284892,9.79913587377812e-05
2026-04-28,-0.006719767506804315,0.0011585689208529852,0.002629504770263194,0.003569970846816413,9.79913587377812e-05
2026-04-29,0.006914484447393996,0.0039107462097934306,0.001228351563339519,0.006960588849566212,9.79913587377812e-05
2026-04-30,0.0069942531028979954,-0.001300343134404377,0.0010880268299366966,-0.004074429240112962,9.79913587377812e-05
2026-05-01,-0.006394631453560995,0.009182634980700526,-0.002843007961001279,0.0037194940240008905,9.79913587377812e-05
2026-05-04,-0.01327322118725194,-0.0043061922371802515,0.002905403353379304,0.0013749103272887669,9.79913587377812e-05
2026-05-05,-0.014009539982779267,0.0011872020765163064,0.011481177579630556,-0.01006923625109934,9.79913587377812e-05
2026-05-06,0.0012380665030575415,-7.912373332977738e-05,-0.001399180299160333,0.011603241532604659,9.79913587377812e-05
2026-05-07,0.004124118425471777,-0.00040148833721704165,0.0003839788616997926,-0.008432650763441196,9.79913587377812e-05
2026-05-08,-0.009310309965494973,-0.00047161084002373814,-0.0016848210573890494,0.0027169836338582897,9.79913587377812e-05
2026-05-11,0.0005190240959131837,0.0006355251500473584,-0.0018520796062477382,0.0025397596651864866,9.79913587377812e-05
2026-05-12,0.007046444433661824,0.0043397937173184995,0.006277797912474692,0.001853820693974463,9.79913587377812e-05
2026-05-13,0.00761828857598361,0.006988681181373722,-0.002591884070909859,-0.0027674612929696448,9.79913587377812e-05
2026-05-14,0.018822561441469862,8.874877747921305e-05,-0.001796321893465445,0.0051635159068430135,9.79913587377812e-05
2026-05-15,0.015523769986376522,0.004176580360858166,-0.006249971294925205,-0.009162204843658572,9.79913587377812e-05
2026-05-18,-0.011815497193078528,-0.0034088347313339126,-0.0029304468981689894,-0.00019497273204353749,9.79913587377812e-05
2026-05-19,0.02040303451445627,0.003929777263631165,-0.006733599571813391,-0.003183248059314751,9.79913587377812e-05
2026-05-20,-0.0061717180546685775,-0.003709957619134952,0.002627218796847715,-0.0038637876524021896,9.79913587377812e-05
2026-05-21,0.012738473749453132,0.0055532996804406615,0.011298788887349238,0.0027724867247212745,9.79913587377812e-05
2026-05-22,0.0010158395126130663,0.011153204386966197,-0.0013667151746020885,0.006664871256318099,9.79913587377812e-05
2026-05-25,-0.004745792541483612,-0.0005104194398569589,-0.006567031731960949,-0.0018595345710211964,9.79913587377812e-05
2026-05-26,-0.021492362317299195,-0.010862717454037043,0.0036999986577189326,0.004884086539554664,9.79913587377812e-05
2026-05-27,-0.001858774122596178,-0.002640364666224115,-0.0028076998357206276,0.0004984439926675909,9.79913587377812e-05
2026-05-28,-0.01851259882366731,0.006259375671446517,0.0052973877222141615,-0.0051563932554280515,9.79913587377812e-05
