feature,PC01,PC02,PC03,PC04,PC05,PC06,PC07,PC08,PC09,PC10
dim_000,0.011865970848387308,0.0013114520624774584,0.0087539898375826597,0.0043540075883612903,0.018561007334270158,-0.028530283474597767,-0.017871888629828588,-0.042336229690689592,0.0041471146936425812,-0.062039452415874136
dim_001,-0.0075840424566896436,-0.0035943453393442737,0.017552901862717907,-0.021318730591300589,0.011134757411368601,0.027530512857253477,-0.014581986816562907,0.0041884896833071089,0.0043799102938315137,0.04495865732624682
dim_002,0.098459411196046953,-0.046162132549362522,-0.04632363458165524,-0.040363979102128127,0.019411177009662273,0.047042750240472553,-0.10059116578620966,0.02496232729353981,-0.021177106130875999,0.063178185210443716
dim_003,0.002990202545535281,0.001817144948342217,-0.016106356438387703,-0.0069335593544489066,-0.0034299476056566802,-0.029706204027835054,0.021189736704487025,-0.055915681906368087,0.019489853941660001,0.026395193632963554
dim_004,-0.014464879891813776,-0.12366163002882025,-0.0027279712737757755,0.0043620512410508022,0.019258270273482064,0.038301216965258122,0.0023225616437086705,-0.025504411364700337,-0.015388837466480339,0.0074335977843792492
dim_005,-0.074569881084311743,0.064573598767493495,0.051754953591751696,0.034841024601386598,-0.0093585854603820406,-0.027070511486206386,0.12683387261136367,-0.014910490829107115,-0.020296219869345784,-0.03526254876816981
dim_006,-0.012016830433600773,0.032165848205554237,0.011675457687509605,0.06437845809380692,0.14636054933536652,0.025614536600468196,-0.014307437835428094,-0.0039958854806060318,-0.0063446062899851947,0.0020898824661525761
dim_007,-0.0022411674874717527,0.0044064304628244066,-0.0030513892595253056,0.001015124391745531,0.0043552686766049481,0.010364624516618362,0.048397729645891285,0.022048588748605491,-0.023500108218768169,-0.017883476230303411
dim_008,-0,-0,-5.5511151231257827e-17,3.4694469519536142e-18,-0,1.6653345369377348e-16,-8.3266726846886741e-17,0,-5.2041704279304213e-18,-1.3877787807814457e-17
dim_009,-0.0041993685421748313,0.01762570408233638,-0.043218659211064894,0.0063884721901913133,-0.0098418856497513828,-0.020988359153180119,0.017751579470825063,-0.0025522231247712968,0.071530623589570561,0.036747032690015419
dim_010,0.010521251629683964,-0.0044646649640748964,-0.027201920297531903,0.0007558936535451144,0.02159074438858799,-0.013183130231025651,-0.084154096450853422,0.0094209162969280114,0.034942364530678081,0.0078984213179385532
dim_011,0.095378974654703796,0.014923202299197438,0.011415427047406328,0.096555995577515485,-0.083533457540507117,0.023760303245567722,0.01211234793776228,-0.0082684905483071391,-0.015479259142643625,-0.010032189185888595
dim_012,0.090311214125671377,0.012995752940972766,-0.0086954804182640174,0.018065040886878728,0.017402229003464966,-0.11804042332387431,-0.036956413492890666,-0.042899547299374563,0.043164732333832397,0.074563947944615072
dim_013,-0.0082566943615562799,-0.024049592969140488,0.029450954066419746,0.0049977708437127328,0.0018816137276935416,-0.025230999634578158,0.0066478285294439277,-0.0084515201179370947,0.027375228555103055,0.0071531462908689947
dim_014,-0.079399770581964874,0.050514623853667173,0.059502257336708816,0.0081686174444351046,-0.05810466519537108,-0.04076729918141786,-0.067505735447125223,0.04393159331653218,0.024288435023306111,0.01645483430395861
dim_015,-0.014110296639282172,-0.015801440838398288,-0.0002695965988039708,-0.0038419518643180296,-0.023750040553071602,-0.001228483795699773,-0.020531359346019667,-0.030964421238006218,-0.022998657722610026,-0.029679198146585345
dim_016,0.012934954116203223,-0.0050235830633730766,-0.031445141757920465,0.020571894934284539,0.00019226693374206481,-0.013919234146963265,-0.015500284311155495,-0.018075323712708723,0.046914873612646762,-0.057805143038090645
dim_017,0.012191666225727704,-0.0030681632522506375,0.030739561053194506,0.0048345553032765392,0.015043899654316234,-0.0050609086525830304,0.028255003536105966,0.025058097959232022,0.027885558216325518,0.017150979708435793
dim_018,-0.021610707035438576,-0.0028556831840310993,0.0026988102774603679,-0.012037063321141437,0.033664772651047309,-0.024458011903110099,0.040869769729770578,0.096271191295185576,0.040830830558816339,-0.0060092908391791017
dim_019,0.022298144586751775,0.0023281192951470349,-0.016768405520452216,-0.012687126007710998,-0.0032202548164413165,-0.0018297479550571409,0.0089365134837638433,-0.015526975852445044,0.065175685757335178,0.021895037363810363
dim_020,0.0023844146412203442,-0.035944889125064598,0.0014360772161408852,-0.017026224730364081,0.0035000065774825765,0.0032132813238826175,0.01228122229980385,0.011059832997021362,-0.0028364928297596181,-0.037914811404305818
dim_021,0.0071705545106951814,0.0079650730871570069,-0.002594092937980211,0.016755189428486937,-0.0086855732098652001,-0.0016352784102718042,-0.0047233045397210476,0.024991495488374874,0.029071023501411108,-0.010507327071193236
dim_022,-0.014192714585423514,0.0063242826655466617,0.0099137735178483222,0.0029713673183960738,-0.0092711838310512561,-0.0054209709864608321,0.0099375592983934873,0.040625258414378945,-0.015180200962571833,0.039682632763641382
dim_023,-0.029169724328194251,-0.14187413723148809,-0.0095061478930516443,0.0016141839152654346,0.0053420354051712136,0.045395229164441636,0.0050488553895705751,0.0029306063988972161,-0.025575187276060257,0.0013680856544168035
dim_024,0.01541315977478987,0.020895074212248097,0.0024722454895334633,0.0028530850838109048,0.020112497995726827,0.0061105241956888627,0.0087786068665129686,-0.0095425942764671007,0.018142411853691975,0.0086094180766891001
dim_025,8.1223781624708226e-05,-0.0024428483968971454,-0.010789951356878479,-0.020742159650928682,0.012825123037795766,-0.014632841281370167,-0.036561661361500034,-0.041773151185124632,0.043951251315213623,0.043461480405047472
dim_026,-0.01148323151303772,-0.02077122651127537,0.0016396910259181602,0.012663044348724554,-0.01238642165877989,0.0041974353851079527,-0.025110291312895223,-0.029337604358242259,0.013131814152156585,0.027027652209792485
dim_027,-0.026626848468599619,-0.13953136229896759,-0.0032939614924714336,0.0014969249716481178,0.0014278348024807715,0.057761346801641703,-0.0047248591661384143,-0.0012769181898977502,-0.018892068426182029,0.005788578158526415
dim_028,0.092358828315027369,-0.043405083160010849,-0.036429888452851861,-0.028138160930634301,0.015137286813844913,0.043497223282923769,-0.12198324172252047,0.010556180540728865,0.0082835023686153499,0.042784007990803986
dim_029,0.0044881329893103816,-0.016110735814554047,0.0078283543172093586,-0.0035891560335448718,-0.016704176080545929,-0.0037765710603898427,0.026832062580369624,0.020143413323471113,-0.022899309891870574,0.034190421560827078
dim_030,0.0094041067375339928,0.029239560420789068,0.0036791234458252108,-0.0044550412635478006,0.0086287733500547744,0.0040896106145922742,0.032941670292050959,-0.00048524643578464345,-0.056390738784943252,-0.012745571085781662
dim_031,0.012189068768295723,-0.02942548794923203,-0.012131452755502307,-0.0082834723083332288,-0.03215837959528197,-0.018211277169254466,0.02703059381909622,0.11685030728639968,0.014446876621709657,0.032451003010724969
dim_032,0.0074584879184036714,0.0059083526451338851,-0.0036338882733033553,-0.003947855817173134,0.001747984166460412,0.0096107877148144862,-0.015950649228576176,-0.028358473540615811,-0.00010202696645130566,-0.011365579972879635
dim_033,0.0045756768844872021,0.049814475439734753,-0.026829516324247946,0.021798878621470546,-0.012565967302417113,-0.02173890698956572,0.047317735897650953,0.085132888204492926,0.073698000720660864,0.03569557042673132
dim_034,-0.0097855728149971941,-0.019859399290896567,0.032867836727305547,-0.019636748049888023,-0.0018624706757690516,-0.00077939089193565492,-0.012057094324688922,-0.04652417220739051,-0.045352327871932219,-0.035000613817038347
dim_035,-0.0075096693575064204,-0.001259251646899724,0.025830081787161591,0.0044232320904592443,0.018712060600549599,0.0015704783222382222,0.036882767665902289,0.0051561648641392944,-0.03927374304656963,0.042967744161940644
dim_036,0.0040792917496558587,-0.0040998291087938543,0.029465835931599189,-0.02885831984363903,0.0123365543547888,0.011581919924071328,-0.0063600602612300479,0.037527443538354639,-0.071469481408940688,-0.032214590235559892
dim_037,0.020007492847345001,-0.041482771716992342,0.10848825617190905,0.063378685160657769,0.028592584960022857,-0.020015741941878915,-0.03642049062379514,0.026946937784069761,-0.031529456336864693,-0.020879801510238782
dim_038,-0.0021645922168794375,-0.013919534796242831,-0.0085846940597489405,0.0037290413164376003,-0.01041328611326201,0.0041699088036250562,-0.014953383046291763,-0.014163638819949543,-0.0017605691496112058,-0.036327728741853887
dim_039,-0.0083906881426930192,0.043387560851758204,-0.083234891631698366,-0.033922942924069506,0.017102273649473018,0.027233343695231095,-0.050525534254670483,0.089191168655051084,-0.063637804582826182,-0.09766749327465149
dim_040,0.0080807021769233982,-0.0013114275170595616,-0.00072815144107452436,0.0037877687750283795,-0.024578959006760388,-0.0029525457499414575,0.01647458582832553,0.028073488504536118,-0.005146285006932423,-0.018553359384075815
dim_041,-0.010699816821503536,-0.016774587155666969,-0.0072717219610219713,0.0091806965411469228,0.0078227756926779243,-0.0005733782047900774,0.0028316938017458292,0.00052697010120254903,-0.021789016558014514,0.00118833957988957
dim_042,0.023058717949303174,0.14906999716242503,0.012481486034707055,0.00063983183135841082,-0.0076757050267412226,-0.043432541814727429,-0.0084110117359094717,0.00034032900470977332,0.026825259773206076,-0.0031017335132969316
dim_043,-0.0087213135395809386,0.0044005317553244237,0.0060223114761729177,0.0098924024697964966,0.010131237206096252,-0.01608684626894176,-0.020216973041384593,-0.019621186646770192,-0.0020408198467400129,-0.036309456797620501
dim_044,-0.087923047620702549,0.056650454008853789,0.040911636080582854,0.042643849434294161,-0.029883453430912695,-0.036444684450119565,0.11231048435107471,-0.038493035663225164,-0.00094227076932428401,-0.020681168151550279
dim_045,0.034571735737073304,0.034435877160192412,0.060158477214191139,-0.069362312796362069,-0.011647406367684585,0.12496563127100625,-0.035130925881508089,0.0052728666953619774,0.053158274574135682,-0.0058158081764029552
dim_046,0.032329037284030637,-0.047799217157954932,0.13278623959564764,0.043907284943852605,0.038800360204389851,-0.032073766854201741,-0.024114006335213042,0.041269811724132015,-0.033901406258776301,-0.038486233986932322
dim_047,1.0052113167177172e-05,0.0016749164082598066,0.014604459116284793,-0.0069882768667907432,-0.037023373712046073,-0.010632478543111014,0.025659355285313531,-0.061929856077497611,0.040726359848670783,0.026930033186614615
dim_048,-0.00024529574146007474,0.002846946696734257,0.020396522309880569,0.011291094712115372,-0.015191910202770612,0.00081285136648621341,-0.012656832642638022,-0.013296175523429161,-0.0013693273389070806,0.01519006844021176
dim_049,0.002054139158990938,-0.0059511069142429065,0.0037916402066613389,0.0031998944030186198,-0.021112012412995037,0.0024125939689094884,0.017786426036646,-0.046283909153840792,0.044508565184339044,0.0091324380706176989
dim_050,0.086583284064963087,0.018478753084587768,0.016293686288757908,0.098341574451610944,-0.074053579627156876,0.02000389129393166,0.0076053679582091804,0.011261644728733443,-0.020826127634395519,-0.028938708499487296
dim_051,0.013597743280284378,0.0082193744702169069,0.013138314694675657,-0.0029634090957600854,0.0071351486201668987,0.0038143383452242984,-0.0028198972012141404,0.023140913293453001,-0.028012815088207896,-0.031712135785132142
dim_052,-0.015581764422729457,-0.016213165533247,0.0073044864198169102,-0.013767179027685702,-0.041920766769965388,-0.004475740469827451,-0.0033325146612306622,0.048152143660022545,0.020330637948964767,-0.0050701087725491673
dim_053,0.010102187715501686,0.025321118798542805,-0.006458053176488703,-0.0064103418011113864,0.014617599231500579,-0.010568078780626057,0.00097521048452501105,-0.020946139556329884,0.032658077110757612,0.0078339920938557111
dim_054,-0.020141193315998774,0.034198949571567633,-0.092572059718592378,-0.028728400515309543,-0.01544680706657185,0.025450400089948727,-0.063043201707062776,0.094560187323208186,-0.094911782168131495,-0.087552185008290956
dim_055,-0.088362593216169447,-0.019495679597665419,-0.0040837385772737374,-0.1027562305611764,0.086044085926983663,-0.02063644725372734,0.0056602548441644189,-0.015992322009398294,0.018672943748574755,0.0024784903010465192
dim_056,-0.016180917077097328,-0.032328602474173768,-0.0041473954507666401,-0.009738371627342049,0.0011890132201518963,-0.0064335904267305245,0.012946896662056588,-0.027807151000628895,0.009009062092044412,0.014264656292534721
dim_057,-0.098766810314613776,0.035673851315018025,0.082067272158118335,0.0080104366371200938,-0.06561765446090756,-0.048533516223903873,-0.07480434052376525,0.027911924327467197,0.027216161625798204,0.010644002907528224
dim_058,0.029514500850688411,-0.04084672342925269,0.11147214461290228,0.02964588034727185,0.039519755388150148,-0.037293778767831673,-0.036478029833325397,0.040324762818592957,0.00015792961596436075,-0.036652011398192054
dim_059,-0.00062571303443089094,0.0038440382580399706,0.017931600675620704,0.0010516544924201127,0.017647983832656925,-0.0067988255923008781,0.034288536588710471,0.0055010235893568817,0.024392159523586168,0.060722041146614572
dim_060,0.012333496352964416,-0.0070605943231294519,-0.016496747350974596,0.00065535201736199508,0.013081811295566096,-0.0046709801932558808,0.014408554947344927,-0.009688531224158508,-0.01097292655505688,-0.014839112001060764
dim_061,-0.0041446780572618781,0.0087681065078537238,-0.0024776928427141546,0.00081554160969669897,-0.0016120610532436024,0.0084396708570042261,0.008912943984400323,-0.0029214904723021584,0.00070262127498573509,-0.018565248028453326
dim_062,-0.0015088997077946406,0.0053122651363519168,-0.010148514849384645,0.00053323763061322049,0.029658606375220688,0.020317921499696471,-0.011468508733423678,0.025678546442700893,0.02056112852164697,0.037793884987921557
dim_063,0.037273488970070073,0.021360370299771531,0.012140727181287839,0.0060145710979614773,-0.028220321114553363,0.050486715231067826,0.0079732066042598575,0.0084384969619578903,0.007177992452291759,-0.02628180292277912
dim_064,-0.014828833387346887,-0.0096127486796919771,0.024474554375605986,-0.044730762130331128,-0.013761615190123373,0.014025517678946076,0.026641903067761701,-0.0089119962043151708,-0.022603766925764612,0.024612238986337277
dim_065,-0.025584631047028673,-0.02624509020115311,0.0011057391042985454,-0.027255867445524048,-0.028988839557461166,-0.014128164996967396,-0.044092099170444647,-0.048841483395480001,-0.057765279037021888,0.01286983086538206
dim_066,-0.0045774182380768705,0.018006778640683316,-0.01006176682582538,0.0094103005969582171,-0.0032265767265241465,0.0018938596188746561,-0.012222556780578977,-0.0095752541035687266,0.04438373379283015,-0.020870478673347397
dim_067,0.0041248911964868159,-0.0020053780807809721,0.0045969951569923119,0.0046737408887316395,-0.030767218180944366,-0.0052801935316327507,0.015481013843040972,0.024831260032313816,-0.01903827102494534,-0.026249944143522726
dim_068,-0.031007203229587735,0.0046910182262287362,0.013102072898167163,0.0014192005534165953,0.002704242287588247,-0.016972982640049868,-0.010382747179114271,0.056227313245374971,-0.0077591121230813744,-0.030873614956828745
dim_069,-0.0011466751951294532,-0.0069778005678100665,-0.0074527503733170025,-0.013105841056794269,-0.0065625971918359029,0.010783404879266989,-0.00013953189627293695,0.034650987112437193,-0.024042928079112246,-0.043721451467586422
dim_070,-0.022052348948233446,-0.022809413135756927,0.0027229749963224863,-0.011416171228858882,-0.010351463251159092,0.013631206643206512,-0.0024746101993414369,0.012660792154596102,-0.020070222497066918,-0.0032221507335693763
dim_071,0.076236587176382528,0.037520074350827048,-0.087359302531948554,0.0044857091837391914,0.0070904003663106686,-0.09786944714510161,-0.096800045624389347,0.018495006547884701,-0.0186822522614189,0.021570669497517302
dim_072,-0.0090443133987636818,-0.013382242758539858,0.0054306076850067445,-0.0077519811982130612,-0.0040895075034427936,0.018045236233230007,0.0028741715046785572,-0.0099372480991219113,-0.04296372305093725,0.048502213519663072
dim_073,-0.0032630229103164897,-0.007987699425562142,0.01892088963797306,-0.0071215765460741643,-0.026234438968492289,-0.0012364401899967873,0.011174782638436609,-0.014653607214077279,-0.021232287417014894,-0.057217250668883113
dim_074,-0.00014115674422507306,-0.011461741156281806,0.0002118576971583711,-0.00084513349429074785,0.0013021571188731524,0.0067221192729199509,-0.0051815711869282769,-0.0028994767015945826,-0.020838494770670391,-0.01150394554611546
dim_075,0.0078793185776701493,-0.020739638892576757,0.0077143171388733235,-0.011564466561904409,-3.08495478116627e-05,0.0040576648413291451,-0.008953242542077914,0.015493962050679032,0.022411636532476048,0.021658495538108013
dim_076,-0.01933752381591226,-0.012043989066530626,-0.0054730063468360979,0.014372392667763393,0.0040247119186157688,-0.0054610699475091951,-0.023876975678433752,0.0073918277620477627,-0.003760003920962597,-0.0081802395615073846
dim_077,-0.026870053632034065,-0.15153597516443074,-0.0090319610786235814,-0.00036039504354981112,0.0053413650791344983,0.050356101650402232,0.0051907191235039101,0.0083684750892534538,-0.018445380951673196,0.00091021887985765361
dim_078,-0.015310574310092338,-0.0057431421097962291,-0.0064117992206194135,0.018255356617512514,-0.00087851196103004309,-0.0078049292137594541,-0.017542247311383978,-0.011759069599703605,0.070470002631472156,-0.028709890202858513
dim_079,0.038952572533164573,0.029642067532404465,0.06287039312480891,-0.067690292486740952,0.0043560330193467113,0.10625996619095299,-0.014240914382584109,0.0052028009322152499,0.05419085779310364,-0.0072843498221507414
dim_080,-0.0098935357274015263,-0.0089437508817294328,0.00049729800856415771,0.0030682694365791715,0.0060272027947598783,0.0046272852059638329,-0.0079441662523245943,0.039502070272116031,-0.0090703713986061644,0.049023822381376432
dim_081,-0.0032696625140726044,-0.0041094930587347537,0.0058338128206573718,-0.0055972911594906081,-0.00076738793021697638,-0.012235162693015658,0.033399524711240129,0.0048510788549950886,0.04149522936308845,0.032439188056663723
dim_082,0.10776699649204592,-0.026454287146176033,-0.053273555151493741,-0.058128192247412509,0.064575030197515176,0.0090784018778355922,0.089996641895162321,-0.024373844282802652,-0.027542528295160844,-0.014920826270687054
dim_083,0.0037160623187975587,0.0018706337721530384,-0.0024794126436876985,-0.01660542155691417,0.031036287749571213,0.02334527547548922,-0.010218108837870306,0.037683725785264098,0.00023646523334780944,0.047223355878429345
dim_084,0.0034934214673280365,-0.0042234139069967681,-0.0057650246516509074,0.017605878400123797,-0.015783011645447265,-0.0022610611088730911,-0.0051891236532536555,-0.017214647942213241,-0.02657934638339807,-0.042903725994465708
dim_085,0.0052173412060115268,-0.0050998656654761068,0.055303432912992806,-0.0011123280087622315,0.018262034613847407,-0.030632672115299551,0.037218726838474984,-0.017537669821943699,0.011201527527395451,0.016079507837543184
dim_086,-0.0045625673638359111,-0.0095659597391846568,-0.012522255423517238,-0.0046485444997110738,0.016678370533908742,0.00022887019686834267,-0.028510205343030934,-0.037932719184841104,0.027722273439081048,0.02475521985221403
dim_087,-0.092605830511793774,-0.018973838254284423,-0.016457430138528861,-0.091311676886423027,0.056148000936516923,-0.023672895461111385,0.0011768678545802669,0.0077790070653546662,0.02262562822209915,-0.00093861049329715268
dim_088,-0.026766860206431584,-0.00069656662882754497,0.015366535103766779,0.007011013441918533,-0.0071140820486945552,-0.0075376345120138797,0.0016698575757586205,-0.025504377830058517,0.028543164625072958,0.014720352766137576
dim_089,0.017744739363813274,-0.0013276638450536095,0.0012105898315040841,-0.02134251040228791,0.0072980626681755298,-0.012797820221576384,-0.0020614764869750029,-0.049787873363753059,-0.034796230243811635,-0.00094694829924785694
dim_090,-0.086516960940989457,-0.0056965377836860768,0.017385256557179395,-0.026079264359824085,-0.0029252083315894615,0.12750507564134167,0.059403508854256749,0.052142979216936593,-0.024422474521770089,-0.091671910739022491
dim_091,-0.054892125104680035,-0.0094300307540637375,-0.038750844030617584,0.11559498575948919,-0.042442133186594268,0.077430823583323052,-0.04051638950598889,0.022302846437839943,0.034148112137194563,0.025420992632118122
dim_092,-0.011985809933235362,0.003233254953215053,0.0080076969361161845,0.0025891295205174047,-0.0076465994353389953,-0.0090634425218407717,-0.00037400180341207087,-0.0067736655267126595,0.011359091595080464,-0.047995628260910639
dim_093,0.0051761300091476116,-0.03247917938254425,-0.014766133387226883,-0.065570009590364728,-0.13730412392795249,-0.026342454627046308,0.0017748556904850644,-0.0031439524668123988,-0.0092378003222561567,-0.0017452867564923776
dim_094,0.015668544232028833,-0.020911880360350368,-0.00041613138137386861,0.018730909125119637,0.0013074473432327534,-0.01373312501664057,0.019911907441899607,0.04379880155124407,0.018137500911415971,-0.032702222579625809
dim_095,0.013595361227781672,-0.015069618478938535,-0.00063167874784661069,0.0029485271934040417,-0.0081745651160194041,-0.00079237983319239394,-0.014096018804218072,0.00096323956951230934,0.053854234170838261,0.063508029492925805
dim_096,-0.10653355719850527,-0.021539991647001565,-0.026327293098606375,-0.066541730595135198,0.078712942753375856,-0.0335882890357692,-0.021268030173103015,-0.013110533881961985,0.012192623971644348,0.031205228487582018
dim_097,-0.0023435940851993329,0.028731605720222347,2.7638605095957744e-05,-0.0040110538917735991,0.0031931368215967759,-0.0053010412671243064,0.0046871494057397428,-0.0018365662550739307,0.046921015961436149,-0.042910519489776699
dim_098,-0.026047020514685625,-0.0083591242988072887,0.00062049235067383106,0.0040878177682641065,0.0060450294122210858,-0.02231538021169344,-0.0096677372852537625,-0.027792390867569301,-0.011740958150756823,0.00923031250629755
dim_099,0.028598363499642104,-0.0089008696815306102,-0.017925887681310725,-0.010473518174652906,-0.043557248641053682,0.0073477267615794104,0.050702673064265166,0.086378575847029571,0.018840137987365231,0.061936469493042615
dim_100,0.0019501468428385668,-0.0053255830063908948,-0.010066726571750418,0.017559494664285281,0.026069544574647403,-0.016375691543651229,0.0072888695713095222,-0.011919804709423746,0.0029125939743943484,-0.0096769908472729566
dim_101,0.0079527996862932063,-0.010178425336545378,0.0067677681654293225,0.01285149431561013,-0.00054482138008748267,0.015292549102599924,0.019722706273643552,0.033052723803288171,-0.012688049846686606,0.054969907856688885
dim_102,0.0071985814343224755,-0.00083759512823306317,-0.0019643116958563628,-0.0073496489094022691,-0.0098403376371608876,0.012470467854563164,0.0031875380501395745,-0.033942677673740262,-0.0062828378590292448,-0.060716940391244249
dim_103,-0.0008889607195645959,-0.011828212268975085,-0.0049972646731517934,0.0042561689431540343,-0.0067204634580442634,0.0053086723573436334,0.011551203572731896,-0.036683384284676074,0.010989618055198852,-0.0063654358742485633
dim_104,0.017296120440488432,-0.0090918723235802763,-0.011586100517240384,-0.003686420442523436,-0.018779850922468231,-0.010908151405589605,-0.013330840146374714,0.003065312642309971,-0.0023011696867439144,-0.033919287072323105
dim_105,-0.011740299618475943,-0.033112822262325994,0.0067107190114700102,-0.016832264486726738,0.00065509864951769821,-0.00020480135033672681,0.011309095902588707,0.021350846965304846,0.0048118923198109797,-0.013567352794965628
dim_106,-0.0033472799877806644,0.015322532816402199,0.013814326884202812,-0.0051455119149552324,0.002225177657698924,0.0025936750622745546,-0.0069777382499507335,-0.018040507645056485,-0.0040250299808040624,0.015448041025773148
dim_107,-0.021190702484425519,-0.005428468238141069,-0.0012215259824101311,0.0070424975917871687,-0.0013880424780039755,-0.013659161324668309,-0.034742355812813604,0.046668665719467706,-0.064643724687373949,-0.0067431458943138806
dim_108,-0.0029238974994312567,-0.0009624314279728255,-0.0031189701722282603,0.0034380314113123815,-0.0085191770285157776,0.018648330365821697,-0.019251286207292106,-0.022492826725077207,-0.013151316913091262,0.031651776631131549
dim_109,-0.0063589199409161508,0.0097957339046709849,0.0093918463953214775,0.010237035837860682,0.0040063686617806838,-0.015014708952234257,-0.012645384431711175,-0.024909515417111755,0.016608666612851316,0.020620172259209087
dim_110,0.081464711035109702,0.03045407282369696,0.025937626401030551,0.086847997854827108,-0.078130872305408938,0.02304527066361732,0.0019807967961312321,-0.056354340479019084,-0.053926771244186288,-0.0036637865120195717
dim_111,0.04155402667576092,-0.036914885161160295,0.12452416222851104,0.04415253708727504,0.05013855109243779,-0.024434919212528106,-0.01907754910526285,0.05003540471558126,-0.030272387323248967,-0.010167493019459094
dim_112,-0.0088226200216161722,-0.0065606095724041191,-0.014681806319613785,0.006655140689889468,0.0090143785624213976,0.0029887584504890829,-0.020459257807605519,0.021727022637222329,0.045166649415065117,0.059351098224146352
dim_113,-0.015628084099543846,0.0068134843554979972,0.00013743444148303586,-0.0053049046887752044,-0.02096524255273385,-0.015453048545885063,0.028245063056172217,0.010322708827897506,0.018778479921954576,-0.033039632931821931
dim_114,-0.020558727224752157,-0.08674447734028036,0.004599942866172233,-0.0073599376644886685,0.0061993376508011361,0.059449603943483378,0.038525235126987439,0.012613497633053059,-0.031776829955169408,0.056773739954184457
dim_115,0.01686815751493086,0.0098610609723181614,0.017834537831071806,0.013799341964107785,0.029303150040997473,0.0008136318160200368,0.012659701065257432,0.056461957300878052,-0.027807686681863668,-0.055945684122561345
dim_116,0.0010007522423323551,-0.0023417685577433347,0.014791744273146858,0.0036693545398021224,0.0012977094115229446,-0.0056039851833623398,-0.034399804347240652,0.060302919437353608,-0.022300436288112596,-0.029365564934834335
dim_117,-0.062984707245009389,-0.0015581400140388265,-0.040634532520320642,0.1285040114815276,-0.015456288328290036,0.08901625171859083,-0.039238182843203698,-0.0062060870910616867,0.021716690625633132,0.016191805925989615
dim_118,0.0012074165523540952,-0.00022475720965981394,0.00064442498134538776,0.0023417284577739914,-0.004901506440593637,0.027126524190482264,0.006509128844258129,0.0022384274648013128,-0.0025398495548404417,0.0072033263062934189
dim_119,0.070053138230850173,0.0054575923912035936,0.0068674208365583243,0.074765665849335541,-0.065034782790916693,0.02700053469987863,-0.010289785282217802,-0.0051254755629907209,-0.042113151851195608,-0.059187321923446938
dim_120,0.019345108139102479,0.022274568708868708,-0.015162153609513913,-0.0041526433264502827,0.019546222279745298,-0.0082110933537682639,-0.00070911547492995893,-0.0099596892894469255,-0.015301030543707694,-0.0291308162956311
dim_121,-0.010531855070654393,0.011447234064367401,-0.026452868532655254,-0.0089558857773200055,-0.0095130863776354407,0.001485966326991331,-0.025497825882834963,0.006456108849022462,-0.0015806549898396928,-0.04408564837618506
dim_122,0.0073089624971673208,-0.01849342993697721,0.0013060068121804253,0.013147728648038861,-0.0077981626035753242,0.00029956203956429722,0.0032138478219978436,-0.022089344723124203,0.0099636343438588189,0.013252800397451791
dim_123,0.080803167854624228,-0.033736204082122509,-0.040662752669022667,-0.036861371050933317,0.025701528802772145,0.063396153335963143,-0.073844646695350902,0.011784362176414379,-0.034952539694176415,0.10863854071293123
dim_124,-0.012938543912846148,-0.027938103601704432,0.0079519273018762958,0.0010131355174945525,-0.010236401272836738,0.018369135836842784,0.0030577236288244205,-0.026144122825948839,-0.014915248734551934,-0.029870120052947743
dim_125,0.0082910904876222769,0.11531923353570614,0.020565044019115169,-0.0023291345664837181,-0.0097995412994905575,-0.044406737315501231,-0.016998819134524383,-0.022153220233634707,0.018288444853024936,-0.0057021490348455684
dim_126,-0.020362562041733055,0.060778377943027026,0.0059813567379692128,-0.00017035207290506076,0.016035197798793935,0.005099052647305956,0.017241587669248475,0.00043580811195443057,-0.0028867655067888734,-6.9224555766513987e-05
dim_127,0.0029510905110708852,-0.00077308067030044199,0.0087781789550404072,-0.010751318177847762,-0.0057219206355980049,0.006577972683775554,0.0076054902402458383,-0.011720460625138077,-0.079934536505013476,-0.030402972596979331
dim_128,-0.0082070847106651308,-0.0042464899048154821,-0.022573391226656227,0.023192742825695799,-0.0024510140327502032,-0.032302317041573672,-0.049343109148739336,0.017427860879287962,0.0025571643714440151,0.011344287329401006
dim_129,-0.0030306628299958159,-0.0054317060826349784,0.02239680235503775,-0.017598991177989545,0.0012074135981864434,0.010305999385273651,-0.028062196915306016,0.00012566544907112117,0.007882459959708427,0.035332891374887668
dim_130,0.060420182262424571,0.0012437672010099303,0.043463079947656566,-0.1201763220929372,0.02148171504959585,-0.084959389602871735,0.039096107625954876,0.0020386437102734652,-0.022800152290828699,-0.011409998713209477
dim_131,-0.0089217786489406183,0.037315443491027771,0.0096941916472215745,0.0064686376475611628,0.005659199332229743,-0.012203884053404565,-0.020503570869134641,0.054258256201777121,-0.067402449784168691,-0.00012765348981945811
dim_132,-0.0091094945002710564,-0.037128817338381429,-0.0053929490403820781,0.0038505493584490031,0.0071379690009853889,-0.014145282894323841,-0.12125689008659227,-0.14492134957646477,-0.060215028163171126,-0.080881279605725026
dim_133,-0.010964129612587621,0.044284876133683551,0.011435133748624092,0.065897154484451381,0.16341107862000917,0.024686636466397564,-0.0053336104311448394,0.0041625580283350654,0.0024764300609658504,-0.004723455441232133
dim_134,0.099839275767408323,-0.032154396487664931,-0.081509748620984035,-0.0066600532003499935,0.067674377312349002,0.048282924126872004,0.077310745303176345,-0.023114616062874738,-0.027440099635984715,-0.014522684994633037
dim_135,0.0019529434324404174,0.0038428523953418134,-0.0020736008754812831,0.006781404393480594,0.013823361027620733,0.00099958643711448112,-0.040845045129562142,0.024893360460463702,-0.052609101219056105,-0.032385581934042021
dim_136,0.048829823624140595,-0.022088193247097859,0.018417399097362668,-0.12319650792149377,-0.086405628676731502,-0.071764449659291213,0.030791554063641573,-0.0027326369495126114,-0.02152877241367496,-0.0055121155671264072
dim_137,0.015579134383949257,0.01546423188581275,0.016150415259213628,-0.0057644904950703872,-0.016159155387939494,0.025597301550883616,-0.0048405307659297814,-0.013142431935856153,0.052543871551219958,-0.034367050331633911
dim_138,0.0047173041967376005,-0.007738667618005928,0.022252277622369164,0.0067028611883922081,0.0048689441540930569,-0.0048848496570817815,0.011701909158137423,-0.002984683963042762,-0.0057617591186615059,0.040322191588395222
dim_139,-0.010570795233444705,-0.010697891546981631,0.014186572195731943,-0.0014478609767536316,-0.012816735884286265,0.0048897128922296054,0.016451237246832638,0.020549700997227947,0.00696375185067853,0.02197299274057608
dim_140,-0.016692110290935706,0.0069169235495894679,0.0015608678137044893,-0.0040815130915930658,0.013080830411173623,0.0091272227161087495,-0.026628761880727426,0.071701304288441403,-0.028901668983833364,0.019638794546507257
dim_141,-0,-0,0,-0,-0,0,0,0,0,0
dim_142,0.08447045146084764,-0.077170585728116553,0.076445743046046524,-0.0064791255826601724,0.016217516181152976,-0.0018548096008366504,-0.010315454224943357,-0.06915317214846177,0.080893920252214369,0.10215518800449981
dim_143,0.0032195336229053711,0.021233914003482152,-0.002245906616252871,0.0016702523596691492,-0.013949362835550485,0.0029350656429636282,-0.011690801552897954,0.025952021408254467,0.044769409524886464,0.0082951259993538952
dim_144,0.013467208153821741,-0.042312577119092032,-0.0063961424284607275,-0.066383804531467791,-0.15819316247818227,-0.016507987024385662,0.010367335192581555,-0.0033102009302257945,-0.00044518364381175633,0.013122737026732596
dim_145,-0.0099770299040027165,0.0063443189118156298,-0.0049243438893787654,0.019867206453687263,-0.00061457670579315627,0.012551773206242119,-0.025949064992941463,0.0033945468622948527,-0.0038734338220333137,0.0057621955757996366
dim_146,0.024108614198266876,-0.045155119469283807,0.10867532081087321,0.037857311271241138,0.022914857851162457,-0.028860637611935636,-0.027095286289363536,0.020382156204837427,0.0095909661505143382,-0.029767542985102837
dim_147,0.0012968731019297808,0.022509058489734734,0.006371134978233539,0.00083421671130056959,0.0022514655358390877,-0.013306381228162346,0.0051255846806363319,0.030531364858110852,-0.020942291558971746,-0.00088977226269766412
dim_148,0.051885812387233478,0.014827157263797958,0.040968697209911704,-0.044506773734453477,-0.035268572350290781,0.083670448572948086,0.012790243452826406,0.052184224645892945,0.006463111296942943,0.07820292808883901
dim_149,-0.01231946370416874,0.0025465814671868656,-0.003125733705497295,0.011446526767204611,0.0087209645073314142,-0.0014281017070196698,0.0052151481190783004,0.0087547115187100247,-0.021119596774691135,0.034469391485401783
dim_150,0.019032977963666327,0.0069994428539204177,-0.0097175047158279768,0.0059327456373625747,0.00975532420205843,-0.0063329482819131644,0.026309814483215916,0.06108772193486648,0.018397532232235517,-0.015071142911330302
dim_151,0.026307237317852793,-0.0040674012296693252,0.07123126894025926,-0.061916551089151159,0.015527311476056675,0.15701621210691497,0.053526465793470035,-0.017696642018266907,0.037687618059008193,-0.013431103791099172
dim_152,0.013347948169584088,-0.0062655970979840509,-0.021920766466186823,0.01254293402773694,0.013928734599106606,-0.038780087992362162,-0.025357023243279812,-0.038613309136093003,-0.033039219089802306,-0.069136786895011432
dim_153,0.0022733383233258259,-0.0077831836801031578,0.020360396588718278,-0.0098558824876870104,0.00048246799681667623,-0.0051684819748141989,0.019680878762284467,0.022762116444329183,0.01887221475915872,0.054426488511944204
dim_154,-0.0038869438651802672,0.00022080620787730989,-0.0044952074084927416,0.011350732589337994,-0.00419604318784139,0.0076128507977060653,0.0081137332280170754,0.0016902674991110141,0.015723266589028031,-0.00047398246198483446
dim_155,-0.032479588396311307,0.034062786208790635,-0.0011154173951894895,-0.011235508858605917,0.0063419439837124059,0.020945868637067461,-0.0061187921135201911,-0.044063588457830538,-0.02326572057656531,-0.0003117218609783652
dim_156,-0.0034767369531536947,-0.0016677551144251125,-0.0026634698706139302,0.010283985158488053,-0.018747761988676011,0.0097105738486459904,0.015112945414569853,-0.017729794376732628,-0.040254321793549715,0.011405332588541886
dim_157,-0.0078978543030806727,0.012621674840879522,0.0011842726064881725,0.0091934966749219419,0.0081028220893026043,0.0006622003277627109,-0.021743624486575016,0.0012008000645096716,0.011224543796793256,-0.0028336631647192367
dim_158,0.00078590487355849413,-0.0032954386849419568,0.0009043410124030556,-0.018148634624131348,-0.017687827522967041,-0.0054606982863833467,0.0093854991853414334,-0.0067456882462124642,-0.048409674023586931,-0.022713036573724261
dim_159,0.0071044520575886177,-0.01143451129311622,-0.0046543579548684521,0.011145469743252126,0.010823578128237171,0.0091025542577756312,-0.0010081691033429067,-0.033636215196892916,0.0016003843867729059,-0.0065680302361313947
dim_160,-0.096176703256456414,-0.019324744986044588,-0.012234101601498255,-0.10256653613436766,0.078268692549582783,-0.024902505543347227,-0.0095804240709802674,-0.0059934363020160072,0.016377795243300356,0.028981810631223764
dim_161,-0.0039440879123291347,-0.010629966660089349,-0.0026284450922003976,-0.0058786410087951872,0.013636387226174758,0.0064626094787192702,-0.0089874795839046846,-0.0027630711051122351,0.025140717461743862,-0.0050777871647578205
dim_162,-0.0049937039474119141,-0.058543976282063211,-0.065479131669295365,0.02735815293629381,0.012781296464864254,-0.090577254598412038,-0.068715419146145595,0.029490266151409681,0.13132827492208346,-0.089673158524520277
dim_163,-0.089012432407921283,0.060193270895591441,0.043480146859875064,0.05242202928364012,-0.018066042080910037,-0.039402808858662396,0.13959114689316071,-0.018363629359923462,-0.015177662260967895,-0.032869212947187892
dim_164,-0.061611586295334038,-0.0065290140502289188,-0.035700073945167866,0.12188821120099128,-0.024723645272540961,0.083509537493686961,-0.037891568650862448,-0.015121758879369309,0.024424966513665894,0.012613346265810505
dim_165,-0.0062605398838888699,-0.0027041290171489867,0.026185698261311226,-0.025903258418470427,-0.0079353634119388484,0.031298575802618363,-0.025205750849510544,0.020257016387461396,0.0250477293280994,0.041878572540089656
dim_166,0.017227153117540549,0.14683307918642496,0.0080101262487943161,-0.0036597285016996459,-0.0081911920794385789,-0.035228278170896445,0.0010620457094924953,-0.00045806568242314036,0.021965555187466394,-0.0073450056424513794
dim_167,0.077585000009790017,0.028754039532872019,-0.075176716017348891,0.013254315842005359,0.012730826841270094,-0.095274677667676111,-0.08791717074067279,0.013865779721017492,-0.016763420885617358,0.02499980942779214
dim_168,-0.0039769284094157767,0.0035067128531574283,0.019758154769656075,0.0047482837892776639,0.010645502867631839,0.011460832571930767,0.01541943468955019,-0.024517705826999251,-0.0050939205628076408,-0.019187432873070401
dim_169,0.005592687175222353,-0.025072494896115505,0.0043254923479588703,-0.0069163217566191783,0.0056282193707920102,0.0095338563219267407,-0.029598018556354619,-0.019353655558870485,0.13182260771331308,-0.1019926213814588
dim_170,-0.020807131757881674,0.035097193930079186,0.013281802063936679,0.060994842927894678,0.15996759603661814,0.015314693253195162,-0.0087379398514357103,0.0054528013991867385,-5.6526993279281146e-05,-0.0068492621000834399
dim_171,-0.020351037443406054,0.042026296238325475,-0.13060134492368189,-0.035855550926626595,-0.031681827526002404,0.033000467599664435,0.024012079499362515,-0.046696319083137802,0.017711557353892588,0.030146669172333277
dim_172,0.089905163236630531,-0.030617493607853246,-0.074010678494013535,-0.010825992317651483,0.070866011080202643,0.046443526517133502,0.080187072427669134,-0.031841445956867255,-0.016839003039017319,-0.017379585910317231
dim_173,0.0099753747033680309,0.0043620404911704448,0.0011675749168952912,0.0032287990044419872,0.012969064633412276,0.00021290212975988616,-0.00098232094403348773,-0.007258373507543046,0.014885686923092233,0.0068694291314840509
dim_174,-0.095491647636776006,-0.00030133884487984741,0.017664045594086297,-0.022999831721111891,-0.013058084669551462,0.10816851594246564,0.036666175960491737,0.067980594261471683,-0.025755751716291561,-0.094651256998493444
dim_175,0.013580322860442941,0.0099110085741679534,-0.0030190190448081324,-0.015326307118408301,0.011558585369196754,0.013815668195221349,0.01385945373029312,-0.016091971193821848,-0.0050170675252822232,-0.023926014616293151
dim_176,-0.019796602380315619,0.0018546995846667985,-0.0045737723532931528,-0.0059770465415784927,-0.0075846406364872779,-0.014513074550692812,0.043441684593147151,-0.069163986540718855,0.005789788645162287,-0.02864910651601104
dim_177,-0.0065339604352407273,-0.0011095866124199718,-0.021089153117522037,-0.006693609337776932,0.0085019664682552554,0.0013258175043086139,-0.01844386170069157,-0.017741989619712767,0.036294712612130298,0.021761233447591111
dim_178,-0.023466032291850267,0.00084229159452857286,0.0025718954717561227,0.0038956434164050882,-0.036285112119120277,0.018480558943997805,-0.027211998307926834,-0.03783499373113388,0.031755697242926498,-0.040215557558894131
dim_179,-0.018928232221430929,0.066484653646777761,0.0086013721317742039,-0.015209394618350315,0.0087547390984793524,0.012252011185603835,-0.00033426162019980783,-0.018134542107386784,0.0033884134968221727,0.017538972705588855
dim_180,0.024717935871157833,0.01260871572741502,0.00060316640219632619,0.0020984490598261506,0.030208884527143556,0.0095237797400849217,0.024262996252000998,-0.015210495716581363,0.0069437296190530857,-0.026613572751334611
dim_181,0.014377506678441369,-0.0049621739323651489,0.0069349849137063319,0.00061521107530584896,0.011339886633089463,0.014409658516847303,0.016135245534148746,-0.04894543789833089,-0.031670165651731211,0.0090510066270711523
dim_182,0.004608085653952463,0.0063419298981591639,-0.020286325743344474,0.015378230110210509,0.0034181024452870604,0.011458209460986277,-0.050784995902892885,0.066578682452703306,-0.016761032220997282,-0.055469524019041969
dim_183,-0.0032714746546386093,-0.01495872089385018,0.0027191157341229476,0.024881171765682532,0.0021268106207882227,-0.0075396857556473476,-0.024874354109334435,0.043624410355444058,0.021234362349133902,0.028937593834082436
dim_184,-0.0043685096655535051,0.020461898497752744,0.001201942294205717,0.010666920289856158,0.014305611261836245,-0.011793021952751514,0.065163752260476604,0.14217120904453409,0.079246066213729593,0.057178428354129278
dim_185,0.0047663755038641793,-0.0016387646614912435,-0.0058692970785457115,0.0063580592553261501,0.016825443857097933,-0.01350664262031741,0.043100405928825518,0.037431763542456961,-0.11247564096086579,0.074676872022955559
dim_186,-0.0085910767872785579,-0.0084511285023607281,0.0059171658782165995,-0.019675408792798339,0.0052468124228121334,-0.0063400092376262934,-0.0105517102253826,-0.01866886083265951,0.013459710885885321,0.035954106913792319
dim_187,-0.0099107322301845574,-0.0093204939937820436,0.0054897998412732621,-0.002169335817821051,-0.00091575975080171771,-0.02460205318396053,-0.0045442608440686419,0.0026555011240454824,-0.041512612159292722,-0.0046589154456154512
dim_188,-0.039190302311983144,0.016827136505536515,0.017835795645392425,0.017346925456492454,0.038619136680379591,-0.010564746641494083,-0.054190047063850666,-0.11022891670480649,-0.010740225697537534,-0.056833256730734992
dim_189,-0.029784251646100119,-0.01913437636498011,-0.0099551764519633656,-0.017733624825813962,0.0045003026999475178,-0.012159716853036866,-0.010848250070711791,0.030400794338926562,-0.029703244388499483,0.0087325676004569256
dim_190,-0.052299709354791779,-0.015971656339103666,0.03272415377365686,-0.006713230065150037,-0.02695810766302267,0.012078919284303886,-0.044822506916930842,0.010112247514003735,-0.043955356806598414,0.14921138437471404
dim_191,-0.021807528864330742,0.0066703137638801438,0.014951041191507336,0.0039691162493890189,-0.01518039257400886,-0.014854372420620718,-0.014533253276223203,-0.021298162122400301,0.0069948169661240905,-0.034734116566787474
dim_192,-0.031703112535005407,0.053326512630067935,-0.12984160271121731,-0.044147156286267933,-0.032132913726302226,0.032925586656814221,0.033472784528453106,-0.041563187688217651,0.035685106788824694,0.033320582022227055
dim_193,-0.0049028540731996684,0.0033956999167871148,0.0051577101103318767,-0.012597289318853039,0.01220363647456978,-0.018964302737473744,-0.016920936142204641,-0.00098148630910493365,-0.011487183991090525,0.082928752657452906
dim_194,0.016036336913924198,-0.015408309864778038,-0.020539501325819658,0.0094188636000086239,-0.0088189121859342818,-0.032186231857534435,0.047590560808654363,-0.00226140120895864,0.032280958659218324,-0.0038602947881031446
dim_195,-0.058094733921330133,0.00052120392045424443,-0.037346859153273827,0.12740567277139689,-0.021118870060677898,0.081191606558064108,-0.03941843986924113,-4.1681374714885168e-05,0.028705963783564045,0.021991794035907643
dim_196,-0.0022932672974543375,-0.099101968481857386,-0.01576701516904256,-0.053318338099217488,-0.1242636331050387,0.0021890456822741796,0.00010828380506606723,-0.0021700638968796876,-0.012867572285836598,-0.0017921514783346671
dim_197,-0.0026162259798667761,-0.0087421552610724169,0.0016579770273670985,-0.011262431994034634,-0.0075210647242073695,-0.00213409479471603,0.0070763952835051986,0.0072008878682970076,0.02271736315640371,-0.038601660315625355
dim_198,-0.00037604174431772489,0.0095524375570017819,0.0089423015569785585,-0.0008589236808685338,-0.00096617548095627871,-0.0033608237952596734,-0.01774773361263695,-0.027035097188776638,0.035136100081725921,0.029445634808615194
dim_199,0.0048844982354516201,-0.00053234670616892049,-0.0092827520573747126,0.0075904341545984843,0.010054105520466235,-0.010340793483826109,0.014842553929623293,-0.02856660337625995,-0.00010942199495295316,-0.016919688413959268
dim_200,-0,-0,0,-0,-0,0,0,0,0,0
dim_201,0.010841377077277829,-0.0045276783729856877,0.0030262796721121292,0.0096037403066944541,-0.013294437943596353,-0.017802020716530757,0.024083323024741064,0.063241688595451276,0.0032014701772506982,0.0053214592618792515
dim_202,0.0072829044697050619,0.030974346774963604,0.011101797498811388,-0.010134974918321908,0.0019478625242937489,-0.0014086697154153719,0.0052703789283427872,0.013311103840539042,-0.0056531142323140958,0.022402284378383805
dim_203,-0.014418906871908051,-0.013558733465299741,-0.0077856642711596809,-0.0053340586174315642,0.011033849563936805,-0.017627911373089496,0.0030619350182037887,-0.0041748209741807102,0.0071075041797214866,0.010140583861747916
dim_204,0.006396533020914516,-0.033336735017623999,-0.035261802253255106,-0.0064591127197440616,-0.027797534478112989,-0.020660438232347388,0.031647635737030583,0.12763862680145288,0.12779679936918767,0.021226694659182702
dim_205,0.00063151736607007384,0.013067681384934934,0.015291156557562696,-0.010324367012912245,0.0076358086785548347,-0.043712074481432363,0.0091893112609169499,-0.0024874137922940784,0.049214796048549156,-0.04984583334914932
dim_206,0.0096494233363795187,-0.026626466185017364,-0.0051537280777873735,3.3179931847601891e-05,0.028179439089058244,-0.0069279654883777188,0.0021208003556878368,-0.01981969340367554,0.11343656219296638,-0.06341961613139338
dim_207,-0.095158408016330187,-0.016867705665915483,-0.017204555417611022,-0.099598775136292325,0.082644914728687582,-0.020240899961296983,-0.0050960447592006304,-0.01645449673810415,0.001435795620196745,0.030306615212703367
dim_208,0.0035597327928309462,0.00085885717932199332,-0.013231590752629445,0.0038559178919442129,-0.016817566176367576,0.0052220947091511181,0.019678322753529133,0.03219699762239308,-0.0083648488480435792,0.0039356769313968927
dim_209,0.069460659550479198,0.025491813814266413,0.033375905408202865,-0.063862525394796532,0.017554574841825894,0.11113775857932194,0.014234896879534945,-0.025936233849524464,0.078821239262661297,-0.097385869995945881
dim_210,-0.0082930809525211223,0.020522527386074452,0.014433377606498316,-0.0042909901314272551,-0.024876501410313782,-0.0073091896174100465,-0.024081635371516863,0.074905473073107118,0.01581746724140146,0.10928991179549447
dim_211,0.072107208136251905,0.0090745092757285335,-0.025255317554204348,-0.034094995943528682,0.0063768777028426092,0.030978172376072637,-0.096652845758016817,0.047601592347361645,0.027761727060226182,0.023750297910054716
dim_212,0.0055645095582699004,0.0066402937005921878,-0.010165636317535757,0.0088958284121821943,0.010769192492421429,0.0059746871667399381,-0.023057636587708753,-0.012542413324547726,-0.046584864090138262,0.014526893171993955
dim_213,-0.0031398642992674993,-0.0062853101881916815,0.0028693262002112531,0.0057983453536595321,0.018093402047387727,-0.0093541142105101754,-0.00794155497455158,-0.026925414212999616,-0.0054817331177591843,0.0028669873049679919
dim_214,0.0026817047162345916,-0.019659296720915105,-0.0028390013956286508,-0.0056751659254853839,-0.01123787530850901,-0.013286895863533542,-0.021412005918699149,-0.047857142000631084,-0.014945508903447959,-0.018687745974277303
dim_215,-0.014503826348968275,0.048176786373922198,0.013761137236583832,0.065617460531308153,0.15681679960645512,0.024423080511868971,-0.0089686337879810469,0.008807527797427276,0.0066412135876574123,-0.012486043235771583
dim_216,0.00046745731879263374,0.0094065167773195839,-0.0065501704230674206,-0.0030299774216283634,-0.0028225600352542201,-0.00080543916628408418,0.00095958520649911901,0.012553708467511313,-0.013126682973408054,-0.014396000493935171
dim_217,0.042101025459478178,-0.026973740911154044,0.14575815293653707,0.0049355305279101848,0.02722361787243326,0.025397040056634752,-0.036740738360760777,0.037729806552967697,-0.0026569855588931207,-0.032013479023621401
dim_218,0.0046963069378870986,-0.002954532238932979,-0.016710095475750687,0.018066982622772475,-0.010844509004939868,-0.019228492815518056,0.044754567989044605,0.0081073471778316843,0.023983152168351885,-0.011119986652460202
dim_219,0.058007357257965547,-0.002584754099523068,0.039253808266676363,-0.11540195377376133,0.01608816528613102,-0.078700758778920049,0.039731999665355996,-0.0028643943743635381,-0.035372400009780383,-0.014268800232972082
dim_220,-0.004260212800953846,-0.0075246197703097055,0.010443477632039863,0.02338131565249349,0.0070871028365883581,-0.0066901478763969797,0.044375200819543305,-0.021411418971337276,0.031605222129809776,-3.2319044234310354e-05
dim_221,0.028474604359616414,0.044585218329793695,-0.048063605142117473,0.0033791514747791296,-0.0076526716962827153,-0.014910662620020838,0.012316928885857031,0.049073627028085764,-0.020771083775221324,0.0027585846119060841
dim_222,0.0031807574641225197,0.00077383994974430546,-0.01120192439014113,0.0071767889140784127,-0.0088024200976414297,0.023623791642234698,-0.013643808075231035,-0.0029360807960817311,-0.0093872807512724935,0.014317577043455076
dim_223,-0.0037476479401987073,0.0069238589291850125,-0.00063895944079542081,0.015099937237935216,0.0059636563389254904,-0.0079011574076723393,-0.0081602798769532768,-0.013109573796875435,0.030113816280006214,-0.027874303276415643
dim_224,0.032429872002432608,-0.024250109952202857,0.003605699499692304,-0.023154227958581471,-0.018051808208209091,-0.012295091262404467,0.047718859359624999,0.025013273870065938,0.040729553806808844,0.031114715296305773
dim_225,0.0043264834974682609,0.0011222058884688879,-0.010170695528615426,-0.022136371473790332,-0.0025196917588285878,-0.017119320382232635,-0.013553455939822484,-0.015864647641968842,-0.035317834216234092,-0.051725830066127063
dim_226,0.0057900331591809817,-0.013761520931382807,0.0019174899637925738,-0.023405678416252677,-0.0050602952446316737,0.011873229602207668,0.0032297714147784635,0.0021968517733892434,0.048440760412536789,-0.050151411144482641
dim_227,0.0074339647446493235,0.0041741951010711873,-0.0055825066211295021,0.011128031809554531,-0.0018066613330373449,-0.034047157124254331,-0.003331550967522592,0.00039342018843303384,-0.010005003271111963,0.001307872190244002
dim_228,0.0050079722060658088,0.017823488238584963,-0.016096781348369227,-0.0063139100990615643,0.016365397079953676,0.0074917636648248378,-0.0004486056770030982,0.029558454390281208,-0.017002463032334637,-0.037171479464638849
dim_229,-0.011292969210519289,-0.13796451817929051,-0.0086791807812043563,0.0032837952467044363,0.0043261586707156992,0.02086125216094736,0.00082850365745565716,0.02810993095704269,-0.025465595658773512,0.0088494817744170784
dim_230,-0.015503244823822742,-0.12870445726770688,-0.017167633094324307,-0.0025597941497613086,0.0069970858791577025,0.031012501078090105,-0.0098752687720656956,-0.025287789082338422,-0.026202255454419284,-0.0018426752386940365
dim_231,0.0052042782697799498,-0.0049340602014478433,0.0007288488919019795,0.010766467123832115,0.014461708435628025,0.015145182403608633,0.020412501000455947,0.050038667142070288,-0.017876941559218294,0.022674370911546064
dim_232,-0.002111886936542233,0.0043573223967612092,0.0077549422189181691,-0.0019999392819678692,0.012718084138269903,-0.0054197800051058532,-0.033828711354001076,-0.035276887800920378,-0.055851382015299413,-0.001128577775841933
dim_233,-0.0092079898655773838,-0.021827340773860626,-0.0015321400507418315,0.0013270670500217809,-0.0088986427257252768,0.020222433769841279,0.012916337964660235,0.021452185339525344,0.033619088646111808,0.025760489259561162
dim_234,-0.091779426978517376,-0.01124689575436494,-0.012878843759269587,-0.093483786026144475,0.063569920711273306,-0.019406639673991345,-0.0083837528073137397,0.018331591472263518,0.020192937206997878,0.017893274949234584
dim_235,-0.016758356612325633,-0.01962795215577582,-0.018873726699854487,-0.0063695212594145033,0.0061251189207562279,0.014542607167167529,-0.012444248641635444,0.059459498560048341,-0.043549762516422799,-0.00097226351287584803
dim_236,-0.015339906638203666,0.004358513925536902,-0.0080386843726087641,0.0024643458293127089,0.0047264585298623261,-0.0038784967533029707,-0.0025602915668905641,0.0033513144842216951,0.01795397431177758,0.018359079185625841
dim_237,0.017319863727427196,-0.029748472525610969,0.02856115080636586,-0.046984216683911666,-0.057887091143860141,0.015138429820251579,-0.048942006205605196,-0.050490507892168843,-0.048362251462270064,-0.0019432767969835279
dim_238,-0.014771995312838262,-0.0040712080464297825,0.011628042284951278,-0.023312931255291488,0.0069722504547843032,-0.016492599005952582,0.01062343539115785,0.024798935921813991,0.02542458760869926,0.041091512006792945
dim_239,0.0084106100277051773,-0.0036573738203639801,0.0070856344407536024,-0.0064538869115538184,0.015614187315177861,-0.019990338330636286,0.0015736061808437557,0.0014467843486656068,0.036335661221488125,0.023510341601195629
dim_240,-0.037778930873695077,-0.037259645353380666,-0.068581116236719128,0.062449586765700157,0.0043428903547481513,-0.1133464846989269,0.027944819729069169,0.015155590560129266,-0.028258178891817622,0.0086856799691077992
dim_241,-0.022443658110601231,-0.0057733227363854119,-0.0070645575457646366,0.021938853709351728,-0.018349101308124522,-0.00087210245778093667,-0.034280744161343989,-0.014418576374110073,0.0092577077700651648,-0.0015104297533550389
dim_242,-0.061485835116081682,-0.0059224589480783808,-0.037659625709621648,0.11345610927815937,-0.022109916936027312,0.071586658837206107,-0.02503783966150527,-0.012543085527769438,0.024425192134792217,-0.002839714309636416
dim_243,0.10597333917998128,0.061706145862814706,-0.032536479626102101,-0.050522448575103587,0.0058832748117889572,-0.0023313558006882438,-0.10879577037979167,0.013287082441324984,0.014469351709556317,0.017038737307628445
dim_244,-0.013446761313860616,-0.0061047460504001609,0.01731117394130776,-0.010835114512766923,-0.01060940563346255,0.0074860977396526704,-0.021976072287772541,-0.002573888950838273,-0.019161887070956059,0.028408131485388868
dim_245,0.0024225684942060927,0.080574192224043842,0.062285038676298213,-0.032642413503732183,0.001872482423082686,0.086215279258573627,0.07734996453249203,-0.017743831234998963,-0.093814921936149084,0.067847089622848522
dim_246,0.015324337234075341,0.0044724672042425117,-0.009462493113518676,0.0080429574862661557,0.0011892818424924271,0.0094109288725419751,-0.0011276011441331499,0.012877742370866762,0.02735945658926215,-0.052279664111774489
dim_247,0.10703188243698317,-0.0093197627084276886,-0.022354724156577965,0.075442964490080408,-0.042830881126822901,0.042961728231666517,0.038763277111749372,-0.02609628812417595,-0.0030283393802424982,-0.022224682854262941
dim_248,-0.013054703676012028,0.04832862371034044,-0.088266291266017829,-0.024329081982496462,-0.0010388589579960284,0.025181428332085844,-0.073453239322471178,0.088884400075599793,-0.094011673009046018,-0.043409639989679588
dim_249,-0.11714783936551716,-0.0093746203176398694,0.0041919797189181405,-0.074676919107463033,0.041205944315145827,0.069055170957613085,0.033339932070817167,0.036721115593316658,-0.018503641924223442,-0.048456768538977409
dim_250,-0.023650664372064763,0.013548918297308098,0.015012533081742356,-0.0093312207990685191,-0.016828401541162205,-0.020623426324660389,-0.024223731720103517,-0.022433489119985717,0.0041864164431546173,0.019771615565547726
dim_251,-0.0026371485889377755,0.0079693810947073975,0.0002847509886825653,-0.015643770935234048,-0.0051312360530416023,0.0060045346797496391,0.024805428966509828,-0.022506948107119992,0.029403152632600762,-0.0043539702275520774
dim_252,-0.00020902849177414671,0.00094461246746182484,-0.0042613095976154897,-0.01239239324633133,-0.013592936705827887,-0.016058749104726253,-0.02578635118805072,-0.029245771506187436,-0.011664977471807978,0.0089128527441252707
dim_253,-0.0058721269963723996,-0.0065482388023470712,-0.0095930778053678091,0.002330875814039156,0.0056456764462781408,-0.027550181537776997,-0.0057014015770603804,0.016770177554408672,-0.013750544089869466,0.018612714914524778
dim_254,-0.093711663584380822,-0.012351244875867574,-0.0148534351220709,-0.10152294723484213,0.091539405585934444,-0.023686361916330008,-0.0086174199009748428,0.0029487620243706402,0.020130052158504962,0.018459985144464643
dim_255,0.054057748324635925,0.0057674723682171339,-0.025763230545301784,-0.0065035878841096266,0.029739077787523844,0.044421066427943294,0.016397166211693064,0.015896877165458404,-0.067594565558244044,0.13601762579084081
dim_256,-0.0090202953577731178,0.022534859870118395,-0.0019197195587428982,0.003656917705145341,0.0013721890691360007,0.01058361241046181,-0.0074638853080424266,0.015382269916784231,-0.075415587538774698,0.017855981524014037
dim_257,0.024970707345083467,-0.047884179663640856,0.13176449413761981,0.036146193187224472,0.036913966361384824,-0.032485081980199178,-0.022446873860694602,0.049719580962742635,-0.033602373567909544,-0.035499978744232594
dim_258,-0.012141678730370298,0.04374854023744873,0.01125752344778367,-0.0025314638875766435,-0.011642210108132293,0.026634569299486096,0.013549358859382301,-0.0095807838917918511,-0.021837268804884007,-0.015915460336809992
dim_259,-0.013086965389902953,0.00052764534683319485,0.00090591000747600279,-0.0060117469259149464,0.021734103658444907,-0.0077789171520725713,-0.03072213220925812,-0.026240034252456326,0.05149167102246454,-0.026339546512751284
dim_260,0.012141290826274286,0.0025997970214659371,-0.013447729090798038,0.019822937198832699,-0.0010891024540093813,0.0048977389019649034,0.029612354165332377,0.049342040531268512,0.012411884971597467,-0.027077414629132306
dim_261,0.010696208285573695,-0.010387659049338339,0.0041912343636252326,-0.0215564185252437,0.0016287462245091031,-0.00061965692348335652,0.0088089501285242913,-0.0088181482570948728,-0.024572881917908462,-0.0055730948866001152
dim_262,0.0069922799436450619,-0.019862156999339343,-0.023784483250387744,0.0070675390212904289,0.0014741647276855781,-0.0071176880636435649,-0.02364684282455479,-0.038707288344837144,-0.02182730612717896,-0.071769899787092431
dim_263,0.011165227745423428,0.0028618002991737859,-0.022275037357883484,-0.0062322723629348311,-0.0073985185356821781,0.007499829574944156,0.0029728163748594925,-0.030936108635434102,-0.005211714396217159,0.022027046971688346
dim_264,-0.0030132969810079155,0.0016377607765036416,0.013043322837837936,-0.010721353278716695,-0.0042723648112390654,0.034348986579447488,0.0044989967198289481,0.04719810522358267,-0.057542629494797257,0.012579574562999808
dim_265,-0.093862713603300688,0.034481120774344558,0.079669136740941379,0.0085899821562190112,-0.071969986641164135,-0.041482791610305686,-0.083741450834372497,0.026798899313219413,0.016269358052953018,0.025607314404563309
dim_266,-0.0046182879671596072,0.0016348153777127768,0.0055053504111938828,-0.00067324936466908183,-0.011523333032842623,0.030152264757181954,-0.039642292658392142,0.023902637407474704,-0.027129631481887143,-0.006314681799238147
dim_267,-0.054670112777005855,0.072743073315250817,0.094242923818939825,-0.011502625392380646,-0.025460176135689003,0.054327630474035146,0.098292515845829598,-0.02669477422518057,0.037203786895855129,-0.0065357606192737996
dim_268,0.086206123678675708,-0.028239522229065485,-0.05189433151054676,-0.018210685011343108,0.052457371863630954,0.049941343295151888,0.021598357952514746,-0.019329804553379817,0.0082260441149997841,0.049533246415130079
dim_269,-0.0015059552065901679,-0.0023762245210239572,-0.010941146163936849,0.023248829388077614,0.012705743999656524,0.01108675886896239,-0.011013494595160286,-0.0061258035382756593,0.020573438720855226,0.016210886668367012
dim_270,-0.057154383723109596,0.0061507600698099503,-0.037236253139083964,0.12609778303579353,-0.025712075288400749,0.083260783686962436,-0.030064775429410232,0.0059785277333398619,0.028788652511557721,0.02615862890127283
dim_271,0.010851527119856798,0.024135210994071288,-0.013641057585138035,0.010638196539165113,-0.0034596784105091804,0.0059791764021140887,-0.0086142876641357603,0.014466613169530755,-0.043166822180958825,0.023696736229240782
dim_272,0.0088154827213276291,0.016575285425900366,-0.010500623629306944,0.0011119280027203087,0.0072808793664688879,-0.00044144603119819525,-0.0015593630230915643,-0.040934315668204276,0.01368492939899011,0.0016044029287371642
dim_273,-0.0048348784892717246,0.044917816948361916,0.010909205144263062,0.0020218408872570404,-0.016173834062506647,-0.001568473914986282,-0.00054302945365109899,-0.0035385523084601168,-0.0015063683405698966,0.0075056131159389004
dim_274,-0.013756578500456687,-0.013009186106483366,-0.024795607827283683,0.023634681692096978,0.0021464049045957852,-0.019121698326720307,0.051989327437669181,-0.019506236903181796,-0.012572981672281196,-0.0094151537391362339
dim_275,-0.02099711717080583,0.036666464602145885,-0.023052100358446515,0.020358861457669228,0.050918571494238882,0.017020871942950874,-0.044942247410527478,0.030956285960300579,-0.033941544651767547,0.013032661651093359
dim_276,0.015237246015716726,0.01310357542825725,-0.0040691995725303607,0.023452160815070379,0.037508858215805532,-2.2100562822590242e-05,0.025854111315503532,0.050600424737679506,0.032905640558143517,0.013543559489638439
dim_277,0.0126558123409936,-0.0074104454615329246,0.0053231088495924459,-0.019112817538322998,-0.002028746855234007,0.028496622462762414,-0.0036121818315915316,0.016929097843490164,0.013577196399527591,-0.012758536821475054
dim_278,0.0024183631430325829,-0.013507120415913862,0.013881177567250932,0.0080883223955077691,-0.00045427815397658784,0.0029718013507006118,0.024348389154637499,-0.0011603175709784814,-0.0076906525452512895,-0.0012605996777363129
dim_279,0.012223397048519987,-0.011553928277853554,-0.0055439498107716194,0.0051991269489322133,-0.019518154939487678,-0.0048395546415243738,-0.026069047800925636,0.011889952359474598,0.036753660964135751,0.0024423216059159376
dim_280,0.025925515132459935,0.15122989569290651,0.0072422162795682038,-0.00031152062787144632,-0.0073196709121744639,-0.046743783580515397,-0.0034765848667497341,-0.0024156913319588989,0.016357137630092802,-0.00091382342006868895
dim_281,0.0074862544425954268,0.005610512158187168,-0.0090551711709583385,-0.011893307025142429,0.034547168737514254,0.013518246558152657,0.026577800550955908,0.022035119014755439,0.029388708653198387,-0.018088863909477684
dim_282,0.002179840210580407,-0.0004351179730164601,-0.0074146610372891435,3.6955900746195169e-05,0.030431047898719081,0.0038986449199575586,0.033823561248195168,0.0012660294805143101,0.038371610406138998,-0.029375293386393921
dim_283,-0.010274100461445949,-0.010737969408083048,-0.0091078747793336117,0.0019525815004642474,-0.020509890867551957,-0.03509225321656078,-0.032590788071665211,0.083180476284654026,0.010266431307156244,0.027512820908459825
dim_284,0.026624616064555968,-0.044725316547592764,0.089269597541121945,0.022325058680345074,0.0015108099961378466,-0.029141986317758623,0.093278102834163337,-0.094787782472470702,0.088259989935583857,0.052968590694522436
dim_285,-0.0071674177754888508,-0.0062889665736546741,-0.010154105259660992,-0.013767855573000282,0.018568184430133174,-0.005438852073260168,0.011936795249593506,-0.021830750495864366,-0.021338618887979832,0.012959207336979613
dim_286,0.055716994719443518,-0.04760490883078583,-0.043169130529091063,-0.029094232218063315,-0.052909735642065879,-0.0092311750850276684,0.060131135958412033,-0.025360637633464692,0.042245940090897501,-0.13138045933093784
dim_287,0.011867073936680928,0.024655585146358863,-0.0072717439725317459,0.031249124290615306,0.048114319541816566,-0.00091683270560744836,0.020434808402569834,0.043343911314310667,-0.021974056503331337,0.010310399429219828
dim_288,-0.0048197634612965586,-0.0019284598966630314,0.00071743104982953875,-0.012154951922338954,-0.023040716880666837,-0.012303350396951069,0.012128553736756441,0.022202307098575444,-0.0045323523696835129,0.0022456903667452143
dim_289,0.010582749800616249,0.0030862293964452944,-0.0095964438230698342,-0.009902754744878596,0.013548569592809735,-0.010415093586837889,-0.0021415100432162193,-0.028701930769962389,-0.045611508456253579,0.024652351121396372
dim_290,-0.0050340357807461293,-0.010357572052009784,-0.0042168865505236748,0.0094391153807837028,0.0062406738875743356,-0.0030471894941157167,0.017511162993820932,0.03881411876611713,-0.0014966368141442654,-0.0052383817764365187
dim_291,0.013691915607688131,0.00093565679707027219,0.023839303241505745,0.0069053766536775222,-0.0091653035634434131,0.011319989411364294,0.003408572225556621,-0.018027445773912059,-0.010438270634921747,0.0017465371416258561
dim_292,-0.014801298962952143,0.035104837375194847,-0.085282582937548673,-0.036966034588311159,-0.033163520931746897,0.031745485465950407,-0.026406535627305716,0.083591364887213263,-0.089444086943543888,-0.07193535324360896
dim_293,0.0074834496145334186,-0.01700667830094112,0.00065358314303247584,-0.0030954045737832275,-0.00061439322537389942,-0.011354187028368703,0.010397523107075582,0.0020706648861814969,-0.031929132284070037,-0.041600221672413472
dim_294,0.016906733883848377,0.036387149861973389,-0.012765823220905751,0.0036667601583342847,0.015725962378107645,-0.0032745454003556634,0.0062593645517242825,0.037423326670500474,0.014334697374180985,-0.001870831882176316
dim_295,0.018393882938471894,0.0046819421625939241,-0.0077240592330068908,-0.005163763688864809,-0.010565238286344262,0.0010848279410466211,0.016262946663732784,-0.022650278614124757,-0.029469649062400346,0.025198367864242122
dim_296,0.009006284784514651,-0.014759264976260308,-0.0018718557591923077,-0.013072983590544983,0.020794130899714727,0.003126849317748434,-0.05765807697144601,-0.026050956013644728,0.17474088019048861,-0.081089790224889227
dim_297,-0.011250972924959544,-0.011418008792079812,0.018606166366967915,0.0091035072341147227,0.0016751782071743747,0.007186082724030581,0.0042990378600356724,-0.008415817543272407,0.022184483044892671,0.00023105641591889478
dim_298,-0.0054952926482807031,-0.028100913348129183,-0.0049017119851154601,0.00088196788574570876,0.0018487049646416617,0.0067943321451687721,-0.0029210105090162843,0.034965929495637552,0.0081356971327345949,0.012870040947350975
dim_299,0.013855022376616254,0.00026647627865980153,0.0011831838021871296,0.0086390968957955512,0.026544278982981517,0.0067999721684062738,-0.011146374075034011,0.031021762063980687,-0.047080002864897788,-0.014649364179171284
dim_300,0.040563519488518614,0.035415268744192749,0.058632357078860019,-0.056350225711036366,-0.0076915270186433213,0.098353217530580406,-0.051078455640789833,0.0079369213920129477,0.058604478995259036,-0.010891078197935443
dim_301,-0.011979119663429082,0.043577437008793005,0.010608031634358807,0.065118832264904461,0.16361470914549331,0.022438264644541808,-0.005303850066888648,0.0026967224577166072,0.0030327622692131492,-0.0029616571538501669
dim_302,-0.00023836633789730606,-0.015216086765287387,-0.0085788971879265721,-0.022181433277574325,0.0029411435550992845,0.024766081808891879,-0.01937947410841618,0.0081684228115692752,0.022991400021227959,0.027267259548199425
dim_303,-0.013307663635684457,0.00021554758299204265,-0.0027766878063908854,0.0048425506864750592,0.014575251307849911,0.015808117286320051,-0.007501194080419187,-0.04650005830569294,0.04546597894332239,-0.0017619390870935664
dim_304,0.0090851483284616931,-0.0037402309875343548,-0.0026803546681632598,0.00069448289843022904,-0.0084747788141552108,-0.011105912174038755,0.011656274976980062,-0.016887853743215182,-0.047131143483582494,-0.030588786888540789
dim_305,-0.0007498484059572548,-0.044834790519700685,-0.012091016236481509,-0.051166994406797749,-0.13407290686814205,-0.02198021564638198,0.0041931208380405656,0.00014592637493914885,0.00083845537222663915,-0.022294909209140151
dim_306,-0.01245238168475395,-0.036549838924929842,-0.001382387390338903,0.0026918908919210177,-0.0022512180484848296,0.0035061826727075225,0.029528762021707289,-0.0044182231592408338,0.0090583143300347335,0.016273053191737229
dim_307,-0.0088457335796537969,0.0040509413430813929,-0.0076688433141330857,-0.019681520809918154,-0.027918499563768864,-0.010119292672804928,0.0037344967376667362,0.0036355575686307638,-0.029624091372295814,-0.02870994842992166
dim_308,-0.029329338423423855,0.053825645983307975,-0.12788064238291261,-0.043911287662926242,-0.03043456992324578,0.03824989438876341,0.020019437803363096,-0.03449754841651996,0.013284092756992862,0.034585266320261168
dim_309,-0.017350114530693312,0.0080787095650221748,-0.032436838029924399,-0.0098917959726873509,-0.013433352844845849,0.0029598165454899992,-0.023173802954162204,-0.034000485652320146,0.0070022615002914793,0.008553251512281158
dim_310,0.01501825884619242,-0.0050198455056014134,-0.023126733432759304,0.023367370587882672,0.019245571293884118,-0.0062109629387723173,0.02026102514601168,0.0098789633921800169,-0.004746067278740493,-0.030434263305106419
dim_311,0.033346665985373246,-0.050995479055148174,0.13087111085564507,0.045630003883633176,0.033343788736542548,-0.033164708033337251,-0.032299725665899712,0.050914677573571508,-0.024766831137076777,-0.032917216187082786
dim_312,-0.0034030636142957133,-0.00061840214609802505,-0.00098465694440121368,0.0035174523343622353,0.024233534247153753,-0.01628781011470545,-0.03257552210259939,-0.027165574168095594,-0.023266071196897078,0.0014683198915017685
dim_313,-0.025627363269057908,0.035486162814055804,-0.10695671816120458,-0.030209974166827368,-0.035056231336397355,0.015568126422659404,0.038249931891247209,-0.045902243397383136,-0.0046734987619077677,-0.0070508620469293968
dim_314,0.0055596202574623443,0.0029588409142953876,0.030306185920769307,-0.033860772854517239,-0.022595233939114577,0.036584394222421268,0.0064740124622091454,-0.017193623540452608,0.0064756711475247768,-0.046047671114972287
dim_315,0.068135487111409584,-0.038725868720468563,-0.035239231799314055,-0.053365568058661099,0.016448307748523797,0.036858676939518588,-0.13697749441292567,0.016301102840354395,0.0058404019045749074,0.030100972945567121
dim_316,-0.014909708991711516,0.0016569993926989857,-0.01392928250047328,0.0074807763852697213,0.0028019804242076143,-0.015161620843282934,-0.028638874733075644,0.03351410742722917,-0.024418440521778134,0.024359121064116182
dim_317,-0.0017995627436107691,-0.0030393877237595169,-0.0010480018207152152,-0.011206313862863256,-0.016982323116989141,0.015328474114878532,0.01716540571010261,-0.0041465481898444847,0.023395254140192608,0.063238213860796547
dim_318,0.014102317900239102,-0.016600881057971424,-0.02874666597254099,0.0084953517702731855,-0.007600996939414564,-0.0018951370609876924,-0.002274042801819507,-0.0097781923609051805,0.013384285260023186,0.00014433322232630175
dim_319,0.014832557895276091,0.0086122473659797256,0.021570247849372826,0.0075747595463035323,0.0093470731745355293,0.010160479949531296,0.02909834422175047,0.034398995111560415,0.010359007244547899,0.03642022706309922
dim_320,0.0039044062892965178,0.013512299033294369,0.014774926718793576,-0.0017735767098942341,-0.00055977813159021055,0.0080954022209762735,0.00068838780149565581,0.041726656176822044,0.025677395557186115,0.0019136284427068604
dim_321,0.0031280775155676939,0.012249891535976696,-0.021339690342421037,-0.003810829194491514,-0.00012499162042259237,0.0009995942974915632,-0.074047911827106558,-0.0011426068523865004,0.094410099343456941,-0.011556240051030339
dim_322,-0.0022686237645216829,-0.013387812231609427,-0.0076166708850025633,-0.0080916854732821682,-0.00074679867017570423,0.028028175790654999,-0.018366933621337605,-0.0089021322660007857,-0.0046028413805463877,0.068937256745324402
dim_323,-0.022130847855685368,-0.14556164773087399,-0.0071097086011901178,-0.00056199341641371612,0.0040736133930167045,0.045470831991684661,-0.0068459243685648347,-0.0092588375916714347,-0.010943856326424334,0.013295362572841122
dim_324,-0.010831497368092814,-0.024456001362717222,0.029760706829988919,0.0045328743542447656,-0.0019533615074269722,-0.01783799813969731,0.027561919439849467,-0.030832112151571518,0.027349054204161411,0.0011052082257755965
dim_325,-0.01081000450147704,0.018301804391322347,-0.028718076812261632,-0.00083487305925614315,-0.012376221481163135,0.0011701433537861122,-0.0032192679252315954,-0.0056167107046488684,-0.021229944651804871,-0.033908325427637782
dim_326,0.12281088435581378,-0.023700459481565864,-0.070037734207066937,0.0078996300242617709,0.058551932523393628,-0.02232518127322217,0.034986479351223836,-0.042148436346100736,-0.0014735809173149173,0.03305225311898867
dim_327,-0.012901619927624043,0.043664055670917024,-0.1051965260195612,-0.029035285684398324,-0.0093479928699194831,0.021308054943097378,-0.071986155597339382,0.10480758257556939,-0.062107424344835321,-0.083701672724790885
dim_328,-0.02498599545979506,0.042829613873835902,-0.10531386638778589,-0.037723886902587184,-0.033355777684644705,0.023511737714475969,0.030871984097780348,-0.034420164332204281,0.020127446693826968,0.028733998365946988
dim_329,-0.0093755047646134834,-0.016238047597963358,-0.0044504205631832223,-0.00074974317524224257,-0.0033697883465767645,0.0061595582067148266,0.021875821580190493,0.0074587608983407109,-0.0045927834964306887,0.0017510492002434971
dim_330,0.0098392837324651223,-0.010580291196681663,0.01862984192124607,-0.0021075281880310005,-0.010956800589395877,-0.013877896741902663,0.017715490906701856,0.0055028088595379535,0.012234818807529434,-0.011574346030392675
dim_331,-0.0094624787924205683,-0.029206953728295536,-0.024165730713034839,0.013793321817144983,0.0036112153857398256,-0.035817462227337879,-0.0030674851600048488,-0.0025661095935229383,-0.067016264059511776,0.0064581730956856315
dim_332,0.01817063137063793,0.1466795518514844,0.0059379884539178017,0.0057923123929889938,-0.0087490853722170196,-0.046091399452501541,0.018596841453167111,0.0011057568615134162,-0.032373732436238242,0.026546385737374899
dim_333,0.011121555057313945,0.0060450260084742528,-0.0046014583899336532,0.0038110078260991369,0.012186723354844345,-0.0039505450144551356,-0.017301298380775754,-0.0012588784030041734,0.0034697748855639938,0.016337600350687223
dim_334,-0.03053517972002627,-0.011923906162144232,0.0032282692069061391,0.015837912589870513,-0.023772635078604023,-0.015975151826001559,-0.0097760486805358177,0.048450950110613261,0.010279676478910907,0.024550528988355812
dim_335,-0.022228216566561331,-0.057210945782051416,-0.012957858778204465,0.0046881364111456304,0.0015138434049296321,0.027344174815651046,-0.030193238510961871,0.069113827146540602,-0.080217554146268508,0.0020538395786332034
dim_336,-0.012421051025421168,-0.024578710484632865,0.0078336533246580516,-0.0089830121230329279,-0.010726371379709618,-0.0027615752221016063,-0.0094911697348605308,-0.006705776965438167,-0.0074165432932258493,-0.00075026867916175093
dim_337,0.070260975471581069,-0.011281064572792623,-0.013002901592658584,0.025399104180980191,-0.0016663664651827771,-0.11695132347869525,-0.024623087824794915,-0.036282154315372135,0.0013329882345829193,0.1127121326656193
dim_338,-0.0074685861124743373,-0.0051523529324111741,-0.011387309487686733,-0.0057143244357852532,-0.0078211941129576676,-0.010231298944999438,-0.029050006344471788,-0.033960965719920265,0.0026905363870673997,0.029666940950684922
dim_339,0.011338241497917175,-0.0025941277975775777,-0.0036308384819297742,-0.0079144867458205304,0.0068138756008721078,-0.0053300102958071674,-0.0060639250847067273,0.019769070883292657,-0.044146687032998753,-0.020646806694034139
dim_340,-0.083701635234254126,0.040181135582950743,0.071436584023607808,0.0047353641009651006,-0.027480188856131512,-0.037445208579220741,-0.079675794480695089,-0.050443859545225858,0.013853809053231433,-0.023909438673691174
dim_341,-0.013877831820745536,-0.0059981877331291627,0.0096614609805846467,-0.00032203483927456349,-0.010891855218246449,0.022903170182139072,0.023173638107410455,0.015704485267166245,0.0075989265004683922,0.044952572564611874
dim_342,-0.013287416649795263,0.0096889043632535574,-0.0043294826080146733,0.00592610272145972,0.00787597223269248,-0.0044113613086538463,-0.035916706001148796,-0.076871345779931821,-0.011941339027236058,0.043977863238810949
dim_343,0.0048527656132175316,-0.00075424500411339285,0.007050590287405528,-0.01748667119426852,-0.013797929504852886,-0.0053068192501423937,-0.043065926805420547,0.014393380907981024,0.013180971190505221,0.052174503748396023
dim_344,-0.0064931375055749642,-0.010301401227763221,-0.021861307750756943,0.0059466407640712633,0.015962891230949367,0.013053279376726781,0.011352627101636157,0.0019090494097719168,0.040946305404839935,0.022247552200355965
dim_345,-0.0051113731672329217,0.0046849121571710534,0.00076111663075576256,0.0089310609630986089,-0.014617106340254175,0.015686065253529696,-0.032783019133542743,0.037359035141075865,0.015300767407021902,-0.016571781736754589
dim_346,0.040911719501630486,-0.0044808850772238857,0.12359153758124111,-0.012070306194278291,0.01524451506876584,0.048098484549091672,-0.054903783927039138,0.020962381388549587,-0.00023750691799808292,-0.026581357697083887
dim_347,-0.0076504125271826557,-0.0067268591079195387,0.0058725598772312593,-0.0031591962595446522,-0.016893332056070246,-0.012633038810242182,0.011227732483431285,0.0043480026530230385,0.037442836395772158,-0.01310715092301201
dim_348,-0.087129456224237858,0.052073974493248056,0.051920198757302957,0.029385758324208845,-0.015130650286878876,-0.026097188169190606,0.14100572425083749,-0.020781108313733219,-0.020147348835154365,-0.024810962975046594
dim_349,0.015872991090470277,0.11501345807646808,-0.001167392465508147,0.0020536621830136363,-0.016044906459304013,-0.033326955219208657,-0.026314433680985273,0.011886471233529112,0.025848096621168801,0.0084759494189174788
dim_350,0.091155323399838825,0.0058624272915004435,0.01295646107937176,0.10089570585445286,-0.081361539210092662,0.035360566231498546,0.012863575301271503,0.00064073056657623151,-0.015955019926924444,-0.023966997069378149
dim_351,0.018113898570990928,0.0060467489620874637,0.025969572064163969,-0.017475576085331408,-0.0056310317564307452,0.015491563081275131,0.031821230462894728,0.028631546055831299,-0.014725753738379222,-0.12442717227687412
dim_352,0.014229500664159896,0.0051703241536141895,-0.017387122874906093,-0.0058642728672524732,-0.014327658026907606,-0.0030635901800776439,-0.015032149330301005,0.027947872341770621,0.051160408673707067,0.015927054483348507
dim_353,-0.0018709764995233067,-0.003217925674544154,0.0094996917300624768,0.0088864537446483628,0.0072300152127870235,0.010105477985027991,0.0021476894489885884,0.030506734835356254,-0.012243149640888818,-0.022213192274489948
dim_354,0.021129343218963193,0.0064524682383419931,-0.026402834759795994,-0.005436672924765901,0.011811937508680466,0.016992357699073174,0.029355703143707373,0.030819793825666665,-0.039908006037245425,0.01924391169093656
dim_355,-0.0062726766055164552,0.0057403022633010902,0.01681220058746544,-0.0072497295847555555,0.045968766335570128,0.036017559356452712,-0.031171625221425546,-0.019328226080300277,0.031469396404999558,0.031282698135194853
dim_356,0.0067887013640925272,-0.0020103799462874851,-0.0059659173351704533,0.00096866785065505485,0.0026633016177513994,-0.0058469117806939875,0.0032379703351219694,0.01166893930189832,0.015067733972013343,0.0070428037842990938
dim_357,0.00028172970541269358,-0.0065023376299257803,-0.0091167453562442415,0.026758112225216214,-0.014113437129622175,-0.025691886523553111,-0.010257614967759135,-0.01617589964144724,0.00013063304684035587,0.036206810976373703
dim_358,-0.0023102702063386238,0.017415436477490116,0.01056667442034569,0.0045918131239961954,0.011655428622793815,0.002234554092921782,-0.019045882314233362,0.0089940469679531832,-0.017313428140748974,-0.030981658225252475
dim_359,0.0088122818980411674,0.0031909921768544219,0.016061591524739439,-0.0027569943528678478,-0.0050514242062123949,0.0088818276556190661,-0.0088795075342942131,0.028499553122341877,-0.065995104857481127,-0.016182968404347228
dim_360,0.015116144571635711,0.020372388284216919,-0.013037566703715843,-0.011099364191736332,0.017558659173349957,0.004903955026218933,-0.030147500998521846,0.039565664272270241,-0.078446433678743988,0.08899955029737186
dim_361,-0.0059286369720753544,0.0041841478501958946,0.0070880236568256188,0.00048869089466329469,0.0023615422404090433,0.0017100090201019821,-0.012399599674123586,-0.020945344962586404,0.0035583861337616578,0.013212943436575603
dim_362,-0.033366027146619938,0.024852812415960462,0.04943781028891122,-0.0014849713381733794,-0.011177912758184274,0.0092090835345335492,-0.055488599027060499,0.048649419252484033,-0.067251046410067239,0.096319672667719167
dim_363,-0.0014205332755186087,0.0013464782340294073,-0.0015477082487615776,-0.0058220962931610186,-0.0089080321350544014,0.0074264347090666405,0.0093016146891908152,0.0002807552977904158,0.021081602897418814,0.012654323537605863
dim_364,0.084203851860728041,0.090558253001285297,-0.048445419695611433,-0.0038562108283668704,0.034461640075828984,-0.013983345882285524,0.045648621119496684,-0.043385713922654084,-0.032738983725191018,-0.0023016632615308523
dim_365,0.0023594894755345152,0.010439919259818327,-0.015244392961127725,-0.010816223413520244,-0.022306332843709569,0.0076587840092137843,-0.017059862621641383,0.042021620708414274,-0.021847576146916504,0.0020970530450162379
dim_366,0.011858718191269534,0.00038822820680038737,-0.024593186421363031,0.0038106486156471355,0.022741395278028126,-0.0074464978785908553,0.018118569702886923,0.032379258425951449,0.026396927646341471,-0.01347246240152372
dim_367,0.0053665928793035205,-0.0024547588876803446,-0.01711379735471695,0.0082853587664684005,-0.0094825170514625107,0.00058054361039748233,-0.019151513265752502,-0.008017839641494523,-0.009188914495763683,-0.02551150387882125
dim_368,-0.0041739876617658692,0.018123036834656769,-0.0034917950379258259,-0.011650826745915702,-0.030854192439124597,-0.026737939684763002,0.010790027656034502,0.0040043892288153284,0.0048587145145352591,-0.03692752202586197
dim_369,-0.091788434252353557,-0.010905274382790459,-0.01293859641919185,-0.08900913634116922,0.071760232782056996,-0.031159350580143623,-0.011416349576290279,0.0058019739323912347,0.030549916744026472,0.018216991041879658
dim_370,-0.065457637316120448,-0.0030039447628623138,-0.029413254516896116,0.10727999414259218,-0.029857418668674699,0.070186674851656083,-0.036625263188034662,0.0094482807441321082,0.022315688203778536,0.026724618930094736
dim_371,-0.023485671036195071,-0.028891431035107457,0.002939869455441343,-0.018542272083104893,-0.014607141994045702,0.0075853553754418697,-0.012833347511819398,-0.017456135004363962,-0.017458454722895062,-0.0075952628321401244
dim_372,-0.007893203546096501,0.0040077754257860599,-0.011894757933447565,-0.0028938692753727865,-0.0061750601627627334,0.0014962936303084243,0.038866407561146211,-0.00097964401819613232,0.033476680467650601,0.010014960675676554
dim_373,-0.073951385109959286,-0.03483466858456738,0.08611510872095017,-0.012039199527483403,-0.0045048335822077097,0.09584444068588345,0.10127365477780585,-0.016609309407623354,0.022567893823034431,-0.026795233039830547
dim_374,0.016039433236362127,-0.020196569292403002,-0.012915649730507132,-0.019404938993399515,-0.0066480426853100039,-0.0054128713303197044,-0.0059596497512955223,-0.00078743879210664992,0.024413284348197214,0.012565845947058608
dim_375,-0.0053478418038550414,-0.010653061193486036,-0.010871003905347176,0.0047995972571362308,0.0024370133084101668,-0.0034887571877594073,0.016470258161787158,-0.029875139034175352,-0.020051327835176491,0.031268085901374865
dim_376,0.014927868864937284,0.0059365110423027613,-0.00075397915554709365,0.011310784763934656,-0.0070859676353964927,0.0089714392302696483,0.021420112368243337,0.012752452343929912,-0.01336349459299958,-0.018546762363215671
dim_377,-0.079596138497260757,-0.037473587228539045,-0.019542788574437871,-0.084899067324530619,0.064356815695035791,-0.00067438885503319425,-0.0016088117461558417,0.0021383408916294247,0.032511934134620404,-0.00072750174949937053
dim_378,0.0026561302597460051,-0.0080679406513790575,0.0059623020063720002,0.01172119643937935,0.0016312166981614202,0.043024525097401727,-0.0112824937318511,-0.022224290609164019,0.011952821555360189,-0.0013013917904985705
dim_379,0.01326883043056854,-0.041278509035470548,-0.012988390963127367,-0.060091443546587034,-0.15201541496674245,-0.029815994902966561,0.002353330497741116,-0.0011861779713238688,0.0054349598385925197,-0.0071685255617869722
dim_380,-0.020898299516505417,-0.11069901989751404,-0.017564848022953456,-0.00073417168805564592,-0.0056725769528654527,0.035857626615417248,-0.0063386510620771575,0.053563200523888438,-0.017994904211231011,0.0030200395986463495
dim_381,-0.013008912658254363,0.0030631815460092,-0.0041961861230510539,-0.012793755851692453,0.011430311755533393,-0.0010571295409012452,0.0067068236030991477,0.0039526490597373547,0.031484298475677151,0.037987280217691398
dim_382,-0.011112653422618312,0.0098398669873548533,0.00012852112102438383,0.00339860030850621,0.0046915751323019835,0.0022737995921348628,-0.01707516672084259,0.010202572789889466,-0.055809012438461376,-0.018819089686117157
dim_383,-0.010151692083918149,0.033871673733041896,0.0039723814339570444,0.0050509123778190576,0.0061165887379160625,-0.010612252255562293,-0.018968140685876086,-0.017146598556110761,0.075692049603129863,-0.049716599722544975
dim_384,-0.036338867215563189,-0.038292275420112161,0.00619440317935732,-0.026595881158222794,-0.022246617401162128,-0.0099480467901174249,-0.048131970061137931,-0.0072605416604752913,0.034060654757058433,0.01148241972828856
dim_385,-0.0024625842387566541,-0.016736163142447753,0.0033978455592120851,-0.0074218826572294014,0.0091966966555606534,0.013154117642099188,0.01199622886040091,0.0049921840554110761,-0.0094624200092689615,-0.008224793214661635
dim_386,-0.078612972706765594,-0.057678392293027403,0.02389876039179737,0.039033740054698715,-0.0073933205205555042,0.011809844212850846,0.10368741642088641,-0.038695644370079482,0.020515321176110879,-0.013296430368900799
dim_387,-0.028850217565946905,-0.14600709486250174,-0.013604039715888239,-0.0047202958477712952,0.0081005227017162933,0.047543528713311155,-0.0073065791866796601,0.0071129825384629447,-0.0097245139539997322,0.0058208446799348388
dim_388,-0.0090752279036625284,0.005628120825093349,0.0027634908471470161,-0.0015331632516598502,-0.013567700387309188,-0.018640668758265165,-0.039840514334080958,-0.02778570470015259,0.036783049476991472,-0.016843102565160511
dim_389,0.11081685329922371,-0.05471061969605949,0.039954796170283954,0.034728540620418143,0.067067435666850014,-0.03723114694124962,0.0089778633582161919,-0.00060451563802686769,-0.011456424799413044,0.012550712998018529
dim_390,-0.062897624305411029,-0.011698096987089882,0.0059244971866075948,-0.032864310321916487,-0.014096266057620857,0.11223685889612137,0.03531801926179786,0.03051701991336982,-0.016207113228979483,-0.088234983758566463
dim_391,0.020687161498740819,0.012394853557657137,-0.015817167970802855,0.0040816591686846145,0.021223547576302487,0.0089990128764830327,0.018762833676656696,0.035454982966695622,0.025786239198605815,0.020155276008902177
dim_392,0.030858915232888237,0.036765432047305938,0.07153289249687976,-0.079897434064449296,-0.012178656839133339,0.12360482509617025,-0.037931541430201797,0.0014333098033498907,0.051326085519425059,0.0081834419094942417
dim_393,-0.012717240198543263,0.0067677220505074128,-0.0075108022738352024,0.0019631098252331195,0.01134721620213525,0.0071504316713089395,0.021764826100026186,0.036722764155452142,0.033998877453572482,-0.031053986949347009
dim_394,0.022328183356139168,0.12341532494066401,0.020348490578868381,0.010170441816257732,-0.010951521117568008,-0.049825806090527947,-0.0096316229992714844,0.0012287010291342718,-0.0047639712436201177,0.0085267916112743945
dim_395,-0.019125486449851868,-0.0079807850826970565,0.0046277059097380273,-0.012153511131870338,0.0036873903676188009,0.0053238095769382503,-0.0019491504520741331,-0.031551323194115237,-0.014432604846192711,-0.0037492419758755145
dim_396,0.015660320750020568,0.13369083938381146,0.016011898787588692,-0.002579759226601583,-0.023595020874972217,-0.044592137023299463,0.0031617802899924622,-0.0021182254222093522,0.024509116121770914,-0.021956128151717186
dim_397,0.012784124909121094,-0.009165918634010839,-0.011622072084044071,0.014821428702780411,-0.027886718548888492,-0.0029810415017535075,-0.018421242201725738,-0.026097181082334206,0.022423083060775222,-0.012923259022932497
dim_398,0.10045373980342401,0.015058227800977982,0.0149169231663766,0.098051364816677533,-0.085773825094683384,0.028329292853417919,-0.0014236983690996631,-0.0018346663498666129,-0.020195110343815999,-0.026561687183820681
dim_399,-0.0069481529916322208,0.082121533738337346,0.012149426809571899,0.0041219158754394608,-0.009728164939594856,0.0099191000063580462,0.015717978971363636,0.016327290789875708,0.040854578286838278,0.0045653041340404533
dim_400,0.013112560596369347,-0.012232049727434129,-0.023575464065853785,-0.0058092428927741871,-0.0066672200752645912,-0.018993629472943745,0.054055424064721816,0.019156515571097991,0.028248119615182834,-0.012293941665856529
dim_401,-0.099664402170374089,0.019941557317191383,-0.0063411786578069281,0.11926067573884436,-0.035317840517413539,0.046746188844224219,0.026638567373300646,-0.013614054608705427,0.014579932766130493,0.0073591272716440068
dim_402,-0.0011568967048864133,-0.00090340196127402736,-0.00079670190976350089,0.00027941411557512154,0.0001282893291509947,-0.0020917135235026668,-0.0027500342023444673,0.014568460863893821,0.022145409391792329,0.011488525089680639
dim_403,-0.011312785046584915,0.0014946850352153096,-0.0082504164808101191,0.020713056176891866,0.024807604403557552,-0.023129858093404679,0.068356653652980826,0.021117422641003712,-0.010133528464645119,-0.0058786544265272038
dim_404,-0.0064100037651572623,-0.0056168144227168896,-0.0010261072337712622,0.020159329197573073,-0.005736801059409556,0.023666195733583206,-0.0031327033156504278,0.011408153028578227,0.017113794325450009,0.0083279224180190393
dim_405,-0.012423514575483355,-0.023591799210011335,-0.0029310799951061651,-0.0019281375577260939,-0.010479713475794931,-0.00043329625228761068,0.011635437751475308,0.010141932257457341,0.027294375865019763,0.034791842605304844
dim_406,-0.017481505320860947,-0.018862332685838184,0.0094012762357279546,0.015068910402121834,0.0018742951292420528,-0.013282143832050401,-0.0047756065290131414,-0.035082976985497824,-0.02628067545361466,0.0052494281727910475
dim_407,0.0014787299620840828,0.0044734695681761544,-0.0052734104564504426,-0.0038508725584200268,-0.012482866541301487,0.011136882706345913,0.025344503655361308,0.02555129882127756,0.0087500075679952556,0.017675491148664343
dim_408,0.089436303868597425,0.018888097124066867,0.013347169872821703,0.10031945974730373,-0.079076632967602326,0.022682622856043243,0.0097139529340643533,0.0084357397413831314,-0.010279616115698687,-0.015845332509668977
dim_409,0.0063264193877782173,0.0054308988387586918,-0.00042816609574279364,-0.010910909917648769,-0.018576236696950823,-0.0041883673957402784,-0.032450573079597866,-0.018164296185746137,-0.040369179475148974,0.0058817313814077425
dim_410,-0.0034281161487066487,-0.049983866865905953,-0.0028528473988119565,-0.0036812056085954495,-0.0023351587964959603,0.0168841911055892,0.015918326614993906,-0.014882053002037231,-0.01401211534713339,-0.029422182684033966
dim_411,-0.022231356124567218,0.0043625208091535592,0.013380424366438229,0.0028805109602392212,-0.010793636990719136,-0.037351269100732824,-0.068664889100929272,0.012959099824345668,0.057040237569818825,-0.10888495865436106
dim_412,-0.029687270239362282,0.046853530933495577,-0.12929251941385916,-0.042764130863604588,-0.034594980660496502,0.035361300443296655,0.023356717668077176,-0.028604515802387345,0.011181514158325892,0.028289698531083547
dim_413,0.00057115639233837714,0.011460143546402358,-0.024033809095364556,-0.017118524720452354,-0.0023326150717054486,0.012177709991752224,-0.023722223324745575,0.0317756152265787,0.012328397116916356,0.038016195741157888
dim_414,-0.068162788411857578,-0.0059987150720440113,-0.040517842912427195,0.12603821273276347,-0.025862691530163549,0.085073788999704678,-0.048698984956612068,-0.0030733441325904737,0.03418502666363734,0.023227819788506174
dim_415,-0.0069473408011696183,0.043893243184020526,0.014527315382048784,0.061148021077016876,0.15355490125047122,0.024302130732397259,-0.0066016524218107681,0.012130776749523432,0.0024439359142916818,-0.0084926427972929971
dim_416,0.015818685387043063,-0.037402536214423222,-0.0086584367633973976,-0.0096825639387731581,0.0037300580539356212,0.0034618054933928614,0.041662044976751675,-0.048126462924366335,0.08482593191269365,-0.0071398558925698484
dim_417,0.011031084706240049,0.0011107463413960721,0.0026043667140223225,0.012436410613327816,-0.024774437827611066,0.016848585056260693,0.0078056758556746255,-0.0056599871402388769,-0.022975874268887777,0.01171813647813307
dim_418,0.010478537555435645,0.0195691102280727,-0.0054269977784868221,-0.023908355072695595,0.0025088925352505947,0.03714140044466379,-0.046563449894508092,0.023610281701921074,0.073234175099053944,0.0034392378860824977
dim_419,0.0015871915728208708,0.018517628622787961,0.0069039401632381868,0.0016358061775862492,0.010085617493496561,0.016070277688620866,-0.010223786713745353,-0.010820915006173751,0.0087682094884866876,-0.019212704941625216
dim_420,0.0041548422991149626,0.010593892270884786,-0.00038153280997721753,-0.010268079208630118,0.006984905429512616,-0.0036982283460515112,-0.011098682461982423,0.021883778064261058,-0.014216461128835733,0.044682855178278282
dim_421,-0.014257977788595,0.0013158245578872372,-0.01616138920444346,-0.010465939883919634,0.018214566903399343,-0.012837060684392963,-0.0028531056883095264,-0.050049615918352261,0.061022987356284378,0.042347274088624057
dim_422,-0.092781906384047569,-0.089803263981319784,0.046309146176255651,0.019677990241936547,-0.027558151712057957,-0.0054061422313237449,-0.038378558616047866,0.017563682548892859,0.0054266696340519241,-0.0051854526855132331
dim_423,-0.012644686636037491,0.023929362617219011,0.013039615368328145,-0.010966602718499674,-0.0034097358628861663,0.0014134343363500805,-0.011755669420569353,-0.0076798645032416469,-0.0068936979292266954,0.017043626047855236
dim_424,0.001185826961844939,-0.009558874017293998,0.0005432447860304042,-0.0064055981530659334,-0.023437412020151222,0.014097337241517202,0.0045400437324695413,-0.023033099781634276,0.031376317664086481,-0.068590300616924227
dim_425,-0.013530888620163278,-0.038664564427108007,0.00099382908255653117,-0.013341710249147284,-0.011645789787834098,0.014496443011004351,-0.021187421034336198,-0.10127153981079071,-0.022812822225108251,-0.050717155731320525
dim_426,-0.0010486581851800706,0.0018623386748402046,0.010626427576443755,0.0029686975304863313,0.013715199453761392,0.0041011635544589854,0.042156226502725137,-0.018659927877158314,-0.040949459377470139,-0.035592976007321676
dim_427,-0.092476039019282696,-0.0027694671339663782,-0.0050191504777610998,-0.072320079694068062,0.083140139166407362,-0.021115573678775486,-0.023610899007195409,-0.077875667696200579,-0.018083915657656123,-0.0035867482365058061
dim_428,0.025248253881051154,0.034491071554034421,0.05927662291170175,-0.06145719928600786,-0.022276694086532458,0.10021130708401918,-0.053027274469398498,-0.00020814467958095339,0.057432290299094545,-0.0043930599120435686
dim_429,0.011777229346008656,-0.028499897531521504,-0.010182921964413829,-0.0082993255468817289,0.010680848535182003,-0.0095878282254832862,0.022632983637149395,-0.0042519339084021082,0.072813023054229681,-0.028515491417708115
dim_430,0.0013230487292455731,0.0039039631279628663,-9.7810792461308638e-05,0.0052232117585708972,-0.015546718332115699,-0.0045183025920761937,0.0038175302706996306,-0.019320376388783072,-0.047826300180497126,0.00961405247109858
dim_431,0.020682504735669151,0.03849121244548373,-0.0070831064542183917,0.019964895775937214,0.029164847793265374,0.022772312327439068,0.015930986696949135,0.0066769405235896067,0.0046077055844381664,0.021217851657029302
dim_432,0.013106941375722655,-0.023811339378827481,-0.012283420590339589,0.0039495852002205175,0.0090551518986849155,0.0049422474432456913,-0.00010504657852811655,0.059654848026418766,0.00027507397947851585,-0.00067747404639332816
dim_433,0.0083407937165361507,-0.0081323778656705765,-0.0029741191945869701,0.0078129018872010667,-0.0065144156768766641,0.0056660911655574738,0.0055983960379316659,-0.029400892627715499,0.028078105625782657,-0.01109404547213959
dim_434,-0.0088026307912939302,-0.014722620980473351,0.018030915731519201,-0.029633642173056678,-0.017095984723572169,0.0084829632637582787,0.0042001704786437822,-0.0028876227334734745,-0.0064495140443572739,-0.012189396935626767
dim_435,0.0078130991967661316,0.013223996423430763,-0.005490243129046256,0.017825163050398152,0.029873371518813242,0.015864973653801285,0.024322871756675815,0.0084149168669412702,7.9358767897312111e-05,-0.0075088333596010151
dim_436,-0.012549872761609231,-0.040678834184121146,-0.0013665758685505879,0.011321414224699121,-0.0096786237629957143,-0.043683602066428566,-0.04906300653163749,-0.0091170232753080924,0.047118561007400049,0.0040211894408129795
dim_437,-0.022863750939613851,0.042724588890780291,-0.121677316548448,-0.038719403583907352,-0.039062820668052313,0.027544149668238167,0.023988240785739835,-0.057048177957770875,0.0075964377299749791,0.011142405592540037
dim_438,0.0040999496741641302,0.0027312091918622822,0.026075417777139259,0.0022416354654019857,0.010902206969597166,-0.0093438611157626514,-0.0071208122006589892,-0.021809526777972661,0.015520655699931482,0.009873481443290949
dim_439,-0.0060534989578061608,-0.0023370080463282297,0.0021830284312221067,0.0070730864625783872,0.017776046266017757,0.0086127005483233321,0.021212505451250276,0.0017116546361947383,-0.012182579636560529,-0.0050794977652241701
dim_440,0.0026464266915628243,0.010147982796905305,-0.011773994632539933,-0.0080256653680180132,-0.0068973687371531736,0.018604428124152989,-0.0021989740199023899,-0.041286344929937657,-0.029715344027364515,-0.04534265854957719
dim_441,0.026370726481925563,-0.032298240081156622,0.10781064543216926,0.025904487634495148,0.0065000490247089275,-0.023656678657001915,0.063977805755016368,-0.087971835204009752,0.083005806547327643,0.1069457351218738
dim_442,-0.01140352417322109,0.0051051195227744444,-0.0014446978588186427,-0.0030597151287748117,0.012319091356351097,0.00086998523256622213,0.0035717825608625881,0.011189540392924635,-0.024341143367894717,-0.0083465515808798553
dim_443,0.012362183856454684,0.051083936929772041,0.031930359836544984,-0.0012216347434356658,0.012652210339838595,0.048994257269080868,0.045859899341728634,0.019658000406486152,-0.02427040165672379,0.052833177877683365
dim_444,0.0070614940530232193,0.12978105247345378,0.011235299796110671,0.040456524425893994,0.084034060802384333,-0.010012026920995763,-0.011122014727515025,-0.01134501456906517,0.025410541800313848,-0.011531803096075996
dim_445,-0.083502473467819957,0.031289202628253181,0.067332234917409139,0.0066902973515995633,-0.058819799630264409,-0.041678986954826559,-0.06696768518408798,0.035344749899808729,0.019634162931750673,0.0084804250525823775
dim_446,-0.013625151213675732,-0.0061107174752771751,-0.0097747509453262448,-0.0056030880521002972,0.013245334552521854,-0.02698861959328757,3.0760113190960345e-05,-0.018373373037697406,0.0072377805692462795,0.022101317141200501
dim_447,-0.063152759823668331,0.0039767165594157897,0.030709451467421073,-0.0035912837840018585,-0.054962695573214558,-0.038959793120396005,-0.041508331942269272,0.050568409589405686,-0.0047371351972079184,-0.020126332112098973
dim_448,-0.0007791711050695962,0.00079968088637039656,0.0057366452201125951,-0.008876940846796303,-0.014131025639384421,0.0038795430189953162,-0.029474372026340078,-0.042123384290667899,0.0379721623311957,0.0084335255763847723
dim_449,0.00078372558846783694,0.0042977828699437897,-0.026591892760402924,-0.0014093521135130796,0.0025812704980005667,-0.0022931375017103627,0.016233806769245688,0.020470479150288233,-0.024938903934844103,-0.057492015096139749
dim_450,0.030022421046452374,0.019029000888468237,0.053378619025699049,-0.052674005661123645,0.00034381243414137284,0.073289543603606622,-0.011682891834077915,0.027873907326337256,0.030922716488472557,0.0098061014727454741
dim_451,-0.0026677291475796058,0.010912602938188298,0.011016701621296998,-0.009619185274638474,-0.0058028306194668876,0.0041606545123446101,-0.028982624497736753,-0.01828904970821001,-0.0091571317591865823,-0.012596900995139642
dim_452,0.010338677705722778,0.00033930938300689913,-0.012403077850818048,0.0059000429464538149,0.0099889033035247838,-0.013914432076011377,-0.018690184867628093,-0.034093355509692384,0.086548938694530578,0.035917584990758297
dim_453,-0.0067080035832108031,0.01280575197226021,-0.0014250836289989282,0.0099121438924854848,-0.016302170185574942,-0.013912328885403015,-0.0044882006738612302,-0.0021807442594497027,-0.017404531426747062,0.047753781043930424
dim_454,-0.014069837413230656,-0.009847634396598479,-0.0095732590844933053,0.0050496647234745734,-0.016249396273022944,-0.0042553377586700344,0.02448921835897536,0.018510476497237659,-0.012172834094618916,-0.0025231411603041389
dim_455,-0.0032093384698698236,-0.0033996120174068578,-0.014123664486029183,-0.016603994194473944,0.0022275655173102414,-0.011469831467907832,0.019692566014641852,0.018771216576043217,0.012348772233503467,0.027647474294335426
dim_456,0.017369209048021798,0.0083359774882457802,-0.00031568861340193933,0.016893389563196675,0.02814487492412519,0.0035064366953845446,0.018076296320274333,0.030046708965366983,-0.010540616130455803,-0.011295426428688578
dim_457,0.038734963510135563,-0.041544635787848373,-0.055761842180097942,0.10919502480265032,0.048529672184012988,0.099420073691934147,0.050201374157996304,-0.046445143961351826,0.019254075592456101,0.029536723357163362
dim_458,0.02253317239999281,-0.024511785347695096,0.10960329072307241,0.033439215592870483,0.015507595631925298,-0.028781378485287962,-0.017724802006502654,0.047489448342287174,-0.054674701272892756,0.010600720017590994
dim_459,0.013508009912774522,0.0037643930594133401,-0.021021469830125535,0.0023805592472052311,-0.011381058763235958,-0.01582754123308008,0.060474875743401144,-0.047577688181176719,0.0061719390087230557,-0.085164555416628471
dim_460,-0.0073597856111803075,0.0044219722288034464,-0.0088833704065438574,0.010042662497978517,0.00659270296996639,0.0092861485358452407,-0.033855142603867308,0.03876361792049219,-0.0050716883839925318,-0.014128952352599778
dim_461,-0.015775382088711543,-0.00636263693045912,-0.011633016453933345,-0.0069619216832571195,0.01503038615883447,-0.026768813702758468,-0.029352057970092268,-0.020344869380384198,0.00090307181492817982,0.014771448015591779
dim_462,0.087243277054923699,0.013224293149188042,0.014027123062547499,0.094392372916331707,-0.075431503246502454,0.022228365064404662,0.01146167456884176,0.010794877382079082,-0.018493040412353796,-0.011838568904531058
dim_463,-0.018379783150684538,0.0069143315445135429,0.012205831618475861,-0.020783369982980929,-0.010580714734110949,-0.0029120193601880808,0.022674052627630548,0.049234688133565505,0.057109460725381631,-0.012070427970522376
dim_464,0.013331706675775741,0.0061736125883635759,0.0074090987091287776,0.0086826557982139958,-0.013926679425793143,0.013543480933662519,0.0053995540206392906,0.025230393750365884,-0.015634013290882685,0.0054070516363805606
dim_465,-0.0098043278015282186,0.045414981803088859,0.015713029359177181,0.060973905396566302,0.1441329244733412,0.029652617112683865,-0.0094486831088467851,0.0049007646494050421,0.0096423868196505013,-0.008098835330556076
dim_466,-0.0071637209307807469,0.01554458740460979,-0.0022621586489589406,0.0040437980978413101,0.014206982288899415,-0.0001679395213364737,-0.015427556298592235,-0.013323741757376151,-0.00078050052724490111,-0.00025400011104821164
dim_467,0.0027313294072065408,0.018590375147977914,0.0038611477855528494,-0.0012256464241824662,0.0078774630966406394,-0.013029924354782974,0.00012747614642553731,-0.019267473958224219,-0.0026349301761274518,-0.0041521791126265103
dim_468,0.071336065927704834,0.058148867326899986,0.034169512430456607,-0.10721160192471975,0.014976813974146214,-0.088935611023772204,0.015282953379594419,0.0010006905935069788,0.01609624462258688,-0.011425068588230817
dim_469,0.032266812139866596,0.017722767509142784,-0.00078868708524055977,0.012899323851668273,0.0066861910838753435,-0.00359891227482934,0.018086580604330417,0.05162457147509153,0.050746965569349073,0.021106571930964952
dim_470,-0.014559102025789172,0.0065333059099683495,0.0093754900211042939,-0.000182620797925467,0.012197672245557675,0.012897598293635446,0.023646652117320338,0.0075043465803780584,0.024816386986573534,-0.028061743616343022
dim_471,-0.0029116634398443433,0.0027285295344123199,-0.015270384424405488,0.001746622623621053,-0.00052540680393406457,-0.0022527197882790807,0.021020918245428899,0.05649490225285158,-0.03222795050195848,-0.031716202839981049
dim_472,0.033941772205786501,0.0022876048448111988,0.061663818812590587,-0.066182363535609134,0.010898854411015665,0.095327036212268221,-0.042950208352893336,-0.060058991783871321,0.024600390006015008,-0.029466776251017998
dim_473,0.012142878456133968,7.9747383975188892e-05,0.010998934153673524,-0.0090602938058197292,-0.0020978782608810772,0.049394902177573259,0.054213257296011126,0.015985128455898365,0.044268209837764423,0.038416812256838455
dim_474,0.0011144765529445121,-0.0088359999149323302,0.024767506132051472,-0.0045782566748525915,0.014824643026661873,0.010296500060675116,0.015289926441142323,0.010714224897646981,0.0044245823163048797,0.012262551300520688
dim_475,-0.061512872716107052,-0.030040354434686407,0.083121605589594361,-0.0036982218922954513,0.0039078606473760989,0.087778474765279627,0.10488091805825124,-0.0053071551207404151,0.041689538152789564,-0.021906476050146825
dim_476,-0.0047234630850175865,-0.012929696026852839,-0.021209266635356723,0.016740705203033498,0.0092024091697274057,-0.016817396420752407,-0.0063513030355360411,-0.049914090139019381,0.02982920862607279,0.010560412065815011
dim_477,0.057321391137228665,0.0010203595130518961,0.03565535766942609,-0.1334915199797907,0.027773162364704472,-0.085078354355657707,0.040673676248341777,0.0082387455413964975,-0.018036064364281755,-0.026012562173993063
dim_478,0.021735220524184595,0.12962382981820955,0.010959450820930342,0.0028649061372392312,-0.0002237224253062935,-0.042767931316100148,-0.0055679707015812317,0.0019157280886631569,0.021049367972788485,-0.0075164239427975548
dim_479,-0.032423837679172313,0.028085892352179165,0.037859738981281983,-0.017332400236556668,0.0066782182913616463,0.03156783944792288,-0.060395162257022135,-0.17462183016287119,-0.14662809770932253,-0.027207125948033241
dim_480,0.0095598726916159785,-0.047816765090100244,-0.0093741659740330992,-0.061006614321010469,-0.15377704969833178,-0.0239923090905515,0.0052817304609125921,-0.024939916626246436,-0.0029092686057488769,0.0098129346833055985
dim_481,-0.0048864399966292967,-0.0087601720972887345,0.0058985339662000445,-0.045052473222892651,-0.085030688757195383,0.010985606765579777,0.060312149819492143,0.040943880107595393,-0.073269152465202159,-0.030051968413778978
dim_482,0.04720891778244362,0.13401195554369763,0.0036779089715228918,0.030419812915585695,-0.027241853717411946,-0.049779763505227073,-0.01430364831199114,-0.002197675357631121,0.013972473158290923,0.0079153520634896168
dim_483,-0.038657505310481108,-0.041376339393870573,0.031955369084460818,0.012382349880456422,-0.022598111536113408,-0.035424180351819871,0.0080981607426942517,-0.028939992680624381,0.064994239217609329,-0.12433181034297097
dim_484,0.018032367472513074,0.0099273427350645878,-0.0056410603200917281,-0.002146293897319137,0.019802902316830191,-0.014460996201505852,0.0090689470750499723,0.0064951797067616104,0.010096156008438953,0.028694213025805788
dim_485,0.00019605217655637884,0.028521111072859619,0.018355786641957261,0.0055863828712753305,0.0042528376287020416,0.0066230302760239565,0.001999122686328683,-0.079705750546555681,-0.043420323403505441,0.022725787470098478
dim_486,0.020476159141472883,0.0070442919357081571,-0.0015006587689203876,0.0018165802824182456,-0.010486473233484327,-0.008654318792466989,-0.013738330992409257,0.013821380450580602,0.03705458563942611,0.0036874889538376816
dim_487,-0.062856335957054449,-0.0032124794267351479,-0.038762342217725919,0.12675593858468703,-0.028065731731089054,0.079074974246926402,-0.041889222957881653,-0.026988721514082093,0.018841186757504107,0.02050181071524846
dim_488,-0.0080334851458195838,0.072859553560713219,0.067232152809366175,-0.035951878603246556,-0.0055494660350321979,0.07327443825122272,0.04827350312087695,-0.0051518916901172364,-0.079488497550263076,0.086682767779005909
dim_489,0.022612277169055665,0.13037488824645599,0.0034585744250444292,0.0016679704674191309,4.2407989298508493e-05,-0.039044617192532015,-0.011047695022315859,-0.031869454447314011,0.016463364768978115,-0.0077995550040120968
dim_490,0.0064733471464196168,-0.071296699981799619,-0.075030202787543937,0.030992272366607468,0.021302710474128649,-0.096409228036450939,-0.071578627095590874,0.017108719408265857,0.12511943046785792,-0.089693375501623082
dim_491,0.0071734531699371405,-0.019430655322572012,-0.01454618910328391,-0.0110261814648881,0.0050705310390365011,-0.0023947540507610683,-0.029537114746672935,0.016862997458644384,-0.022471023397164613,-0.0017454090631092833
dim_492,-0.032688904054048326,-0.010487004671862244,0.0036336757392533016,-0.025423102852701038,0.01528810987196997,0.00014499002272877121,0.022441101801417368,0.038185500947144319,0.020240439298295099,-0.0090568163783463947
dim_493,-0.0057364430994103653,0.0068773689014794527,-0.021142075289730809,0.01887960688761376,-0.015213911868766876,0.0025589768130170974,-0.032666796974636189,0.063361984784973291,0.0084558967612266504,0.02626822356575621
dim_494,-0.00083935119631004494,0.015753208807398111,-0.010027577678344191,0.0088386824614655815,-0.0029448028859063793,-0.012118227439997751,0.0031573395097182545,-0.030845039575628157,0.01826610473749947,0.010823228546418784
dim_495,-0.057802340234522152,-0.0011495058801599678,-0.045677859426272574,0.12444495807362706,-0.022484103961427731,0.041397713702418397,-0.052432784377197374,-0.015723410471545234,0.033019991706963042,0.023094913777659144
dim_496,-0.068672129689822073,-0.036849628199393802,0.086031760140481778,0.0039597089100674642,-0.0074015543196705317,0.091262237428824819,0.09535649377304907,0.0079548581522441777,0.024883180609253798,-0.02221308770150485
dim_497,-0.071454565091663494,0.069712463766240337,0.062582834021400094,0.013120233142067603,-0.057037224793670384,-0.015742174105822158,-0.038197891305021263,0.031664907843304731,0.043179044706633266,0.019692954424896738
dim_498,-0.0057556970861873816,0.0034797581693819749,-0.033546516084458626,-0.0051159309163691675,-0.017548496035961456,0.014344693443926042,-0.032687685411556359,-0.028264705424640723,-0.0082607409096313641,-0.03806890864521368
dim_499,0.023278804902739744,0.14885503602100847,0.007317450746246847,0.00020158592992510383,-0.0088710541134512742,-0.044005064906572654,-0.0022978135369373549,-0.0080887907956933743,0.022994574972375205,0.00081447951915265132
dim_500,0.026077262660286565,0.017688778159502708,0.011760861011079621,0.0010315826307724643,0.00041550637422270968,0.0086167576407673811,0.0024634371176785884,0.018852781540010251,0.033170883703604187,0.025895156019996968
dim_501,-0.01476540954459207,-0.010671788794226927,0.0080011147944641699,-0.0064061364702597901,0.026819172523931983,0.0034585294201885382,0.023948850651452611,-0.0010111295282185975,0.036278696769838234,-0.0080611048371502202
dim_502,0.0053621071032601613,-0.0025107087377844979,-0.0058804997237253392,0.014037472761152033,0.0010436916058403107,-0.020160043126620134,-0.01376931091673262,-0.019966181975723821,0.0072409643342017096,0.0085121452539306235
dim_503,0.016862844400636012,-0.023312816649257839,-0.0080163976014117049,-0.0078786789119000954,0.010665340269449184,0.013858997141308949,0.011719450334860002,-0.0066923789943045525,0.040187815110524813,-0.026926122406718041
dim_504,-0.0080915724705472401,0.0083709747904631322,0.020868429404603133,0.010203490766954322,0.023068224511438733,0.004295076698154242,0.060583903462983861,0.040566388684020661,0.019003576718065508,-0.0010623630929056656
dim_505,-0.023688865578545003,-0.01425047752154868,0.0066008418362428012,0.00024301391592749199,-0.029533799984314556,-0.013272099870608222,0.00028694662073021311,-0.023565199993110807,-0.014494047065251236,0.008602588133476384
dim_506,-0.066132413600322099,-0.0075847470605348109,-0.031381604866503522,0.1149433788835497,-0.020899303025073347,0.056714188565351813,-0.023399376017714628,0.01948426693066618,0.010451346660400714,0.0082948635177440937
dim_507,0.061941440169160103,0.018143683797546304,0.036370638169856875,-0.055002766229604774,0.019365640202678214,0.10758001196008002,0.0060752613960295592,-0.043326165816042088,0.077582586703969877,-0.10517177886442336
dim_508,-0.023076602257644501,-0.028755782044547627,0.0047023473339754644,-0.012267018414322529,0.0033944248032858164,0.011792149331658135,0.00080456892980770259,0.016133381057751191,0.012995828029860967,-0.015123897443923878
dim_509,-0.0061058325407340689,0.0056678631910598003,0.017225766540128272,-0.0067049500760763712,0.019125558545660368,-0.00032538740491743254,0.027754528473474101,-0.02574746982815538,0.021486901822115108,-0.027559551189315239
dim_510,-0.014053550543826253,-0.0024791751927655749,0.00025100143602103535,-0.015512769604011385,0.010279527725384083,0.0021468874522702058,0.0029701851977888822,0.012043360926546955,0.044724500131615254,-0.031569287929716278
dim_511,0.054067244301112698,-0.041506463856741928,-0.042099263330787472,0.0053739331340837164,-0.012002626235034486,-0.0067444918848068528,0.10017319373047043,0.12537359996824854,0.051923504965463475,-0.030471719127620363
dim_512,0.038754997161509368,0.044242015856833482,0.067120376918566454,-0.073100076805205513,-0.0055875922980880557,0.12126255164806708,-0.038699955426011567,0.00806957026656978,0.046735262906790163,-0.0046080733347048774
dim_513,0.0088592061248039325,-0.022532783222705275,-0.0073193808303750494,-0.0019696720354171128,0.013099858539024777,-0.021692241788005145,-0.0087551434121979441,-0.035963576355616166,-0.068214997417827494,-0.017243868691657463
dim_514,0.0085154919163445263,-0.0037200159266824397,-0.0072624346539645083,-0.0062075450532413073,0.00047428318310953533,-0.02485189915827505,0.0092695452056635787,0.0046307526731377939,-0.03704901715488311,0.015093752760679268
dim_515,-0.01160637215058377,0.0044637649615212318,-0.0023500242222922996,0.0091408015347625438,0.00029543424889098802,0.016516751589179205,-0.0076739092245533911,0.016597601855846193,0.0510619857227348,-0.047646686812396602
dim_516,-0.0017346467411181556,0.0023849052183678794,-0.010228142454747218,-0.0080869328830245387,0.016910112579829415,0.013935749768792961,0.041153979931407784,-0.0070346756583329929,-0.068834860976378448,0.031699538902804497
dim_517,-0.0027532117137025244,-0.015451893280754758,0.0095321127623776442,-0.002131545471704291,-0.0011106965632870795,-0.017894532793751961,0.018241053825335467,0.050080385633481737,0.0005600408023295622,-0.024951826925479093
dim_518,-0.10008052397618267,0.031310611866791745,0.076557161527816123,0.014887885317690031,-0.0652160238505336,-0.041750674278691002,-0.082573477793385752,0.023973868261639351,0.019858670457717175,0.0050614088895499128
dim_519,0.020943895686058377,-0.011091030045542202,-0.013444388305835157,-0.0082248867096547055,-0.029258484336756787,0.0041124168627737368,0.039409054283037426,0.084565448627280201,0.035825663187666119,0.069733603911901337
dim_520,0.010510234583598867,0.021018135417956253,0.010879476442322037,-0.025085466016469254,0.0090688373425723001,0.01512494670001824,0.019501735364881929,-0.0020572904918431606,0.024875498329974894,-0.018952909013809149
dim_521,-0.0031268595003791548,-0.0067422666055339505,0.0081545554068402585,0.0016190404089821214,0.0034044176849084419,0.0056050753169887479,-0.023271053847443206,-0.0059728040903683603,0.011711629382852076,0.010946452516324602
dim_522,0.0032169580860529124,-0.0060783869991375156,0.014573048796787058,0.005166866534729868,0.001000912745143648,0.0071073489257006458,0.0083139635085031013,0.052427236307756607,-0.0082207034006041291,-0.0063684461724353722
dim_523,0.058439652121648762,0.017391111626132775,-0.011744358162098938,-0.036226344057291464,0.026309826490472595,0.067177397902992375,-0.10191369591436195,-0.10803757320890527,-0.067402181057778038,0.00704182985996505
dim_524,-0.098790527952655277,0.022824604484772925,0.075121779882790368,0.0036691445348211414,-0.064892184979645481,-0.039765854564773682,-0.069907570364637558,0.013348370950379409,0.032351155905678948,0.0070442486920722558
dim_525,0.0046432871691647554,0.01331814356650766,0.002543519682256697,0.0027870375982057302,-0.006139602933427561,-0.016183634098701705,-0.017656185123559501,-0.0087846128929963754,-0.02561072705767373,-0.011078957463939807
dim_526,0.017292866029704694,0.01345264792183694,0.0084839980395600249,-0.0020861517674203738,-0.0079695867808210231,0.0077226635141814087,0.010621855002555261,0.00056665904840842111,0.03347626636412511,0.00019229500194499374
dim_527,0.017751935615444435,-0.011505554459079557,0.0040740124336947469,0.0065663986069296847,0.030103561219195336,-0.0073754766055023945,0.0012622664932258542,-0.0044733753316184566,0.075398964730938531,0.0060885878320211017
dim_528,0.0014994330740529741,0.010447439006912425,0.00047237331597057533,-0.00018775951208478662,0.00073844016114262218,-0.00035849440045172186,0.0073105848553671462,0.033381766519547391,0.0089820714129685616,0.0052745853399368426
dim_529,0.0047518491109241447,0.0083534301980087346,0.0081803778852184358,-0.0019050927654078577,0.0024194863264720935,0.0016716117974964612,0.0067425840035509246,-0.023550148631883289,0.077574051329451291,-0.026324585881286035
dim_530,-0.0099799053700805589,-0.01842131536089266,0.027653893174910498,-0.014197892273639151,-0.0010108183686775079,0.035656860299868552,-0.048619532519904939,0.02192769519060403,-0.017836163398777163,0.040348345676398403
dim_531,0.061299619399619303,0.0022104463260732947,0.038134532865109268,-0.12967883456920168,0.028309868795408821,-0.079654005956381141,0.030719861444644954,0.010368610135486265,-0.017049480798558985,-0.014063436592799272
dim_532,0.088490509318481,-0.016294113688525715,0.045206800143578828,0.059794181752279511,-0.12025839308438122,0.00067501376034009332,0.033731934369018994,-0.022669605555607208,0.021892561952639944,0.013979903927654178
dim_533,0.0057644590738726645,0.0069202109495426498,0.0060760557147844134,0.0065450048779003445,0.0089953665717216851,0.015248147946135129,-0.029329638447832544,-0.034383905597992079,-0.010894685656425436,-0.0070074332761068088
dim_534,0.0077648913597342635,0.11920745114658196,0.0095916296285966651,-0.015070560967583066,-0.042898358880785796,-0.038831298409371023,0.023892801185834023,-0.013161129538737012,0.0089360131737323111,0.017367090642973537
dim_535,0.0035381475867802725,0.030040988143318407,0.0022711915205797621,-0.00042786138955165648,-0.00073100354294615931,-0.0079349911632159726,0.005241617448153716,0.0064050933842984903,0.013683513031409664,0.022886904837155254
dim_536,-0.067365362659596667,0.034239907742431609,-0.099203777250325823,-0.04615197859635934,-0.037661918523503542,0.090147223537158691,0.045562099255397663,-0.019558778489764058,0.0070097740217762031,-0.010650269842058229
dim_537,-0.01868818502277728,-0.0069827741597053962,-0.022753333414229273,0.0079067167482062047,0.0053572644865809722,-0.032908754541582028,-0.0012121232227769166,0.038285668989281145,-0.076350275324394853,0.024364266258120194
dim_538,0.0064855925018818981,-0.048266469376349951,-0.020839668747245736,0.0030875866319057094,-0.0013292600464140103,-0.0067258663893417876,-0.012615058994804404,0.019594101249216778,-0.018886251718725891,-0.0093462843020897454
dim_539,-0.0019784623756206477,-0.07302535288153171,-0.070425461849564441,0.029540705484237487,0.011526380419812521,-0.087990589348825449,-0.075133716589801114,0.0065019755664824002,0.12265865410475713,-0.092258053275860299
dim_540,-0.026849264510959835,0.031873540816027522,0.033691974506626185,-0.01546709472554347,0.01268741614672525,0.023764728921029869,-0.043852256664914803,-0.14553603017551836,-0.044905119435827208,0.00037553977546175274
dim_541,-0.014966666282001937,0.013259425574055919,-0.0015446151036924759,-0.0098125209882136914,0.010501548493600464,0.014522459324806485,-0.029032657199027645,-0.027473449935680839,0.031145336709834801,0.015338867976941456
dim_542,-0.012328533364036005,0.0027700579248345169,-0.0084377966674207897,0.00396638017856596,-0.0010731894775198583,-0.014817665033295778,-0.023686116125190004,0.02248850446074949,0.052610635104210456,0.038927487077613329
dim_543,-0.0022146066365066478,0.004318191463597543,-0.0046053230241549312,0.0048166492062192926,0.014153252073344603,-0.00088673926568520745,-0.0068557030524141784,-0.006044631511126137,0.0037067539058025559,0.029269730474870557
dim_544,0.02927794206142777,-0.02716090568089484,0.0082281601731564735,0.017012163126970653,0.014058774872446122,-0.010229756324494662,0.0037651979294033174,0.0040420032871953141,-0.0086719721902152411,0.012640530667924506
dim_545,0.0033459164357361923,0.0037627928245081124,0.0012504086099486016,0.0095779317308177861,-0.0086186637751128007,0.007759892995532848,0.013974190260358533,-0.023563092301362144,-0.029957577452800283,-0.03420985067558982
dim_546,0.0047876883909748246,-0.0097021625560151162,0.015749334237547676,-0.0034024836549375252,0.0035046990675647203,0.006489759898458518,0.025894633770637967,0.014213388053744452,0.053367954724045083,-0.016630176002378805
dim_547,0.0046313128178259739,-0.0023031702214614692,-0.00025322283293364886,-0.0066385499023054696,0.0023027366767714103,-0.014254460842090194,-0.0003510189529573951,0.01364725579660309,0.010547135702105765,-0.0071204660000176627
dim_548,-0.02955285295141255,0.00020287424366259257,0.0013514792516216712,0.0036271411034406635,-0.010727719143788911,-0.0101363425076819,-0.020075981116701488,-0.0034211290059206808,-0.037754053130244949,-0.016773547037020341
dim_549,-0.0071831462965809929,0.028372515679984892,0.010259066551093052,0.059272500444001668,-0.0042793678907150374,-0.14050705124244345,0.069510488768901216,-0.028724265247447641,-0.014111458494913437,0.076095824623108377
dim_550,-0.025703551031258702,-0.13165184248968684,-0.007273889790682192,-0.00053141684317892257,0.012722921079701587,0.049934221462354905,-0.00031950402265598117,0.0038871691808069495,0.0011801095353766399,0.0016536015529733908
dim_551,0.0040434010141969599,0.12571815276281265,0.017429803026871391,0.014840798021943075,-0.019420952023622887,-0.058730126752717174,0.00080954635951802946,-0.0032904189417941234,0.044275078927928146,-0.062183541120879308
dim_552,-0.053696234385339582,0.027424834969433789,0.054975088488565971,-0.0045901655842857589,-0.04300750085898495,-0.0019921960199500875,-0.068337738853373395,0.055007020743575191,-0.039114229751025811,0.16764277360056995
dim_553,0.0081612017811859075,-0.0071954404891063778,-0.0062155678334452251,-0.014104379698651996,-0.019164878665060864,-0.0042055463722900852,0.02435032390570914,-0.046494156124158345,0.013677498939565415,0.032272244911141702
dim_554,0.0034027663109455863,-0.013405825139923546,0.022471698514837934,-0.007154425608242203,-0.023386461845500112,-0.0021378793243533234,0.034213447116385347,-0.039073530579213173,0.015801220895204603,0.016706664448239622
dim_555,0.078311966998686172,-0.039076634419832661,-0.034898390805101744,-0.046752783945685522,0.018221605576832951,0.04452679094189612,-0.10967616612150186,0.0081454231556277335,0.020347445030504226,0.016374379249359274
dim_556,-0.020255572404639953,-0.0030571738842112323,-0.024858032094422354,0.019498597884736041,-0.017047412647669812,-0.015135081026467816,-0.033033998572111083,-0.011348907909415028,-0.0010039404061818746,0.0060545977310153352
dim_557,-0.084160583207623957,0.037774708916120767,0.068532581162857403,0.012950947021507894,-0.059940090686207093,-0.030453188846152425,-0.0759239708188819,0.018547806130443472,0.0066836258621176545,0.022775072471855212
dim_558,-0.0033311972162036567,0.036088087298846376,0.015329910583149604,0.063027782369601229,0.15029841383935511,0.015060001406887336,-0.013493278175774844,0.017633227680110459,0.0037362744664009972,-0.022732802151239746
dim_559,-0.0014103815226803029,-0.0010834437311246256,0.0057260466699313979,0.0022960453537892401,0.0014786082002889551,0.0058198456067180401,0.0041816658580131425,0.0056610225520109716,-0.019664951649466793,-0.040232725521061843
dim_560,-0.034666060689941013,-0.011546883580454489,-0.054611767263988031,0.085436044938856676,-0.0039182343051064024,0.0027411630996112208,-0.06690986946358575,-0.069315141128046903,0.01749821672059404,-0.071454925020693796
dim_561,-0.006665222521476161,-0.038048545544685307,-0.0044409380670146076,0.00018503782605109161,0.00066740315508862261,0.01217931576055812,2.4906821445739593e-05,0.040335641772956392,0.0038001673062223675,0.029871189789303039
dim_562,0.0026453543738171499,-0.0076388515425652777,-0.015982876170001076,0.020564183272425186,0.0052143638008860984,-0.031954286244822425,-0.0024648604557958079,-0.026210493658459767,0.017583020478439394,-0.036384403789646115
dim_563,-0.020621988270513827,0.00090506902796633985,-0.0084199252584682433,0.043156995965074954,-0.0031857755077788733,0.037383204073780332,-0.023871592789488191,-0.0098404410317286875,0.0019980023131580343,0.00095735992477455822
dim_564,0.00065707794028836415,-0.0019180512514412596,-0.0085902195014010019,-0.0019157646447309643,-0.011153046027831575,0.002958853663190496,-0.01223998057950387,-0.025099628787207406,-0.0015065004317484693,0.03345712361442494
dim_565,0.037273489406573837,-0.044906476993162921,0.1061675569289053,0.034011354051274804,0.042903069333174143,-0.035656372219850234,-0.024009732478937292,0.045559332451243384,-0.036723191477683562,-0.022946707915588529
dim_566,-0.050417953559266385,0.065592701709945772,0.013600008888668599,-0.060270765886947034,-0.10408883348834748,0.043029159594946624,0.018165719244843906,0.027346412859537202,-0.01067949612766682,-0.055061837517613545
dim_567,0.0078663099696722038,0.023015800669921586,0.0031604168295524568,-0.0059734085882003013,0.0071963342217773018,0.012851638518034395,-0.029358076920352031,-0.010035398146405821,0.038955842727212454,0.048052882745312102
dim_568,0.026088153759598953,0.0038121648278899075,0.00092337176237130257,-0.0075046284917364443,-0.0051173046517478506,0.051589211788334484,0.093257979723205223,0.038895210561642329,-0.082518864411331896,0.012229683212013117
dim_569,-0.0041270208174158394,0.021731352314611811,0.0028093103774390693,-0.010475372144120809,0.0023294851183315994,0.0035148904694609654,0.0094502785400713066,0.039003251179445045,0.012158756849926103,-0.029299354120354813
dim_570,0.0012970227806357272,-0.0074681947643639853,-0.017562606667195009,0.0017659430372989116,0.0022466978141444495,0.0086798776628971234,0.024724721634558668,0.011821258007227416,0.038914344855040868,-0.01210040946500956
dim_571,0.014231533245638407,0.012715446648189504,-0.0059684988258969507,0.0039367431659917433,-0.006121712755273059,-0.011733685392981986,-0.015002789845396823,-0.018075211232910036,-0.023309952852645026,0.011171363098553631
dim_572,0.047071152263514028,-0.030713434264446976,-0.039140029286488451,-0.00029716358738681641,-0.021764434800656561,-0.0031814366173252033,0.070658865026876211,0.10383134018369071,0.034535519947909848,-0.07355226205135941
dim_573,0.0086643766267775913,-0.0069345174728902784,-0.039202632940720794,0.010148658533243898,-0.0089479421086554097,-0.017325211011364035,0.057249710248795341,0.16885580185866872,0.13859313713997534,0.04071821776683026
dim_574,-0.0076582624050657161,0.015390292149653848,-0.003614464491753587,-0.0028225551843784843,0.012996255979787739,0.0065042353172151905,0.036351383666330409,-0.0562746970290132,-0.02782607178692445,0.03031459717638357
dim_575,-0.0079101260594208883,-0.036589292015012806,0.0088070751497223883,-0.013796765515847017,0.00037273015232674707,-0.011095263175409291,-0.01551667736578949,-0.059500908306666191,-0.021438198895442257,-0.023030188860406274
dim_576,-0.095208260191809377,-0.035911487219476172,-0.017409336214493792,-0.10769548916931627,-0.049887711098798949,0.011090701455033897,0.025257529546922314,0.019658417107344353,-0.0043676396685068805,-0.0069044416553108523
dim_577,-0.02310493986259906,0.036646719289927771,0.0052286476484088148,0.0041558901138446834,-0.010318907832231577,0.012862469441030665,0.1018979415199997,0.031575562845891587,-0.067048993672459506,-0.0093323640081649801
dim_578,0.0058374784266898008,-0.0024031529668319656,0.01349165933052488,0.031022171845318525,-0.0043051931011231738,0.010348652968120195,-0.025031705565346511,0.032057883839181851,-0.011586751075623271,-0.019263360072287041
dim_579,-0.018178265324669186,-0.021337632170748227,-0.01048472703035652,0.015874266921791936,0.0070156636959457083,-0.0047955372019628534,-0.052982991968580598,-0.050378080082181975,0.00034246750625167713,-0.01264020096218991
dim_580,0.0025008855959464519,0.0055996512090423162,-0.016202386504361857,0.010934536209168828,0.011986152553679233,-0.010540356672220251,0.011627949116050997,0.0094512977418671016,0.049289403522653534,0.02790780708323351
dim_581,0.0082349688773756206,-0.004565939442843012,0.013374150328144001,0.0082054818100865314,-0.015364123537643373,-0.0028566341192136119,0.023460140468976116,0.014876814666782463,0.016529902443443416,0.032878990464676801
dim_582,-0.0086308727171745519,0.0068579742806787825,-0.022179227528783499,0.15176918414207469,-0.054340958423684915,0.077075629741899965,-0.029821715014586324,-0.011810884518535921,0.01361419817411974,0.011448307697101243
dim_583,-0.016617208984679076,0.027361645963778276,0.018467647602583365,0.020437671570649234,0.020466914074235724,0.0096112656796371702,-0.0063214867363828595,-0.12644180803498023,-0.067291193142181099,-0.039205590080854565
dim_584,-0.00031900871749127859,-0.019472285788325158,-0.0026719367572396236,0.0011350242677788008,-0.027158697774081367,-0.012742813943048052,0.029100778896543417,-0.022409106945253447,0.0034896331267370022,-0.021467375590919806
dim_585,0.024758587385103697,0.15157813665778078,0.0085426590186256316,-0.0033545213295648828,-0.011194559971528828,-0.047427161954920277,-0.002327599006725951,-0.0051326824321320111,0.016285266729391457,-0.0041652107762910617
dim_586,-0.0080900835251017482,0.018920970510064247,0.0059645619112041279,-0.0021114035746624981,0.0053331448835276674,-0.0066629517395204235,0.0083485373919881707,-0.052554711356351758,-0.022518045225862815,0.033350581358557035
dim_587,0.063106244595204017,-0.030907349058948624,0.10885328256012186,-0.057409177052971064,0.035323677995042956,-0.082591468804262824,0.010210855363408293,0.042017334419138221,-0.037831505812947121,-0.030889320189905662
dim_588,0.0069588326783268191,0.01222334714516868,0.013187921026564757,0.013155289818926299,-0.016730404660314255,-0.016334411669820675,0.04554375943545582,0.028738532118761144,-0.032010533587777411,-0.0021819600068613922
dim_589,0.01130283662452353,0.003986953445708279,-0.0095428307800765749,-0.021678598752258582,0.0041113810608149424,-0.032810926290299212,-0.0096377226112952501,0.008661332198241176,-0.0075482244528860005,-0.019224858912988758
dim_590,0.0069920473172488855,-0.059132258858462204,0.10952514165045489,0.02309716416301863,-0.011617292559980862,-0.028603043270581125,0.062143760798521228,-0.09779250696543558,0.074950039884601957,0.07751750614807125
dim_591,-0.061675788606562115,0.017103447847770209,0.053037023416508594,-0.0081273500616810407,-0.043267518399838584,-0.0026675066923365414,-0.074105787918092525,0.034417557635092633,-0.045561984528794036,0.16226274250956702
dim_592,-0.0091294682096931916,-0.023384143125153804,-0.003011900556231678,-0.010495976002934218,0.0010213242433111231,-0.017489157247071972,-0.027576729561346432,-0.011214409296154176,-0.0066293641266923107,-0.055802037889304892
dim_593,-0.00012519973490094367,-0.0093642413994221886,0.026917340409084483,0.0039855516310690082,0.0026114118673559506,0.0135686833129389,0.029711956675859012,-0.0074201916026462146,-0.029837978312465895,-0.0002238248408674402
dim_594,0.070595701939184713,0.0081414378049375295,0.037266384182159426,-0.124574467718889,0.023302103921041643,-0.088813813373956246,0.041573598231519494,0.0015496304828793409,-0.021673734025196015,-0.025271749690596687
dim_595,-0.0028593182621903944,-0.0012624196577413285,-0.0038673500959754904,-0.0091483806631285185,-0.019467090814718122,-0.0034310162643261728,-0.029658485631771415,-0.018021916129353183,-0.011054443872447419,-0.0049111580314304725
dim_596,0.015890620284985852,-0.00076109884380463357,-0.0060651585068465215,-0.0018329912867646983,0.018362551818731646,0.0003221827040157989,0.012482861908015595,-0.01193885385098141,-0.0043550017204939664,0.018872481594934862
dim_597,0.019904155727705201,-0.0014615346412562857,-0.014620792123672809,0.008904595811821717,0.0089845023232527754,-0.013626536832518552,-0.022696652169497195,0.038538538721526003,-0.0064392182022391352,-0.037961700156758038
dim_598,-0.12048185542075514,0.017118301960151374,0.066194539480288028,-0.029387128740341991,-0.021475689333648372,-0.052938808129394541,-0.062593241017473877,0.015917816198801317,0.037314348801247836,0.010958402812614846
dim_599,0.010255065987067878,-0.0095601633069500418,-0.0013200498016000346,0.019285351126063065,-0.0058513078351967208,-0.0055585352457537228,-0.022078329227002348,-0.032782149521794514,-0.015830998160725918,0.036704203715233683
dim_600,0.015887093149425519,0.0015068705684752261,0.014307314368524126,0.0059055705868148916,0.015058062748491186,0.015967495265557591,-0.026420373181994156,0.024655143478323066,-0.021500640692330004,-0.047715178561843194
dim_601,0.009979120365519201,0.0052033043926725834,-0.0074388475229018227,-0.019596952188159593,0.00033109685032948485,-0.0028210246388989217,-0.023920626481486643,0.0010180702210046181,-0.026048593585010871,0.0040158086787508464
dim_602,0.010504247825228793,0.012641792013686514,0.0075218383137728093,0.010307778085899092,-0.00580501313221628,-0.00026621083389974842,0.037463986629416079,0.026359289845766368,-0.017267508736998064,0.016985965549328391
dim_603,-0.035462098011304864,0.017305769410906981,0.018315769377226988,0.010416286474463942,-0.015038168085992251,-0.022177593791527259,-0.0078706399469553705,-0.0005173818747901608,0.077337534114199052,-0.093792931270445454
dim_604,-0.006284937946831176,0.0043345694007345462,0.012190360419775477,0.0032310316355473913,0.010257862021455261,-0.0040685500002003655,-0.031223836400783744,-0.019414303686997144,-0.007177845320227594,-0.083569408591173039
dim_605,0.037430316077533402,0.042214821351065086,0.070974835120363844,-0.067581887771428359,-0.0017560231111372296,0.10105805837362798,-0.041429470232496463,-0.0023486579286408995,0.05506274564532556,0.0041961874495687725
dim_606,-0.015102275409210121,-0.019948211879065675,-0.0031418291639084043,-0.001915330476269637,-0.0094686061422463684,0.0040353583572528334,-0.0054420294678511096,-0.019817243718246166,0.019821055584973702,0.032874897932323704
dim_607,0.015607529364927743,-0.043582652849466913,-0.0095717931418776211,-0.071707147306597899,-0.14906790472090717,-0.025534492822352234,0.018546039325642659,-0.0083515668820618068,-0.00048214014310919918,0.012552913623322445
dim_608,0.0055876072580349004,-0.057821139378675841,-0.071376617485550686,0.029023774931263895,0.0254814871567891,-0.097002754153377668,-0.06298245037261492,0.027058641927415639,0.11355465016804701,-0.082869574562354942
dim_609,0.020095094477896387,-0.048831063799200783,-0.040462575021377539,-0.023396541593138143,0.030485697189198423,-0.090092448685522492,-0.017366639603002849,0.0089018443051504456,0.082609941639923981,-0.051553145710053885
dim_610,-0.0072305870862300449,-0.0057220336766664066,-0.0075528658151150316,0.0022857693985162807,0.006667126738007516,-0.014610552894675406,-0.018778243513926256,-0.033386786319148098,-0.0095996360315346672,-2.2967117697350283e-06
dim_611,0.01239573053451108,0.001613640088755808,-0.005563780754229925,0.0073036620157784452,-0.0039464097760550983,-0.0087509712759194069,-0.026198454682431087,0.019616766510836926,0.019581412402281798,-0.000410039623261309
dim_612,-0.038590111725995031,0.014151087529846448,0.044790649918274285,-0.059188083748043699,0.0011632543769910777,0.15429889569671151,0.0033548341128799043,0.042912941359701293,0.005925012868724858,-0.059945488666737712
dim_613,-0.01773098016282269,0.0208178709306889,0.0018062171109800163,-0.011512067366640006,-0.019394111787489125,0.015282065801808922,0.010967895189212986,0.011319853999100234,0.034014170109825083,-0.0084243725766003537
dim_614,0.0072124435386859177,-0.0089076630558242702,-0.016574727764477801,0.016098723986509418,-0.008905401603828321,-0.00057981182617901882,-0.019894068553964379,-0.0091496796415330879,-0.012833441080252028,0.05765070232873002
dim_615,0.016794196705934909,-0.04425048157947338,0.059052064821081295,0.018088602230293575,0.0042682704858973738,-0.013571941017902921,0.056091790052227711,-0.083950493892090028,0.060856154271308999,0.011331397228473837
dim_616,-0.026410395349084147,0.039852387963189892,-0.11030675866072695,-0.050835202449784851,-0.032276078079201458,0.036877497727015318,0.023246781483272395,-0.038931968264384227,0.052871016005241023,0.038777296447526775
dim_617,-0.0046258870731867444,-0.011365401132371894,-0.0040294604930549783,0.0073132435369855633,0.0010604933614568866,0.023479970221202205,0.003789238343241371,0.0013305682497939827,0.020174325196055026,0.011416104554612139
dim_618,-0.022677579413205504,0.0034447819413222073,0.01122624997820971,-0.010694309055554685,0.017999452122994999,-0.011367287888265987,-0.0083586122951004906,-0.019998773715766947,0.042539467889658684,0.0031653693552817527
dim_619,0.027192429216510015,-0.055356032341442922,0.13459093168356001,0.041669536223363994,0.036191312500380567,-0.036279430035227198,-0.032424941599592041,0.047590054081913379,-0.032836706823762288,-0.031861960162262441
dim_620,-0.014866044407652816,0.05439067706545473,-0.10528902658361666,-0.02118841710892273,-0.0040038443042379858,0.026939725046728511,-0.063464067942281557,0.081077469817365341,-0.079472550679351647,-0.099403022838122204
dim_621,-0.098639918972524263,-0.030420412425213705,-0.013168329510931026,-0.10058047161420546,0.078588636397832881,-0.022374522662982482,-0.0096878392365056954,-0.0034931201987781612,0.0055059566499727625,0.017014197970638637
dim_622,-0.0032892195119536278,-0.006160085706525935,-0.0061290234794688647,0.010235217528619698,-0.0075370606423153033,-0.003437244842909375,0.013946988761332036,0.060256949242045908,-0.01862642145836111,0.0066779607573809038
dim_623,0.026788723414566097,-0.05249491727692198,0.13266337313146412,0.04379466605132868,0.030355755658593223,-0.031390047644825531,-0.035204692841362427,0.043203020503760084,-0.028424894595136176,-0.039008859641817349
dim_624,-0.0024013234497551267,0.016594964451661795,-0.046974842333227323,-0.011211559854149546,0.0029257767652946642,0.012372550261117042,-0.046390423933958147,-0.047804347560329127,-0.046146490217955957,-0.0084481255387770203
dim_625,0.018817831538915634,-0.010559138867342402,0.0007753533652048979,-0.015197333894292857,0.010167877515693305,-0.0051559874551747554,0.0018239761972826214,-0.021621111930582922,0.031066622744149945,-0.019834533371113107
dim_626,-0.00058049866463232719,-0.013829880671261304,-0.0079690437666076353,0.022438113380650895,-0.0053416202263781099,-0.0017758017207557719,-0.014321465950291785,-0.014908414516978857,0.0020148735779779215,0.00016997911738111867
dim_627,0.021805053233863229,-0.032336465464046955,0.077685005255931222,0.034163186738657196,0.0097586096716023932,-0.039316453944853703,0.063689597041037882,-0.10348621130848815,0.082538365316135828,0.087329973458849852
dim_628,-0.019269638146588296,0.0094631077461945125,0.015249863316576224,-0.00089357583544785648,0.0015064952255577834,0.011320152253280981,-0.027325941570093413,0.0024218313407263822,0.034423520051797295,-0.016520315796848595
dim_629,-0.098632368502083359,-0.017428293973864296,-0.016890468756725535,-0.10062538707332426,0.088167644257504632,-0.027604541891040186,-0.007561004471939024,-0.0038030583724328226,0.015894745556821004,0.020015080356187803
dim_630,-0.017806585302369275,0.0055977290785589225,-0.0061977319312968874,0.038085558867881467,-0.0068475685681883358,-0.078700815348088968,0.042967367173013388,0.031628025482044873,-0.0076556123554975602,0.025993436827270691
dim_631,0.0068427545427156081,-0.0019429894899806457,0.017299909359592511,-0.0051210791127784027,-0.002217516004142502,-0.0038254726905312939,-0.02193729893287379,-0.0093878443719254273,0.018332528185579046,0.006382777862558457
dim_632,0.032196830264337797,-0.052797774000420496,0.13255242922279431,0.044208602026039004,0.035053941578056518,-0.030751855173446328,-0.031877375066727526,0.037334184063965124,-0.030888236051082135,-0.038704723175764538
dim_633,0.0054599783809922376,-0.0057436526223402775,-0.010276399731058507,0.00054812594283073612,0.016005956778019251,0.011655034201698097,-0.0045065724873644755,0.00087174056481077072,-0.0043728309811308531,0.059446528592451628
dim_634,0.019164284221795509,-0.0075143346883622085,0.002256958747169109,-0.0036350969316308341,0.018636618149465971,-0.022234972447055364,0.016307377838916209,0.018840575191043898,-0.05122546536512506,-0.0021562386647517827
dim_635,0.091339554418494229,0.09471659889528429,0.00022302517828726379,-0.072848575256939579,0.012423173436199563,-0.056631014208387072,-0.044576569268059356,0.0084031466269208106,0.014134572696022732,-5.031821599125061e-06
dim_636,-0.041707488781875877,-0.039705239536825372,-0.079155248774692807,0.072810988100591362,0.006862069210975051,-0.13016844570538369,0.035441490820576786,0.00098791641953613362,-0.056793312503989848,-0.0052984411538818232
dim_637,-0.02411984512412756,0.011862172983535342,-0.0092189003062557104,-0.018143347653280222,0.0026183318836656452,0.0088252420743506858,-0.013917645860284935,-0.035258009991269934,-0.034908503753724181,0.041416531777878879
dim_638,-0.012270298183690354,0.017637106123229818,0.017316652785471141,0.0017406044935755125,0.038424174950231572,0.032163292939899495,0.0069788120433385168,0.026587280881495413,-0.0051446763800627286,0.017687867871067735
dim_639,-0.010248663525537912,-0.016160283387637163,0.0033925539311121379,-0.01318813590203763,-0.037145044268965442,-0.011204243383483501,-0.040854062726903492,-0.031080971758499987,0.002094367382939675,-0.0021565612764408207
dim_640,0.010320021512335046,0.008757134268409553,-0.0080107677648930641,-0.0064773571715921888,7.3341666779953464e-05,-0.0041909857898021711,0.019092468352213589,0.046328603137472044,0.018192966183445614,0.0082146373292068461
dim_641,-0.01582086917353287,0.00095693600955092377,0.00098424205516279618,-0.017192368739289927,0.02330205523956301,0.0083203487426848008,0.0023628352781596917,0.0035821282984469919,0.0013781824899831477,0.016570732493229007
dim_642,-0.0032994662310894042,-0.0060521392947226272,0.010317026910766783,-0.0080928916378257085,-0.026899765476829613,0.0091213994405018976,0.0058684792703669062,-0.0517039009209012,0.042330481496151887,-0.03973786474127259
dim_643,-0.0069940385767473159,0.011145653561743699,0.0036495837433898428,0.0167796231931602,0.010670339200092013,-0.0073321668104417365,-0.0097341381746024434,-0.020917333319589511,0.0081409762727011684,0.013509629627839538
dim_644,0.10048842907309176,-0.02744274024135997,-0.078029882118396982,-0.0072953807007905972,0.068818332187488451,0.045584608435520424,0.077975664695718302,-0.027802026372180415,-0.02636670466155561,-0.010434376958500758
dim_645,0.0032423923418188829,0.013273489124414459,0.0039360993335760324,0.0073988648838934391,0.00076581963498211186,-0.0028404418067566745,0.0090496342273063794,-0.046206136359848306,-0.010963130442330165,-0.018861754652145124
dim_646,-0.0051744045381009853,0.017117195643487636,0.014830914839298605,0.006334743647771951,0.004723540734446809,-0.0066966291888602642,-0.025842182750622739,0.015747918582378437,-0.016515146459748491,0.028426545053570625
dim_647,0.0043366258551498895,-0.014455329062847615,0.020320210087979997,0.0090254893760146077,0.0062575942586068582,-0.015185839848084273,-0.011617652392117869,0.0054925623169274993,-0.050118836559492001,-0.010620758274068104
dim_648,-0.012177902475987197,-0.020142386512443017,-0.007913621213893671,-0.003007525574547257,0.0094638978013807749,-0.013334291158390653,-0.0042292193389892258,0.0021378412426495052,-0.023782000047176045,-0.00025948547410286119
dim_649,0.096527314618195609,0.02807550442657487,0.011114242895843097,0.009757200423131043,0.010344607486908772,-0.066512229210339877,-0.049446817300060841,-0.084447822369602715,0.035981663072546431,0.037733727111480382
dim_650,-0.0053626880263983852,-0.018789030293594633,-0.014581635889407455,0.01571599005404082,-0.022006349189264425,-0.0023342806030541077,-0.021806787649632776,0.022006153319079316,-0.018579461095842655,-0.0063898877242900371
dim_651,0.045471098875592142,-0.040695904328619227,-0.074141828386988032,-0.0064681756736621829,0.027484344789093462,0.015526976018672407,0.0823860224165643,0.049791282163059551,0.03172340444922387,0.022845212557549156
dim_652,-0.038445917433387863,0.060049477751657927,-0.094973927790884982,0.014167035074318868,0.094071869502899738,0.04960797128505201,0.01837715882830181,-0.030232883864413983,0.015383434806501874,0.032452453870926989
dim_653,-0.0073827019212687793,0.015638222415151445,0.047759464602361391,-0.016708343112184231,0.0020985711600144878,0.032623527701738944,0.029860042381449226,0.010893606983484089,-0.079294725433166124,0.01811406464068905
dim_654,-0.010061107947162074,0.006564555542140897,0.0074212141526271884,0.0034296897148174744,-0.012679289643137972,-0.01325815049022025,0.03660677829451988,-0.0016525701961058435,0.032358669024657762,-0.020906233056201547
dim_655,-0.045909646525657537,-0.045863375280594421,-0.06904290339038463,0.064141905937295587,0.0077741863820281216,-0.11610515367119045,0.025943926037510421,0.004200973854341301,-0.050448345531841382,-0.0048133774475770733
dim_656,-0.024866212623351498,-0.081204206258844613,0.022847505029318319,0.06997941325322625,-0.0023531673886006028,-0.11797650997632772,0.078936300467050094,-0.068371011414904204,-0.0059914889840087708,0.06134031399329052
dim_657,-0.039070162521870504,-0.033841228719891973,-0.074530859382364548,0.07630208605258218,0.0048653613213843422,-0.12721196501320184,0.032366074892129566,-0.0012446926528063627,-0.051705284128769756,-0.0014245850626170863
dim_658,-0.0097009048404038956,-0.02114149743748845,0.013583412821905606,0.0001639934410372781,-0.020934196382730044,0.027114436809071177,-0.057604749624833265,-0.040566802442830972,0.077019346271169062,0.059151602670467873
dim_659,0.011813541170213987,0.0076550537449706713,-0.0064355696412428543,0.02937727494076469,0.0056284759279001846,0.020734399623524337,0.0078370857184032316,0.01300546514413287,0.03180591564576625,0.013902447390127632
dim_660,-0.018474958508100693,-0.051283207329881127,0.012438565690695135,-0.0090841023132435424,-0.031650963574912323,0.002609810604368538,-0.019249458337605118,-0.010167201193195684,-0.0076584491395724321,0.0078803492610854675
dim_661,0.045705214671136821,0.007593148161993365,-0.034230455444779803,0.0059480794328460786,0.0124753094641019,0.0055543292333511017,0.0063799629824713173,0.080313370935919406,0.027246734240887902,0.13451693392065878
dim_662,0.010421677039780202,-0.038863049824459581,-0.011571525924081704,-0.064379609232055685,-0.15961139777796074,-0.025786694965166675,0.0064335055957722292,-0.010842206419528906,-0.00208634943780605,0.00080843040333786534
dim_663,0.0054995282859079822,0.010309005571411532,-0.0039857532916953362,0.0068229126358448555,-0.025053431207249319,-0.010587668307278314,-0.011529919275747563,-0.0027381768351383926,-0.021498735210419354,-0.0092345539959977369
dim_664,-0.056816329926040597,0.00013989416518499727,-0.046693905525509977,0.098239734816634616,-0.020148223686203667,0.060072468774221011,-0.031228408884578111,-0.03079548939864828,0.03678052991007278,0.067856724536056331
dim_665,-0.0072263664531243121,0.0069047242481797711,-0.0032614246441436639,-0.0014406979562194293,0.005283049606397295,0.004571148186257222,-0.022601297429251585,0.035073732995661022,0.011605527867676241,0.015823928898965917
dim_666,0.01437741713204325,-0.0010530046591055772,-0.0011577108539929607,8.75928522066904e-05,0.010403924175401093,0.0011503091021862367,-0.016045449962725646,0.053346404320671302,-0.0014601380432241577,0.028954018545977251
dim_667,-0.013649784069669225,-0.0032759847535414458,-0.00087349634391686967,0.00061251639045867279,0.014000002998968634,0.013760542638686136,-0.00053102192286879788,0.036790208331768923,-0.0048336033733990813,0.055971283716699086
dim_668,0.0050874898147798744,-0.0067405669608351752,0.0035618475488135523,0.0096824828937572167,0.01619852389379341,-0.0027109601160136901,-0.0016431577435149954,0.014031507623149872,0.041830936722840904,0.023954267259334982
dim_669,-0.080283666682754246,0.04224365534378232,0.058683521345807774,0.0053638651329626901,-0.056816305204930369,-0.039156996927079857,-0.061311887452762344,0.033838153802844079,0.018624911449778535,0.039599484854618408
dim_670,-0.0044216062888019691,0.02143881880562571,-0.0078215176332739229,-0.018691038621795789,-0.012306918780394353,-0.01202019602870426,-0.0086274595839579277,0.00025518640554087656,-0.012008853677761932,0.025177433613821614
dim_671,-0.0015980837151594774,-0.013602126771516716,-0.067813269647532967,-0.073865809256198317,-0.14271371544082626,-0.004578844623745415,0.017992010299749624,-0.029938533871686521,0.0082805291747638371,0.013627808435853915
dim_672,0.0087192793147653942,-0.023066584689318013,0.019476169421419595,0.0008105766510713144,0.0097900108840922682,-0.0099219347050753335,0.0038788787773131796,-0.003766308299401147,-0.0071268698139103576,0.0091545928552150616
dim_673,-0.00848526007982329,0.011785478718119699,-0.017549627692739298,-0.0094100716833535082,-0.0099035520595752314,-0.0084474981265137816,4.4080441432702408e-05,-0.012411258360834265,-0.0072090442579078855,-0.0068695181769607531
dim_674,-0.001916455963504461,0.0017673179077913144,-0.005946139191102393,0.0041523576824070698,0.024108183480419244,0.0078863319968352878,0.001951200214173922,-0.015743684813073294,-0.022602685302411326,-0.0041285174835118546
dim_675,0.015176471757659736,0.0027755115382512409,0.0046947177116050875,-0.0023394354798253313,-0.0024894537272773915,-5.1804577146423908e-05,0.005005058771743026,0.00083370923071669864,-0.008564849585191197,0.027996482690707675
dim_676,0.044569026089306525,-0.1105534196207346,-0.017460500756023352,0.031728765716862145,0.016401277979325123,-0.071052253283803254,-0.048248267947571012,-0.024334386999920694,0.017051971650439285,0.07050609717195061
dim_677,-0.080680483168629066,0.030390560808028065,0.081869900942444868,-0.015161934914908998,-0.056065262191780055,-0.029348542242803657,-0.04543814407320642,0.033534445792342014,0.014396162254745049,0.021210850922182806
dim_678,-0.041041743609685571,-0.032285386849609334,-0.060282745389053004,0.050584676579447881,0.0041178717218015755,-0.10464313381658663,0.032715283631216244,-0.00026738635425899415,-0.051434001524987789,-0.015012758296332843
dim_679,-0.0024671530649693972,0.0071615130429522047,0.014485130659117001,0.00012172083738380061,0.0055258928433198958,0.0088551281116062055,0.023005372122688064,-0.023422344576110476,0.025793188152420422,-0.05136612038523293
dim_680,-0.012334953941681,0.047118946807061406,-0.082776579421435612,-0.034570639451807467,-0.01760797798719416,0.032255352866555009,-0.07225051286689485,0.077972486128663782,-0.059823624752108347,-0.081513806223895813
dim_681,0.00093005118261953363,-0.009612952137857407,-0.0036832379685335466,0.010096390431748915,-0.00982850380876653,-0.0039402797538010742,-0.0030488874550881951,0.0069123458730030521,-0.0018779276311363191,0.025238933246253255
dim_682,-0.09723500419664538,-0.0159072019003785,-0.017370784191980831,-0.099558254794895759,0.084108348504275718,-0.027643541470126081,-0.0082733174114208372,-0.0027447529249759349,0.011512078943745398,0.024062225237137636
dim_683,0.039726801659864114,0.031496906559342466,0.0708725441430888,-0.061344613340842402,-0.0056415264685335392,0.11815177036730785,-0.047983764517037668,0.0020497056438928086,0.051374901543176678,-0.0029625534194613321
dim_684,-0.0024145089520260657,0.010442045206961717,0.008510588084886226,-0.0013541631544979353,0.0099577058897761736,-0.0094285646747836998,-0.0037700484727503751,-0.037052622059121999,-0.0056366862528896659,-0.018935551639723668
dim_685,-0.097447897808745548,-0.018477808131165382,-0.0077658419448465299,-0.09301160159541666,0.078688386368724605,-0.019976896404028159,0.0025833755028784127,0.0004664318629552756,0.0043530951247602954,0.022238885937886244
dim_686,0.0070249885584045416,-0.063805102832549268,-0.065514318975492314,0.033755303755414315,0.023955246345711827,-0.077567807921445367,-0.052213932697287663,0.00086128883368650176,0.078852859489984689,-0.083276761082003381
dim_687,-0.079273680658216134,0.037672972958293471,0.070893991774740039,0.009387558046813814,-0.058008770240606952,-0.040752373505628957,-0.095088376087090087,0.035590417152147912,0.03507795436774782,-0.0091595850409958088
dim_688,0.0034053108185385633,-0.011712665251876034,0.0004060571994898227,0.0064099213146738433,0.013700167503355325,0.0036739804555146896,-0.04380661498756256,-0.02326396717348584,-0.044277583915355849,-0.022295182402248061
dim_689,-0.0088854715685796597,-0.0031785307020876312,0.0081398821106748627,-0.0065786593723704805,0.035822753839594518,-0.017235807027001927,0.013611330629231755,-0.010087647702193168,0.0069996612697391346,0.033981976592803817
dim_690,0.010664099948349911,-0.041751814803291126,-0.0079235495212346217,-0.062757244991866967,-0.16128888439344938,-0.025779499271646841,0.012319542453790239,-0.014838459473209827,-0.0077336735923413677,0.0019514250661353831
dim_691,-0,-0,0,-0,-0,0,0,0,0,0
dim_692,-0.007807344770355191,-0.021956950626366274,-0.0082029042908991455,0.0094356504933333848,0.020084579739679472,-0.012784440793627342,-0.016114339526071022,0.043207588208686962,-0.051851841411707102,0.012583189983066526
dim_693,0.0016097569100859432,0.01698627444175245,0.0020714960780550242,-0.0064588128480602674,-0.016118834161850986,-0.0014225931662973864,0.021803224287781805,0.028845605792507542,0.032196272029661112,0.01674051890599651
dim_694,0.087401165247512153,-0.044749926491835644,-0.048420768005956037,-0.041597750775784724,0.028003825681691342,0.036459423711405092,-0.1271654202999033,0.035639078529575,0.0038223301280423849,0.046538371548507526
dim_695,0.09616988939312332,-0.04941178461010292,-0.04196677063698151,-0.05067848168785731,0.02263395683229915,0.035192089689624714,-0.12982672328416228,0.020791465663992044,0.0051684237561705629,0.032414974884127028
dim_696,-0.0018707062528262157,0.020131087152474508,0.018563722783756245,0.0035292292933626281,0.018066809629792784,-0.020009510591177008,-0.0006402611644184509,0.024052206436312052,-0.0089561663294881778,-0.014263672979063698
dim_697,-0.0075733827974805079,-0.00071222602480641283,0.002021384431878946,-0.0031371388456062055,-0.0223269376540139,0.019095536435377591,0.017806381106289952,-0.012796678378938468,-0.036494514026581708,-0.0048790293098914346
dim_698,-0.010504795253269724,-0.014889146997567722,-0.003988143403294825,0.0028029548951353576,-0.0090657589181021396,0.024758083851123568,-0.010824189913701782,-0.041364570419621924,-0.017472979571050002,-0.010075347823526754
dim_699,0.0028856718782606975,-0.020263626298501175,-0.0060364924851191446,0.0092275180902779037,0.0057778740069170361,0.0045745969270838934,0.0046427270482548725,0.0039663220486322913,-0.0044590792159748061,0.0024250322433934483
dim_700,0.0046332330996206438,0.021250267646037185,-0.019983078881890114,0.0050261552504346028,0.0086638245173157446,-0.0094464007324552204,0.11787794054079043,0.18285105419581565,0.11895152207809014,0.034327143451963298
dim_701,0.015959751841225368,-0.0009028390435087977,0.003474064942838364,0.0031577059922593726,-0.019573975803409419,0.010748233735092727,-0.018290393148325479,0.00086925195060459128,-0.0046994174754506996,0.010461461295656307
dim_702,0.0096545998266177845,0.013026984159717651,0.010049650553648135,-0.00035640422980928976,0.011446053224965549,0.0014025324333404227,0.01830062854309682,0.0305405737781313,0.024011002943018504,0.013942361538629138
dim_703,0.01157781804660909,0.002870534834995774,-0.02281121755974113,-0.0021542406336238322,0.00074492930623268967,0.0092424453142233576,0.015215837779464043,-0.010883211379395009,-0.0017880180015902821,0.0068443448268455725
dim_704,-0.09456945618158083,-0.020618580374137514,-0.016028199365689392,-0.09078010150448268,0.076251955878932978,-0.021681078986684321,-0.014194654113417221,-0.010242582505854013,0.011852106897015019,0.019169629843603823
dim_705,-0.04080709807299724,-0.019044807526053156,-0.048964920158260067,0.097118069952565902,-0.012160865557320799,-0.030819665982958093,-0.04553396872201073,-0.0075259376618410914,-0.010658182711311019,0.039989266312948447
dim_706,0.011505445135650386,0.023822481503207846,0.020849717329014049,-0.0097540484426559878,0.0060121334182810489,0.033999772980516076,-0.0033511797026182432,0.00018070567006764522,0.015639832936582682,-0.00093246926579850084
dim_707,-0.0027609300130668189,-0.020064615994847233,-0.0013642608895936359,0.00082928219407824011,0.00069606160222078744,0.0050599069389826055,0.0088307301922548286,0.037178772349387219,0.0023038584266568104,0.0064815485661742587
dim_708,0.094386180080399812,0.0082948817354687628,0.012710767233204702,0.089780967762863317,-0.078386389035581205,0.020517863455689702,0.0066230822734484555,0.002366520121278165,-0.02334504975602323,0.0031012983919894194
dim_709,-0.0078381433294139741,-0.01345138017960977,0.0053091301379931122,-0.017267993537656273,0.018841156097457241,0.015110411574467093,0.018824222523127144,0.012741184466235296,-0.0083280481709945217,0.0478643786515952
dim_710,-0.004241345408035912,0.0018511493069494431,0.0074170552565401169,0.011772975506814521,0.019028036054932172,-0.013165965347869183,0.039397361360080992,0.023100721093386626,0.0038133850981786409,-0.019105653581847529
dim_711,-0.011755334543767836,0.0039037247168654818,0.0029377901118515311,-0.014078947681263328,0.01434889241562174,0.0078352355906345077,-0.025688261730466636,0.043545929717817664,-0.022586815619400392,0.026044487098581173
dim_712,-0.014404143882329884,0.017589783446694589,0.0046090672683481507,-0.0088510437368883987,-0.014601674181462278,-0.0047449469302482143,-0.021176487596095524,-0.0074150277862170336,0.020334286248959645,-0.016648172968438298
dim_713,-0.096722605358848454,-0.010724809479529633,-0.014478585414351467,-0.099912234437384034,0.088071016155174681,-0.0287017458536293,-0.0096950994340865154,-0.0013758901421870478,0.012963857125569984,0.024920169858384651
dim_714,-0.034405608358415031,0.04826859111978677,-0.12775305128654102,-0.041683083122073118,-0.035864787178363076,0.031037467514975475,0.036307159707743765,-0.040291956213488446,0.01498291434714338,0.03202565079390652
dim_715,-0.001332722097319785,-0.016404987689314851,-0.00083151967151516841,0.011515611731699503,-0.0059413932617468322,0.016938369713036226,0.00029772983319365881,0.00023266085144758706,-0.03058709947191823,0.0088878964831815774
dim_716,-0.015812275433114205,0.001593349034063898,0.00044508128690717565,-0.0065538571237035844,0.0018175998769364068,-0.012293568005809994,-0.03285042808913035,-0.071228370412828382,0.02019469483355292,0.0064839974263790848
dim_717,0.096775357778487003,0.015698446690695769,0.014367865302500107,0.098097484499647059,-0.085470287880313106,0.02428676668260895,0.016080127402214824,0.0013109825323830322,-0.022970179876127445,-0.02039076136380203
dim_718,0.0018236099972001331,0.0098183277146590281,-0.0034760172616069454,0.0028825405813110495,-0.016347592776456001,0.006756801422284295,0.01958250148472428,-0.035332946607643557,0.037851295063105188,-0.035608486447199758
dim_719,-0.0092670731109298181,-0.00011638626588732668,-0.016372168154568906,0.0036136224211479437,0.0065374230573316634,-0.017371221985115828,-0.0051760713495418685,-0.0031438064211710744,-0.022700432628697031,-0.014801377458217344
dim_720,-0.0022290446225054408,-0.013116576543788784,0.0079106904175909494,-0.0017980687583183002,0.013473734064091344,-0.0098227157809191255,0.024077157961282129,-0.0042446093027009805,-0.025951764355940876,0.0098975273497931178
dim_721,0.037434029546709616,0.020391192326923869,0.069899198865226136,-0.073384336693017582,-0.015334380820688576,0.11179081779555852,-0.026286051852885507,0.0025048654383795078,0.056492664285870409,0.00010518125843771939
dim_722,-0.017890594538079799,0.057854615174570793,-0.054356303633833335,0.038610877495049045,0.10937869320869438,0.033827631150424385,0.015770408745833915,-0.015946066328943419,0.043117609647533597,0.02564273559401729
dim_723,0.004838742059592443,0.0064286912764054535,-0.010254281683990769,-0.025119293747324259,-0.0036889248525026975,0.00693161121656113,-0.005220189172884632,-0.063933806646282149,0.0099180931932083306,-0.00090331057488462986
dim_724,-0.0060407316386755835,0.014986538804380093,-0.0099552863293869264,0.013388570034142828,-0.00410438631007336,0.014757101879077679,-0.0078554844387950656,0.014078304216798305,0.014961545189831416,0.036086874872606742
dim_725,-0.0087429034689360443,-0.0059835876234307171,0.0083454077733852716,-0.0045572092612988025,0.015000843015454561,-0.012295574630387638,-0.017173419971782938,0.024520750867552212,-0.023072953330983248,-0.050682960662653737
dim_726,0.0038731510589618988,0.0079051402111148927,0.018293413162028479,-0.0013240080970364657,0.022086728341245924,0.020980227571829997,0.002736523598944498,0.0059802068321669916,0.003785713806102362,0.0025060212169428979
dim_727,-0.046065653932432934,0.049229880940789734,-0.10693095326371931,-0.037673443402057055,-0.047383307938203501,0.03060479534115822,0.0073989721837382652,-0.023311080335882691,0.0072998547177898776,0.056462839692581576
dim_728,-0.0037195236224709864,0.0034794576397194597,-0.00042824323310934641,-0.018858322128047843,0.012423700103478796,-0.027431563896404415,0.0052212674630654592,0.0074968129144609283,-0.022358245175048998,0.015207358602592442
dim_729,-0.015059643265986205,-0.010622277237724088,0.0036769405331092933,-0.0021855298248445823,0.0079680349260699227,-0.0046443545781640252,-0.023764657974597949,-0.035361620462709617,-0.0026186778643117531,-0.006594546132057932
dim_730,-0.015549407757353601,0.0029510269327638066,-0.001746051223972584,0.0038925395924840687,0.0013742894314299218,-0.0043405174857645947,0.0025085943965095594,0.010998027869607952,0.0045202627877693287,0.028037294488704081
dim_731,-0.060404697410353793,-0.0069918752135496049,-0.030438165653790972,0.12236985686592931,-0.023791704209713584,0.08102893223833002,-0.042168192134375233,0.002651203800463158,0.023787188823094975,0.015892042330377835
dim_732,0.0062816624435090267,-0.0072721269865618984,0.014002039853784697,-0.011540706706182255,0.014702505399817059,-0.0099841879058925956,-0.019268501436318811,0.021549840773631056,-0.024596840679537782,0.0020285147148436078
dim_733,-0.044859742822759362,-0.037602737647868291,-0.074575550000095123,0.071805325782210327,0.0038815635345700915,-0.12823052498317997,0.032420386217286323,0.010431151994416629,-0.056103160463883195,-0.00038895481765522429
dim_734,0.003493823741015679,0.0013587218883516566,0.0049400439558271352,-0.016774632900681544,0.0076443241419602639,-0.005943801437250801,0.036493538805370096,0.039194662107033491,-0.0069992460079428224,-0.027610315935730226
dim_735,0.0092360471555331253,-0.019768054061434753,0.00115661026170682,-0.035564438741723527,-0.10162724287765672,-0.0051372921052636137,-0.0072602990153318421,0.00129342782603661,0.027924937209315152,-0.0095140693848884961
dim_736,0.0086580389400708873,-0.0019277150492361655,-0.0016148875664116463,0.0065647667099737392,-0.026752673429079558,-0.021257975195855539,-0.0022996355924816774,-0.036460029786953792,-0.00048987721253016773,-0.043556275454755912
dim_737,-0.092007419348231687,0.02730009011582836,0.071693121865953419,0.011026468062872122,-0.066532030115064367,-0.044169451048415971,-0.071812797543467227,0.025272313146120377,0.0072426896081001536,0.0073238932999138496
dim_738,0.0091396474831178624,0.014643202086997934,0.0021961190065805311,0.0077958905040909302,-0.0029006895850124731,0.019632290091151045,-0.0030652704577425844,-0.044511053087608138,0.030056828815914205,0.017806715558075014
dim_739,-0.019738345470039116,-0.14367290584743689,-0.011579218024242385,-0.0054604158399304183,0.010825307367746406,0.034496519693545127,0.0061590555197214283,0.014208806632167816,-0.038159486735096046,0.0075282760103977126
dim_740,0.0068950748227427274,0.015509555510458004,0.0069648749720328893,0.023413232688357977,0.0065244625300922079,-0.00044694149690727131,-0.0067898999226362732,0.018992280310937977,0.026543596118394963,0.0034430526927412457
dim_741,-0.029906174206300408,0.0075739719475605835,-0.022757891229500827,0.0054150076968338375,-0.0097927074071505211,0.0036459010513701364,0.104962760421571,-0.09613157632977741,0.030142685909056315,0.093652331034441996
dim_742,-0.012545602002357612,0.00070694928565818071,-0.046365024872249687,-0.0063838285907405661,-0.011790341473464834,0.022945295853192691,-0.024681204648030603,0.024789553273211182,0.010049912133487949,0.0019905394412598441
dim_743,-0.098393012787212825,0.032188357295537741,0.07612621170280888,0.0035225860288996243,-0.070644099419904405,-0.05122467088357651,-0.084526221779948618,0.025464747385147497,0.018381973876426247,0.0023998811734911446
dim_744,-0.019561745392401911,0.0023341299113757569,0.0027124870080060016,-0.0028490005060462379,0.019714497920208882,0.013252942170288138,0.022476958815250379,0.0031033250538988334,0.0010724981168002056,-0.0087744522381463675
dim_745,-0.016516375591288563,0.043028622417095652,0.015713771018355627,0.061894435095388486,0.15355385076467148,0.021830639821055941,-0.00034218161698754802,0.010344509270852197,0.010339948746481654,-0.0075135866084640032
dim_746,-0.014548815762608094,0.032144661185675306,-0.019361806907051211,0.061688447665909411,0.13505162391819153,0.0050005616163916232,-0.016568835676954611,-0.027503734685878255,-0.010127316686459664,-0.032571036560931986
dim_747,-0.022592692984050648,-0.0055780445638297666,-0.0056510290231080382,-0.031750826368247567,0.019596359208330531,0.0030782560148861879,0.0047017987321973072,0.016421123351424795,0.0071213989368029999,0.042010444165993005
dim_748,0.0081085398312942345,0.0067356612661503843,-0.012930779781264164,-0.0085629635636133294,0.019005008307933578,-0.0021611921928015232,-0.0034426351016880567,0.016111392910740433,0.005699257259696792,-0.036041123011924185
dim_749,0.095547900181244927,0.067454266131212179,-0.023923761809438525,-0.045498556813192571,0.0091930482198275074,-0.0091211699115290382,-0.11296804885966985,0.013135834734600529,0.024774404914605204,0.013445998298404069
dim_750,-0.032558240287793624,0.023422958341835852,-0.0072882008519523298,0.074751821094808144,-0.019032528822075557,0.11218378997996004,-0.006406701960431963,0.019014413449954606,0.034126953952049101,-0.011352709900293021
dim_751,0.010434443589927697,0.00060005212407716186,0.0005967677765912658,0.015826301070896852,-0.0121680847350747,0.0112998166147703,-0.013635692792708274,-0.022222410245723748,0.022758762724185408,-0.039495823048547068
dim_752,0.00870796468860815,-0.0085906590618585795,-0.0057150985277958175,-0.0031942718903704499,0.012575335053660042,0.0015747288496690917,-0.019965652041447884,-0.036340830879205518,-0.017210142040096226,-0.038640686570526071
dim_753,-0.012223673919121911,-0.0025320628424723244,0.0052611093189702893,-0.025221892488037533,-0.0039036115236762495,-0.0093881177600997449,-0.00032634648939233312,-0.017016997565616331,0.014762259515695915,-0.032568992769781278
dim_754,-0.026443956670182147,0.0018756605046019853,-0.012401592374155421,0.0040273162185154674,0.0023919232743191765,0.011016831522015257,-0.024181380022327226,0.018906639946194837,-0.00075467788140930908,-0.018337160573823182
dim_755,-0.012514917947774578,0.0081758502402798239,-0.0087712117694111174,-0.0098108074044722157,-0.0042275495936944787,0.020027619405618754,-0.023608229416098855,0.0059927021335161668,0.0015564295394868879,-0.011621526475417438
dim_756,0.021120622552991249,0.0019697832210267877,-0.0082107868994310499,-0.0096380753041667121,-0.014398891339702131,0.0027090614434213266,0.011964839827532606,0.016527975883348717,0.033999651441421148,0.040958467272895108
dim_757,-0.0082316028590179047,0.0087165396692243501,-0.0013323266613098404,-0.014947755150158297,-0.030338720223917419,-0.0030817950591810494,0.003820691404810578,0.0036586456382003141,0.0086695009596364676,0.0038976132523645141
dim_758,-7.2067400343290352e-05,0.016009907369127885,-0.024034375993180191,0.0070822918627883773,-0.0085078951434162976,-0.0018804759067696662,-0.0025487382836648204,0.02817341488698023,0.032669978448239448,0.0013342314572051775
dim_759,-0.0037529191454158503,0.00041333234802685878,0.00179921284732491,-0.010925857608713648,-0.011457508734011282,-0.0019943014690027255,0.016055852429826985,0.017372445182707447,-0.023903591928904372,0.032920119769583138
dim_760,0.0026251471198135176,0.0050276678094706966,0.025913773078339475,-0.0018820794775540933,-0.021524188150025162,0.016696551178069514,-0.0064634096434610083,-0.023477875161905564,-0.0032027374213072449,-0.0066853023456082648
dim_761,-0.015279369643323404,-0.005009722716439801,0.0024127849219381359,-0.028398335257693433,0.016362069539827287,-0.002274323694112344,-0.0034110095240684254,-0.020657042987856922,-0.036976557944446209,-0.002626275276057609
dim_762,0.032303084797244266,-0.066425045341382702,-0.034993278702548938,0.0207299196268553,-0.0046356915236245872,-0.039134588202113907,0.026343036820451169,0.13280133019517359,0.10962059144287201,0.0033175857776246141
dim_763,-0.0017377043888354379,0.014228980153697909,0.0038158746077166599,0.0052255508717927541,0.017081478498158536,0.020153990251488521,-0.021082836077861405,-0.061334836829518256,-0.0040800026428021007,-0.0054196811105870213
dim_764,0.013035334630215984,-0.043867427810921802,-0.0179568918888127,-0.058582515886759036,-0.13276908023347256,-0.014007891367921627,-0.0049029204272835244,-0.03703503636309604,0.007071196409844549,-0.0089532636831142504
dim_765,0.026662410888252497,-0.053949452747901812,0.12661765743182626,0.039817386902591956,0.037948369648419973,-0.035371971603008354,-0.031649329760391955,0.035776892748390805,-0.0307394701914325,-0.023524601426559332
dim_766,-0.093659241224240714,0.085853596624913431,-0.037243280737980243,0.024569030978300887,-0.013936541424693262,-0.016732395497058461,0.067362864114969598,0.064084298274755674,-0.054963413890019616,-0.08140518016893121
dim_767,0.087949952638057216,-0.041873007202408406,-0.037677754894258127,-0.040329289859409409,0.036909277417929744,0.049156852797525012,-0.12914985896734413,0.019748866437582682,0.019520398222280643,0.018242274869127197
