network,variant,signal_date,horizon,n_stocks,excluded,pearson_ic,spearman_ic
W-corr,alpha_0.00,2025-04-02,5,100,False,0.25451631947820447,0.2725352535253525
W-corr,alpha_0.00,2025-04-02,20,100,False,0.2864168059481744,0.27003900390039
W-corr,alpha_0.00,2025-04-10,5,100,False,0.3170828186223358,0.1598204615082546
W-corr,alpha_0.00,2025-04-10,20,100,False,-0.25145866732884486,-0.17624962496249622
W-corr,alpha_0.00,2025-04-17,5,100,False,-0.15938670579842673,-0.18985898589858985
W-corr,alpha_0.00,2025-04-17,20,100,False,-0.30572738657562465,-0.2733033303330333
W-corr,alpha_0.00,2025-04-24,5,100,False,-0.08423846705129488,-0.06087008700870087
W-corr,alpha_0.00,2025-04-24,20,100,False,-0.0887770328585783,-0.15695169516951693
W-corr,alpha_0.00,2025-05-06,5,100,False,0.12068644731983875,0.1356859756561032
W-corr,alpha_0.00,2025-05-06,20,100,False,-0.019344152435201586,-0.05299729972997299
W-corr,alpha_0.00,2025-05-13,5,99,False,0.010658641188288702,0.05709338280766852
W-corr,alpha_0.00,2025-05-13,20,99,False,-0.055035716225751846,-0.0031292517006802716
W-corr,alpha_0.00,2025-05-20,5,99,False,-0.045818699856164075,-0.007946839662498295
W-corr,alpha_0.00,2025-05-20,20,99,False,-0.015122828541599343,-0.04962275819418677
W-corr,alpha_0.00,2025-05-27,5,100,False,-0.24926333214533924,-0.2503210321032103
W-corr,alpha_0.00,2025-05-27,20,100,False,0.04642537383242904,-0.022058205820582055
W-corr,alpha_0.00,2025-06-04,5,100,False,0.007444614754141254,0.10695469546954693
W-corr,alpha_0.00,2025-06-04,20,100,False,0.13227741498124948,0.19732373237323728
W-corr,alpha_0.00,2025-06-11,5,100,False,-0.18856191843948128,-0.063552545912515
W-corr,alpha_0.00,2025-06-11,20,100,False,-0.10073938501849722,0.14820282028202816
W-corr,alpha_0.00,2025-06-18,5,100,False,0.04907462399158637,-0.01821809508298431
W-corr,alpha_0.00,2025-06-18,20,100,False,-0.1824216692119802,-0.22299429942994298
W-corr,alpha_0.00,2025-06-25,5,100,False,-0.1074712362961894,-0.023858457421221755
W-corr,alpha_0.00,2025-06-25,20,100,False,-0.13948574901263627,-0.25448544854485444
W-corr,alpha_0.00,2025-07-02,5,100,False,0.03889629992711781,0.0555055505550555
W-corr,alpha_0.00,2025-07-02,20,100,False,0.13247313955943396,0.2435283528352835
W-corr,alpha_0.00,2025-07-09,5,100,False,-0.08399589756792276,0.05142514251425142
W-corr,alpha_0.00,2025-07-09,20,100,False,0.062217155670000364,0.06988298829882987
W-corr,alpha_0.00,2025-07-16,5,100,False,0.08293205954993466,-0.05138913891389139
W-corr,alpha_0.00,2025-07-16,20,100,False,0.10801246461245585,-0.015457545754575454
W-corr,alpha_0.00,2025-07-23,5,100,False,0.1943114734778023,0.25196519651965193
W-corr,alpha_0.00,2025-07-23,20,100,False,0.29902634974699993,0.28328832883288324
W-corr,alpha_0.00,2025-07-30,5,100,False,-0.26052545679118366,-0.345437580072302
W-corr,alpha_0.00,2025-07-30,20,100,False,-0.1585219001626536,-0.12686468646864685
W-corr,alpha_0.00,2025-08-06,5,99,False,0.038982222959558804,0.06048237476808905
W-corr,alpha_0.00,2025-08-06,20,99,False,0.07937245334233975,0.09628942486085344
W-corr,alpha_0.00,2025-08-13,5,99,False,0.016703855737623355,0.10331509992349923
W-corr,alpha_0.00,2025-08-13,20,99,False,0.16153575441176576,0.36056895485466905
W-corr,alpha_0.00,2025-08-20,5,100,False,-0.018153100318214238,0.05689768976897689
W-corr,alpha_0.00,2025-08-20,20,100,False,0.01817024823703758,0.03643564356435643
W-corr,alpha_0.00,2025-08-27,5,100,False,0.15592040485147468,0.2672907290729073
W-corr,alpha_0.00,2025-08-27,20,100,False,0.08233313482421648,0.19324390412299436
W-corr,alpha_0.00,2025-09-03,5,100,False,0.14326369925497281,0.07055505550555054
W-corr,alpha_0.00,2025-09-03,20,100,False,0.3071333978964144,0.3768496849684968
W-corr,alpha_0.00,2025-09-10,5,100,False,-0.010906230027834666,-0.08618687724874448
W-corr,alpha_0.00,2025-09-10,20,100,False,-0.01932949330595784,-0.04025202520252025
W-corr,alpha_0.00,2025-09-17,5,100,False,-0.3440773953255957,-0.252025202520252
W-corr,alpha_0.00,2025-09-17,20,100,False,0.038570783841360964,0.17330985091542425
W-corr,alpha_0.00,2025-09-24,5,100,False,0.2082958900067027,0.30187818781878184
W-corr,alpha_0.00,2025-09-24,20,100,False,0.2410522918277655,0.19877587758775872
W-corr,alpha_0.00,2025-10-09,5,100,False,0.2232416367207082,0.1959339446159058
W-corr,alpha_0.00,2025-10-09,20,100,False,0.038232015563531396,0.047308730873087304
W-corr,alpha_0.00,2025-10-16,5,100,False,-0.2142290696011605,-0.15939993999399937
W-corr,alpha_0.00,2025-10-16,20,100,False,-0.09103201827295639,-0.1075067506750675
W-corr,alpha_0.00,2025-10-23,5,100,False,0.25769845860253,0.23397539753975397
W-corr,alpha_0.00,2025-10-23,20,100,False,0.35558140445233993,0.32105610561056097
W-corr,alpha_0.00,2025-10-30,5,100,False,0.049557057198588904,0.0628142814281428
W-corr,alpha_0.00,2025-10-30,20,100,False,0.22150602624305063,0.21807380738073803
W-corr,alpha_0.00,2025-11-06,5,100,False,0.10640435147203259,0.14474690893227143
W-corr,alpha_0.00,2025-11-06,20,100,False,0.008802780014824027,0.028970897089708972
W-corr,alpha_0.00,2025-11-13,5,100,False,0.28499967141525123,0.09748574857485746
W-corr,alpha_0.00,2025-11-13,20,100,False,-0.13905583528186505,-0.12648064806480647
W-corr,alpha_0.00,2025-11-20,5,100,False,0.1885517466133437,0.03617161716171617
W-corr,alpha_0.00,2025-11-20,20,100,False,-0.016931014658623764,-0.06519051905190518
W-corr,alpha_0.00,2025-11-27,5,100,False,0.22702287384288844,0.10448244824482449
W-corr,alpha_0.00,2025-11-27,20,100,False,0.061091042169820926,0.09164116411641163
W-corr,alpha_0.00,2025-12-04,5,99,False,-0.20239758087100085,-0.04235003092145949
W-corr,alpha_0.00,2025-12-04,20,99,False,0.06921674980476292,0.11539888682745825
W-corr,alpha_0.00,2025-12-11,5,99,False,-0.3240730636743353,-0.22780457637600493
W-corr,alpha_0.00,2025-12-11,20,99,False,0.22291101390482007,0.3584662956091528
W-corr,alpha_0.00,2025-12-18,5,100,False,0.4589724013103545,0.5213201320132013
W-corr,alpha_0.00,2025-12-18,20,100,False,0.2251496035497265,0.3356735673567356
W-corr,alpha_0.00,2025-12-25,5,100,False,-0.008753807996326945,0.07065127708185738
W-corr,alpha_0.00,2025-12-25,20,100,False,-0.18145673473654939,-0.12410441044104409
W-corr,alpha_0.00,2026-01-05,5,100,False,0.08275243951201043,0.20532853285328534
W-corr,alpha_0.00,2026-01-05,20,100,False,-0.11579831958869898,-0.10425442544254425
W-corr,alpha_0.00,2026-01-12,5,99,False,-0.1619860071385663,-0.20424242424242425
W-corr,alpha_0.00,2026-01-12,20,99,False,-0.15966189271368425,-0.149560915275201
W-corr,alpha_0.00,2026-01-19,5,99,False,0.046396829439856714,-0.038800247371675936
W-corr,alpha_0.00,2026-01-19,20,99,False,0.07656412594545486,0.07615337043908471
W-corr,alpha_0.00,2026-01-26,5,100,False,0.020604864091998933,-0.15229522952295227
W-corr,alpha_0.00,2026-01-26,20,100,False,-0.07866020308753936,-0.16070807080708066
W-corr,alpha_0.00,2026-02-02,5,100,False,0.10077716620386533,0.13344134413441341
W-corr,alpha_0.00,2026-02-02,20,100,False,-0.05725560948663017,-0.04488448844884487
W-corr,alpha_0.00,2026-02-09,5,100,False,0.13965683705513784,0.1493913873135656
W-corr,alpha_0.00,2026-02-09,20,100,False,-0.11083250454049916,-0.18738673867386738
W-corr,alpha_0.00,2026-02-24,5,100,False,-0.3426285448291289,-0.37776177617761775
W-corr,alpha_0.00,2026-02-24,20,100,False,-0.1475982106181232,-0.18263426342634262
W-corr,alpha_0.00,2026-03-03,5,99,False,-0.19338638042900783,-0.06440321583178726
W-corr,alpha_0.00,2026-03-03,20,99,False,-0.13593054332642243,-0.055510204081632646
W-corr,alpha_0.00,2026-03-10,5,99,False,0.05651569619752437,-0.03584415584415584
W-corr,alpha_0.00,2026-03-10,20,99,False,-0.06769715014060441,-0.08155844155844155
W-corr,alpha_0.00,2026-03-17,5,100,False,-0.17871561662437496,-0.27507950795079505
W-corr,alpha_0.00,2026-03-17,20,100,False,0.0298293933046284,0.07602760276027602
W-corr,alpha_0.00,2026-03-24,5,100,False,-0.13896271541900895,0.030267026702670265
W-corr,alpha_0.00,2026-03-24,20,100,False,0.16078831507863947,0.32584458445844583
W-corr,alpha_0.00,2026-03-31,5,100,False,0.16277141758708216,0.524080408040804
W-corr,alpha_0.00,2026-03-31,20,100,False,0.07472549179563341,0.13770177017701768
W-corr,alpha_0.00,2026-04-08,5,100,False,0.143185662973699,0.2782478247824782
W-corr,alpha_0.00,2026-04-08,20,100,False,0.15935631700262998,0.21531353135313527
W-corr,alpha_0.00,2026-04-15,5,100,False,0.1764442331437039,0.23266726672667265
W-corr,alpha_0.00,2026-04-15,20,100,False,0.13638713915177772,0.1686648664866486
W-corr,alpha_0.00,2026-04-22,5,100,False,-0.048474928506620024,-0.08044404440444045
W-corr,alpha_0.00,2026-04-22,20,100,False,0.015522858444380547,-0.011017101710171015
W-corr,alpha_0.00,2026-04-29,5,100,False,0.06099158497349125,-0.05964596459645964
W-corr,alpha_0.00,2026-04-29,20,100,False,-0.2783513620472943,-0.39521152115211516
W-corr,alpha_0.00,2026-05-11,5,100,False,0.0497404566840371,-0.1777017701770177
W-corr,alpha_0.00,2026-05-11,20,100,False,0.05555691723434593,0.004992499249924992
W-corr,alpha_0.00,2026-05-18,5,100,False,0.0684093981078616,-0.05707770777077707
W-corr,alpha_0.00,2026-05-18,20,100,False,0.03238220586496699,-0.043708370837083704
W-corr,alpha_0.00,2026-05-25,5,100,False,-0.07086660611188682,-0.23534353435343533
W-corr,alpha_0.00,2026-05-25,20,100,False,-0.004708891426175815,-0.10985898589858985
W-corr,alpha_0.00,2026-06-01,5,100,False,-0.08815418856548603,-0.1233003300330033
W-corr,alpha_0.00,2026-06-01,20,100,False,-0.22336799955021838,-0.36229222922292226
W-corr,alpha_0.00,2026-06-08,5,100,False,0.18301797001016223,0.23662766276627656
W-corr,alpha_0.00,2026-06-08,20,100,False,0.20606733397017896,0.1697929792979298
W-corr,alpha_0.00,2026-06-15,5,100,False,0.2853746270081837,0.17330933093309328
W-corr,alpha_0.00,2026-06-15,20,100,False,-0.3437059917783187,-0.4992019201920192
W-corr,alpha_0.00,2026-06-23,5,100,False,-0.11132217940793862,-0.08088808880888088
W-corr,alpha_0.00,2026-06-23,20,100,False,-0.23969909337627784,-0.3431503150315031
W-corr,alpha_0.00,2026-06-30,5,100,False,0.00970169228734612,-0.02347434743474347
W-corr,alpha_0.00,2026-06-30,20,100,False,-0.05591549541995396,-0.10485448544854484
W-corr,alpha_0.00,2026-07-07,5,100,False,-0.04260334665185003,0.01948994899489949
W-corr,alpha_0.00,2026-07-07,20,100,False,0.13745852288155064,0.16844884488448847
W-corr,alpha_0.00,2026-07-14,5,100,False,0.20028005525317466,0.18917491749174914
W-corr,alpha_0.00,2026-07-14,20,100,False,0.23366692110263979,0.35278727872787274
W-corr,alpha_0.00,2026-07-21,5,100,False,-0.022095182338598862,-0.06820282028202819
W-corr,alpha_0.00,2026-07-21,20,100,False,0.24199272433352706,0.2545934593459346
W-corr,alpha_0.00,2026-07-28,5,100,False,-0.13726622024730922,-0.0317071707170717
W-corr,alpha_0.00,2026-07-28,20,100,False,0.07532688473381546,0.17719771977197715
W-corr,alpha_0.00,2026-08-04,5,100,False,0.30391702680127725,0.24506450645064504
W-corr,alpha_0.00,2026-08-04,20,0,True,,
W-corr,alpha_0.00,2026-08-11,5,100,False,-0.165848845952989,-0.04014401440144014
W-corr,alpha_0.00,2026-08-11,20,0,True,,
W-corr,alpha_0.00,2026-08-18,5,100,False,-0.00019713273668816626,0.057653765376537644
W-corr,alpha_0.00,2026-08-18,20,0,True,,
W-corr,alpha_0.00,2026-08-25,5,0,True,,
W-corr,alpha_0.00,2026-08-25,20,0,True,,
W-corr,alpha_0.05,2025-04-02,5,100,False,0.267828086180165,0.2766396639663966
W-corr,alpha_0.05,2025-04-02,20,100,False,0.2984091912747043,0.27773177317731773
W-corr,alpha_0.05,2025-04-10,5,100,False,0.3234484015602689,0.16655315497571202
W-corr,alpha_0.05,2025-04-10,20,100,False,-0.2534726230380705,-0.1756975697569757
W-corr,alpha_0.05,2025-04-17,5,100,False,-0.1589854364205126,-0.18249024902490246
W-corr,alpha_0.05,2025-04-17,20,100,False,-0.30977913780277616,-0.2725352535253525
W-corr,alpha_0.05,2025-04-24,5,100,False,-0.0857199087136263,-0.06127812781278127
W-corr,alpha_0.05,2025-04-24,20,100,False,-0.09003963324283748,-0.1603480348034803
W-corr,alpha_0.05,2025-05-06,5,100,False,0.11775574909219277,0.1352539311555177
W-corr,alpha_0.05,2025-05-06,20,100,False,-0.01829106863579265,-0.055013501350135004
W-corr,alpha_0.05,2025-05-13,5,99,False,0.0097340125498038,0.060432900432900435
W-corr,alpha_0.05,2025-05-13,20,99,False,-0.05789052893958511,-0.0019418676561533703
W-corr,alpha_0.05,2025-05-20,5,99,False,-0.041709816110800914,-0.00012368622042798903
W-corr,alpha_0.05,2025-05-20,20,99,False,-0.015169124955933932,-0.050377241805813225
W-corr,alpha_0.05,2025-05-27,5,100,False,-0.24691071661403247,-0.2471287128712871
W-corr,alpha_0.05,2025-05-27,20,100,False,0.045539006016073094,-0.02207020702070207
W-corr,alpha_0.05,2025-06-04,5,100,False,0.010236165418556181,0.11234323432343232
W-corr,alpha_0.05,2025-06-04,20,100,False,0.1335117008586338,0.20052805280528052
W-corr,alpha_0.05,2025-06-11,5,100,False,-0.1898773871095704,-0.06743494579972086
W-corr,alpha_0.05,2025-06-11,20,100,False,-0.0981650473034233,0.15331533153315327
W-corr,alpha_0.05,2025-06-18,5,100,False,0.0461851057953421,-0.018338108884584998
W-corr,alpha_0.05,2025-06-18,20,100,False,-0.18579530661325896,-0.2248304830483048
W-corr,alpha_0.05,2025-06-25,5,100,False,-0.10942220465534437,-0.02429650253987095
W-corr,alpha_0.05,2025-06-25,20,100,False,-0.14327273289011505,-0.2585658565856585
W-corr,alpha_0.05,2025-07-02,5,100,False,0.0411397157745596,0.06010201020102009
W-corr,alpha_0.05,2025-07-02,20,100,False,0.1344422697118621,0.24849684968496846
W-corr,alpha_0.05,2025-07-09,5,100,False,-0.08494341942908992,0.04962496249624962
W-corr,alpha_0.05,2025-07-09,20,100,False,0.0644292138912385,0.07263126312631263
W-corr,alpha_0.05,2025-07-16,5,100,False,0.08360853928260976,-0.04927692769276927
W-corr,alpha_0.05,2025-07-16,20,100,False,0.10890087654351187,-0.012577257725772575
W-corr,alpha_0.05,2025-07-23,5,100,False,0.19757630487291244,0.2565256525652565
W-corr,alpha_0.05,2025-07-23,20,100,False,0.30275195525654897,0.28826882688268823
W-corr,alpha_0.05,2025-07-30,5,100,False,-0.26061619243944634,-0.349644013334947
W-corr,alpha_0.05,2025-07-30,20,100,False,-0.16359366374757334,-0.12985298529852984
W-corr,alpha_0.05,2025-08-06,5,99,False,0.04577322617398625,0.06707482993197278
W-corr,alpha_0.05,2025-08-06,20,99,False,0.08474009942264576,0.10353741496598638
W-corr,alpha_0.05,2025-08-13,5,99,False,0.019206038581595024,0.10278943348668028
W-corr,alpha_0.05,2025-08-13,20,99,False,0.16783000635013348,0.3642300556586271
W-corr,alpha_0.05,2025-08-20,5,100,False,-0.02275195965908182,0.05880588058805881
W-corr,alpha_0.05,2025-08-20,20,100,False,0.01839409231750301,0.037875787578757876
W-corr,alpha_0.05,2025-08-27,5,100,False,0.15743357566619545,0.2698109810981098
W-corr,alpha_0.05,2025-08-27,20,100,False,0.08418234361327341,0.20110471378642505
W-corr,alpha_0.05,2025-09-03,5,100,False,0.14897674838108144,0.07138313831383136
W-corr,alpha_0.05,2025-09-03,20,100,False,0.3172766271008028,0.3885268526852685
W-corr,alpha_0.05,2025-09-10,5,100,False,-0.01620766141602458,-0.09260753857689019
W-corr,alpha_0.05,2025-09-10,20,100,False,-0.018773093500037977,-0.036495649564956496
W-corr,alpha_0.05,2025-09-17,5,100,False,-0.34297659098811123,-0.2577977797779778
W-corr,alpha_0.05,2025-09-17,20,100,False,0.0428905876287394,0.17306982619287675
W-corr,alpha_0.05,2025-09-24,5,100,False,0.217163836140315,0.3144674467446745
W-corr,alpha_0.05,2025-09-24,20,100,False,0.24394884346894774,0.2064206420642064
W-corr,alpha_0.05,2025-10-09,5,100,False,0.2291229958103272,0.20822332102694877
W-corr,alpha_0.05,2025-10-09,20,100,False,0.04412531849852026,0.05628562856285628
W-corr,alpha_0.05,2025-10-16,5,100,False,-0.21249851971472547,-0.1614041404140414
W-corr,alpha_0.05,2025-10-16,20,100,False,-0.09319443199101249,-0.10906690669066905
W-corr,alpha_0.05,2025-10-23,5,100,False,0.26523746280262434,0.2415241524152415
W-corr,alpha_0.05,2025-10-23,20,100,False,0.3574928181958312,0.32163216321632154
W-corr,alpha_0.05,2025-10-30,5,100,False,0.04907039162584211,0.06156615661566155
W-corr,alpha_0.05,2025-10-30,20,100,False,0.222604350136966,0.2135133513351335
W-corr,alpha_0.05,2025-11-06,5,100,False,0.11095193456405143,0.1506455164888763
W-corr,alpha_0.05,2025-11-06,20,100,False,0.014427667542393049,0.03311131113111311
W-corr,alpha_0.05,2025-11-13,5,100,False,0.283774337418533,0.08958895889588958
W-corr,alpha_0.05,2025-11-13,20,100,False,-0.14158727644686508,-0.12817281728172816
W-corr,alpha_0.05,2025-11-20,5,100,False,0.1882073101244977,0.04640864086408641
W-corr,alpha_0.05,2025-11-20,20,100,False,-0.015206673969349474,-0.05662166216621661
W-corr,alpha_0.05,2025-11-27,5,100,False,0.22853363957608228,0.10151815181518152
W-corr,alpha_0.05,2025-11-27,20,100,False,0.06772502020217991,0.09503750375037502
W-corr,alpha_0.05,2025-12-04,5,99,False,-0.20069432510623822,-0.03459492888064316
W-corr,alpha_0.05,2025-12-04,20,99,False,0.07309230513885195,0.12299319727891156
W-corr,alpha_0.05,2025-12-11,5,99,False,-0.32237264855877085,-0.22436611008039575
W-corr,alpha_0.05,2025-12-11,20,99,False,0.22553895524658352,0.36307977736549163
W-corr,alpha_0.05,2025-12-18,5,100,False,0.4658611415419408,0.5259765976597659
W-corr,alpha_0.05,2025-12-18,20,100,False,0.22715500717597764,0.33630963096309624
W-corr,alpha_0.05,2025-12-25,5,100,False,-0.005963455418453522,0.07519374495606887
W-corr,alpha_0.05,2025-12-25,20,100,False,-0.18112139254895762,-0.12727272727272726
W-corr,alpha_0.05,2026-01-05,5,100,False,0.08152866977207815,0.2057365736573657
W-corr,alpha_0.05,2026-01-05,20,100,False,-0.11665213140664836,-0.101998199819982
W-corr,alpha_0.05,2026-01-12,5,99,False,-0.1622362336983377,-0.20675324675324674
W-corr,alpha_0.05,2026-01-12,20,99,False,-0.16215574705099642,-0.15335807050092765
W-corr,alpha_0.05,2026-01-19,5,99,False,0.0471632259776282,-0.04084106369820655
W-corr,alpha_0.05,2026-01-19,20,99,False,0.07717188759111482,0.07813234384662955
W-corr,alpha_0.05,2026-01-26,5,100,False,0.010855603999416503,-0.16836483648364836
W-corr,alpha_0.05,2026-01-26,20,100,False,-0.08409770486334853,-0.16973297329732973
W-corr,alpha_0.05,2026-02-02,5,100,False,0.10451376477669215,0.14203420342034204
W-corr,alpha_0.05,2026-02-02,20,100,False,-0.057879793395630756,-0.039111911191119106
W-corr,alpha_0.05,2026-02-09,5,100,False,0.13983196650763297,0.145580994843124
W-corr,alpha_0.05,2026-02-09,20,100,False,-0.1109049854892333,-0.19260726072607257
W-corr,alpha_0.05,2026-02-24,5,100,False,-0.346407857501725,-0.38156615661566157
W-corr,alpha_0.05,2026-02-24,20,100,False,-0.15016144547959168,-0.1847104710471047
W-corr,alpha_0.05,2026-03-03,5,99,False,-0.19169781609490358,-0.06204081632653061
W-corr,alpha_0.05,2026-03-03,20,99,False,-0.13447150978178612,-0.05319727891156462
W-corr,alpha_0.05,2026-03-10,5,99,False,0.05512959069969089,-0.03257884972170686
W-corr,alpha_0.05,2026-03-10,20,99,False,-0.06646628215012139,-0.07847866419294991
W-corr,alpha_0.05,2026-03-17,5,100,False,-0.18272156898339142,-0.28309630963096305
W-corr,alpha_0.05,2026-03-17,20,100,False,0.03752583656949656,0.08205220522052205
W-corr,alpha_0.05,2026-03-24,5,100,False,-0.13446525016308303,0.03488748874887489
W-corr,alpha_0.05,2026-03-24,20,100,False,0.16741693508678368,0.33149714971497146
W-corr,alpha_0.05,2026-03-31,5,100,False,0.17441831601569488,0.5361656165616562
W-corr,alpha_0.05,2026-03-31,20,100,False,0.07861011303072878,0.14066606660666064
W-corr,alpha_0.05,2026-04-08,5,100,False,0.14451246495860487,0.2780918091809181
W-corr,alpha_0.05,2026-04-08,20,100,False,0.15844678044269547,0.2125892589258926
W-corr,alpha_0.05,2026-04-15,5,100,False,0.17723428503817992,0.23387938793879384
W-corr,alpha_0.05,2026-04-15,20,100,False,0.13491252806541526,0.16446444644464445
W-corr,alpha_0.05,2026-04-22,5,100,False,-0.05195616590869975,-0.0814041404140414
W-corr,alpha_0.05,2026-04-22,20,100,False,0.013139664142298146,-0.01488148814881488
W-corr,alpha_0.05,2026-04-29,5,100,False,0.05755383749713792,-0.06323432343234323
W-corr,alpha_0.05,2026-04-29,20,100,False,-0.28802491605276387,-0.40608460846084604
W-corr,alpha_0.05,2026-05-11,5,100,False,0.047519038349904244,-0.18220222022202218
W-corr,alpha_0.05,2026-05-11,20,100,False,0.0531023540937793,0.006864686468646864
W-corr,alpha_0.05,2026-05-18,5,100,False,0.06481901045028322,-0.05954995499549954
W-corr,alpha_0.05,2026-05-18,20,100,False,0.029858464109078834,-0.04196819681968196
W-corr,alpha_0.05,2026-05-25,5,100,False,-0.07617738601130566,-0.2368316831683168
W-corr,alpha_0.05,2026-05-25,20,100,False,-0.0036491727318330586,-0.10807080708070807
W-corr,alpha_0.05,2026-06-01,5,100,False,-0.0849647005909374,-0.11764776477647765
W-corr,alpha_0.05,2026-06-01,20,100,False,-0.22935386907182456,-0.3648364836483648
W-corr,alpha_0.05,2026-06-08,5,100,False,0.1904061624101668,0.23907590759075906
W-corr,alpha_0.05,2026-06-08,20,100,False,0.21354691181807992,0.171005100510051
W-corr,alpha_0.05,2026-06-15,5,100,False,0.288653688437734,0.17608160816081606
W-corr,alpha_0.05,2026-06-15,20,100,False,-0.3468883417624227,-0.49596159615961594
W-corr,alpha_0.05,2026-06-23,5,100,False,-0.1055088157247652,-0.07396339633963396
W-corr,alpha_0.05,2026-06-23,20,100,False,-0.249528058265015,-0.3563276327632763
W-corr,alpha_0.05,2026-06-30,5,100,False,0.010326629050320254,-0.025970597059705967
W-corr,alpha_0.05,2026-06-30,20,100,False,-0.060440944907692716,-0.11242724272427242
W-corr,alpha_0.05,2026-07-07,5,100,False,-0.04319254128673333,0.017317731773177313
W-corr,alpha_0.05,2026-07-07,20,100,False,0.13769478990529946,0.1636963696369637
W-corr,alpha_0.05,2026-07-14,5,100,False,0.2040401088223035,0.1927032703270327
W-corr,alpha_0.05,2026-07-14,20,100,False,0.2365940820330711,0.3562316231623162
W-corr,alpha_0.05,2026-07-21,5,100,False,-0.021086804242362246,-0.06581458145814581
W-corr,alpha_0.05,2026-07-21,20,100,False,0.2486958076059392,0.26377437743774373
W-corr,alpha_0.05,2026-07-28,5,100,False,-0.13007688840231582,-0.028706870687068703
W-corr,alpha_0.05,2026-07-28,20,100,False,0.08216206213999482,0.1832223222322232
W-corr,alpha_0.05,2026-08-04,5,100,False,0.3073381272960975,0.2531293129312931
W-corr,alpha_0.05,2026-08-04,20,0,True,,
W-corr,alpha_0.05,2026-08-11,5,100,False,-0.16793058611524578,-0.040912091209120906
W-corr,alpha_0.05,2026-08-11,20,0,True,,
W-corr,alpha_0.05,2026-08-18,5,100,False,-0.000658130355044223,0.05928592859285928
W-corr,alpha_0.05,2026-08-18,20,0,True,,
W-corr,alpha_0.05,2026-08-25,5,0,True,,
W-corr,alpha_0.05,2026-08-25,20,0,True,,
W-corr,alpha_0.20,2025-04-02,5,100,False,0.3138078365514968,0.30295829582958295
W-corr,alpha_0.20,2025-04-02,20,100,False,0.3395702398537357,0.30317431743174317
W-corr,alpha_0.20,2025-04-10,5,100,False,0.3448695378453635,0.1837029214017311
W-corr,alpha_0.20,2025-04-10,20,100,False,-0.2597995226899911,-0.18845484548454844
W-corr,alpha_0.20,2025-04-17,5,100,False,-0.15693662767643313,-0.17807380738073808
W-corr,alpha_0.20,2025-04-17,20,100,False,-0.3232164336983437,-0.28278427842784276
W-corr,alpha_0.20,2025-04-24,5,100,False,-0.09104699080476099,-0.0706030603060306
W-corr,alpha_0.20,2025-04-24,20,100,False,-0.09454741729193147,-0.17084908490849085
W-corr,alpha_0.20,2025-05-06,5,100,False,0.10675553189835274,0.13441984524466513
W-corr,alpha_0.20,2025-05-06,20,100,False,-0.01440293499868998,-0.05762976297629763
W-corr,alpha_0.20,2025-05-13,5,99,False,0.006293641736573296,0.05829313543599257
W-corr,alpha_0.20,2025-05-13,20,99,False,-0.06837263553674319,-0.004897959183673468
W-corr,alpha_0.20,2025-05-20,5,99,False,-0.02685062398549765,0.025095934124838976
W-corr,alpha_0.20,2025-05-20,20,99,False,-0.015293277333598861,-0.048225108225108226
W-corr,alpha_0.20,2025-05-27,5,100,False,-0.23774682262165986,-0.23669966996699668
W-corr,alpha_0.20,2025-05-27,20,100,False,0.04223610247172156,-0.022226222622262225
W-corr,alpha_0.20,2025-06-04,5,100,False,0.0205029398261555,0.1197119711971197
W-corr,alpha_0.20,2025-06-04,20,100,False,0.13790043974248373,0.20576057605760573
W-corr,alpha_0.20,2025-06-11,5,100,False,-0.19438865669529762,-0.07813404780727579
W-corr,alpha_0.20,2025-06-11,20,100,False,-0.08850408157167432,0.15663966396639664
W-corr,alpha_0.20,2025-06-18,5,100,False,0.03554943227669649,-0.019904288995473963
W-corr,alpha_0.20,2025-06-18,20,100,False,-0.19780763486808764,-0.23246324632463244
W-corr,alpha_0.20,2025-06-25,5,100,False,-0.11652199747985312,-0.03791190492637803
W-corr,alpha_0.20,2025-06-25,20,100,False,-0.15713725699404027,-0.2787758775877588
W-corr,alpha_0.20,2025-07-02,5,100,False,0.04905029655857681,0.06521452145214521
W-corr,alpha_0.20,2025-07-02,20,100,False,0.14112622210181927,0.25789378937893787
W-corr,alpha_0.20,2025-07-09,5,100,False,-0.08799650673935083,0.05166516651665166
W-corr,alpha_0.20,2025-07-09,20,100,False,0.0720327238229205,0.0901050105010501
W-corr,alpha_0.20,2025-07-16,5,100,False,0.08578720263396906,-0.03840384038403839
W-corr,alpha_0.20,2025-07-16,20,100,False,0.1117652385505298,0.00027602760276027597
W-corr,alpha_0.20,2025-07-23,5,100,False,0.20842384725742355,0.2722952295229523
W-corr,alpha_0.20,2025-07-23,20,100,False,0.3148786284124495,0.31151515151515147
W-corr,alpha_0.20,2025-07-30,5,100,False,-0.25977789598248613,-0.36443553686193686
W-corr,alpha_0.20,2025-07-30,20,100,False,-0.1808044422551806,-0.15054305430543052
W-corr,alpha_0.20,2025-08-06,5,99,False,0.06996317717571891,0.0836487322201608
W-corr,alpha_0.20,2025-08-06,20,99,False,0.10372426425860515,0.13617810760667903
W-corr,alpha_0.20,2025-08-13,5,99,False,0.02831398034465397,0.10202876323104815
W-corr,alpha_0.20,2025-08-13,20,99,False,0.19052986430152927,0.3884601113172541
W-corr,alpha_0.20,2025-08-20,5,100,False,-0.03927876535359065,0.07098709870987098
W-corr,alpha_0.20,2025-08-20,20,100,False,0.01915099241979104,0.05456945694569457
W-corr,alpha_0.20,2025-08-27,5,100,False,0.16217094322623357,0.27335133513351334
W-corr,alpha_0.20,2025-08-27,20,100,False,0.09041272157408711,0.21325596536539237
W-corr,alpha_0.20,2025-09-03,5,100,False,0.16810256441406393,0.09706570657065706
W-corr,alpha_0.20,2025-09-03,20,100,False,0.35099231656277335,0.4392559255925592
W-corr,alpha_0.20,2025-09-10,5,100,False,-0.03543472320429328,-0.1155719039066225
W-corr,alpha_0.20,2025-09-10,20,100,False,-0.01670351771523042,-0.03619561956195619
W-corr,alpha_0.20,2025-09-17,5,100,False,-0.3380590090895484,-0.2667386738673867
W-corr,alpha_0.20,2025-09-17,20,100,False,0.05809875895723125,0.18010855118158223
W-corr,alpha_0.20,2025-09-24,5,100,False,0.2475157164969283,0.3405820582058206
W-corr,alpha_0.20,2025-09-24,20,100,False,0.2532320602834735,0.2127452745274527
W-corr,alpha_0.20,2025-10-09,5,100,False,0.25074644475898156,0.24096298787199294
W-corr,alpha_0.20,2025-10-09,20,100,False,0.0660403743885351,0.09047704770477047
W-corr,alpha_0.20,2025-10-16,5,100,False,-0.2058157712346468,-0.15218721872187216
W-corr,alpha_0.20,2025-10-16,20,100,False,-0.10119906926138018,-0.11261926192619261
W-corr,alpha_0.20,2025-10-23,5,100,False,0.29064931121231624,0.257989798979898
W-corr,alpha_0.20,2025-10-23,20,100,False,0.3630488963138196,0.32135613561356136
W-corr,alpha_0.20,2025-10-30,5,100,False,0.047156362899744175,0.056753675367536754
W-corr,alpha_0.20,2025-10-30,20,100,False,0.22628048984203067,0.2122892289228923
W-corr,alpha_0.20,2025-11-06,5,100,False,0.12689489807177184,0.1711676302666878
W-corr,alpha_0.20,2025-11-06,20,100,False,0.034432090291620546,0.056345634563456336
W-corr,alpha_0.20,2025-11-13,5,100,False,0.27883342505363184,0.06751875187518751
W-corr,alpha_0.20,2025-11-13,20,100,False,-0.14994063370850808,-0.14216621662166215
W-corr,alpha_0.20,2025-11-20,5,100,False,0.186535202259374,0.05598559855985598
W-corr,alpha_0.20,2025-11-20,20,100,False,-0.009027686244883306,-0.03221122112211221
W-corr,alpha_0.20,2025-11-27,5,100,False,0.23324826974545118,0.10517851785178516
W-corr,alpha_0.20,2025-11-27,20,100,False,0.09076356224559486,0.10887488748874885
W-corr,alpha_0.20,2025-12-04,5,99,False,-0.19401309942154923,-0.01266542980828695
W-corr,alpha_0.20,2025-12-04,20,99,False,0.08661962430083647,0.14504638218923935
W-corr,alpha_0.20,2025-12-11,5,99,False,-0.31567183392787795,-0.2232529375386518
W-corr,alpha_0.20,2025-12-11,20,99,False,0.23370390116474857,0.36263450834879407
W-corr,alpha_0.20,2025-12-18,5,100,False,0.48820262808576986,0.5387098709870987
W-corr,alpha_0.20,2025-12-18,20,100,False,0.23334228393967807,0.34753075307530745
W-corr,alpha_0.20,2025-12-25,5,100,False,0.0041119087765177555,0.09891418816182582
W-corr,alpha_0.20,2025-12-25,20,100,False,-0.17945068324776775,-0.1172157215721572
W-corr,alpha_0.20,2026-01-05,5,100,False,0.07696158383310917,0.19707170717071706
W-corr,alpha_0.20,2026-01-05,20,100,False,-0.11918004876626676,-0.11398739873987397
W-corr,alpha_0.20,2026-01-12,5,99,False,-0.16268874660961027,-0.1982065553494125
W-corr,alpha_0.20,2026-01-12,20,99,False,-0.1705681194406295,-0.1540383426097712
W-corr,alpha_0.20,2026-01-19,5,99,False,0.049927230441033185,-0.03997526283240569
W-corr,alpha_0.20,2026-01-19,20,99,False,0.07929379764363292,0.07863945578231292
W-corr,alpha_0.20,2026-01-26,5,100,False,-0.022792258090843818,-0.2123132313231323
W-corr,alpha_0.20,2026-01-26,20,100,False,-0.10249657166989416,-0.2002400240024002
W-corr,alpha_0.20,2026-02-02,5,100,False,0.11814315380762165,0.1686168616861686
W-corr,alpha_0.20,2026-02-02,20,100,False,-0.060110384311878255,-0.046240624062406234
W-corr,alpha_0.20,2026-02-09,5,100,False,0.14001792854182887,0.13838025316669894
W-corr,alpha_0.20,2026-02-09,20,100,False,-0.11082057182077058,-0.19777977797779775
W-corr,alpha_0.20,2026-02-24,5,100,False,-0.35905205675407326,-0.3948154815481547
W-corr,alpha_0.20,2026-02-24,20,100,False,-0.1589259935172302,-0.1995199519951995
W-corr,alpha_0.20,2026-03-03,5,99,False,-0.18504832589739406,-0.07802102659245516
W-corr,alpha_0.20,2026-03-03,20,99,False,-0.1288335447351129,-0.07136672850958566
W-corr,alpha_0.20,2026-03-10,5,99,False,0.050027604450144814,-0.03432282003710575
W-corr,alpha_0.20,2026-03-10,20,99,False,-0.06187835717444313,-0.08069264069264069
W-corr,alpha_0.20,2026-03-17,5,100,False,-0.1959862363390107,-0.2854605460546054
W-corr,alpha_0.20,2026-03-17,20,100,False,0.06441374988674349,0.09828982898289829
W-corr,alpha_0.20,2026-03-24,5,100,False,-0.11785331115674677,0.03501950195019502
W-corr,alpha_0.20,2026-03-24,20,100,False,0.1906747893118078,0.3356855685568557
W-corr,alpha_0.20,2026-03-31,5,100,False,0.21621219831491864,0.5650645064506451
W-corr,alpha_0.20,2026-03-31,20,100,False,0.09248239031985486,0.15660366036603662
W-corr,alpha_0.20,2026-04-08,5,100,False,0.14869017397972867,0.28010801080108005
W-corr,alpha_0.20,2026-04-08,20,100,False,0.15470146949264343,0.20314431443144315
W-corr,alpha_0.20,2026-04-15,5,100,False,0.18005893852794239,0.24255625562556252
W-corr,alpha_0.20,2026-04-15,20,100,False,0.12924492914593494,0.15705970597059704
W-corr,alpha_0.20,2026-04-22,5,100,False,-0.06481852562136145,-0.09516951695169515
W-corr,alpha_0.20,2026-04-22,20,100,False,0.0042742677272148075,-0.024818481848184814
W-corr,alpha_0.20,2026-04-29,5,100,False,0.04543620393460185,-0.07009900990099009
W-corr,alpha_0.20,2026-04-29,20,100,False,-0.32032189332128574,-0.44606060606060605
W-corr,alpha_0.20,2026-05-11,5,100,False,0.039316872791054634,-0.2007920792079208
W-corr,alpha_0.20,2026-05-11,20,100,False,0.0440380766035072,0.0008040804080408039
W-corr,alpha_0.20,2026-05-18,5,100,False,0.051342695060337125,-0.06672667266726671
W-corr,alpha_0.20,2026-05-18,20,100,False,0.02042347120002502,-0.05734173417341734
W-corr,alpha_0.20,2026-05-25,5,100,False,-0.09532246250715025,-0.2464206420642064
W-corr,alpha_0.20,2026-05-25,20,100,False,0.0002190155962520291,-0.10047404740474046
W-corr,alpha_0.20,2026-06-01,5,100,False,-0.07333474393217632,-0.107014701470147
W-corr,alpha_0.20,2026-06-01,20,100,False,-0.24996368073606817,-0.38784278427842783
W-corr,alpha_0.20,2026-06-08,5,100,False,0.21605604539787582,0.2744554455445544
W-corr,alpha_0.20,2026-06-08,20,100,False,0.23944752461143157,0.19895589558955895
W-corr,alpha_0.20,2026-06-15,5,100,False,0.2987154269556319,0.18927092709270926
W-corr,alpha_0.20,2026-06-15,20,100,False,-0.3563374111785292,-0.48414041404140407
W-corr,alpha_0.20,2026-06-23,5,100,False,-0.0843296043487305,-0.0631983198319832
W-corr,alpha_0.20,2026-06-23,20,100,False,-0.2838751006733642,-0.3953075307530753
W-corr,alpha_0.20,2026-06-30,5,100,False,0.012603001733178057,-0.02683468346834683
W-corr,alpha_0.20,2026-06-30,20,100,False,-0.07695287735254971,-0.13136513651365136
W-corr,alpha_0.20,2026-07-07,5,100,False,-0.04520845967003263,0.015265526552655263
W-corr,alpha_0.20,2026-07-07,20,100,False,0.13829405154895694,0.1526192619261926
W-corr,alpha_0.20,2026-07-14,5,100,False,0.21709097352856593,0.20106810681068102
W-corr,alpha_0.20,2026-07-14,20,100,False,0.24659062941192988,0.3722292229222922
W-corr,alpha_0.20,2026-07-21,5,100,False,-0.017356605895554083,-0.07044704470447044
W-corr,alpha_0.20,2026-07-21,20,100,False,0.27272212852745065,0.2792319231923192
W-corr,alpha_0.20,2026-07-28,5,100,False,-0.10442946040634321,-0.00438043804380438
W-corr,alpha_0.20,2026-07-28,20,100,False,0.10575015168937767,0.2069366936693669
W-corr,alpha_0.20,2026-08-04,5,100,False,0.3184041577284699,0.2764716471647164
W-corr,alpha_0.20,2026-08-04,20,0,True,,
W-corr,alpha_0.20,2026-08-11,5,100,False,-0.17548586997512286,-0.043144314431443134
W-corr,alpha_0.20,2026-08-11,20,0,True,,
W-corr,alpha_0.20,2026-08-18,5,100,False,-0.0023496848579030974,0.057497749774977486
W-corr,alpha_0.20,2026-08-18,20,0,True,,
W-corr,alpha_0.20,2026-08-25,5,0,True,,
W-corr,alpha_0.20,2026-08-25,20,0,True,,
W-corr,alpha_0.60,2025-04-02,5,100,False,0.48653134750379856,0.4289108910891089
W-corr,alpha_0.60,2025-04-02,20,100,False,0.4892111109087462,0.4213501350135013
W-corr,alpha_0.60,2025-04-10,5,100,False,0.41878584954777254,0.20825144990027694
W-corr,alpha_0.60,2025-04-10,20,100,False,-0.27303668492133065,-0.24055205520552053
W-corr,alpha_0.60,2025-04-17,5,100,False,-0.1344555819088666,-0.12312031203120309
W-corr,alpha_0.60,2025-04-17,20,100,False,-0.3600080303739395,-0.2823522352235223
W-corr,alpha_0.60,2025-04-24,5,100,False,-0.11565020445918692,-0.05455745574557455
W-corr,alpha_0.60,2025-04-24,20,100,False,-0.11438256468918964,-0.19139513951395137
W-corr,alpha_0.60,2025-05-06,5,100,False,0.04405872325885699,0.1145097945093498
W-corr,alpha_0.60,2025-05-06,20,100,False,0.006215337346137951,-0.0732193219321932
W-corr,alpha_0.60,2025-05-13,5,99,False,-0.013327684788745197,0.06873222016079159
W-corr,alpha_0.60,2025-05-13,20,99,False,-0.12400347199675003,-0.014842300556586271
W-corr,alpha_0.60,2025-05-20,5,99,False,0.04482112264297326,0.12425517704195779
W-corr,alpha_0.60,2025-05-20,20,99,False,-0.014968759380062204,-0.04246134817563389
W-corr,alpha_0.60,2025-05-27,5,100,False,-0.18095438615437778,-0.21032103210321032
W-corr,alpha_0.60,2025-05-27,20,100,False,0.024525269310476158,-0.014857485748574857
W-corr,alpha_0.60,2025-06-04,5,100,False,0.07652322145270161,0.12963696369636962
W-corr,alpha_0.60,2025-06-04,20,100,False,0.15752076806485452,0.23979597959795979
W-corr,alpha_0.60,2025-06-11,5,100,False,-0.20927956173206638,-0.11388573023072629
W-corr,alpha_0.60,2025-06-11,20,100,False,-0.03144239322800753,0.16680468046804678
W-corr,alpha_0.60,2025-06-18,5,100,False,-0.021795065408609357,-0.02122444081308153
W-corr,alpha_0.60,2025-06-18,20,100,False,-0.252071667530993,-0.2432403240324032
W-corr,alpha_0.60,2025-06-25,5,100,False,-0.15273972607452924,-0.08462671655218573
W-corr,alpha_0.60,2025-06-25,20,100,False,-0.23045185319625733,-0.3616801680168017
W-corr,alpha_0.60,2025-07-02,5,100,False,0.08315396946788355,0.0786078607860786
W-corr,alpha_0.60,2025-07-02,20,100,False,0.16443366482468647,0.30401440144014397
W-corr,alpha_0.60,2025-07-09,5,100,False,-0.09550430792891193,0.048724872487248716
W-corr,alpha_0.60,2025-07-09,20,100,False,0.10061796849836437,0.17152115211521152
W-corr,alpha_0.60,2025-07-16,5,100,False,0.08940091696511542,0.03918391839183918
W-corr,alpha_0.60,2025-07-16,20,100,False,0.11660309393628258,0.04109210921092109
W-corr,alpha_0.60,2025-07-23,5,100,False,0.24289187402125295,0.3159675967596759
W-corr,alpha_0.60,2025-07-23,20,100,False,0.348546201884989,0.3989558955895589
W-corr,alpha_0.60,2025-07-30,5,100,False,-0.2350570150300361,-0.43675498576549937
W-corr,alpha_0.60,2025-07-30,20,100,False,-0.24018306325678096,-0.25657365736573656
W-corr,alpha_0.60,2025-08-06,5,99,False,0.17886293555449126,0.20916512059369202
W-corr,alpha_0.60,2025-08-06,20,99,False,0.18630529366247944,0.2935930735930736
W-corr,alpha_0.60,2025-08-13,5,99,False,0.07466668808836975,0.11632689031252368
W-corr,alpha_0.60,2025-08-13,20,99,False,0.3005406661596159,0.4959059987631416
W-corr,alpha_0.60,2025-08-20,5,100,False,-0.11658528566841217,0.12632463246324632
W-corr,alpha_0.60,2025-08-20,20,100,False,0.021619826737840627,0.1032223222322232
W-corr,alpha_0.60,2025-08-27,5,100,False,0.17043432791547292,0.2951935193519351
W-corr,alpha_0.60,2025-08-27,20,100,False,0.11088001727060029,0.2539641583094488
W-corr,alpha_0.60,2025-09-03,5,100,False,0.2322679333301882,0.17653765376537653
W-corr,alpha_0.60,2025-09-03,20,100,False,0.4601571756647284,0.600948094809481
W-corr,alpha_0.60,2025-09-10,5,100,False,-0.12963277490601519,-0.1851130666466977
W-corr,alpha_0.60,2025-09-10,20,100,False,-0.005315653150922666,-0.01642964296429643
W-corr,alpha_0.60,2025-09-17,5,100,False,-0.2964085268780446,-0.2524332433243324
W-corr,alpha_0.60,2025-09-17,20,100,False,0.12309336912714432,0.20347495792158166
W-corr,alpha_0.60,2025-09-24,5,100,False,0.3605558034474861,0.46583858385838584
W-corr,alpha_0.60,2025-09-24,20,100,False,0.2763223354872135,0.23181518151815178
W-corr,alpha_0.60,2025-10-09,5,100,False,0.36659219191794423,0.3781623542109023
W-corr,alpha_0.60,2025-10-09,20,100,False,0.19152338646418152,0.23035103510351032
W-corr,alpha_0.60,2025-10-16,5,100,False,-0.1585995571813523,-0.10486648664866485
W-corr,alpha_0.60,2025-10-16,20,100,False,-0.14632505494729703,-0.12475247524752474
W-corr,alpha_0.60,2025-10-23,5,100,False,0.38098142590483114,0.3528112811281128
W-corr,alpha_0.60,2025-10-23,20,100,False,0.3674128802203811,0.34018601860186015
W-corr,alpha_0.60,2025-10-30,5,100,False,0.033103928856430195,0.05226522652265226
W-corr,alpha_0.60,2025-10-30,20,100,False,0.233686753733014,0.1982118211821182
W-corr,alpha_0.60,2025-11-06,5,100,False,0.19449048618063663,0.28905577274589367
W-corr,alpha_0.60,2025-11-06,20,100,False,0.12520403318829038,0.156003600360036
W-corr,alpha_0.60,2025-11-13,5,100,False,0.24773562859911696,0.009024902490249025
W-corr,alpha_0.60,2025-11-13,20,100,False,-0.17746593209699008,-0.16115211521152115
W-corr,alpha_0.60,2025-11-20,5,100,False,0.16974282367656227,0.10808280828082807
W-corr,alpha_0.60,2025-11-20,20,100,False,0.019934396655086124,0.048064806480648065
W-corr,alpha_0.60,2025-11-27,5,100,False,0.24304702646696022,0.13281728172817278
W-corr,alpha_0.60,2025-11-27,20,100,False,0.1852856216446709,0.1735493549354935
W-corr,alpha_0.60,2025-12-04,5,99,False,-0.15213407841610385,0.10807668521954235
W-corr,alpha_0.60,2025-12-04,20,99,False,0.14182535655917733,0.2602473716759431
W-corr,alpha_0.60,2025-12-11,5,99,False,-0.2781184496535095,-0.21867656153370438
W-corr,alpha_0.60,2025-12-11,20,99,False,0.25425645429505367,0.36320346320346314
W-corr,alpha_0.60,2025-12-18,5,100,False,0.5519638959986467,0.5581038103810381
W-corr,alpha_0.60,2025-12-18,20,100,False,0.2453658521565982,0.34367836783678357
W-corr,alpha_0.60,2025-12-25,5,100,False,0.05259578327931759,0.18389494117976912
W-corr,alpha_0.60,2025-12-25,20,100,False,-0.16106851211012257,-0.07702370237023702
W-corr,alpha_0.60,2026-01-05,5,100,False,0.05343859076256421,0.11023102310231023
W-corr,alpha_0.60,2026-01-05,20,100,False,-0.12205725885488457,-0.19426342634263424
W-corr,alpha_0.60,2026-01-12,5,99,False,-0.15612867307346476,-0.17466914038342607
W-corr,alpha_0.60,2026-01-12,20,99,False,-0.19947061476597228,-0.17272727272727273
W-corr,alpha_0.60,2026-01-19,5,99,False,0.06292844071128724,-0.046580086580086576
W-corr,alpha_0.60,2026-01-19,20,99,False,0.08708627304468221,0.06280766852195424
W-corr,alpha_0.60,2026-01-26,5,100,False,-0.15388515120269133,-0.34731473147314723
W-corr,alpha_0.60,2026-01-26,20,100,False,-0.1685340537904626,-0.2694629462946294
W-corr,alpha_0.60,2026-02-02,5,100,False,0.18937254864466863,0.2661266126612661
W-corr,alpha_0.60,2026-02-02,20,100,False,-0.07044051606528463,-0.04669666966696669
W-corr,alpha_0.60,2026-02-09,5,100,False,0.13343157916497556,0.15135358942039145
W-corr,alpha_0.60,2026-02-09,20,100,False,-0.10463403485901074,-0.20396039603960392
W-corr,alpha_0.60,2026-02-24,5,100,False,-0.40065848970636064,-0.4358235823582358
W-corr,alpha_0.60,2026-02-24,20,100,False,-0.19179201959298517,-0.23924392439243922
W-corr,alpha_0.60,2026-03-03,5,99,False,-0.14334186908306773,-0.09971552257266543
W-corr,alpha_0.60,2026-03-03,20,99,False,-0.09532967883934412,-0.0879529993815708
W-corr,alpha_0.60,2026-03-10,5,99,False,0.02403851877759545,-0.057439703153988865
W-corr,alpha_0.60,2026-03-10,20,99,False,-0.03743091238742666,-0.07965367965367964
W-corr,alpha_0.60,2026-03-17,5,100,False,-0.23643276438399438,-0.2528892889288929
W-corr,alpha_0.60,2026-03-17,20,100,False,0.1724183308744427,0.17696969696969694
W-corr,alpha_0.60,2026-03-24,5,100,False,-0.03162451780399486,0.046156615661566154
W-corr,alpha_0.60,2026-03-24,20,100,False,0.28596595926242246,0.34297029702970294
W-corr,alpha_0.60,2026-03-31,5,100,False,0.40574645457552805,0.6446924692469246
W-corr,alpha_0.60,2026-03-31,20,100,False,0.1537801626705171,0.19386738673867382
W-corr,alpha_0.60,2026-04-08,5,100,False,0.15744079651072745,0.3005100510051005
W-corr,alpha_0.60,2026-04-08,20,100,False,0.12889398785224446,0.15225922592259225
W-corr,alpha_0.60,2026-04-15,5,100,False,0.19221197786741753,0.276015601560156
W-corr,alpha_0.60,2026-04-15,20,100,False,0.08963562764203101,0.10142214221422143
W-corr,alpha_0.60,2026-04-22,5,100,False,-0.13630655136447184,-0.19749174917491746
W-corr,alpha_0.60,2026-04-22,20,100,False,-0.04687007290697379,-0.10204620462046203
W-corr,alpha_0.60,2026-04-29,5,100,False,-0.005766012194331074,-0.09281728172817282
W-corr,alpha_0.60,2026-04-29,20,100,False,-0.4289734584751704,-0.5566276627662765
W-corr,alpha_0.60,2026-05-11,5,100,False,-0.004940816387716217,-0.25999399939993995
W-corr,alpha_0.60,2026-05-11,20,100,False,-0.004903050708861409,-0.03804380438043804
W-corr,alpha_0.60,2026-05-18,5,100,False,-0.026717253675925517,-0.11077107710771077
W-corr,alpha_0.60,2026-05-18,20,100,False,-0.03314151140187418,-0.11417941794179416
W-corr,alpha_0.60,2026-05-25,5,100,False,-0.18608753138680406,-0.3222322232223222
W-corr,alpha_0.60,2026-05-25,20,100,False,0.01974477948461543,-0.07662766276627662
W-corr,alpha_0.60,2026-06-01,5,100,False,-0.01586357787239831,-0.05845784578457845
W-corr,alpha_0.60,2026-06-01,20,100,False,-0.327921261841526,-0.4579057905790578
W-corr,alpha_0.60,2026-06-08,5,100,False,0.3177174731657443,0.3833663366336633
W-corr,alpha_0.60,2026-06-08,20,100,False,0.34076278543344973,0.3117431743174317
W-corr,alpha_0.60,2026-06-15,5,100,False,0.3164419355344557,0.2691389138913891
W-corr,alpha_0.60,2026-06-15,20,100,False,-0.367129161979961,-0.4258385838583858
W-corr,alpha_0.60,2026-06-23,5,100,False,0.019328767960959604,-0.03701170117011701
W-corr,alpha_0.60,2026-06-23,20,100,False,-0.4222081363360942,-0.4792799279927992
W-corr,alpha_0.60,2026-06-30,5,100,False,0.024120019317038093,-0.022790279027902788
W-corr,alpha_0.60,2026-06-30,20,100,False,-0.16125276658054927,-0.19699969996999697
W-corr,alpha_0.60,2026-07-07,5,100,False,-0.05288906780456233,0.00852085208520852
W-corr,alpha_0.60,2026-07-07,20,100,False,0.13616162125854608,0.1042304230423042
W-corr,alpha_0.60,2026-07-14,5,100,False,0.269351154880342,0.24970897089708968
W-corr,alpha_0.60,2026-07-14,20,100,False,0.2829350927138227,0.42072607260726064
W-corr,alpha_0.60,2026-07-21,5,100,False,0.003050602217218026,-0.028082808280828077
W-corr,alpha_0.60,2026-07-21,20,100,False,0.38433085359550406,0.3975397539753975
W-corr,alpha_0.60,2026-07-28,5,100,False,0.009419054613297768,0.09476147614761475
W-corr,alpha_0.60,2026-07-28,20,100,False,0.19709964328419655,0.27972397239723973
W-corr,alpha_0.60,2026-08-04,5,100,False,0.34391319949802185,0.3302610261026102
W-corr,alpha_0.60,2026-08-04,20,0,True,,
W-corr,alpha_0.60,2026-08-11,5,100,False,-0.21369138759778808,-0.06922292229222922
W-corr,alpha_0.60,2026-08-11,20,0,True,,
W-corr,alpha_0.60,2026-08-18,5,100,False,-0.01144925032727118,0.024686468646864683
W-corr,alpha_0.60,2026-08-18,20,0,True,,
W-corr,alpha_0.60,2026-08-25,5,0,True,,
W-corr,alpha_0.60,2026-08-25,20,0,True,,
W-corr,alpha_0.75,2025-04-02,5,100,False,0.5578778504169281,0.48957695769576953
W-corr,alpha_0.75,2025-04-02,20,100,False,0.5465617241173325,0.46837083708370836
W-corr,alpha_0.75,2025-04-10,5,100,False,0.4459419198082944,0.23255995367627527
W-corr,alpha_0.75,2025-04-10,20,100,False,-0.2691833928428582,-0.27500750075007496
W-corr,alpha_0.75,2025-04-17,5,100,False,-0.10946006959019815,-0.07834383438343834
W-corr,alpha_0.75,2025-04-17,20,100,False,-0.3576250410812822,-0.26604260426042603
W-corr,alpha_0.75,2025-04-24,5,100,False,-0.12807211930558748,-0.027362736273627355
W-corr,alpha_0.75,2025-04-24,20,100,False,-0.1227573568424755,-0.21000900090008998
W-corr,alpha_0.75,2025-05-06,5,100,False,-0.005892874244808821,0.11293763257666364
W-corr,alpha_0.75,2025-05-06,20,100,False,0.0211544848888389,-0.06850285028502849
W-corr,alpha_0.75,2025-05-13,5,99,False,-0.029899018598622342,0.06096474953617811
W-corr,alpha_0.75,2025-05-13,20,99,False,-0.16513789081202856,-0.01711811997526283
W-corr,alpha_0.75,2025-05-20,5,99,False,0.0913911899357592,0.1857210442836469
W-corr,alpha_0.75,2025-05-20,20,99,False,-0.013899030882860307,-0.03501546072974644
W-corr,alpha_0.75,2025-05-27,5,100,False,-0.13387507846997485,-0.18927092709270926
W-corr,alpha_0.75,2025-05-27,20,100,False,0.011625494550706451,0.0059645964596459645
W-corr,alpha_0.75,2025-06-04,5,100,False,0.12266293951725113,0.1385418541854185
W-corr,alpha_0.75,2025-06-04,20,100,False,0.1674518423337466,0.25858985898589854
W-corr,alpha_0.75,2025-06-11,5,100,False,-0.20807961115079462,-0.15880035643742774
W-corr,alpha_0.75,2025-06-11,20,100,False,0.019046657766772043,0.17182118211821182
W-corr,alpha_0.75,2025-06-18,5,100,False,-0.06702554063028576,0.002730313986415633
W-corr,alpha_0.75,2025-06-18,20,100,False,-0.2823086288717806,-0.21568556855685567
W-corr,alpha_0.75,2025-06-25,5,100,False,-0.17780831465519825,-0.11754610724957572
W-corr,alpha_0.75,2025-06-25,20,100,False,-0.28561448606010476,-0.397035703570357
W-corr,alpha_0.75,2025-07-02,5,100,False,0.10194784781399076,0.07583558355835583
W-corr,alpha_0.75,2025-07-02,20,100,False,0.17173101557876655,0.319003900390039
W-corr,alpha_0.75,2025-07-09,5,100,False,-0.09491390083130269,0.04640864086408641
W-corr,alpha_0.75,2025-07-09,20,100,False,0.11282616477846749,0.23001500150015
W-corr,alpha_0.75,2025-07-16,5,100,False,0.08421016344469354,0.10072607260726071
W-corr,alpha_0.75,2025-07-16,20,100,False,0.10992235181630665,0.07042304230423042
W-corr,alpha_0.75,2025-07-23,5,100,False,0.2524438893294939,0.323024302430243
W-corr,alpha_0.75,2025-07-23,20,100,False,0.3525863262443873,0.4327632763276327
W-corr,alpha_0.75,2025-07-30,5,100,False,-0.20564028348209207,-0.43473277747803674
W-corr,alpha_0.75,2025-07-30,20,100,False,-0.2605270575347374,-0.29922592259225916
W-corr,alpha_0.75,2025-08-06,5,99,False,0.24274915383387774,0.26675324675324674
W-corr,alpha_0.75,2025-08-06,20,99,False,0.23195518236796744,0.36500927643784786
W-corr,alpha_0.75,2025-08-13,5,99,False,0.10777645587817516,0.13794724164333616
W-corr,alpha_0.75,2025-08-13,20,99,False,0.3722117151793727,0.5750525664811379
W-corr,alpha_0.75,2025-08-20,5,100,False,-0.16387469747123345,0.15355535553555355
W-corr,alpha_0.75,2025-08-20,20,100,False,0.02203275216050624,0.10136213621362135
W-corr,alpha_0.75,2025-08-27,5,100,False,0.1647187961802676,0.3093669366936693
W-corr,alpha_0.75,2025-08-27,20,100,False,0.11647642803412711,0.2837212232872754
W-corr,alpha_0.75,2025-09-03,5,100,False,0.2560879874237065,0.21766576657665762
W-corr,alpha_0.75,2025-09-03,20,100,False,0.4974996004720283,0.648052805280528
W-corr,alpha_0.75,2025-09-10,5,100,False,-0.19103825006066313,-0.23452815640116478
W-corr,alpha_0.75,2025-09-10,20,100,False,0.0034827299570851294,-0.016057605760576056
W-corr,alpha_0.75,2025-09-17,5,100,False,-0.2546953489150498,-0.23077107710771075
W-corr,alpha_0.75,2025-09-17,20,100,False,0.15884192905090466,0.20982361183296308
W-corr,alpha_0.75,2025-09-24,5,100,False,0.4100613412497986,0.5155235523552355
W-corr,alpha_0.75,2025-09-24,20,100,False,0.2763355774549691,0.2288268826882688
W-corr,alpha_0.75,2025-10-09,5,100,False,0.4522000222798652,0.461571696063196
W-corr,alpha_0.75,2025-10-09,20,100,False,0.29838629660016996,0.3173237323732373
W-corr,alpha_0.75,2025-10-16,5,100,False,-0.10069275310983852,-0.05441344134413441
W-corr,alpha_0.75,2025-10-16,20,100,False,-0.1840985480400425,-0.15084308430843085
W-corr,alpha_0.75,2025-10-23,5,100,False,0.41928363225259024,0.39207920792079204
W-corr,alpha_0.75,2025-10-23,20,100,False,0.35585672173114385,0.32712871287128714
W-corr,alpha_0.75,2025-10-30,5,100,False,0.017149439224748868,0.0807080708070807
W-corr,alpha_0.75,2025-10-30,20,100,False,0.21878456070523852,0.21474947494749472
W-corr,alpha_0.75,2025-11-06,5,100,False,0.2315645074865407,0.3510961629063594
W-corr,alpha_0.75,2025-11-06,20,100,False,0.18103215110576637,0.2308430843084308
W-corr,alpha_0.75,2025-11-13,5,100,False,0.2228097115762312,-0.002484248424842484
W-corr,alpha_0.75,2025-11-13,20,100,False,-0.18804928858946968,-0.16766876687668764
W-corr,alpha_0.75,2025-11-20,5,100,False,0.15074648100488555,0.13566156615661565
W-corr,alpha_0.75,2025-11-20,20,100,False,0.038580791767293836,0.10107410741074105
W-corr,alpha_0.75,2025-11-27,5,100,False,0.2403875506341044,0.13284128412841284
W-corr,alpha_0.75,2025-11-27,20,100,False,0.23676108227396148,0.20930093009300926
W-corr,alpha_0.75,2025-12-04,5,99,False,-0.11736438678373809,0.17694495980210265
W-corr,alpha_0.75,2025-12-04,20,99,False,0.16961116332746226,0.34662956091527514
W-corr,alpha_0.75,2025-12-11,5,99,False,-0.25186116525734875,-0.2123685837971552
W-corr,alpha_0.75,2025-12-11,20,99,False,0.25848394218814424,0.35256648113790967
W-corr,alpha_0.75,2025-12-18,5,100,False,0.5655931575613055,0.565184518451845
W-corr,alpha_0.75,2025-12-18,20,100,False,0.24201448520895721,0.3386498649864986
W-corr,alpha_0.75,2025-12-25,5,100,False,0.0839931016334512,0.2552182874847595
W-corr,alpha_0.75,2025-12-25,20,100,False,-0.1387162956818827,-0.04404440444044404
W-corr,alpha_0.75,2026-01-05,5,100,False,0.03759413591592614,0.06528652865286529
W-corr,alpha_0.75,2026-01-05,20,100,False,-0.11819159372282113,-0.2252145214521452
W-corr,alpha_0.75,2026-01-12,5,99,False,-0.14460764207937557,-0.15851576994434136
W-corr,alpha_0.75,2026-01-12,20,99,False,-0.20902283396594884,-0.17134199134199132
W-corr,alpha_0.75,2026-01-19,5,99,False,0.06970808690524298,-0.030068027210884352
W-corr,alpha_0.75,2026-01-19,20,99,False,0.08734876137511932,0.04842300556586271
W-corr,alpha_0.75,2026-01-26,5,100,False,-0.21887338793492395,-0.3859465946594659
W-corr,alpha_0.75,2026-01-26,20,100,False,-0.1974445679590449,-0.29354935493549356
W-corr,alpha_0.75,2026-02-02,5,100,False,0.24378282003540125,0.336021602160216
W-corr,alpha_0.75,2026-02-02,20,100,False,-0.07635028104064187,-0.06736273627362736
W-corr,alpha_0.75,2026-02-09,5,100,False,0.12411672892532971,0.13398180012601593
W-corr,alpha_0.75,2026-02-09,20,100,False,-0.09672056410293478,-0.21420942094209416
W-corr,alpha_0.75,2026-02-24,5,100,False,-0.41207788757996644,-0.4533573357335733
W-corr,alpha_0.75,2026-02-24,20,100,False,-0.20590152927963665,-0.25627362736273623
W-corr,alpha_0.75,2026-03-03,5,99,False,-0.10929677384272396,-0.07970315398886826
W-corr,alpha_0.75,2026-03-03,20,99,False,-0.06907106921450128,-0.07437229437229437
W-corr,alpha_0.75,2026-03-10,5,99,False,0.006210570529306568,-0.09260358688930116
W-corr,alpha_0.75,2026-03-10,20,99,False,-0.019858661181955395,-0.07645021645021645
W-corr,alpha_0.75,2026-03-17,5,100,False,-0.24624406368841906,-0.2287068706870687
W-corr,alpha_0.75,2026-03-17,20,100,False,0.2251538174752334,0.2403600360036003
W-corr,alpha_0.75,2026-03-24,5,100,False,0.02817509007320462,0.061590159015901584
W-corr,alpha_0.75,2026-03-24,20,100,False,0.33095461461117487,0.35579957995799577
W-corr,alpha_0.75,2026-03-31,5,100,False,0.508701626423822,0.7074587458745873
W-corr,alpha_0.75,2026-03-31,20,100,False,0.1853010705654142,0.18492649264926492
W-corr,alpha_0.75,2026-04-08,5,100,False,0.1549685376185634,0.29946594659465947
W-corr,alpha_0.75,2026-04-08,20,100,False,0.10678016726054798,0.12506450645064504
W-corr,alpha_0.75,2026-04-15,5,100,False,0.19366207997418006,0.28843684368436845
W-corr,alpha_0.75,2026-04-15,20,100,False,0.04060001571948145,0.019657965796579656
W-corr,alpha_0.75,2026-04-22,5,100,False,-0.1952806603043647,-0.26393039303930393
W-corr,alpha_0.75,2026-04-22,20,100,False,-0.09206356884162027,-0.17056105610561054
W-corr,alpha_0.75,2026-04-29,5,100,False,-0.033846678077881505,-0.10522652265226522
W-corr,alpha_0.75,2026-04-29,20,100,False,-0.4705434535178362,-0.5828022802280227
W-corr,alpha_0.75,2026-05-11,5,100,False,-0.03896253921566464,-0.2863846384638464
W-corr,alpha_0.75,2026-05-11,20,100,False,-0.04255970531140127,-0.054125412541254116
W-corr,alpha_0.75,2026-05-18,5,100,False,-0.08978612848011155,-0.15345934593459343
W-corr,alpha_0.75,2026-05-18,20,100,False,-0.0750649812927358,-0.1594479447944794
W-corr,alpha_0.75,2026-05-25,5,100,False,-0.24137097560686357,-0.36426042604260417
W-corr,alpha_0.75,2026-05-25,20,100,False,0.03301836642771935,-0.06597059705970597
W-corr,alpha_0.75,2026-06-01,5,100,False,0.02239790319177219,-0.04235223522352235
W-corr,alpha_0.75,2026-06-01,20,100,False,-0.36051571595010035,-0.47761176117611753
W-corr,alpha_0.75,2026-06-08,5,100,False,0.3656994774187393,0.4297629762976298
W-corr,alpha_0.75,2026-06-08,20,100,False,0.38727621209903657,0.36844884488448837
W-corr,alpha_0.75,2026-06-15,5,100,False,0.3093613546460892,0.3141914191419141
W-corr,alpha_0.75,2026-06-15,20,100,False,-0.353476018642309,-0.3853225322532253
W-corr,alpha_0.75,2026-06-23,5,100,False,0.08620271085492257,0.005004500450045004
W-corr,alpha_0.75,2026-06-23,20,100,False,-0.4863973441218998,-0.5179357935793578
W-corr,alpha_0.75,2026-06-30,5,100,False,0.03199419594898319,-0.01902190219021902
W-corr,alpha_0.75,2026-06-30,20,100,False,-0.21990380020763944,-0.24603660366036603
W-corr,alpha_0.75,2026-07-07,5,100,False,-0.05637087161487534,0.001596159615961596
W-corr,alpha_0.75,2026-07-07,20,100,False,0.1301580892730852,0.07596759675967596
W-corr,alpha_0.75,2026-07-14,5,100,False,0.29397952394426996,0.27360336033603355
W-corr,alpha_0.75,2026-07-14,20,100,False,0.2956893942257958,0.44067206720672064
W-corr,alpha_0.75,2026-07-21,5,100,False,0.01914027127755412,0.01687368736873687
W-corr,alpha_0.75,2026-07-21,20,100,False,0.4495007225267408,0.46907890789078904
W-corr,alpha_0.75,2026-07-28,5,100,False,0.07519490181509655,0.15541554155415543
W-corr,alpha_0.75,2026-07-28,20,100,False,0.24057992425873487,0.3028262826282628
W-corr,alpha_0.75,2026-08-04,5,100,False,0.33691327551947575,0.32772877287728763
W-corr,alpha_0.75,2026-08-04,20,0,True,,
W-corr,alpha_0.75,2026-08-11,5,100,False,-0.2399103117405259,-0.1037023702370237
W-corr,alpha_0.75,2026-08-11,20,0,True,,
W-corr,alpha_0.75,2026-08-18,5,100,False,-0.018759900727371957,0.0062046204620462035
W-corr,alpha_0.75,2026-08-18,20,0,True,,
W-corr,alpha_0.75,2026-08-25,5,0,True,,
W-corr,alpha_0.75,2026-08-25,20,0,True,,
W-corr,b0_alpha_0.40,2025-04-02,5,100,False,0.39146243650753904,0.3488268826882688
W-corr,b0_alpha_0.40,2025-04-02,20,100,False,0.4080148883721859,0.3512511251125113
W-corr,b0_alpha_0.40,2025-04-10,5,100,False,0.3792833764511183,0.1869372545380587
W-corr,b0_alpha_0.40,2025-04-10,20,100,False,-0.2681235105278099,-0.2047404740474047
W-corr,b0_alpha_0.40,2025-04-17,5,100,False,-0.15052480059846834,-0.14845484548454843
W-corr,b0_alpha_0.40,2025-04-17,20,100,False,-0.3433488075015196,-0.29231323132313225
W-corr,b0_alpha_0.40,2025-04-24,5,100,False,-0.10101967415771249,-0.06613861386138613
W-corr,b0_alpha_0.40,2025-04-24,20,100,False,-0.10282439662457385,-0.1761056105610561
W-corr,b0_alpha_0.40,2025-05-06,5,100,False,0.08405881073615047,0.12558693545491703
W-corr,b0_alpha_0.40,2025-05-06,20,100,False,-0.00666319070904505,-0.06894689468946895
W-corr,b0_alpha_0.40,2025-05-13,5,99,False,-0.0007420505437304708,0.057513914656771796
W-corr,b0_alpha_0.40,2025-05-13,20,99,False,-0.08913189576206042,-0.007272727272727272
W-corr,b0_alpha_0.40,2025-05-20,5,99,False,0.001353250374647508,0.06489815985856584
W-corr,b0_alpha_0.40,2025-05-20,20,99,False,-0.015347249417639918,-0.049350649350649346
W-corr,b0_alpha_0.40,2025-05-27,5,100,False,-0.21774822990710044,-0.22413441344134413
W-corr,b0_alpha_0.40,2025-05-27,20,100,False,0.03559127318193614,-0.018217821782178217
W-corr,b0_alpha_0.40,2025-06-04,5,100,False,0.04099687493205364,0.11787578757875786
W-corr,b0_alpha_0.40,2025-06-04,20,100,False,0.14594394175388725,0.21442544254425439
W-corr,b0_alpha_0.40,2025-06-11,5,100,False,-0.20179768995690262,-0.09362764364771708
W-corr,b0_alpha_0.40,2025-06-11,20,100,False,-0.0683921945585806,0.16175217521752172
W-corr,b0_alpha_0.40,2025-06-18,5,100,False,0.014364321758246043,-0.02420078309277857
W-corr,b0_alpha_0.40,2025-06-18,20,100,False,-0.21989052440347323,-0.24667266726672663
W-corr,b0_alpha_0.40,2025-06-25,5,100,False,-0.13031058474345292,-0.059706149733691274
W-corr,b0_alpha_0.40,2025-06-25,20,100,False,-0.1844779208744135,-0.315043504350435
W-corr,b0_alpha_0.40,2025-07-02,5,100,False,0.06324103411534504,0.07296729672967295
W-corr,b0_alpha_0.40,2025-07-02,20,100,False,0.1520190626886134,0.27971197119711966
W-corr,b0_alpha_0.40,2025-07-09,5,100,False,-0.09229110840884684,0.05096909690969096
W-corr,b0_alpha_0.40,2025-07-09,20,100,False,0.084818640597343,0.11684368436843683
W-corr,b0_alpha_0.40,2025-07-16,5,100,False,0.08867320076578133,-0.017617761776177618
W-corr,b0_alpha_0.40,2025-07-16,20,100,False,0.11557570455551065,0.009072907290729071
W-corr,b0_alpha_0.40,2025-07-23,5,100,False,0.22523950639955834,0.29406540654065405
W-corr,b0_alpha_0.40,2025-07-23,20,100,False,0.3326324734374377,0.3529432943294329
W-corr,b0_alpha_0.40,2025-07-30,5,100,False,-0.253693122652424,-0.40131533548136067
W-corr,b0_alpha_0.40,2025-07-30,20,100,False,-0.20867957435399728,-0.18487848784878488
W-corr,b0_alpha_0.40,2025-08-06,5,99,False,0.11433245817942222,0.1334817563388992
W-corr,b0_alpha_0.40,2025-08-06,20,99,False,0.1379725439388407,0.19429808286951145
W-corr,b0_alpha_0.40,2025-08-13,5,99,False,0.045981561474096266,0.10684634151671833
W-corr,b0_alpha_0.40,2025-08-13,20,99,False,0.23359192832365797,0.4342733457019171
W-corr,b0_alpha_0.40,2025-08-20,5,100,False,-0.07020237079328025,0.09196519651965196
W-corr,b0_alpha_0.40,2025-08-20,20,100,False,0.020361141084856097,0.07013501350135012
W-corr,b0_alpha_0.40,2025-08-27,5,100,False,0.1681556645473433,0.2757515751575157
W-corr,b0_alpha_0.40,2025-08-27,20,100,False,0.10030781776303675,0.2221668831899684
W-corr,b0_alpha_0.40,2025-09-03,5,100,False,0.19834920563387834,0.13522952295229523
W-corr,b0_alpha_0.40,2025-09-03,20,100,False,0.4033949762155966,0.5192079207920791
W-corr,b0_alpha_0.40,2025-09-10,5,100,False,-0.07222186033988416,-0.14871331747236893
W-corr,b0_alpha_0.40,2025-09-10,20,100,False,-0.012513034934591431,-0.03438343834383438
W-corr,b0_alpha_0.40,2025-09-17,5,100,False,-0.3250178688323934,-0.26467446744674467
W-corr,b0_alpha_0.40,2025-09-17,20,100,False,0.08525695526908933,0.19020159076470475
W-corr,b0_alpha_0.40,2025-09-24,5,100,False,0.2981606511653371,0.39827182718271825
W-corr,b0_alpha_0.40,2025-09-24,20,100,False,0.26621516415559726,0.22726672667266723
W-corr,b0_alpha_0.40,2025-10-09,5,100,False,0.29374862300401816,0.2937448994498904
W-corr,b0_alpha_0.40,2025-10-09,20,100,False,0.11087889116819102,0.15323132313231322
W-corr,b0_alpha_0.40,2025-10-16,5,100,False,-0.19083544289040372,-0.13524152415241522
W-corr,b0_alpha_0.40,2025-10-16,20,100,False,-0.11743233720608375,-0.11356735673567354
W-corr,b0_alpha_0.40,2025-10-23,5,100,False,0.3318421860961744,0.2995379537953795
W-corr,b0_alpha_0.40,2025-10-23,20,100,False,0.3686220695564756,0.3264206420642064
W-corr,b0_alpha_0.40,2025-10-30,5,100,False,0.04273237636104077,0.04742874287428742
W-corr,b0_alpha_0.40,2025-10-30,20,100,False,0.231699850794874,0.19965196519651962
W-corr,b0_alpha_0.40,2025-11-06,5,100,False,0.1551918228516396,0.22350502101817074
W-corr,b0_alpha_0.40,2025-11-06,20,100,False,0.0711313471589158,0.10391839183918392
W-corr,b0_alpha_0.40,2025-11-13,5,100,False,0.267770078450005,0.033219321932193215
W-corr,b0_alpha_0.40,2025-11-13,20,100,False,-0.16290852258024172,-0.15686768676867685
W-corr,b0_alpha_0.40,2025-11-20,5,100,False,0.18162020832040915,0.07464746474647464
W-corr,b0_alpha_0.40,2025-11-20,20,100,False,0.002496589558342944,0.0033003300330033
W-corr,b0_alpha_0.40,2025-11-27,5,100,False,0.23939104212908668,0.11078307830783077
W-corr,b0_alpha_0.40,2025-11-27,20,100,False,0.13085573888407645,0.1274287428742874
W-corr,b0_alpha_0.40,2025-12-04,5,99,False,-0.17930421158318557,0.021286332714904144
W-corr,b0_alpha_0.40,2025-12-04,20,99,False,0.11026301089766107,0.18666666666666665
W-corr,b0_alpha_0.40,2025-12-11,5,99,False,-0.3015020526335792,-0.22102659245516387
W-corr,b0_alpha_0.40,2025-12-11,20,99,False,0.24472093123937913,0.36951144094001237
W-corr,b0_alpha_0.40,2025-12-18,5,100,False,0.5209411690289304,0.5522232223222321
W-corr,b0_alpha_0.40,2025-12-18,20,100,False,0.24114005541335834,0.3445544554455445
W-corr,b0_alpha_0.40,2025-12-25,5,100,False,0.023199031025993907,0.1383862537847626
W-corr,b0_alpha_0.40,2025-12-25,20,100,False,-0.17430304770768357,-0.09642964296429642
W-corr,b0_alpha_0.40,2026-01-05,5,100,False,0.0678887157400725,0.16937293729372935
W-corr,b0_alpha_0.40,2026-01-05,20,100,False,-0.121907284570079,-0.15287128712871287
W-corr,b0_alpha_0.40,2026-01-12,5,99,False,-0.16174911195374964,-0.1854421768707483
W-corr,b0_alpha_0.40,2026-01-12,20,99,False,-0.1841188072159835,-0.1598268398268398
W-corr,b0_alpha_0.40,2026-01-19,5,99,False,0.05514310424281233,-0.047544836116264685
W-corr,b0_alpha_0.40,2026-01-19,20,99,False,0.08294435340841945,0.07354359925788496
W-corr,b0_alpha_0.40,2026-01-26,5,100,False,-0.08005253509073214,-0.2778877887788779
W-corr,b0_alpha_0.40,2026-01-26,20,100,False,-0.13248260696002814,-0.23858385838583857
W-corr,b0_alpha_0.40,2026-02-02,5,100,False,0.14481958669987,0.21060906090609058
W-corr,b0_alpha_0.40,2026-02-02,20,100,False,-0.0642556715372689,-0.04020402040204019
W-corr,b0_alpha_0.40,2026-02-09,5,100,False,0.13872483043527092,0.14927737557035553
W-corr,b0_alpha_0.40,2026-02-09,20,100,False,-0.10938800833451687,-0.2011161116111611
W-corr,b0_alpha_0.40,2026-02-24,5,100,False,-0.3790269334500284,-0.4167296729672967
W-corr,b0_alpha_0.40,2026-02-24,20,100,False,-0.17358855188549646,-0.21964596459645963
W-corr,b0_alpha_0.40,2026-03-03,5,99,False,-0.1703580009605626,-0.08448979591836733
W-corr,b0_alpha_0.40,2026-03-03,20,99,False,-0.11676778549353499,-0.07460729746444032
W-corr,b0_alpha_0.40,2026-03-10,5,99,False,0.04003085417019265,-0.037884972170686454
W-corr,b0_alpha_0.40,2026-03-10,20,99,False,-0.05266497641618442,-0.08284477427334569
W-corr,b0_alpha_0.40,2026-03-17,5,100,False,-0.21621791338807142,-0.27679567956795675
W-corr,b0_alpha_0.40,2026-03-17,20,100,False,0.11118375491972757,0.13826582658265824
W-corr,b0_alpha_0.40,2026-03-24,5,100,False,-0.08498953753503946,0.03702370237023701
W-corr,b0_alpha_0.40,2026-03-24,20,100,False,0.23163387423203657,0.3387338733873387
W-corr,b0_alpha_0.40,2026-03-31,5,100,False,0.2937229575699072,0.5996159615961595
W-corr,b0_alpha_0.40,2026-03-31,20,100,False,0.11790611614691528,0.17513351335133512
W-corr,b0_alpha_0.40,2026-04-08,5,100,False,0.1541984262674323,0.29027302730273025
W-corr,b0_alpha_0.40,2026-04-08,20,100,False,0.145899333955588,0.19098709870987096
W-corr,b0_alpha_0.40,2026-04-15,5,100,False,0.18525263221419996,0.25677767776777677
W-corr,b0_alpha_0.40,2026-04-15,20,100,False,0.11664091933346891,0.13365736573657364
W-corr,b0_alpha_0.40,2026-04-22,5,100,False,-0.09075293975145006,-0.1295049504950495
W-corr,b0_alpha_0.40,2026-04-22,20,100,False,-0.01389790717087458,-0.055229522952295225
W-corr,b0_alpha_0.40,2026-04-29,5,100,False,0.02388516266109096,-0.08895289528952895
W-corr,b0_alpha_0.40,2026-04-29,20,100,False,-0.37131259495595625,-0.5064386438643864
W-corr,b0_alpha_0.40,2026-05-11,5,100,False,0.022919293171607808,-0.21876987698769873
W-corr,b0_alpha_0.40,2026-05-11,20,100,False,0.025911300671698893,-0.006792679267926792
W-corr,b0_alpha_0.40,2026-05-18,5,100,False,0.023390928808618865,-0.07569156915691569
W-corr,b0_alpha_0.40,2026-05-18,20,100,False,0.0010350036714691846,-0.08367236723672367
W-corr,b0_alpha_0.40,2026-05-25,5,100,False,-0.1314175814385445,-0.2735793579357935
W-corr,b0_alpha_0.40,2026-05-25,20,100,False,0.007729535322283354,-0.08926492649264925
W-corr,b0_alpha_0.40,2026-06-01,5,100,False,-0.05093904961295613,-0.0836003600360036
W-corr,b0_alpha_0.40,2026-06-01,20,100,False,-0.2847698442270301,-0.41808580858085803
W-corr,b0_alpha_0.40,2026-06-08,5,100,False,0.2602902471330349,0.32398439843984395
W-corr,b0_alpha_0.40,2026-06-08,20,100,False,0.28383716939869963,0.24680468046804677
W-corr,b0_alpha_0.40,2026-06-15,5,100,False,0.3110050948221899,0.24109210921092109
W-corr,b0_alpha_0.40,2026-06-15,20,100,False,-0.36653733409930844,-0.4656585658565856
W-corr,b0_alpha_0.40,2026-06-23,5,100,False,-0.043670298635167956,-0.06034203420342033
W-corr,b0_alpha_0.40,2026-06-23,20,100,False,-0.34380828275984165,-0.4399519951995199
W-corr,b0_alpha_0.40,2026-06-30,5,100,False,0.017017702285464214,-0.026882688268826883
W-corr,b0_alpha_0.40,2026-06-30,20,100,False,-0.1091062137240779,-0.1575277527752775
W-corr,b0_alpha_0.40,2026-07-07,5,100,False,-0.0485982360824084,0.0183018301830183
W-corr,b0_alpha_0.40,2026-07-07,20,100,False,0.13841589024106407,0.13992199219921989
W-corr,b0_alpha_0.40,2026-07-14,5,100,False,0.23968204623214753,0.22179417941794177
W-corr,b0_alpha_0.40,2026-07-14,20,100,False,0.2631796098423162,0.38876687668766874
W-corr,b0_alpha_0.40,2026-07-21,5,100,False,-0.009857451120798251,-0.05532553255325532
W-corr,b0_alpha_0.40,2026-07-21,20,100,False,0.31752706601499553,0.3232763276327632
W-corr,b0_alpha_0.40,2026-07-28,5,100,False,-0.057586594700602595,0.03295529552955295
W-corr,b0_alpha_0.40,2026-07-28,20,100,False,0.1458594742791645,0.2378277827782778
W-corr,b0_alpha_0.40,2026-08-04,5,100,False,0.33386210433390673,0.30441044104410436
W-corr,b0_alpha_0.40,2026-08-04,20,0,True,,
W-corr,b0_alpha_0.40,2026-08-11,5,100,False,-0.19008336511987003,-0.05440144014401439
W-corr,b0_alpha_0.40,2026-08-11,20,0,True,,
W-corr,b0_alpha_0.40,2026-08-18,5,100,False,-0.0057057617158633635,0.049372937293729366
W-corr,b0_alpha_0.40,2026-08-18,20,0,True,,
W-corr,b0_alpha_0.40,2026-08-25,5,0,True,,
W-corr,b0_alpha_0.40,2026-08-25,20,0,True,,
W-corr,gate_V1,2025-04-02,5,100,False,0.39146243650753904,0.3488268826882688
W-corr,gate_V1,2025-04-02,20,100,False,0.4080148883721859,0.3512511251125113
W-corr,gate_V1,2025-04-10,5,100,False,0.3792833764511183,0.1869372545380587
W-corr,gate_V1,2025-04-10,20,100,False,-0.2681235105278099,-0.2047404740474047
W-corr,gate_V1,2025-04-17,5,100,False,-0.15052480059846834,-0.14845484548454843
W-corr,gate_V1,2025-04-17,20,100,False,-0.3433488075015196,-0.29231323132313225
W-corr,gate_V1,2025-04-24,5,100,False,-0.10101967415771249,-0.06613861386138613
W-corr,gate_V1,2025-04-24,20,100,False,-0.10282439662457385,-0.1761056105610561
W-corr,gate_V1,2025-05-06,5,100,False,0.08405881073615047,0.12558693545491703
W-corr,gate_V1,2025-05-06,20,100,False,-0.00666319070904505,-0.06894689468946895
W-corr,gate_V1,2025-05-13,5,99,False,-0.0007420505437304708,0.057513914656771796
W-corr,gate_V1,2025-05-13,20,99,False,-0.08913189576206042,-0.007272727272727272
W-corr,gate_V1,2025-05-20,5,99,False,0.001353250374647508,0.06489815985856584
W-corr,gate_V1,2025-05-20,20,99,False,-0.015347249417639918,-0.049350649350649346
W-corr,gate_V1,2025-05-27,5,100,False,-0.21774822990710044,-0.22413441344134413
W-corr,gate_V1,2025-05-27,20,100,False,0.03559127318193614,-0.018217821782178217
W-corr,gate_V1,2025-06-04,5,100,False,0.04099687493205364,0.11787578757875786
W-corr,gate_V1,2025-06-04,20,100,False,0.14594394175388725,0.21442544254425439
W-corr,gate_V1,2025-06-11,5,100,False,-0.20179768995690262,-0.09362764364771708
W-corr,gate_V1,2025-06-11,20,100,False,-0.0683921945585806,0.16175217521752172
W-corr,gate_V1,2025-06-18,5,100,False,0.014364321758246043,-0.02420078309277857
W-corr,gate_V1,2025-06-18,20,100,False,-0.21989052440347323,-0.24667266726672663
W-corr,gate_V1,2025-06-25,5,100,False,-0.13031058474345292,-0.059706149733691274
W-corr,gate_V1,2025-06-25,20,100,False,-0.1844779208744135,-0.315043504350435
W-corr,gate_V1,2025-07-02,5,100,False,0.06324103411534504,0.07296729672967295
W-corr,gate_V1,2025-07-02,20,100,False,0.1520190626886134,0.27971197119711966
W-corr,gate_V1,2025-07-09,5,100,False,-0.09229110840884684,0.05096909690969096
W-corr,gate_V1,2025-07-09,20,100,False,0.084818640597343,0.11684368436843683
W-corr,gate_V1,2025-07-16,5,100,False,0.08867320076578133,-0.017617761776177618
W-corr,gate_V1,2025-07-16,20,100,False,0.11557570455551065,0.009072907290729071
W-corr,gate_V1,2025-07-23,5,100,False,0.22523950639955834,0.29406540654065405
W-corr,gate_V1,2025-07-23,20,100,False,0.3326324734374377,0.3529432943294329
W-corr,gate_V1,2025-07-30,5,100,False,-0.253693122652424,-0.40131533548136067
W-corr,gate_V1,2025-07-30,20,100,False,-0.20867957435399728,-0.18487848784878488
W-corr,gate_V1,2025-08-06,5,99,False,0.11433245817942222,0.1334817563388992
W-corr,gate_V1,2025-08-06,20,99,False,0.1379725439388407,0.19429808286951145
W-corr,gate_V1,2025-08-13,5,99,False,0.045981561474096266,0.10684634151671833
W-corr,gate_V1,2025-08-13,20,99,False,0.23359192832365797,0.4342733457019171
W-corr,gate_V1,2025-08-20,5,100,False,-0.07020237079328025,0.09196519651965196
W-corr,gate_V1,2025-08-20,20,100,False,0.020361141084856097,0.07013501350135012
W-corr,gate_V1,2025-08-27,5,100,False,0.1681556645473433,0.2757515751575157
W-corr,gate_V1,2025-08-27,20,100,False,0.10030781776303675,0.2221668831899684
W-corr,gate_V1,2025-09-03,5,100,False,0.19834920563387834,0.13522952295229523
W-corr,gate_V1,2025-09-03,20,100,False,0.4033949762155966,0.5192079207920791
W-corr,gate_V1,2025-09-10,5,100,False,-0.07222186033988416,-0.14871331747236893
W-corr,gate_V1,2025-09-10,20,100,False,-0.012513034934591431,-0.03438343834383438
W-corr,gate_V1,2025-09-17,5,100,False,-0.3250178688323934,-0.26467446744674467
W-corr,gate_V1,2025-09-17,20,100,False,0.08525695526908933,0.19020159076470475
W-corr,gate_V1,2025-09-24,5,100,False,0.2981606511653371,0.39827182718271825
W-corr,gate_V1,2025-09-24,20,100,False,0.26621516415559726,0.22726672667266723
W-corr,gate_V1,2025-10-09,5,100,False,0.29374862300401816,0.2937448994498904
W-corr,gate_V1,2025-10-09,20,100,False,0.11087889116819102,0.15323132313231322
W-corr,gate_V1,2025-10-16,5,100,False,-0.19083544289040372,-0.13524152415241522
W-corr,gate_V1,2025-10-16,20,100,False,-0.11743233720608375,-0.11356735673567354
W-corr,gate_V1,2025-10-23,5,100,False,0.3318421860961744,0.2995379537953795
W-corr,gate_V1,2025-10-23,20,100,False,0.3686220695564756,0.3264206420642064
W-corr,gate_V1,2025-10-30,5,100,False,0.04273237636104077,0.04742874287428742
W-corr,gate_V1,2025-10-30,20,100,False,0.231699850794874,0.19965196519651962
W-corr,gate_V1,2025-11-06,5,100,False,0.1551918228516396,0.22350502101817074
W-corr,gate_V1,2025-11-06,20,100,False,0.0711313471589158,0.10391839183918392
W-corr,gate_V1,2025-11-13,5,100,False,0.267770078450005,0.033219321932193215
W-corr,gate_V1,2025-11-13,20,100,False,-0.16290852258024172,-0.15686768676867685
W-corr,gate_V1,2025-11-20,5,100,False,0.18162020832040915,0.07464746474647464
W-corr,gate_V1,2025-11-20,20,100,False,0.002496589558342944,0.0033003300330033
W-corr,gate_V1,2025-11-27,5,100,False,0.23939104212908668,0.11078307830783077
W-corr,gate_V1,2025-11-27,20,100,False,0.13085573888407645,0.1274287428742874
W-corr,gate_V1,2025-12-04,5,99,False,-0.17930421158318557,0.021286332714904144
W-corr,gate_V1,2025-12-04,20,99,False,0.11026301089766107,0.18666666666666665
W-corr,gate_V1,2025-12-11,5,99,False,-0.3015020526335792,-0.22102659245516387
W-corr,gate_V1,2025-12-11,20,99,False,0.24472093123937913,0.36951144094001237
W-corr,gate_V1,2025-12-18,5,100,False,0.5209411690289304,0.5522232223222321
W-corr,gate_V1,2025-12-18,20,100,False,0.24114005541335834,0.3445544554455445
W-corr,gate_V1,2025-12-25,5,100,False,0.023199031025993907,0.1383862537847626
W-corr,gate_V1,2025-12-25,20,100,False,-0.17430304770768357,-0.09642964296429642
W-corr,gate_V1,2026-01-05,5,100,False,0.0678887157400725,0.16937293729372935
W-corr,gate_V1,2026-01-05,20,100,False,-0.121907284570079,-0.15287128712871287
W-corr,gate_V1,2026-01-12,5,99,False,-0.16174911195374964,-0.1854421768707483
W-corr,gate_V1,2026-01-12,20,99,False,-0.1841188072159835,-0.1598268398268398
W-corr,gate_V1,2026-01-19,5,99,False,0.05514310424281233,-0.047544836116264685
W-corr,gate_V1,2026-01-19,20,99,False,0.08294435340841945,0.07354359925788496
W-corr,gate_V1,2026-01-26,5,100,False,-0.08005253509073214,-0.2778877887788779
W-corr,gate_V1,2026-01-26,20,100,False,-0.13248260696002814,-0.23858385838583857
W-corr,gate_V1,2026-02-02,5,100,False,0.14481958669987,0.21060906090609058
W-corr,gate_V1,2026-02-02,20,100,False,-0.0642556715372689,-0.04020402040204019
W-corr,gate_V1,2026-02-09,5,100,False,0.13872483043527092,0.14927737557035553
W-corr,gate_V1,2026-02-09,20,100,False,-0.10938800833451687,-0.2011161116111611
W-corr,gate_V1,2026-02-24,5,100,False,-0.3790269334500284,-0.4167296729672967
W-corr,gate_V1,2026-02-24,20,100,False,-0.17358855188549646,-0.21964596459645963
W-corr,gate_V1,2026-03-03,5,99,False,-0.1703580009605626,-0.08448979591836733
W-corr,gate_V1,2026-03-03,20,99,False,-0.11676778549353499,-0.07460729746444032
W-corr,gate_V1,2026-03-10,5,99,False,0.04003085417019265,-0.037884972170686454
W-corr,gate_V1,2026-03-10,20,99,False,-0.05266497641618442,-0.08284477427334569
W-corr,gate_V1,2026-03-17,5,100,False,-0.21621791338807142,-0.27679567956795675
W-corr,gate_V1,2026-03-17,20,100,False,0.11118375491972757,0.13826582658265824
W-corr,gate_V1,2026-03-24,5,100,False,-0.08498953753503946,0.03702370237023701
W-corr,gate_V1,2026-03-24,20,100,False,0.23163387423203657,0.3387338733873387
W-corr,gate_V1,2026-03-31,5,100,False,0.2937229575699072,0.5996159615961595
W-corr,gate_V1,2026-03-31,20,100,False,0.11790611614691528,0.17513351335133512
W-corr,gate_V1,2026-04-08,5,100,False,0.1541984262674323,0.29027302730273025
W-corr,gate_V1,2026-04-08,20,100,False,0.145899333955588,0.19098709870987096
W-corr,gate_V1,2026-04-15,5,100,False,0.18525263221419996,0.25677767776777677
W-corr,gate_V1,2026-04-15,20,100,False,0.11664091933346891,0.13365736573657364
W-corr,gate_V1,2026-04-22,5,100,False,-0.09075293975145006,-0.1295049504950495
W-corr,gate_V1,2026-04-22,20,100,False,-0.01389790717087458,-0.055229522952295225
W-corr,gate_V1,2026-04-29,5,100,False,0.02388516266109096,-0.08895289528952895
W-corr,gate_V1,2026-04-29,20,100,False,-0.37131259495595625,-0.5064386438643864
W-corr,gate_V1,2026-05-11,5,100,False,0.022919293171607808,-0.21876987698769873
W-corr,gate_V1,2026-05-11,20,100,False,0.025911300671698893,-0.006792679267926792
W-corr,gate_V1,2026-05-18,5,100,False,0.023390928808618865,-0.07569156915691569
W-corr,gate_V1,2026-05-18,20,100,False,0.0010350036714691846,-0.08367236723672367
W-corr,gate_V1,2026-05-25,5,100,False,-0.1314175814385445,-0.2735793579357935
W-corr,gate_V1,2026-05-25,20,100,False,0.007729535322283354,-0.08926492649264925
W-corr,gate_V1,2026-06-01,5,100,False,-0.05093904961295613,-0.0836003600360036
W-corr,gate_V1,2026-06-01,20,100,False,-0.2847698442270301,-0.41808580858085803
W-corr,gate_V1,2026-06-08,5,100,False,0.2602902471330349,0.32398439843984395
W-corr,gate_V1,2026-06-08,20,100,False,0.28383716939869963,0.24680468046804677
W-corr,gate_V1,2026-06-15,5,100,False,0.3110050948221899,0.24109210921092109
W-corr,gate_V1,2026-06-15,20,100,False,-0.36653733409930844,-0.4656585658565856
W-corr,gate_V1,2026-06-23,5,100,False,-0.043670298635167956,-0.06034203420342033
W-corr,gate_V1,2026-06-23,20,100,False,-0.34380828275984165,-0.4399519951995199
W-corr,gate_V1,2026-06-30,5,100,False,0.017017702285464214,-0.026882688268826883
W-corr,gate_V1,2026-06-30,20,100,False,-0.1091062137240779,-0.1575277527752775
W-corr,gate_V1,2026-07-07,5,100,False,-0.0485982360824084,0.0183018301830183
W-corr,gate_V1,2026-07-07,20,100,False,0.13841589024106407,0.13992199219921989
W-corr,gate_V1,2026-07-14,5,100,False,0.23968204623214753,0.22179417941794177
W-corr,gate_V1,2026-07-14,20,100,False,0.2631796098423162,0.38876687668766874
W-corr,gate_V1,2026-07-21,5,100,False,-0.009857451120798251,-0.05532553255325532
W-corr,gate_V1,2026-07-21,20,100,False,0.31752706601499553,0.3232763276327632
W-corr,gate_V1,2026-07-28,5,100,False,-0.057586594700602595,0.03295529552955295
W-corr,gate_V1,2026-07-28,20,100,False,0.1458594742791645,0.2378277827782778
W-corr,gate_V1,2026-08-04,5,100,False,0.33386210433390673,0.30441044104410436
W-corr,gate_V1,2026-08-04,20,0,True,,
W-corr,gate_V1,2026-08-11,5,100,False,-0.19008336511987003,-0.05440144014401439
W-corr,gate_V1,2026-08-11,20,0,True,,
W-corr,gate_V1,2026-08-18,5,100,False,-0.0057057617158633635,0.049372937293729366
W-corr,gate_V1,2026-08-18,20,0,True,,
W-corr,gate_V1,2026-08-25,5,0,True,,
W-corr,gate_V1,2026-08-25,20,0,True,,
W-corr,gate_V2,2025-04-02,5,100,False,0.39146243650753904,0.3488268826882688
W-corr,gate_V2,2025-04-02,20,100,False,0.4080148883721859,0.3512511251125113
W-corr,gate_V2,2025-04-10,5,100,False,0.3792833764511183,0.1869372545380587
W-corr,gate_V2,2025-04-10,20,100,False,-0.2681235105278099,-0.2047404740474047
W-corr,gate_V2,2025-04-17,5,100,False,-0.15052480059846834,-0.14845484548454843
W-corr,gate_V2,2025-04-17,20,100,False,-0.3433488075015196,-0.29231323132313225
W-corr,gate_V2,2025-04-24,5,100,False,-0.10101967415771249,-0.06613861386138613
W-corr,gate_V2,2025-04-24,20,100,False,-0.10282439662457385,-0.1761056105610561
W-corr,gate_V2,2025-05-06,5,100,False,0.08405881073615047,0.12558693545491703
W-corr,gate_V2,2025-05-06,20,100,False,-0.00666319070904505,-0.06894689468946895
W-corr,gate_V2,2025-05-13,5,99,False,-0.0007420505437304708,0.057513914656771796
W-corr,gate_V2,2025-05-13,20,99,False,-0.08913189576206042,-0.007272727272727272
W-corr,gate_V2,2025-05-20,5,99,False,0.001353250374647508,0.06489815985856584
W-corr,gate_V2,2025-05-20,20,99,False,-0.015347249417639918,-0.049350649350649346
W-corr,gate_V2,2025-05-27,5,100,False,-0.21774822990710044,-0.22413441344134413
W-corr,gate_V2,2025-05-27,20,100,False,0.03559127318193614,-0.018217821782178217
W-corr,gate_V2,2025-06-04,5,100,False,0.04099687493205364,0.11787578757875786
W-corr,gate_V2,2025-06-04,20,100,False,0.14594394175388725,0.21442544254425439
W-corr,gate_V2,2025-06-11,5,100,False,-0.20179768995690262,-0.09362764364771708
W-corr,gate_V2,2025-06-11,20,100,False,-0.0683921945585806,0.16175217521752172
W-corr,gate_V2,2025-06-18,5,100,False,0.014364321758246043,-0.02420078309277857
W-corr,gate_V2,2025-06-18,20,100,False,-0.21989052440347323,-0.24667266726672663
W-corr,gate_V2,2025-06-25,5,100,False,-0.13031058474345292,-0.059706149733691274
W-corr,gate_V2,2025-06-25,20,100,False,-0.1844779208744135,-0.315043504350435
W-corr,gate_V2,2025-07-02,5,100,False,0.06324103411534504,0.07296729672967295
W-corr,gate_V2,2025-07-02,20,100,False,0.1520190626886134,0.27971197119711966
W-corr,gate_V2,2025-07-09,5,100,False,-0.09229110840884684,0.05096909690969096
W-corr,gate_V2,2025-07-09,20,100,False,0.084818640597343,0.11684368436843683
W-corr,gate_V2,2025-07-16,5,100,False,0.08867320076578133,-0.017617761776177618
W-corr,gate_V2,2025-07-16,20,100,False,0.11557570455551065,0.009072907290729071
W-corr,gate_V2,2025-07-23,5,100,False,0.22523950639955834,0.29406540654065405
W-corr,gate_V2,2025-07-23,20,100,False,0.3326324734374377,0.3529432943294329
W-corr,gate_V2,2025-07-30,5,100,False,-0.253693122652424,-0.40131533548136067
W-corr,gate_V2,2025-07-30,20,100,False,-0.20867957435399728,-0.18487848784878488
W-corr,gate_V2,2025-08-06,5,99,False,0.11433245817942222,0.1334817563388992
W-corr,gate_V2,2025-08-06,20,99,False,0.1379725439388407,0.19429808286951145
W-corr,gate_V2,2025-08-13,5,99,False,0.045981561474096266,0.10684634151671833
W-corr,gate_V2,2025-08-13,20,99,False,0.23359192832365797,0.4342733457019171
W-corr,gate_V2,2025-08-20,5,100,False,-0.07020237079328025,0.09196519651965196
W-corr,gate_V2,2025-08-20,20,100,False,0.020361141084856097,0.07013501350135012
W-corr,gate_V2,2025-08-27,5,100,False,0.1681556645473433,0.2757515751575157
W-corr,gate_V2,2025-08-27,20,100,False,0.10030781776303675,0.2221668831899684
W-corr,gate_V2,2025-09-03,5,100,False,0.19834920563387834,0.13522952295229523
W-corr,gate_V2,2025-09-03,20,100,False,0.4033949762155966,0.5192079207920791
W-corr,gate_V2,2025-09-10,5,100,False,-0.07222186033988416,-0.14871331747236893
W-corr,gate_V2,2025-09-10,20,100,False,-0.012513034934591431,-0.03438343834383438
W-corr,gate_V2,2025-09-17,5,100,False,-0.3250178688323934,-0.26467446744674467
W-corr,gate_V2,2025-09-17,20,100,False,0.08525695526908933,0.19020159076470475
W-corr,gate_V2,2025-09-24,5,100,False,0.2981606511653371,0.39827182718271825
W-corr,gate_V2,2025-09-24,20,100,False,0.26621516415559726,0.22726672667266723
W-corr,gate_V2,2025-10-09,5,100,False,0.29374862300401816,0.2937448994498904
W-corr,gate_V2,2025-10-09,20,100,False,0.11087889116819102,0.15323132313231322
W-corr,gate_V2,2025-10-16,5,100,False,-0.19083544289040372,-0.13524152415241522
W-corr,gate_V2,2025-10-16,20,100,False,-0.11743233720608375,-0.11356735673567354
W-corr,gate_V2,2025-10-23,5,100,False,0.3318421860961744,0.2995379537953795
W-corr,gate_V2,2025-10-23,20,100,False,0.3686220695564756,0.3264206420642064
W-corr,gate_V2,2025-10-30,5,100,False,0.04273237636104077,0.04742874287428742
W-corr,gate_V2,2025-10-30,20,100,False,0.231699850794874,0.19965196519651962
W-corr,gate_V2,2025-11-06,5,100,False,0.1551918228516396,0.22350502101817074
W-corr,gate_V2,2025-11-06,20,100,False,0.0711313471589158,0.10391839183918392
W-corr,gate_V2,2025-11-13,5,100,False,0.267770078450005,0.033219321932193215
W-corr,gate_V2,2025-11-13,20,100,False,-0.16290852258024172,-0.15686768676867685
W-corr,gate_V2,2025-11-20,5,100,False,0.18162020832040915,0.07464746474647464
W-corr,gate_V2,2025-11-20,20,100,False,0.002496589558342944,0.0033003300330033
W-corr,gate_V2,2025-11-27,5,100,False,0.23939104212908668,0.11078307830783077
W-corr,gate_V2,2025-11-27,20,100,False,0.13085573888407645,0.1274287428742874
W-corr,gate_V2,2025-12-04,5,99,False,-0.17930421158318557,0.021286332714904144
W-corr,gate_V2,2025-12-04,20,99,False,0.11026301089766107,0.18666666666666665
W-corr,gate_V2,2025-12-11,5,99,False,-0.3015020526335792,-0.22102659245516387
W-corr,gate_V2,2025-12-11,20,99,False,0.24472093123937913,0.36951144094001237
W-corr,gate_V2,2025-12-18,5,100,False,0.5209411690289304,0.5522232223222321
W-corr,gate_V2,2025-12-18,20,100,False,0.24114005541335834,0.3445544554455445
W-corr,gate_V2,2025-12-25,5,100,False,0.023199031025993907,0.1383862537847626
W-corr,gate_V2,2025-12-25,20,100,False,-0.17430304770768357,-0.09642964296429642
W-corr,gate_V2,2026-01-05,5,100,False,0.0678887157400725,0.16937293729372935
W-corr,gate_V2,2026-01-05,20,100,False,-0.121907284570079,-0.15287128712871287
W-corr,gate_V2,2026-01-12,5,99,False,-0.16174911195374964,-0.1854421768707483
W-corr,gate_V2,2026-01-12,20,99,False,-0.1841188072159835,-0.1598268398268398
W-corr,gate_V2,2026-01-19,5,99,False,0.05514310424281233,-0.047544836116264685
W-corr,gate_V2,2026-01-19,20,99,False,0.08294435340841945,0.07354359925788496
W-corr,gate_V2,2026-01-26,5,100,False,-0.08005253509073214,-0.2778877887788779
W-corr,gate_V2,2026-01-26,20,100,False,-0.13248260696002814,-0.23858385838583857
W-corr,gate_V2,2026-02-02,5,100,False,0.14481958669987,0.21060906090609058
W-corr,gate_V2,2026-02-02,20,100,False,-0.0642556715372689,-0.04020402040204019
W-corr,gate_V2,2026-02-09,5,100,False,0.13872483043527092,0.14927737557035553
W-corr,gate_V2,2026-02-09,20,100,False,-0.10938800833451687,-0.2011161116111611
W-corr,gate_V2,2026-02-24,5,100,False,-0.3790269334500284,-0.4167296729672967
W-corr,gate_V2,2026-02-24,20,100,False,-0.17358855188549646,-0.21964596459645963
W-corr,gate_V2,2026-03-03,5,99,False,-0.1703580009605626,-0.08448979591836733
W-corr,gate_V2,2026-03-03,20,99,False,-0.11676778549353499,-0.07460729746444032
W-corr,gate_V2,2026-03-10,5,99,False,0.04003085417019265,-0.037884972170686454
W-corr,gate_V2,2026-03-10,20,99,False,-0.05266497641618442,-0.08284477427334569
W-corr,gate_V2,2026-03-17,5,100,False,-0.21621791338807142,-0.27679567956795675
W-corr,gate_V2,2026-03-17,20,100,False,0.11118375491972757,0.13826582658265824
W-corr,gate_V2,2026-03-24,5,100,False,-0.08498953753503946,0.03702370237023701
W-corr,gate_V2,2026-03-24,20,100,False,0.23163387423203657,0.3387338733873387
W-corr,gate_V2,2026-03-31,5,100,False,0.2937229575699072,0.5996159615961595
W-corr,gate_V2,2026-03-31,20,100,False,0.11790611614691528,0.17513351335133512
W-corr,gate_V2,2026-04-08,5,100,False,0.1541984262674323,0.29027302730273025
W-corr,gate_V2,2026-04-08,20,100,False,0.145899333955588,0.19098709870987096
W-corr,gate_V2,2026-04-15,5,100,False,0.18525263221419996,0.25677767776777677
W-corr,gate_V2,2026-04-15,20,100,False,0.11664091933346891,0.13365736573657364
W-corr,gate_V2,2026-04-22,5,100,False,-0.09075293975145006,-0.1295049504950495
W-corr,gate_V2,2026-04-22,20,100,False,-0.01389790717087458,-0.055229522952295225
W-corr,gate_V2,2026-04-29,5,100,False,0.02388516266109096,-0.08895289528952895
W-corr,gate_V2,2026-04-29,20,100,False,-0.37131259495595625,-0.5064386438643864
W-corr,gate_V2,2026-05-11,5,100,False,0.022919293171607808,-0.21876987698769873
W-corr,gate_V2,2026-05-11,20,100,False,0.025911300671698893,-0.006792679267926792
W-corr,gate_V2,2026-05-18,5,100,False,0.023390928808618865,-0.07569156915691569
W-corr,gate_V2,2026-05-18,20,100,False,0.0010350036714691846,-0.08367236723672367
W-corr,gate_V2,2026-05-25,5,100,False,-0.1314175814385445,-0.2735793579357935
W-corr,gate_V2,2026-05-25,20,100,False,0.007729535322283354,-0.08926492649264925
W-corr,gate_V2,2026-06-01,5,100,False,-0.05093904961295613,-0.0836003600360036
W-corr,gate_V2,2026-06-01,20,100,False,-0.2847698442270301,-0.41808580858085803
W-corr,gate_V2,2026-06-08,5,100,False,0.2602902471330349,0.32398439843984395
W-corr,gate_V2,2026-06-08,20,100,False,0.28383716939869963,0.24680468046804677
W-corr,gate_V2,2026-06-15,5,100,False,0.3110050948221899,0.24109210921092109
W-corr,gate_V2,2026-06-15,20,100,False,-0.36653733409930844,-0.4656585658565856
W-corr,gate_V2,2026-06-23,5,100,False,-0.043670298635167956,-0.06034203420342033
W-corr,gate_V2,2026-06-23,20,100,False,-0.34380828275984165,-0.4399519951995199
W-corr,gate_V2,2026-06-30,5,100,False,0.017017702285464214,-0.026882688268826883
W-corr,gate_V2,2026-06-30,20,100,False,-0.1091062137240779,-0.1575277527752775
W-corr,gate_V2,2026-07-07,5,100,False,-0.0485982360824084,0.0183018301830183
W-corr,gate_V2,2026-07-07,20,100,False,0.13841589024106407,0.13992199219921989
W-corr,gate_V2,2026-07-14,5,100,False,0.23968204623214753,0.22179417941794177
W-corr,gate_V2,2026-07-14,20,100,False,0.2631796098423162,0.38876687668766874
W-corr,gate_V2,2026-07-21,5,100,False,-0.009857451120798251,-0.05532553255325532
W-corr,gate_V2,2026-07-21,20,100,False,0.31752706601499553,0.3232763276327632
W-corr,gate_V2,2026-07-28,5,100,False,-0.057586594700602595,0.03295529552955295
W-corr,gate_V2,2026-07-28,20,100,False,0.1458594742791645,0.2378277827782778
W-corr,gate_V2,2026-08-04,5,100,False,0.33386210433390673,0.30441044104410436
W-corr,gate_V2,2026-08-04,20,0,True,,
W-corr,gate_V2,2026-08-11,5,100,False,-0.19008336511987003,-0.05440144014401439
W-corr,gate_V2,2026-08-11,20,0,True,,
W-corr,gate_V2,2026-08-18,5,100,False,-0.0057057617158633635,0.049372937293729366
W-corr,gate_V2,2026-08-18,20,0,True,,
W-corr,gate_V2,2026-08-25,5,0,True,,
W-corr,gate_V2,2026-08-25,20,0,True,,
W-corr,gate_V3,2025-04-02,5,100,False,0.39146243650753904,0.3488268826882688
W-corr,gate_V3,2025-04-02,20,100,False,0.4080148883721859,0.3512511251125113
W-corr,gate_V3,2025-04-10,5,100,False,0.3792833764511183,0.1869372545380587
W-corr,gate_V3,2025-04-10,20,100,False,-0.2681235105278099,-0.2047404740474047
W-corr,gate_V3,2025-04-17,5,100,False,-0.15052480059846834,-0.14845484548454843
W-corr,gate_V3,2025-04-17,20,100,False,-0.3433488075015196,-0.29231323132313225
W-corr,gate_V3,2025-04-24,5,100,False,-0.10101967415771249,-0.06613861386138613
W-corr,gate_V3,2025-04-24,20,100,False,-0.10282439662457385,-0.1761056105610561
W-corr,gate_V3,2025-05-06,5,100,False,0.08405881073615047,0.12558693545491703
W-corr,gate_V3,2025-05-06,20,100,False,-0.00666319070904505,-0.06894689468946895
W-corr,gate_V3,2025-05-13,5,99,False,-0.0007420505437304708,0.057513914656771796
W-corr,gate_V3,2025-05-13,20,99,False,-0.08913189576206042,-0.007272727272727272
W-corr,gate_V3,2025-05-20,5,99,False,0.001353250374647508,0.06489815985856584
W-corr,gate_V3,2025-05-20,20,99,False,-0.015347249417639918,-0.049350649350649346
W-corr,gate_V3,2025-05-27,5,100,False,-0.21774822990710044,-0.22413441344134413
W-corr,gate_V3,2025-05-27,20,100,False,0.03559127318193614,-0.018217821782178217
W-corr,gate_V3,2025-06-04,5,100,False,0.04099687493205364,0.11787578757875786
W-corr,gate_V3,2025-06-04,20,100,False,0.14594394175388725,0.21442544254425439
W-corr,gate_V3,2025-06-11,5,100,False,-0.20179768995690262,-0.09362764364771708
W-corr,gate_V3,2025-06-11,20,100,False,-0.0683921945585806,0.16175217521752172
W-corr,gate_V3,2025-06-18,5,100,False,0.014364321758246043,-0.02420078309277857
W-corr,gate_V3,2025-06-18,20,100,False,-0.21989052440347323,-0.24667266726672663
W-corr,gate_V3,2025-06-25,5,100,False,-0.13031058474345292,-0.059706149733691274
W-corr,gate_V3,2025-06-25,20,100,False,-0.1844779208744135,-0.315043504350435
W-corr,gate_V3,2025-07-02,5,100,False,0.06324103411534504,0.07296729672967295
W-corr,gate_V3,2025-07-02,20,100,False,0.1520190626886134,0.27971197119711966
W-corr,gate_V3,2025-07-09,5,100,False,-0.09229110840884684,0.05096909690969096
W-corr,gate_V3,2025-07-09,20,100,False,0.084818640597343,0.11684368436843683
W-corr,gate_V3,2025-07-16,5,100,False,0.08867320076578133,-0.017617761776177618
W-corr,gate_V3,2025-07-16,20,100,False,0.11557570455551065,0.009072907290729071
W-corr,gate_V3,2025-07-23,5,100,False,0.22523950639955834,0.29406540654065405
W-corr,gate_V3,2025-07-23,20,100,False,0.3326324734374377,0.3529432943294329
W-corr,gate_V3,2025-07-30,5,100,False,-0.253693122652424,-0.40131533548136067
W-corr,gate_V3,2025-07-30,20,100,False,-0.20867957435399728,-0.18487848784878488
W-corr,gate_V3,2025-08-06,5,99,False,0.11433245817942222,0.1334817563388992
W-corr,gate_V3,2025-08-06,20,99,False,0.1379725439388407,0.19429808286951145
W-corr,gate_V3,2025-08-13,5,99,False,0.045981561474096266,0.10684634151671833
W-corr,gate_V3,2025-08-13,20,99,False,0.23359192832365797,0.4342733457019171
W-corr,gate_V3,2025-08-20,5,100,False,-0.07020237079328025,0.09196519651965196
W-corr,gate_V3,2025-08-20,20,100,False,0.020361141084856097,0.07013501350135012
W-corr,gate_V3,2025-08-27,5,100,False,0.1681556645473433,0.2757515751575157
W-corr,gate_V3,2025-08-27,20,100,False,0.10030781776303675,0.2221668831899684
W-corr,gate_V3,2025-09-03,5,100,False,0.19834920563387834,0.13522952295229523
W-corr,gate_V3,2025-09-03,20,100,False,0.4033949762155966,0.5192079207920791
W-corr,gate_V3,2025-09-10,5,100,False,-0.07222186033988416,-0.14871331747236893
W-corr,gate_V3,2025-09-10,20,100,False,-0.012513034934591431,-0.03438343834383438
W-corr,gate_V3,2025-09-17,5,100,False,-0.3250178688323934,-0.26467446744674467
W-corr,gate_V3,2025-09-17,20,100,False,0.08525695526908933,0.19020159076470475
W-corr,gate_V3,2025-09-24,5,100,False,0.2981606511653371,0.39827182718271825
W-corr,gate_V3,2025-09-24,20,100,False,0.26621516415559726,0.22726672667266723
W-corr,gate_V3,2025-10-09,5,100,False,0.29374862300401816,0.2937448994498904
W-corr,gate_V3,2025-10-09,20,100,False,0.11087889116819102,0.15323132313231322
W-corr,gate_V3,2025-10-16,5,100,False,-0.19083544289040372,-0.13524152415241522
W-corr,gate_V3,2025-10-16,20,100,False,-0.11743233720608375,-0.11356735673567354
W-corr,gate_V3,2025-10-23,5,100,False,0.3318421860961744,0.2995379537953795
W-corr,gate_V3,2025-10-23,20,100,False,0.3686220695564756,0.3264206420642064
W-corr,gate_V3,2025-10-30,5,100,False,0.04273237636104077,0.04742874287428742
W-corr,gate_V3,2025-10-30,20,100,False,0.231699850794874,0.19965196519651962
W-corr,gate_V3,2025-11-06,5,100,False,0.1551918228516396,0.22350502101817074
W-corr,gate_V3,2025-11-06,20,100,False,0.0711313471589158,0.10391839183918392
W-corr,gate_V3,2025-11-13,5,100,False,0.267770078450005,0.033219321932193215
W-corr,gate_V3,2025-11-13,20,100,False,-0.16290852258024172,-0.15686768676867685
W-corr,gate_V3,2025-11-20,5,100,False,0.18162020832040915,0.07464746474647464
W-corr,gate_V3,2025-11-20,20,100,False,0.002496589558342944,0.0033003300330033
W-corr,gate_V3,2025-11-27,5,100,False,0.23939104212908668,0.11078307830783077
W-corr,gate_V3,2025-11-27,20,100,False,0.13085573888407645,0.1274287428742874
W-corr,gate_V3,2025-12-04,5,99,False,-0.17930421158318557,0.021286332714904144
W-corr,gate_V3,2025-12-04,20,99,False,0.11026301089766107,0.18666666666666665
W-corr,gate_V3,2025-12-11,5,99,False,-0.3015020526335792,-0.22102659245516387
W-corr,gate_V3,2025-12-11,20,99,False,0.24472093123937913,0.36951144094001237
W-corr,gate_V3,2025-12-18,5,100,False,0.5209411690289304,0.5522232223222321
W-corr,gate_V3,2025-12-18,20,100,False,0.24114005541335834,0.3445544554455445
W-corr,gate_V3,2025-12-25,5,100,False,0.023199031025993907,0.1383862537847626
W-corr,gate_V3,2025-12-25,20,100,False,-0.17430304770768357,-0.09642964296429642
W-corr,gate_V3,2026-01-05,5,100,False,0.0678887157400725,0.16937293729372935
W-corr,gate_V3,2026-01-05,20,100,False,-0.121907284570079,-0.15287128712871287
W-corr,gate_V3,2026-01-12,5,99,False,-0.16174911195374964,-0.1854421768707483
W-corr,gate_V3,2026-01-12,20,99,False,-0.1841188072159835,-0.1598268398268398
W-corr,gate_V3,2026-01-19,5,99,False,0.05514310424281233,-0.047544836116264685
W-corr,gate_V3,2026-01-19,20,99,False,0.08294435340841945,0.07354359925788496
W-corr,gate_V3,2026-01-26,5,100,False,-0.08005253509073214,-0.2778877887788779
W-corr,gate_V3,2026-01-26,20,100,False,-0.13248260696002814,-0.23858385838583857
W-corr,gate_V3,2026-02-02,5,100,False,0.14481958669987,0.21060906090609058
W-corr,gate_V3,2026-02-02,20,100,False,-0.0642556715372689,-0.04020402040204019
W-corr,gate_V3,2026-02-09,5,100,False,0.13872483043527092,0.14927737557035553
W-corr,gate_V3,2026-02-09,20,100,False,-0.10938800833451687,-0.2011161116111611
W-corr,gate_V3,2026-02-24,5,100,False,-0.3790269334500284,-0.4167296729672967
W-corr,gate_V3,2026-02-24,20,100,False,-0.17358855188549646,-0.21964596459645963
W-corr,gate_V3,2026-03-03,5,99,False,-0.1703580009605626,-0.08448979591836733
W-corr,gate_V3,2026-03-03,20,99,False,-0.11676778549353499,-0.07460729746444032
W-corr,gate_V3,2026-03-10,5,99,False,0.04003085417019265,-0.037884972170686454
W-corr,gate_V3,2026-03-10,20,99,False,-0.05266497641618442,-0.08284477427334569
W-corr,gate_V3,2026-03-17,5,100,False,-0.21621791338807142,-0.27679567956795675
W-corr,gate_V3,2026-03-17,20,100,False,0.11118375491972757,0.13826582658265824
W-corr,gate_V3,2026-03-24,5,100,False,-0.08498953753503946,0.03702370237023701
W-corr,gate_V3,2026-03-24,20,100,False,0.23163387423203657,0.3387338733873387
W-corr,gate_V3,2026-03-31,5,100,False,0.2937229575699072,0.5996159615961595
W-corr,gate_V3,2026-03-31,20,100,False,0.11790611614691528,0.17513351335133512
W-corr,gate_V3,2026-04-08,5,100,False,0.1541984262674323,0.29027302730273025
W-corr,gate_V3,2026-04-08,20,100,False,0.145899333955588,0.19098709870987096
W-corr,gate_V3,2026-04-15,5,100,False,0.18525263221419996,0.25677767776777677
W-corr,gate_V3,2026-04-15,20,100,False,0.11664091933346891,0.13365736573657364
W-corr,gate_V3,2026-04-22,5,100,False,-0.09075293975145006,-0.1295049504950495
W-corr,gate_V3,2026-04-22,20,100,False,-0.01389790717087458,-0.055229522952295225
W-corr,gate_V3,2026-04-29,5,100,False,0.02388516266109096,-0.08895289528952895
W-corr,gate_V3,2026-04-29,20,100,False,-0.37131259495595625,-0.5064386438643864
W-corr,gate_V3,2026-05-11,5,100,False,0.022919293171607808,-0.21876987698769873
W-corr,gate_V3,2026-05-11,20,100,False,0.025911300671698893,-0.006792679267926792
W-corr,gate_V3,2026-05-18,5,100,False,0.023390928808618865,-0.07569156915691569
W-corr,gate_V3,2026-05-18,20,100,False,0.0010350036714691846,-0.08367236723672367
W-corr,gate_V3,2026-05-25,5,100,False,-0.1314175814385445,-0.2735793579357935
W-corr,gate_V3,2026-05-25,20,100,False,0.007729535322283354,-0.08926492649264925
W-corr,gate_V3,2026-06-01,5,100,False,-0.05093904961295613,-0.0836003600360036
W-corr,gate_V3,2026-06-01,20,100,False,-0.2847698442270301,-0.41808580858085803
W-corr,gate_V3,2026-06-08,5,100,False,0.2602902471330349,0.32398439843984395
W-corr,gate_V3,2026-06-08,20,100,False,0.28383716939869963,0.24680468046804677
W-corr,gate_V3,2026-06-15,5,100,False,0.3110050948221899,0.24109210921092109
W-corr,gate_V3,2026-06-15,20,100,False,-0.36653733409930844,-0.4656585658565856
W-corr,gate_V3,2026-06-23,5,100,False,-0.043670298635167956,-0.06034203420342033
W-corr,gate_V3,2026-06-23,20,100,False,-0.34380828275984165,-0.4399519951995199
W-corr,gate_V3,2026-06-30,5,100,False,0.017017702285464214,-0.026882688268826883
W-corr,gate_V3,2026-06-30,20,100,False,-0.1091062137240779,-0.1575277527752775
W-corr,gate_V3,2026-07-07,5,100,False,-0.0485982360824084,0.0183018301830183
W-corr,gate_V3,2026-07-07,20,100,False,0.13841589024106407,0.13992199219921989
W-corr,gate_V3,2026-07-14,5,100,False,0.23968204623214753,0.22179417941794177
W-corr,gate_V3,2026-07-14,20,100,False,0.2631796098423162,0.38876687668766874
W-corr,gate_V3,2026-07-21,5,100,False,-0.009857451120798251,-0.05532553255325532
W-corr,gate_V3,2026-07-21,20,100,False,0.31752706601499553,0.3232763276327632
W-corr,gate_V3,2026-07-28,5,100,False,-0.057586594700602595,0.03295529552955295
W-corr,gate_V3,2026-07-28,20,100,False,0.1458594742791645,0.2378277827782778
W-corr,gate_V3,2026-08-04,5,100,False,0.33386210433390673,0.30441044104410436
W-corr,gate_V3,2026-08-04,20,0,True,,
W-corr,gate_V3,2026-08-11,5,100,False,-0.19008336511987003,-0.05440144014401439
W-corr,gate_V3,2026-08-11,20,0,True,,
W-corr,gate_V3,2026-08-18,5,100,False,-0.0057057617158633635,0.049372937293729366
W-corr,gate_V3,2026-08-18,20,0,True,,
W-corr,gate_V3,2026-08-25,5,0,True,,
W-corr,gate_V3,2026-08-25,20,0,True,,
W-ind,alpha_0.00,2025-04-02,5,100,False,0.25451631947820447,0.2725352535253525
W-ind,alpha_0.00,2025-04-02,20,100,False,0.2864168059481744,0.27003900390039
W-ind,alpha_0.00,2025-04-10,5,100,False,0.3170828186223358,0.1598204615082546
W-ind,alpha_0.00,2025-04-10,20,100,False,-0.25145866732884486,-0.17624962496249622
W-ind,alpha_0.00,2025-04-17,5,100,False,-0.15938670579842673,-0.18985898589858985
W-ind,alpha_0.00,2025-04-17,20,100,False,-0.30572738657562465,-0.2733033303330333
W-ind,alpha_0.00,2025-04-24,5,100,False,-0.08423846705129488,-0.06087008700870087
W-ind,alpha_0.00,2025-04-24,20,100,False,-0.0887770328585783,-0.15695169516951693
W-ind,alpha_0.00,2025-05-06,5,100,False,0.12068644731983875,0.1356859756561032
W-ind,alpha_0.00,2025-05-06,20,100,False,-0.019344152435201586,-0.05299729972997299
W-ind,alpha_0.00,2025-05-13,5,99,False,0.010658641188288702,0.05709338280766852
W-ind,alpha_0.00,2025-05-13,20,99,False,-0.055035716225751846,-0.0031292517006802716
W-ind,alpha_0.00,2025-05-20,5,99,False,-0.045818699856164075,-0.007946839662498295
W-ind,alpha_0.00,2025-05-20,20,99,False,-0.015122828541599343,-0.04962275819418677
W-ind,alpha_0.00,2025-05-27,5,100,False,-0.24926333214533924,-0.2503210321032103
W-ind,alpha_0.00,2025-05-27,20,100,False,0.04642537383242904,-0.022058205820582055
W-ind,alpha_0.00,2025-06-04,5,100,False,0.007444614754141254,0.10695469546954693
W-ind,alpha_0.00,2025-06-04,20,100,False,0.13227741498124948,0.19732373237323728
W-ind,alpha_0.00,2025-06-11,5,100,False,-0.18856191843948128,-0.063552545912515
W-ind,alpha_0.00,2025-06-11,20,100,False,-0.10073938501849722,0.14820282028202816
W-ind,alpha_0.00,2025-06-18,5,100,False,0.04907462399158637,-0.01821809508298431
W-ind,alpha_0.00,2025-06-18,20,100,False,-0.1824216692119802,-0.22299429942994298
W-ind,alpha_0.00,2025-06-25,5,100,False,-0.1074712362961894,-0.023858457421221755
W-ind,alpha_0.00,2025-06-25,20,100,False,-0.13948574901263627,-0.25448544854485444
W-ind,alpha_0.00,2025-07-02,5,100,False,0.03889629992711781,0.0555055505550555
W-ind,alpha_0.00,2025-07-02,20,100,False,0.13247313955943396,0.2435283528352835
W-ind,alpha_0.00,2025-07-09,5,100,False,-0.08399589756792276,0.05142514251425142
W-ind,alpha_0.00,2025-07-09,20,100,False,0.062217155670000364,0.06988298829882987
W-ind,alpha_0.00,2025-07-16,5,100,False,0.08293205954993466,-0.05138913891389139
W-ind,alpha_0.00,2025-07-16,20,100,False,0.10801246461245585,-0.015457545754575454
W-ind,alpha_0.00,2025-07-23,5,100,False,0.1943114734778023,0.25196519651965193
W-ind,alpha_0.00,2025-07-23,20,100,False,0.29902634974699993,0.28328832883288324
W-ind,alpha_0.00,2025-07-30,5,100,False,-0.26052545679118366,-0.345437580072302
W-ind,alpha_0.00,2025-07-30,20,100,False,-0.1585219001626536,-0.12686468646864685
W-ind,alpha_0.00,2025-08-06,5,99,False,0.038982222959558804,0.06048237476808905
W-ind,alpha_0.00,2025-08-06,20,99,False,0.07937245334233975,0.09628942486085344
W-ind,alpha_0.00,2025-08-13,5,99,False,0.016703855737623355,0.10331509992349923
W-ind,alpha_0.00,2025-08-13,20,99,False,0.16153575441176576,0.36056895485466905
W-ind,alpha_0.00,2025-08-20,5,100,False,-0.018153100318214238,0.05689768976897689
W-ind,alpha_0.00,2025-08-20,20,100,False,0.01817024823703758,0.03643564356435643
W-ind,alpha_0.00,2025-08-27,5,100,False,0.15592040485147468,0.2672907290729073
W-ind,alpha_0.00,2025-08-27,20,100,False,0.08233313482421648,0.19324390412299436
W-ind,alpha_0.00,2025-09-03,5,100,False,0.14326369925497281,0.07055505550555054
W-ind,alpha_0.00,2025-09-03,20,100,False,0.3071333978964144,0.3768496849684968
W-ind,alpha_0.00,2025-09-10,5,100,False,-0.010906230027834666,-0.08618687724874448
W-ind,alpha_0.00,2025-09-10,20,100,False,-0.01932949330595784,-0.04025202520252025
W-ind,alpha_0.00,2025-09-17,5,100,False,-0.3440773953255957,-0.252025202520252
W-ind,alpha_0.00,2025-09-17,20,100,False,0.038570783841360964,0.17330985091542425
W-ind,alpha_0.00,2025-09-24,5,100,False,0.2082958900067027,0.30187818781878184
W-ind,alpha_0.00,2025-09-24,20,100,False,0.2410522918277655,0.19877587758775872
W-ind,alpha_0.00,2025-10-09,5,100,False,0.2232416367207082,0.1959339446159058
W-ind,alpha_0.00,2025-10-09,20,100,False,0.038232015563531396,0.047308730873087304
W-ind,alpha_0.00,2025-10-16,5,100,False,-0.2142290696011605,-0.15939993999399937
W-ind,alpha_0.00,2025-10-16,20,100,False,-0.09103201827295639,-0.1075067506750675
W-ind,alpha_0.00,2025-10-23,5,100,False,0.25769845860253,0.23397539753975397
W-ind,alpha_0.00,2025-10-23,20,100,False,0.35558140445233993,0.32105610561056097
W-ind,alpha_0.00,2025-10-30,5,100,False,0.049557057198588904,0.0628142814281428
W-ind,alpha_0.00,2025-10-30,20,100,False,0.22150602624305063,0.21807380738073803
W-ind,alpha_0.00,2025-11-06,5,100,False,0.10640435147203259,0.14474690893227143
W-ind,alpha_0.00,2025-11-06,20,100,False,0.008802780014824027,0.028970897089708972
W-ind,alpha_0.00,2025-11-13,5,100,False,0.28499967141525123,0.09748574857485746
W-ind,alpha_0.00,2025-11-13,20,100,False,-0.13905583528186505,-0.12648064806480647
W-ind,alpha_0.00,2025-11-20,5,100,False,0.1885517466133437,0.03617161716171617
W-ind,alpha_0.00,2025-11-20,20,100,False,-0.016931014658623764,-0.06519051905190518
W-ind,alpha_0.00,2025-11-27,5,100,False,0.22702287384288844,0.10448244824482449
W-ind,alpha_0.00,2025-11-27,20,100,False,0.061091042169820926,0.09164116411641163
W-ind,alpha_0.00,2025-12-04,5,99,False,-0.20239758087100085,-0.04235003092145949
W-ind,alpha_0.00,2025-12-04,20,99,False,0.06921674980476292,0.11539888682745825
W-ind,alpha_0.00,2025-12-11,5,99,False,-0.3240730636743353,-0.22780457637600493
W-ind,alpha_0.00,2025-12-11,20,99,False,0.22291101390482007,0.3584662956091528
W-ind,alpha_0.00,2025-12-18,5,100,False,0.4589724013103545,0.5213201320132013
W-ind,alpha_0.00,2025-12-18,20,100,False,0.2251496035497265,0.3356735673567356
W-ind,alpha_0.00,2025-12-25,5,100,False,-0.008753807996326945,0.07065127708185738
W-ind,alpha_0.00,2025-12-25,20,100,False,-0.18145673473654939,-0.12410441044104409
W-ind,alpha_0.00,2026-01-05,5,100,False,0.08275243951201043,0.20532853285328534
W-ind,alpha_0.00,2026-01-05,20,100,False,-0.11579831958869898,-0.10425442544254425
W-ind,alpha_0.00,2026-01-12,5,99,False,-0.1619860071385663,-0.20424242424242425
W-ind,alpha_0.00,2026-01-12,20,99,False,-0.15966189271368425,-0.149560915275201
W-ind,alpha_0.00,2026-01-19,5,99,False,0.046396829439856714,-0.038800247371675936
W-ind,alpha_0.00,2026-01-19,20,99,False,0.07656412594545486,0.07615337043908471
W-ind,alpha_0.00,2026-01-26,5,100,False,0.020604864091998933,-0.15229522952295227
W-ind,alpha_0.00,2026-01-26,20,100,False,-0.07866020308753936,-0.16070807080708066
W-ind,alpha_0.00,2026-02-02,5,100,False,0.10077716620386533,0.13344134413441341
W-ind,alpha_0.00,2026-02-02,20,100,False,-0.05725560948663017,-0.04488448844884487
W-ind,alpha_0.00,2026-02-09,5,100,False,0.13965683705513784,0.1493913873135656
W-ind,alpha_0.00,2026-02-09,20,100,False,-0.11083250454049916,-0.18738673867386738
W-ind,alpha_0.00,2026-02-24,5,100,False,-0.3426285448291289,-0.37776177617761775
W-ind,alpha_0.00,2026-02-24,20,100,False,-0.1475982106181232,-0.18263426342634262
W-ind,alpha_0.00,2026-03-03,5,99,False,-0.19338638042900783,-0.06440321583178726
W-ind,alpha_0.00,2026-03-03,20,99,False,-0.13593054332642243,-0.055510204081632646
W-ind,alpha_0.00,2026-03-10,5,99,False,0.05651569619752437,-0.03584415584415584
W-ind,alpha_0.00,2026-03-10,20,99,False,-0.06769715014060441,-0.08155844155844155
W-ind,alpha_0.00,2026-03-17,5,100,False,-0.17871561662437496,-0.27507950795079505
W-ind,alpha_0.00,2026-03-17,20,100,False,0.0298293933046284,0.07602760276027602
W-ind,alpha_0.00,2026-03-24,5,100,False,-0.13896271541900895,0.030267026702670265
W-ind,alpha_0.00,2026-03-24,20,100,False,0.16078831507863947,0.32584458445844583
W-ind,alpha_0.00,2026-03-31,5,100,False,0.16277141758708216,0.524080408040804
W-ind,alpha_0.00,2026-03-31,20,100,False,0.07472549179563341,0.13770177017701768
W-ind,alpha_0.00,2026-04-08,5,100,False,0.143185662973699,0.2782478247824782
W-ind,alpha_0.00,2026-04-08,20,100,False,0.15935631700262998,0.21531353135313527
W-ind,alpha_0.00,2026-04-15,5,100,False,0.1764442331437039,0.23266726672667265
W-ind,alpha_0.00,2026-04-15,20,100,False,0.13638713915177772,0.1686648664866486
W-ind,alpha_0.00,2026-04-22,5,100,False,-0.048474928506620024,-0.08044404440444045
W-ind,alpha_0.00,2026-04-22,20,100,False,0.015522858444380547,-0.011017101710171015
W-ind,alpha_0.00,2026-04-29,5,100,False,0.06099158497349125,-0.05964596459645964
W-ind,alpha_0.00,2026-04-29,20,100,False,-0.2783513620472943,-0.39521152115211516
W-ind,alpha_0.00,2026-05-11,5,100,False,0.0497404566840371,-0.1777017701770177
W-ind,alpha_0.00,2026-05-11,20,100,False,0.05555691723434593,0.004992499249924992
W-ind,alpha_0.00,2026-05-18,5,100,False,0.0684093981078616,-0.05707770777077707
W-ind,alpha_0.00,2026-05-18,20,100,False,0.03238220586496699,-0.043708370837083704
W-ind,alpha_0.00,2026-05-25,5,100,False,-0.07086660611188682,-0.23534353435343533
W-ind,alpha_0.00,2026-05-25,20,100,False,-0.004708891426175815,-0.10985898589858985
W-ind,alpha_0.00,2026-06-01,5,100,False,-0.08815418856548603,-0.1233003300330033
W-ind,alpha_0.00,2026-06-01,20,100,False,-0.22336799955021838,-0.36229222922292226
W-ind,alpha_0.00,2026-06-08,5,100,False,0.18301797001016223,0.23662766276627656
W-ind,alpha_0.00,2026-06-08,20,100,False,0.20606733397017896,0.1697929792979298
W-ind,alpha_0.00,2026-06-15,5,100,False,0.2853746270081837,0.17330933093309328
W-ind,alpha_0.00,2026-06-15,20,100,False,-0.3437059917783187,-0.4992019201920192
W-ind,alpha_0.00,2026-06-23,5,100,False,-0.11132217940793862,-0.08088808880888088
W-ind,alpha_0.00,2026-06-23,20,100,False,-0.23969909337627784,-0.3431503150315031
W-ind,alpha_0.00,2026-06-30,5,100,False,0.00970169228734612,-0.02347434743474347
W-ind,alpha_0.00,2026-06-30,20,100,False,-0.05591549541995396,-0.10485448544854484
W-ind,alpha_0.00,2026-07-07,5,100,False,-0.04260334665185003,0.01948994899489949
W-ind,alpha_0.00,2026-07-07,20,100,False,0.13745852288155064,0.16844884488448847
W-ind,alpha_0.00,2026-07-14,5,100,False,0.20028005525317466,0.18917491749174914
W-ind,alpha_0.00,2026-07-14,20,100,False,0.23366692110263979,0.35278727872787274
W-ind,alpha_0.00,2026-07-21,5,100,False,-0.022095182338598862,-0.06820282028202819
W-ind,alpha_0.00,2026-07-21,20,100,False,0.24199272433352706,0.2545934593459346
W-ind,alpha_0.00,2026-07-28,5,100,False,-0.13726622024730922,-0.0317071707170717
W-ind,alpha_0.00,2026-07-28,20,100,False,0.07532688473381546,0.17719771977197715
W-ind,alpha_0.00,2026-08-04,5,100,False,0.30391702680127725,0.24506450645064504
W-ind,alpha_0.00,2026-08-04,20,0,True,,
W-ind,alpha_0.00,2026-08-11,5,100,False,-0.165848845952989,-0.04014401440144014
W-ind,alpha_0.00,2026-08-11,20,0,True,,
W-ind,alpha_0.00,2026-08-18,5,100,False,-0.00019713273668816626,0.057653765376537644
W-ind,alpha_0.00,2026-08-18,20,0,True,,
W-ind,alpha_0.00,2026-08-25,5,0,True,,
W-ind,alpha_0.00,2026-08-25,20,0,True,,
W-ind,alpha_0.05,2025-04-02,5,100,False,0.25451631947820436,0.2725352535253525
W-ind,alpha_0.05,2025-04-02,20,100,False,0.28641680594817437,0.27003900390039
W-ind,alpha_0.05,2025-04-10,5,100,False,0.31708281862233595,0.1598204615082546
W-ind,alpha_0.05,2025-04-10,20,100,False,-0.25145866732884525,-0.17624962496249622
W-ind,alpha_0.05,2025-04-17,5,100,False,-0.15938670579842693,-0.18985898589858985
W-ind,alpha_0.05,2025-04-17,20,100,False,-0.3057273865756247,-0.2733033303330333
W-ind,alpha_0.05,2025-04-24,5,100,False,-0.08423846705129484,-0.06087008700870087
W-ind,alpha_0.05,2025-04-24,20,100,False,-0.08877703285857824,-0.15695169516951693
W-ind,alpha_0.05,2025-05-06,5,100,False,0.12068644731983871,0.1356859756561032
W-ind,alpha_0.05,2025-05-06,20,100,False,-0.019344152435201597,-0.05299729972997299
W-ind,alpha_0.05,2025-05-13,5,99,False,0.010659102550362157,0.05709338280766852
W-ind,alpha_0.05,2025-05-13,20,99,False,-0.05503468584686441,-0.0031292517006802716
W-ind,alpha_0.05,2025-05-20,5,99,False,-0.045819069163234256,-0.007946839662498295
W-ind,alpha_0.05,2025-05-20,20,99,False,-0.01512395386943703,-0.04962275819418677
W-ind,alpha_0.05,2025-05-27,5,100,False,-0.24926333214533875,-0.2503210321032103
W-ind,alpha_0.05,2025-05-27,20,100,False,0.04642537383242898,-0.022058205820582055
W-ind,alpha_0.05,2025-06-04,5,100,False,0.0074446147541412785,0.10695469546954693
W-ind,alpha_0.05,2025-06-04,20,100,False,0.13227741498124945,0.19732373237323728
W-ind,alpha_0.05,2025-06-11,5,100,False,-0.18856191843948128,-0.063552545912515
W-ind,alpha_0.05,2025-06-11,20,100,False,-0.10073938501849722,0.14820282028202816
W-ind,alpha_0.05,2025-06-18,5,100,False,0.04907462399158636,-0.01821809508298431
W-ind,alpha_0.05,2025-06-18,20,100,False,-0.18242166921198016,-0.22299429942994298
W-ind,alpha_0.05,2025-06-25,5,100,False,-0.10747123629618936,-0.023858457421221755
W-ind,alpha_0.05,2025-06-25,20,100,False,-0.1394857490126362,-0.25448544854485444
W-ind,alpha_0.05,2025-07-02,5,100,False,0.03889629992711787,0.0555055505550555
W-ind,alpha_0.05,2025-07-02,20,100,False,0.13247313955943385,0.2435283528352835
W-ind,alpha_0.05,2025-07-09,5,100,False,-0.08399589756792271,0.05142514251425142
W-ind,alpha_0.05,2025-07-09,20,100,False,0.062217155670000426,0.06988298829882987
W-ind,alpha_0.05,2025-07-16,5,100,False,0.08293205954993463,-0.05138913891389139
W-ind,alpha_0.05,2025-07-16,20,100,False,0.10801246461245585,-0.015457545754575454
W-ind,alpha_0.05,2025-07-23,5,100,False,0.1943114734778021,0.25196519651965193
W-ind,alpha_0.05,2025-07-23,20,100,False,0.29902634974700015,0.28328832883288324
W-ind,alpha_0.05,2025-07-30,5,100,False,-0.26052545679118366,-0.345437580072302
W-ind,alpha_0.05,2025-07-30,20,100,False,-0.15852190016265352,-0.12686468646864685
W-ind,alpha_0.05,2025-08-06,5,99,False,0.038985706989662194,0.06048237476808905
W-ind,alpha_0.05,2025-08-06,20,99,False,0.079376730920713,0.09628942486085344
W-ind,alpha_0.05,2025-08-13,5,99,False,0.016706014953178406,0.10331509992349923
W-ind,alpha_0.05,2025-08-13,20,99,False,0.16153673645120842,0.36056895485466905
W-ind,alpha_0.05,2025-08-20,5,100,False,-0.01815310031821422,0.05689768976897689
W-ind,alpha_0.05,2025-08-20,20,100,False,0.018170248237037584,0.03643564356435643
W-ind,alpha_0.05,2025-08-27,5,100,False,0.15592040485147463,0.2672907290729073
W-ind,alpha_0.05,2025-08-27,20,100,False,0.08233313482421649,0.19324390412299436
W-ind,alpha_0.05,2025-09-03,5,100,False,0.1432636992549728,0.07055505550555054
W-ind,alpha_0.05,2025-09-03,20,100,False,0.30713339789641453,0.3768496849684968
W-ind,alpha_0.05,2025-09-10,5,100,False,-0.010906230027834654,-0.08618687724874448
W-ind,alpha_0.05,2025-09-10,20,100,False,-0.019329493305957787,-0.04025202520252025
W-ind,alpha_0.05,2025-09-17,5,100,False,-0.3440773953255957,-0.252025202520252
W-ind,alpha_0.05,2025-09-17,20,100,False,0.03857078384136095,0.17330985091542425
W-ind,alpha_0.05,2025-09-24,5,100,False,0.20829589000670254,0.30187818781878184
W-ind,alpha_0.05,2025-09-24,20,100,False,0.2410522918277656,0.19877587758775872
W-ind,alpha_0.05,2025-10-09,5,100,False,0.22324163672070838,0.1959339446159058
W-ind,alpha_0.05,2025-10-09,20,100,False,0.0382320155635314,0.047308730873087304
W-ind,alpha_0.05,2025-10-16,5,100,False,-0.2142290696011605,-0.15939993999399937
W-ind,alpha_0.05,2025-10-16,20,100,False,-0.09103201827295644,-0.1075067506750675
W-ind,alpha_0.05,2025-10-23,5,100,False,0.25769845860253004,0.23397539753975397
W-ind,alpha_0.05,2025-10-23,20,100,False,0.35558140445234004,0.32105610561056097
W-ind,alpha_0.05,2025-10-30,5,100,False,0.04955705719858888,0.0628142814281428
W-ind,alpha_0.05,2025-10-30,20,100,False,0.22150602624305066,0.21807380738073803
W-ind,alpha_0.05,2025-11-06,5,100,False,0.10640435147203255,0.14474690893227143
W-ind,alpha_0.05,2025-11-06,20,100,False,0.00880278001482404,0.028970897089708972
W-ind,alpha_0.05,2025-11-13,5,100,False,0.2849996714152511,0.09748574857485746
W-ind,alpha_0.05,2025-11-13,20,100,False,-0.13905583528186505,-0.12648064806480647
W-ind,alpha_0.05,2025-11-20,5,100,False,0.18855174661334378,0.03617161716171617
W-ind,alpha_0.05,2025-11-20,20,100,False,-0.016931014658623754,-0.06519051905190518
W-ind,alpha_0.05,2025-11-27,5,100,False,0.22702287384288844,0.10448244824482449
W-ind,alpha_0.05,2025-11-27,20,100,False,0.061091042169820906,0.09164116411641163
W-ind,alpha_0.05,2025-12-04,5,99,False,-0.20239708574194565,-0.04235003092145949
W-ind,alpha_0.05,2025-12-04,20,99,False,0.06921699932806244,0.11539888682745825
W-ind,alpha_0.05,2025-12-11,5,99,False,-0.3240728206787212,-0.22780457637600493
W-ind,alpha_0.05,2025-12-11,20,99,False,0.22291071754468156,0.3584662956091528
W-ind,alpha_0.05,2025-12-18,5,100,False,0.4589724013103542,0.5213201320132013
W-ind,alpha_0.05,2025-12-18,20,100,False,0.22514960354972652,0.3356735673567356
W-ind,alpha_0.05,2025-12-25,5,100,False,-0.008753807996326902,0.07065127708185738
W-ind,alpha_0.05,2025-12-25,20,100,False,-0.1814567347365492,-0.12410441044104409
W-ind,alpha_0.05,2026-01-05,5,100,False,0.0827524395120104,0.20532853285328534
W-ind,alpha_0.05,2026-01-05,20,100,False,-0.11579831958869899,-0.10425442544254425
W-ind,alpha_0.05,2026-01-12,5,99,False,-0.1619870474161974,-0.20424242424242425
W-ind,alpha_0.05,2026-01-12,20,99,False,-0.15966392820314382,-0.149560915275201
W-ind,alpha_0.05,2026-01-19,5,99,False,0.046394454026029465,-0.038800247371675936
W-ind,alpha_0.05,2026-01-19,20,99,False,0.07656154373002393,0.07615337043908471
W-ind,alpha_0.05,2026-01-26,5,100,False,0.020604864091998926,-0.15229522952295227
W-ind,alpha_0.05,2026-01-26,20,100,False,-0.07866020308753932,-0.16070807080708066
W-ind,alpha_0.05,2026-02-02,5,100,False,0.10077716620386545,0.13344134413441341
W-ind,alpha_0.05,2026-02-02,20,100,False,-0.0572556094866302,-0.04488448844884487
W-ind,alpha_0.05,2026-02-09,5,100,False,0.1396568370551377,0.1493913873135656
W-ind,alpha_0.05,2026-02-09,20,100,False,-0.11083250454049917,-0.18738673867386738
W-ind,alpha_0.05,2026-02-24,5,100,False,-0.342628544829129,-0.37776177617761775
W-ind,alpha_0.05,2026-02-24,20,100,False,-0.1475982106181233,-0.18263426342634262
W-ind,alpha_0.05,2026-03-03,5,99,False,-0.19338598488576728,-0.06440321583178726
W-ind,alpha_0.05,2026-03-03,20,99,False,-0.13593071244448693,-0.055510204081632646
W-ind,alpha_0.05,2026-03-10,5,99,False,0.05651370616422886,-0.03584415584415584
W-ind,alpha_0.05,2026-03-10,20,99,False,-0.06769786513978748,-0.08155844155844155
W-ind,alpha_0.05,2026-03-17,5,100,False,-0.17871561662437502,-0.27507950795079505
W-ind,alpha_0.05,2026-03-17,20,100,False,0.02982939330462845,0.07602760276027602
W-ind,alpha_0.05,2026-03-24,5,100,False,-0.13896271541900898,0.030267026702670265
W-ind,alpha_0.05,2026-03-24,20,100,False,0.1607883150786395,0.32584458445844583
W-ind,alpha_0.05,2026-03-31,5,100,False,0.1627714175870821,0.524080408040804
W-ind,alpha_0.05,2026-03-31,20,100,False,0.0747254917956335,0.13770177017701768
W-ind,alpha_0.05,2026-04-08,5,100,False,0.14318566297369897,0.2782478247824782
W-ind,alpha_0.05,2026-04-08,20,100,False,0.15935631700262995,0.21531353135313527
W-ind,alpha_0.05,2026-04-15,5,100,False,0.17644423314370397,0.23266726672667265
W-ind,alpha_0.05,2026-04-15,20,100,False,0.13638713915177775,0.1686648664866486
W-ind,alpha_0.05,2026-04-22,5,100,False,-0.04847492850662003,-0.08044404440444045
W-ind,alpha_0.05,2026-04-22,20,100,False,0.015522858444380519,-0.011017101710171015
W-ind,alpha_0.05,2026-04-29,5,100,False,0.060991584973491254,-0.05964596459645964
W-ind,alpha_0.05,2026-04-29,20,100,False,-0.2783513620472943,-0.39521152115211516
W-ind,alpha_0.05,2026-05-11,5,100,False,0.049740456684037065,-0.1777017701770177
W-ind,alpha_0.05,2026-05-11,20,100,False,0.055556917234345936,0.004992499249924992
W-ind,alpha_0.05,2026-05-18,5,100,False,0.06840939810786166,-0.05707770777077707
W-ind,alpha_0.05,2026-05-18,20,100,False,0.032382205864967,-0.043708370837083704
W-ind,alpha_0.05,2026-05-25,5,100,False,-0.07086660611188676,-0.23534353435343533
W-ind,alpha_0.05,2026-05-25,20,100,False,-0.0047088914261757975,-0.10985898589858985
W-ind,alpha_0.05,2026-06-01,5,100,False,-0.08815418856548592,-0.1233003300330033
W-ind,alpha_0.05,2026-06-01,20,100,False,-0.22336799955021838,-0.36229222922292226
W-ind,alpha_0.05,2026-06-08,5,100,False,0.1830179700101621,0.23662766276627656
W-ind,alpha_0.05,2026-06-08,20,100,False,0.20606733397017898,0.1697929792979298
W-ind,alpha_0.05,2026-06-15,5,100,False,0.28537462700818367,0.17330933093309328
W-ind,alpha_0.05,2026-06-15,20,100,False,-0.34370599177831884,-0.4992019201920192
W-ind,alpha_0.05,2026-06-23,5,100,False,-0.11132217940793862,-0.08088808880888088
W-ind,alpha_0.05,2026-06-23,20,100,False,-0.23969909337627776,-0.3431503150315031
W-ind,alpha_0.05,2026-06-30,5,100,False,0.009701692287346098,-0.02347434743474347
W-ind,alpha_0.05,2026-06-30,20,100,False,-0.05591549541995404,-0.10485448544854484
W-ind,alpha_0.05,2026-07-07,5,100,False,-0.04260334665185012,0.01948994899489949
W-ind,alpha_0.05,2026-07-07,20,100,False,0.13745852288155064,0.16844884488448847
W-ind,alpha_0.05,2026-07-14,5,100,False,0.20028005525317477,0.18917491749174914
W-ind,alpha_0.05,2026-07-14,20,100,False,0.23366692110264,0.35278727872787274
W-ind,alpha_0.05,2026-07-21,5,100,False,-0.022095182338598907,-0.06820282028202819
W-ind,alpha_0.05,2026-07-21,20,100,False,0.24199272433352706,0.2545934593459346
W-ind,alpha_0.05,2026-07-28,5,100,False,-0.13726622024730917,-0.0317071707170717
W-ind,alpha_0.05,2026-07-28,20,100,False,0.07532688473381544,0.17719771977197715
W-ind,alpha_0.05,2026-08-04,5,100,False,0.30391702680127736,0.24506450645064504
W-ind,alpha_0.05,2026-08-04,20,0,True,,
W-ind,alpha_0.05,2026-08-11,5,100,False,-0.1658488459529889,-0.04014401440144014
W-ind,alpha_0.05,2026-08-11,20,0,True,,
W-ind,alpha_0.05,2026-08-18,5,100,False,-0.00019713273668819171,0.057653765376537644
W-ind,alpha_0.05,2026-08-18,20,0,True,,
W-ind,alpha_0.05,2026-08-25,5,0,True,,
W-ind,alpha_0.05,2026-08-25,20,0,True,,
W-ind,alpha_0.20,2025-04-02,5,100,False,0.25451631947820447,0.2725352535253525
W-ind,alpha_0.20,2025-04-02,20,100,False,0.2864168059481745,0.27003900390039
W-ind,alpha_0.20,2025-04-10,5,100,False,0.31708281862233584,0.1598204615082546
W-ind,alpha_0.20,2025-04-10,20,100,False,-0.2514586673288451,-0.17624962496249622
W-ind,alpha_0.20,2025-04-17,5,100,False,-0.15938670579842681,-0.18985898589858985
W-ind,alpha_0.20,2025-04-17,20,100,False,-0.30572738657562465,-0.2733033303330333
W-ind,alpha_0.20,2025-04-24,5,100,False,-0.08423846705129476,-0.06087008700870087
W-ind,alpha_0.20,2025-04-24,20,100,False,-0.08877703285857819,-0.15695169516951693
W-ind,alpha_0.20,2025-05-06,5,100,False,0.12068644731983884,0.1356859756561032
W-ind,alpha_0.20,2025-05-06,20,100,False,-0.019344152435201538,-0.05299729972997299
W-ind,alpha_0.20,2025-05-13,5,99,False,0.01066084160035587,0.05709338280766852
W-ind,alpha_0.20,2025-05-13,20,99,False,-0.055030801867389276,-0.0031292517006802716
W-ind,alpha_0.20,2025-05-20,5,99,False,-0.04582046117303164,-0.007946839662498295
W-ind,alpha_0.20,2025-05-20,20,99,False,-0.015128195638623483,-0.04962275819418677
W-ind,alpha_0.20,2025-05-27,5,100,False,-0.24926333214533886,-0.2503210321032103
W-ind,alpha_0.20,2025-05-27,20,100,False,0.04642537383242902,-0.022058205820582055
W-ind,alpha_0.20,2025-06-04,5,100,False,0.00744461475414125,0.10695469546954693
W-ind,alpha_0.20,2025-06-04,20,100,False,0.13227741498124945,0.19732373237323728
W-ind,alpha_0.20,2025-06-11,5,100,False,-0.18856191843948122,-0.063552545912515
W-ind,alpha_0.20,2025-06-11,20,100,False,-0.10073938501849723,0.14820282028202816
W-ind,alpha_0.20,2025-06-18,5,100,False,0.04907462399158634,-0.01821809508298431
W-ind,alpha_0.20,2025-06-18,20,100,False,-0.18242166921198016,-0.22299429942994298
W-ind,alpha_0.20,2025-06-25,5,100,False,-0.10747123629618931,-0.023858457421221755
W-ind,alpha_0.20,2025-06-25,20,100,False,-0.13948574901263616,-0.25448544854485444
W-ind,alpha_0.20,2025-07-02,5,100,False,0.038896299927117864,0.0555055505550555
W-ind,alpha_0.20,2025-07-02,20,100,False,0.13247313955943393,0.2435283528352835
W-ind,alpha_0.20,2025-07-09,5,100,False,-0.08399589756792274,0.05142514251425142
W-ind,alpha_0.20,2025-07-09,20,100,False,0.0622171556700004,0.06988298829882987
W-ind,alpha_0.20,2025-07-16,5,100,False,0.08293205954993467,-0.05138913891389139
W-ind,alpha_0.20,2025-07-16,20,100,False,0.10801246461245585,-0.015457545754575454
W-ind,alpha_0.20,2025-07-23,5,100,False,0.19431147347780214,0.25196519651965193
W-ind,alpha_0.20,2025-07-23,20,100,False,0.29902634974699993,0.28328832883288324
W-ind,alpha_0.20,2025-07-30,5,100,False,-0.2605254567911836,-0.345437580072302
W-ind,alpha_0.20,2025-07-30,20,100,False,-0.15852190016265355,-0.12686468646864685
W-ind,alpha_0.20,2025-08-06,5,99,False,0.03899883992837653,0.06048237476808905
W-ind,alpha_0.20,2025-08-06,20,99,False,0.07939285508038114,0.09628942486085344
W-ind,alpha_0.20,2025-08-13,5,99,False,0.01671415401965918,0.10331509992349923
W-ind,alpha_0.20,2025-08-13,20,99,False,0.1615404380356595,0.36056895485466905
W-ind,alpha_0.20,2025-08-20,5,100,False,-0.01815310031821421,0.05689768976897689
W-ind,alpha_0.20,2025-08-20,20,100,False,0.01817024823703757,0.03643564356435643
W-ind,alpha_0.20,2025-08-27,5,100,False,0.15592040485147457,0.2672907290729073
W-ind,alpha_0.20,2025-08-27,20,100,False,0.08233313482421649,0.19324390412299436
W-ind,alpha_0.20,2025-09-03,5,100,False,0.14326369925497281,0.07055505550555054
W-ind,alpha_0.20,2025-09-03,20,100,False,0.30713339789641453,0.3768496849684968
W-ind,alpha_0.20,2025-09-10,5,100,False,-0.010906230027834663,-0.08618687724874448
W-ind,alpha_0.20,2025-09-10,20,100,False,-0.019329493305957828,-0.04025202520252025
W-ind,alpha_0.20,2025-09-17,5,100,False,-0.3440773953255957,-0.252025202520252
W-ind,alpha_0.20,2025-09-17,20,100,False,0.03857078384136095,0.17330985091542425
W-ind,alpha_0.20,2025-09-24,5,100,False,0.2082958900067029,0.30187818781878184
W-ind,alpha_0.20,2025-09-24,20,100,False,0.24105229182776555,0.19877587758775872
W-ind,alpha_0.20,2025-10-09,5,100,False,0.2232416367207081,0.1959339446159058
W-ind,alpha_0.20,2025-10-09,20,100,False,0.0382320155635314,0.047308730873087304
W-ind,alpha_0.20,2025-10-16,5,100,False,-0.21422906960116042,-0.15939993999399937
W-ind,alpha_0.20,2025-10-16,20,100,False,-0.09103201827295639,-0.1075067506750675
W-ind,alpha_0.20,2025-10-23,5,100,False,0.25769845860252993,0.23397539753975397
W-ind,alpha_0.20,2025-10-23,20,100,False,0.35558140445234016,0.32105610561056097
W-ind,alpha_0.20,2025-10-30,5,100,False,0.04955705719858888,0.0628142814281428
W-ind,alpha_0.20,2025-10-30,20,100,False,0.22150602624305077,0.21807380738073803
W-ind,alpha_0.20,2025-11-06,5,100,False,0.10640435147203252,0.14474690893227143
W-ind,alpha_0.20,2025-11-06,20,100,False,0.008802780014823909,0.028970897089708972
W-ind,alpha_0.20,2025-11-13,5,100,False,0.28499967141525123,0.09748574857485746
W-ind,alpha_0.20,2025-11-13,20,100,False,-0.13905583528186496,-0.12648064806480647
W-ind,alpha_0.20,2025-11-20,5,100,False,0.18855174661334392,0.03617161716171617
W-ind,alpha_0.20,2025-11-20,20,100,False,-0.01693101465862376,-0.06519051905190518
W-ind,alpha_0.20,2025-11-27,5,100,False,0.22702287384288844,0.10448244824482449
W-ind,alpha_0.20,2025-11-27,20,100,False,0.0610910421698209,0.09164116411641163
W-ind,alpha_0.20,2025-12-04,5,99,False,-0.20239521917879807,-0.04235003092145949
W-ind,alpha_0.20,2025-12-04,20,99,False,0.06921793980530486,0.11539888682745825
W-ind,alpha_0.20,2025-12-11,5,99,False,-0.324071904385631,-0.22780457637600493
W-ind,alpha_0.20,2025-12-11,20,99,False,0.22290960019389278,0.3584662956091528
W-ind,alpha_0.20,2025-12-18,5,100,False,0.4589724013103542,0.5213201320132013
W-ind,alpha_0.20,2025-12-18,20,100,False,0.2251496035497264,0.3356735673567356
W-ind,alpha_0.20,2025-12-25,5,100,False,-0.00875380799632669,0.07065127708185738
W-ind,alpha_0.20,2025-12-25,20,100,False,-0.18145673473654897,-0.12410441044104409
W-ind,alpha_0.20,2026-01-05,5,100,False,0.08275243951201046,0.20532853285328534
W-ind,alpha_0.20,2026-01-05,20,100,False,-0.11579831958869896,-0.10425442544254425
W-ind,alpha_0.20,2026-01-12,5,99,False,-0.16199096855007397,-0.20424242424242425
W-ind,alpha_0.20,2026-01-12,20,99,False,-0.15967160077091824,-0.149560915275201
W-ind,alpha_0.20,2026-01-19,5,99,False,0.04638549995986232,-0.038800247371675936
W-ind,alpha_0.20,2026-01-19,20,99,False,0.07655181010100855,0.07615337043908471
W-ind,alpha_0.20,2026-01-26,5,100,False,0.020604864091998937,-0.15229522952295227
W-ind,alpha_0.20,2026-01-26,20,100,False,-0.07866020308753931,-0.16070807080708066
W-ind,alpha_0.20,2026-02-02,5,100,False,0.10077716620386537,0.13344134413441341
W-ind,alpha_0.20,2026-02-02,20,100,False,-0.057255609486630187,-0.04488448844884487
W-ind,alpha_0.20,2026-02-09,5,100,False,0.13965683705513784,0.1493913873135656
W-ind,alpha_0.20,2026-02-09,20,100,False,-0.11083250454049913,-0.18738673867386738
W-ind,alpha_0.20,2026-02-24,5,100,False,-0.34262854482912913,-0.37776177617761775
W-ind,alpha_0.20,2026-02-24,20,100,False,-0.1475982106181233,-0.18263426342634262
W-ind,alpha_0.20,2026-03-03,5,99,False,-0.19338449370589986,-0.06440321583178726
W-ind,alpha_0.20,2026-03-03,20,99,False,-0.13593134976836685,-0.055510204081632646
W-ind,alpha_0.20,2026-03-10,5,99,False,0.05650620474428755,-0.03584415584415584
W-ind,alpha_0.20,2026-03-10,20,99,False,-0.06770056022856488,-0.08155844155844155
W-ind,alpha_0.20,2026-03-17,5,100,False,-0.17871561662437493,-0.27507950795079505
W-ind,alpha_0.20,2026-03-17,20,100,False,0.0298293933046284,0.07602760276027602
W-ind,alpha_0.20,2026-03-24,5,100,False,-0.13896271541900918,0.030267026702670265
W-ind,alpha_0.20,2026-03-24,20,100,False,0.1607883150786395,0.32584458445844583
W-ind,alpha_0.20,2026-03-31,5,100,False,0.16277141758708225,0.524080408040804
W-ind,alpha_0.20,2026-03-31,20,100,False,0.07472549179563347,0.13770177017701768
W-ind,alpha_0.20,2026-04-08,5,100,False,0.143185662973699,0.2782478247824782
W-ind,alpha_0.20,2026-04-08,20,100,False,0.15935631700262992,0.21531353135313527
W-ind,alpha_0.20,2026-04-15,5,100,False,0.17644423314370408,0.23266726672667265
W-ind,alpha_0.20,2026-04-15,20,100,False,0.13638713915177775,0.1686648664866486
W-ind,alpha_0.20,2026-04-22,5,100,False,-0.04847492850662009,-0.08044404440444045
W-ind,alpha_0.20,2026-04-22,20,100,False,0.015522858444380528,-0.011017101710171015
W-ind,alpha_0.20,2026-04-29,5,100,False,0.06099158497349118,-0.05964596459645964
W-ind,alpha_0.20,2026-04-29,20,100,False,-0.27835136204729427,-0.39521152115211516
W-ind,alpha_0.20,2026-05-11,5,100,False,0.04974045668403707,-0.1777017701770177
W-ind,alpha_0.20,2026-05-11,20,100,False,0.05555691723434591,0.004992499249924992
W-ind,alpha_0.20,2026-05-18,5,100,False,0.06840939810786165,-0.05707770777077707
W-ind,alpha_0.20,2026-05-18,20,100,False,0.032382205864966936,-0.043708370837083704
W-ind,alpha_0.20,2026-05-25,5,100,False,-0.07086660611188679,-0.23534353435343533
W-ind,alpha_0.20,2026-05-25,20,100,False,-0.004708891426175821,-0.10985898589858985
W-ind,alpha_0.20,2026-06-01,5,100,False,-0.08815418856548606,-0.1233003300330033
W-ind,alpha_0.20,2026-06-01,20,100,False,-0.22336799955021835,-0.36229222922292226
W-ind,alpha_0.20,2026-06-08,5,100,False,0.1830179700101619,0.23662766276627656
W-ind,alpha_0.20,2026-06-08,20,100,False,0.20606733397017876,0.1697929792979298
W-ind,alpha_0.20,2026-06-15,5,100,False,0.28537462700818367,0.17330933093309328
W-ind,alpha_0.20,2026-06-15,20,100,False,-0.34370599177831884,-0.4992019201920192
W-ind,alpha_0.20,2026-06-23,5,100,False,-0.1113221794079386,-0.08088808880888088
W-ind,alpha_0.20,2026-06-23,20,100,False,-0.23969909337627765,-0.3431503150315031
W-ind,alpha_0.20,2026-06-30,5,100,False,0.009701692287346115,-0.02347434743474347
W-ind,alpha_0.20,2026-06-30,20,100,False,-0.05591549541995401,-0.10485448544854484
W-ind,alpha_0.20,2026-07-07,5,100,False,-0.0426033466518501,0.01948994899489949
W-ind,alpha_0.20,2026-07-07,20,100,False,0.1374585228815506,0.16844884488448847
W-ind,alpha_0.20,2026-07-14,5,100,False,0.20028005525317474,0.18917491749174914
W-ind,alpha_0.20,2026-07-14,20,100,False,0.23366692110263979,0.35278727872787274
W-ind,alpha_0.20,2026-07-21,5,100,False,-0.022095182338598862,-0.06820282028202819
W-ind,alpha_0.20,2026-07-21,20,100,False,0.24199272433352728,0.2545934593459346
W-ind,alpha_0.20,2026-07-28,5,100,False,-0.1372662202473093,-0.0317071707170717
W-ind,alpha_0.20,2026-07-28,20,100,False,0.07532688473381548,0.17719771977197715
W-ind,alpha_0.20,2026-08-04,5,100,False,0.3039170268012772,0.24506450645064504
W-ind,alpha_0.20,2026-08-04,20,0,True,,
W-ind,alpha_0.20,2026-08-11,5,100,False,-0.16584884595298896,-0.04014401440144014
W-ind,alpha_0.20,2026-08-11,20,0,True,,
W-ind,alpha_0.20,2026-08-18,5,100,False,-0.000197132736688144,0.057653765376537644
W-ind,alpha_0.20,2026-08-18,20,0,True,,
W-ind,alpha_0.20,2026-08-25,5,0,True,,
W-ind,alpha_0.20,2026-08-25,20,0,True,,
W-ind,alpha_0.60,2025-04-02,5,100,False,0.25451631947820436,0.2725352535253525
W-ind,alpha_0.60,2025-04-02,20,100,False,0.2864168059481744,0.27003900390039
W-ind,alpha_0.60,2025-04-10,5,100,False,0.317082818622336,0.1598204615082546
W-ind,alpha_0.60,2025-04-10,20,100,False,-0.251458667328845,-0.17624962496249622
W-ind,alpha_0.60,2025-04-17,5,100,False,-0.15938670579842673,-0.18985898589858985
W-ind,alpha_0.60,2025-04-17,20,100,False,-0.3057273865756246,-0.2733033303330333
W-ind,alpha_0.60,2025-04-24,5,100,False,-0.08423846705129474,-0.06087008700870087
W-ind,alpha_0.60,2025-04-24,20,100,False,-0.08877703285857824,-0.15695169516951693
W-ind,alpha_0.60,2025-05-06,5,100,False,0.12068644731983914,0.1356859756561032
W-ind,alpha_0.60,2025-05-06,20,100,False,-0.01934415243520169,-0.05299729972997299
W-ind,alpha_0.60,2025-05-13,5,99,False,0.01067219390222951,0.05709338280766852
W-ind,alpha_0.60,2025-05-13,20,99,False,-0.05500544432950379,-0.0031292517006802716
W-ind,alpha_0.60,2025-05-20,5,99,False,-0.04582954610939245,-0.007946839662498295
W-ind,alpha_0.60,2025-05-20,20,99,False,-0.015155884543064347,-0.04962275819418677
W-ind,alpha_0.60,2025-05-27,5,100,False,-0.24926333214533897,-0.2503210321032103
W-ind,alpha_0.60,2025-05-27,20,100,False,0.04642537383242904,-0.022058205820582055
W-ind,alpha_0.60,2025-06-04,5,100,False,0.007444614754141077,0.10695469546954693
W-ind,alpha_0.60,2025-06-04,20,100,False,0.13227741498124945,0.19732373237323728
W-ind,alpha_0.60,2025-06-11,5,100,False,-0.18856191843948122,-0.063552545912515
W-ind,alpha_0.60,2025-06-11,20,100,False,-0.10073938501849702,0.14820282028202816
W-ind,alpha_0.60,2025-06-18,5,100,False,0.04907462399158625,-0.01821809508298431
W-ind,alpha_0.60,2025-06-18,20,100,False,-0.18242166921198016,-0.22299429942994298
W-ind,alpha_0.60,2025-06-25,5,100,False,-0.10747123629618927,-0.023858457421221755
W-ind,alpha_0.60,2025-06-25,20,100,False,-0.13948574901263605,-0.25448544854485444
W-ind,alpha_0.60,2025-07-02,5,100,False,0.038896299927117864,0.0555055505550555
W-ind,alpha_0.60,2025-07-02,20,100,False,0.13247313955943388,0.2435283528352835
W-ind,alpha_0.60,2025-07-09,5,100,False,-0.08399589756792253,0.05142514251425142
W-ind,alpha_0.60,2025-07-09,20,100,False,0.062217155670000676,0.06988298829882987
W-ind,alpha_0.60,2025-07-16,5,100,False,0.08293205954993475,-0.05138913891389139
W-ind,alpha_0.60,2025-07-16,20,100,False,0.1080124646124559,-0.015457545754575454
W-ind,alpha_0.60,2025-07-23,5,100,False,0.1943114734778019,0.25196519651965193
W-ind,alpha_0.60,2025-07-23,20,100,False,0.2990263497469999,0.28328832883288324
W-ind,alpha_0.60,2025-07-30,5,100,False,-0.26052545679118355,-0.345437580072302
W-ind,alpha_0.60,2025-07-30,20,100,False,-0.15852190016265366,-0.12686468646864685
W-ind,alpha_0.60,2025-08-06,5,99,False,0.039084581677872966,0.06111317254174397
W-ind,alpha_0.60,2025-08-06,20,99,False,0.07949812447693841,0.09622758194186766
W-ind,alpha_0.60,2025-08-13,5,99,False,0.016767290960801155,0.10331509992349923
W-ind,alpha_0.60,2025-08-13,20,99,False,0.16156459772792206,0.36056895485466905
W-ind,alpha_0.60,2025-08-20,5,100,False,-0.018153100318214238,0.05689768976897689
W-ind,alpha_0.60,2025-08-20,20,100,False,0.018170248237037556,0.03643564356435643
W-ind,alpha_0.60,2025-08-27,5,100,False,0.15592040485147443,0.2672907290729073
W-ind,alpha_0.60,2025-08-27,20,100,False,0.0823331348242166,0.19324390412299436
W-ind,alpha_0.60,2025-09-03,5,100,False,0.14326369925497284,0.07055505550555054
W-ind,alpha_0.60,2025-09-03,20,100,False,0.3071333978964146,0.3768496849684968
W-ind,alpha_0.60,2025-09-10,5,100,False,-0.010906230027834484,-0.08618687724874448
W-ind,alpha_0.60,2025-09-10,20,100,False,-0.019329493305957703,-0.04025202520252025
W-ind,alpha_0.60,2025-09-17,5,100,False,-0.3440773953255958,-0.252025202520252
W-ind,alpha_0.60,2025-09-17,20,100,False,0.038570783841360985,0.17330985091542425
W-ind,alpha_0.60,2025-09-24,5,100,False,0.20829589000670282,0.30187818781878184
W-ind,alpha_0.60,2025-09-24,20,100,False,0.24105229182776555,0.19877587758775872
W-ind,alpha_0.60,2025-10-09,5,100,False,0.22324163672070815,0.1959339446159058
W-ind,alpha_0.60,2025-10-09,20,100,False,0.038232015563531334,0.047308730873087304
W-ind,alpha_0.60,2025-10-16,5,100,False,-0.21422906960116053,-0.15939993999399937
W-ind,alpha_0.60,2025-10-16,20,100,False,-0.09103201827295644,-0.1075067506750675
W-ind,alpha_0.60,2025-10-23,5,100,False,0.25769845860253004,0.23397539753975397
W-ind,alpha_0.60,2025-10-23,20,100,False,0.35558140445234004,0.32105610561056097
W-ind,alpha_0.60,2025-10-30,5,100,False,0.04955705719858879,0.0628142814281428
W-ind,alpha_0.60,2025-10-30,20,100,False,0.22150602624305074,0.21807380738073803
W-ind,alpha_0.60,2025-11-06,5,100,False,0.10640435147203221,0.14474690893227143
W-ind,alpha_0.60,2025-11-06,20,100,False,0.008802780014823213,0.028970897089708972
W-ind,alpha_0.60,2025-11-13,5,100,False,0.2849996714152512,0.09748574857485746
W-ind,alpha_0.60,2025-11-13,20,100,False,-0.13905583528186508,-0.12648064806480647
W-ind,alpha_0.60,2025-11-20,5,100,False,0.18855174661334403,0.03617161716171617
W-ind,alpha_0.60,2025-11-20,20,100,False,-0.016931014658623754,-0.06519051905190518
W-ind,alpha_0.60,2025-11-27,5,100,False,0.22702287384288838,0.10448244824482449
W-ind,alpha_0.60,2025-11-27,20,100,False,0.0610910421698208,0.09164116411641163
W-ind,alpha_0.60,2025-12-04,5,99,False,-0.20238302545686224,-0.04235003092145949
W-ind,alpha_0.60,2025-12-04,20,99,False,0.06922407634875198,0.11539888682745825
W-ind,alpha_0.60,2025-12-11,5,99,False,-0.32406590934997453,-0.22780457637600493
W-ind,alpha_0.60,2025-12-11,20,99,False,0.2229022963149286,0.3584662956091528
W-ind,alpha_0.60,2025-12-18,5,100,False,0.4589724013103545,0.5213201320132013
W-ind,alpha_0.60,2025-12-18,20,100,False,0.22514960354972594,0.3356735673567356
W-ind,alpha_0.60,2025-12-25,5,100,False,-0.008753807996325639,0.07065127708185738
W-ind,alpha_0.60,2025-12-25,20,100,False,-0.18145673473654747,-0.12410441044104409
W-ind,alpha_0.60,2026-01-05,5,100,False,0.08275243951201047,0.20532853285328534
W-ind,alpha_0.60,2026-01-05,20,100,False,-0.11579831958869893,-0.10425442544254425
W-ind,alpha_0.60,2026-01-12,5,99,False,-0.16201656249907254,-0.20424242424242425
W-ind,alpha_0.60,2026-01-12,20,99,False,-0.15972168750308474,-0.149560915275201
W-ind,alpha_0.60,2026-01-19,5,99,False,0.046327040247561554,-0.038800247371675936
W-ind,alpha_0.60,2026-01-19,20,99,False,0.07648825961308835,0.07615337043908471
W-ind,alpha_0.60,2026-01-26,5,100,False,0.02060486409199903,-0.15229522952295227
W-ind,alpha_0.60,2026-01-26,20,100,False,-0.07866020308753928,-0.16070807080708066
W-ind,alpha_0.60,2026-02-02,5,100,False,0.10077716620386541,0.13344134413441341
W-ind,alpha_0.60,2026-02-02,20,100,False,-0.05725560948663017,-0.04488448844884487
W-ind,alpha_0.60,2026-02-09,5,100,False,0.13965683705513798,0.1493913873135656
W-ind,alpha_0.60,2026-02-09,20,100,False,-0.1108325045404993,-0.18738673867386738
W-ind,alpha_0.60,2026-02-24,5,100,False,-0.34262854482912897,-0.37776177617761775
W-ind,alpha_0.60,2026-02-24,20,100,False,-0.14759821061812356,-0.18263426342634262
W-ind,alpha_0.60,2026-03-03,5,99,False,-0.19337475068301235,-0.06495980210265924
W-ind,alpha_0.60,2026-03-03,20,99,False,-0.13593550443958063,-0.056549165120593686
W-ind,alpha_0.60,2026-03-10,5,99,False,0.05645722771401964,-0.03584415584415584
W-ind,alpha_0.60,2026-03-10,20,99,False,-0.0677181527942252,-0.08155844155844155
W-ind,alpha_0.60,2026-03-17,5,100,False,-0.1787156166243748,-0.27507950795079505
W-ind,alpha_0.60,2026-03-17,20,100,False,0.02982939330462831,0.07602760276027602
W-ind,alpha_0.60,2026-03-24,5,100,False,-0.1389627154190099,0.030267026702670265
W-ind,alpha_0.60,2026-03-24,20,100,False,0.1607883150786388,0.32584458445844583
W-ind,alpha_0.60,2026-03-31,5,100,False,0.1627714175870825,0.524080408040804
W-ind,alpha_0.60,2026-03-31,20,100,False,0.0747254917956335,0.13770177017701768
W-ind,alpha_0.60,2026-04-08,5,100,False,0.14318566297369908,0.2782478247824782
W-ind,alpha_0.60,2026-04-08,20,100,False,0.15935631700262992,0.21531353135313527
W-ind,alpha_0.60,2026-04-15,5,100,False,0.1764442331437038,0.23266726672667265
W-ind,alpha_0.60,2026-04-15,20,100,False,0.13638713915177775,0.1686648664866486
W-ind,alpha_0.60,2026-04-22,5,100,False,-0.04847492850662014,-0.08044404440444045
W-ind,alpha_0.60,2026-04-22,20,100,False,0.015522858444380552,-0.011017101710171015
W-ind,alpha_0.60,2026-04-29,5,100,False,0.06099158497349119,-0.05964596459645964
W-ind,alpha_0.60,2026-04-29,20,100,False,-0.27835136204729427,-0.39521152115211516
W-ind,alpha_0.60,2026-05-11,5,100,False,0.04974045668403701,-0.1777017701770177
W-ind,alpha_0.60,2026-05-11,20,100,False,0.05555691723434587,0.004992499249924992
W-ind,alpha_0.60,2026-05-18,5,100,False,0.06840939810786176,-0.05707770777077707
W-ind,alpha_0.60,2026-05-18,20,100,False,0.032382205864966776,-0.043708370837083704
W-ind,alpha_0.60,2026-05-25,5,100,False,-0.07086660611188662,-0.23534353435343533
W-ind,alpha_0.60,2026-05-25,20,100,False,-0.00470889142617594,-0.10985898589858985
W-ind,alpha_0.60,2026-06-01,5,100,False,-0.08815418856548611,-0.1233003300330033
W-ind,alpha_0.60,2026-06-01,20,100,False,-0.22336799955021838,-0.36229222922292226
W-ind,alpha_0.60,2026-06-08,5,100,False,0.18301797001016074,0.23662766276627656
W-ind,alpha_0.60,2026-06-08,20,100,False,0.20606733397017812,0.1697929792979298
W-ind,alpha_0.60,2026-06-15,5,100,False,0.2853746270081838,0.17330933093309328
W-ind,alpha_0.60,2026-06-15,20,100,False,-0.343705991778319,-0.4992019201920192
W-ind,alpha_0.60,2026-06-23,5,100,False,-0.11132217940793843,-0.08088808880888088
W-ind,alpha_0.60,2026-06-23,20,100,False,-0.23969909337627776,-0.3431503150315031
W-ind,alpha_0.60,2026-06-30,5,100,False,0.009701692287346185,-0.02347434743474347
W-ind,alpha_0.60,2026-06-30,20,100,False,-0.055915495419954005,-0.10485448544854484
W-ind,alpha_0.60,2026-07-07,5,100,False,-0.04260334665184999,0.01948994899489949
W-ind,alpha_0.60,2026-07-07,20,100,False,0.13745852288155072,0.16844884488448847
W-ind,alpha_0.60,2026-07-14,5,100,False,0.20028005525317463,0.18917491749174914
W-ind,alpha_0.60,2026-07-14,20,100,False,0.23366692110263987,0.35278727872787274
W-ind,alpha_0.60,2026-07-21,5,100,False,-0.022095182338598824,-0.06820282028202819
W-ind,alpha_0.60,2026-07-21,20,100,False,0.24199272433352711,0.2545934593459346
W-ind,alpha_0.60,2026-07-28,5,100,False,-0.13726622024730922,-0.0317071707170717
W-ind,alpha_0.60,2026-07-28,20,100,False,0.0753268847338154,0.17719771977197715
W-ind,alpha_0.60,2026-08-04,5,100,False,0.303917026801277,0.24506450645064504
W-ind,alpha_0.60,2026-08-04,20,0,True,,
W-ind,alpha_0.60,2026-08-11,5,100,False,-0.1658488459529889,-0.04014401440144014
W-ind,alpha_0.60,2026-08-11,20,0,True,,
W-ind,alpha_0.60,2026-08-18,5,100,False,-0.00019713273668813065,0.057653765376537644
W-ind,alpha_0.60,2026-08-18,20,0,True,,
W-ind,alpha_0.60,2026-08-25,5,0,True,,
W-ind,alpha_0.60,2026-08-25,20,0,True,,
W-ind,alpha_0.75,2025-04-02,5,100,False,0.2545163194782045,0.2725352535253525
W-ind,alpha_0.75,2025-04-02,20,100,False,0.28641680594817437,0.27003900390039
W-ind,alpha_0.75,2025-04-10,5,100,False,0.3170828186223361,0.1598204615082546
W-ind,alpha_0.75,2025-04-10,20,100,False,-0.25145866732884486,-0.17624962496249622
W-ind,alpha_0.75,2025-04-17,5,100,False,-0.15938670579842687,-0.18985898589858985
W-ind,alpha_0.75,2025-04-17,20,100,False,-0.30572738657562437,-0.2733033303330333
W-ind,alpha_0.75,2025-04-24,5,100,False,-0.08423846705129487,-0.06087008700870087
W-ind,alpha_0.75,2025-04-24,20,100,False,-0.08877703285857834,-0.15695169516951693
W-ind,alpha_0.75,2025-05-06,5,100,False,0.1206864473198395,0.1356859756561032
W-ind,alpha_0.75,2025-05-06,20,100,False,-0.019344152435201815,-0.05299729972997299
W-ind,alpha_0.75,2025-05-13,5,99,False,0.010686637864282828,0.05709338280766852
W-ind,alpha_0.75,2025-05-13,20,99,False,-0.05497317244308213,-0.0031292517006802716
W-ind,alpha_0.75,2025-05-20,5,99,False,-0.0458411003776094,-0.007390251670572345
W-ind,alpha_0.75,2025-05-20,20,99,False,-0.0151911120838857,-0.050166975881261594
W-ind,alpha_0.75,2025-05-27,5,100,False,-0.24926333214533924,-0.2503210321032103
W-ind,alpha_0.75,2025-05-27,20,100,False,0.04642537383242906,-0.022058205820582055
W-ind,alpha_0.75,2025-06-04,5,100,False,0.00744461475414083,0.10695469546954693
W-ind,alpha_0.75,2025-06-04,20,100,False,0.13227741498124926,0.19732373237323728
W-ind,alpha_0.75,2025-06-11,5,100,False,-0.1885619184394812,-0.063552545912515
W-ind,alpha_0.75,2025-06-11,20,100,False,-0.10073938501849704,0.14820282028202816
W-ind,alpha_0.75,2025-06-18,5,100,False,0.04907462399158625,-0.01821809508298431
W-ind,alpha_0.75,2025-06-18,20,100,False,-0.1824216692119802,-0.22299429942994298
W-ind,alpha_0.75,2025-06-25,5,100,False,-0.10747123629618917,-0.023858457421221755
W-ind,alpha_0.75,2025-06-25,20,100,False,-0.1394857490126359,-0.25448544854485444
W-ind,alpha_0.75,2025-07-02,5,100,False,0.038896299927117954,0.0555055505550555
W-ind,alpha_0.75,2025-07-02,20,100,False,0.13247313955943377,0.2435283528352835
W-ind,alpha_0.75,2025-07-09,5,100,False,-0.08399589756792233,0.05142514251425142
W-ind,alpha_0.75,2025-07-09,20,100,False,0.06221715567000091,0.06988298829882987
W-ind,alpha_0.75,2025-07-16,5,100,False,0.08293205954993477,-0.05138913891389139
W-ind,alpha_0.75,2025-07-16,20,100,False,0.10801246461245596,-0.015457545754575454
W-ind,alpha_0.75,2025-07-23,5,100,False,0.19431147347780134,0.25196519651965193
W-ind,alpha_0.75,2025-07-23,20,100,False,0.2990263497469996,0.28328832883288324
W-ind,alpha_0.75,2025-07-30,5,100,False,-0.2605254567911834,-0.345437580072302
W-ind,alpha_0.75,2025-07-30,20,100,False,-0.1585219001626539,-0.12686468646864685
W-ind,alpha_0.75,2025-08-06,5,99,False,0.03919370313429442,0.06065553494124923
W-ind,alpha_0.75,2025-08-06,20,99,False,0.07963209502774392,0.09609152752009895
W-ind,alpha_0.75,2025-08-13,5,99,False,0.016834914464903355,0.10331509992349923
W-ind,alpha_0.75,2025-08-13,20,99,False,0.1615953275064753,0.36056895485466905
W-ind,alpha_0.75,2025-08-20,5,100,False,-0.018153100318214137,0.05689768976897689
W-ind,alpha_0.75,2025-08-20,20,100,False,0.018170248237037553,0.03643564356435643
W-ind,alpha_0.75,2025-08-27,5,100,False,0.1559204048514744,0.2672907290729073
W-ind,alpha_0.75,2025-08-27,20,100,False,0.0823331348242168,0.19324390412299436
W-ind,alpha_0.75,2025-09-03,5,100,False,0.1432636992549729,0.07055505550555054
W-ind,alpha_0.75,2025-09-03,20,100,False,0.3071333978964143,0.3768496849684968
W-ind,alpha_0.75,2025-09-10,5,100,False,-0.010906230027834309,-0.08618687724874448
W-ind,alpha_0.75,2025-09-10,20,100,False,-0.01932949330595752,-0.04025202520252025
W-ind,alpha_0.75,2025-09-17,5,100,False,-0.34407739532559556,-0.252025202520252
W-ind,alpha_0.75,2025-09-17,20,100,False,0.03857078384136103,0.17330985091542425
W-ind,alpha_0.75,2025-09-24,5,100,False,0.2082958900067029,0.30187818781878184
W-ind,alpha_0.75,2025-09-24,20,100,False,0.24105229182776555,0.19877587758775872
W-ind,alpha_0.75,2025-10-09,5,100,False,0.22324163672070824,0.1959339446159058
W-ind,alpha_0.75,2025-10-09,20,100,False,0.03823201556353132,0.047308730873087304
W-ind,alpha_0.75,2025-10-16,5,100,False,-0.21422906960116053,-0.15939993999399937
W-ind,alpha_0.75,2025-10-16,20,100,False,-0.09103201827295647,-0.1075067506750675
W-ind,alpha_0.75,2025-10-23,5,100,False,0.2576984586025302,0.23397539753975397
W-ind,alpha_0.75,2025-10-23,20,100,False,0.35558140445234016,0.32105610561056097
W-ind,alpha_0.75,2025-10-30,5,100,False,0.04955705719858866,0.0628142814281428
W-ind,alpha_0.75,2025-10-30,20,100,False,0.22150602624305085,0.21807380738073803
W-ind,alpha_0.75,2025-11-06,5,100,False,0.10640435147203177,0.14474690893227143
W-ind,alpha_0.75,2025-11-06,20,100,False,0.00880278001482234,0.028970897089708972
W-ind,alpha_0.75,2025-11-13,5,100,False,0.2849996714152512,0.09748574857485746
W-ind,alpha_0.75,2025-11-13,20,100,False,-0.1390558352818651,-0.12648064806480647
W-ind,alpha_0.75,2025-11-20,5,100,False,0.18855174661334356,0.03617161716171617
W-ind,alpha_0.75,2025-11-20,20,100,False,-0.01693101465862376,-0.06519051905190518
W-ind,alpha_0.75,2025-11-27,5,100,False,0.22702287384288838,0.10448244824482449
W-ind,alpha_0.75,2025-11-27,20,100,False,0.061091042169820704,0.09164116411641163
W-ind,alpha_0.75,2025-12-04,5,99,False,-0.20236748828189804,-0.04235003092145949
W-ind,alpha_0.75,2025-12-04,20,99,False,0.06923187714664823,0.11539888682745825
W-ind,alpha_0.75,2025-12-11,5,99,False,-0.324058247545709,-0.22780457637600493
W-ind,alpha_0.75,2025-12-11,20,99,False,0.222892978344127,0.3584662956091528
W-ind,alpha_0.75,2025-12-18,5,100,False,0.4589724013103546,0.5213201320132013
W-ind,alpha_0.75,2025-12-18,20,100,False,0.2251496035497253,0.3356735673567356
W-ind,alpha_0.75,2025-12-25,5,100,False,-0.00875380799632424,0.07065127708185738
W-ind,alpha_0.75,2025-12-25,20,100,False,-0.18145673473654547,-0.12410441044104409
W-ind,alpha_0.75,2026-01-05,5,100,False,0.08275243951201049,0.20532853285328534
W-ind,alpha_0.75,2026-01-05,20,100,False,-0.11579831958869881,-0.10425442544254425
W-ind,alpha_0.75,2026-01-12,5,99,False,-0.16204911980752967,-0.20424242424242425
W-ind,alpha_0.75,2026-01-12,20,99,False,-0.15978541765943052,-0.149560915275201
W-ind,alpha_0.75,2026-01-19,5,99,False,0.046252637973390374,-0.038800247371675936
W-ind,alpha_0.75,2026-01-19,20,99,False,0.07640737542162926,0.07615337043908471
W-ind,alpha_0.75,2026-01-26,5,100,False,0.02060486409199905,-0.15229522952295227
W-ind,alpha_0.75,2026-01-26,20,100,False,-0.07866020308753938,-0.16070807080708066
W-ind,alpha_0.75,2026-02-02,5,100,False,0.10077716620386543,0.13344134413441341
W-ind,alpha_0.75,2026-02-02,20,100,False,-0.05725560948663021,-0.04488448844884487
W-ind,alpha_0.75,2026-02-09,5,100,False,0.139656837055138,0.1493913873135656
W-ind,alpha_0.75,2026-02-09,20,100,False,-0.1108325045404995,-0.18738673867386738
W-ind,alpha_0.75,2026-02-24,5,100,False,-0.34262854482912886,-0.37776177617761775
W-ind,alpha_0.75,2026-02-24,20,100,False,-0.1475982106181238,-0.18263426342634262
W-ind,alpha_0.75,2026-03-03,5,99,False,-0.19336233223494925,-0.06495980210265924
W-ind,alpha_0.75,2026-03-03,20,99,False,-0.13594077629201984,-0.056549165120593686
W-ind,alpha_0.75,2026-03-10,5,99,False,0.056394890583549184,-0.03584415584415584
W-ind,alpha_0.75,2026-03-10,20,99,False,-0.06774053487668266,-0.08155844155844155
W-ind,alpha_0.75,2026-03-17,5,100,False,-0.17871561662437402,-0.27507950795079505
W-ind,alpha_0.75,2026-03-17,20,100,False,0.029829393304628225,0.07602760276027602
W-ind,alpha_0.75,2026-03-24,5,100,False,-0.13896271541901084,0.030267026702670265
W-ind,alpha_0.75,2026-03-24,20,100,False,0.16078831507863808,0.32584458445844583
W-ind,alpha_0.75,2026-03-31,5,100,False,0.1627714175870826,0.524080408040804
W-ind,alpha_0.75,2026-03-31,20,100,False,0.07472549179563351,0.13770177017701768
W-ind,alpha_0.75,2026-04-08,5,100,False,0.14318566297369914,0.2782478247824782
W-ind,alpha_0.75,2026-04-08,20,100,False,0.15935631700263006,0.21531353135313527
W-ind,alpha_0.75,2026-04-15,5,100,False,0.17644423314370405,0.23266726672667265
W-ind,alpha_0.75,2026-04-15,20,100,False,0.13638713915177778,0.1686648664866486
W-ind,alpha_0.75,2026-04-22,5,100,False,-0.04847492850662016,-0.08044404440444045
W-ind,alpha_0.75,2026-04-22,20,100,False,0.015522858444380559,-0.011017101710171015
W-ind,alpha_0.75,2026-04-29,5,100,False,0.06099158497349117,-0.05964596459645964
W-ind,alpha_0.75,2026-04-29,20,100,False,-0.2783513620472944,-0.39521152115211516
W-ind,alpha_0.75,2026-05-11,5,100,False,0.049740456684036885,-0.1777017701770177
W-ind,alpha_0.75,2026-05-11,20,100,False,0.05555691723434583,0.004992499249924992
W-ind,alpha_0.75,2026-05-18,5,100,False,0.06840939810786197,-0.05707770777077707
W-ind,alpha_0.75,2026-05-18,20,100,False,0.03238220586496659,-0.043708370837083704
W-ind,alpha_0.75,2026-05-25,5,100,False,-0.07086660611188646,-0.23534353435343533
W-ind,alpha_0.75,2026-05-25,20,100,False,-0.004708891426176057,-0.10985898589858985
W-ind,alpha_0.75,2026-06-01,5,100,False,-0.08815418856548635,-0.1233003300330033
W-ind,alpha_0.75,2026-06-01,20,100,False,-0.22336799955021852,-0.36229222922292226
W-ind,alpha_0.75,2026-06-08,5,100,False,0.18301797001015938,0.23662766276627656
W-ind,alpha_0.75,2026-06-08,20,100,False,0.20606733397017718,0.1697929792979298
W-ind,alpha_0.75,2026-06-15,5,100,False,0.2853746270081841,0.17330933093309328
W-ind,alpha_0.75,2026-06-15,20,100,False,-0.34370599177831956,-0.4992019201920192
W-ind,alpha_0.75,2026-06-23,5,100,False,-0.11132217940793827,-0.08088808880888088
W-ind,alpha_0.75,2026-06-23,20,100,False,-0.2396990933762777,-0.3431503150315031
W-ind,alpha_0.75,2026-06-30,5,100,False,0.009701692287346235,-0.02347434743474347
W-ind,alpha_0.75,2026-06-30,20,100,False,-0.05591549541995393,-0.10485448544854484
W-ind,alpha_0.75,2026-07-07,5,100,False,-0.04260334665184997,0.01948994899489949
W-ind,alpha_0.75,2026-07-07,20,100,False,0.1374585228815506,0.16844884488448847
W-ind,alpha_0.75,2026-07-14,5,100,False,0.20028005525317458,0.18917491749174914
W-ind,alpha_0.75,2026-07-14,20,100,False,0.23366692110263987,0.35278727872787274
W-ind,alpha_0.75,2026-07-21,5,100,False,-0.022095182338598786,-0.06820282028202819
W-ind,alpha_0.75,2026-07-21,20,100,False,0.24199272433352706,0.2545934593459346
W-ind,alpha_0.75,2026-07-28,5,100,False,-0.1372662202473093,-0.0317071707170717
W-ind,alpha_0.75,2026-07-28,20,100,False,0.07532688473381546,0.17719771977197715
W-ind,alpha_0.75,2026-08-04,5,100,False,0.3039170268012766,0.24506450645064504
W-ind,alpha_0.75,2026-08-04,20,0,True,,
W-ind,alpha_0.75,2026-08-11,5,100,False,-0.16584884595298885,-0.04014401440144014
W-ind,alpha_0.75,2026-08-11,20,0,True,,
W-ind,alpha_0.75,2026-08-18,5,100,False,-0.00019713273668805058,0.057653765376537644
W-ind,alpha_0.75,2026-08-18,20,0,True,,
W-ind,alpha_0.75,2026-08-25,5,0,True,,
W-ind,alpha_0.75,2026-08-25,20,0,True,,
W-ind,b0_alpha_0.40,2025-04-02,5,100,False,0.2545163194782044,0.2725352535253525
W-ind,b0_alpha_0.40,2025-04-02,20,100,False,0.2864168059481743,0.27003900390039
W-ind,b0_alpha_0.40,2025-04-10,5,100,False,0.31708281862233584,0.1598204615082546
W-ind,b0_alpha_0.40,2025-04-10,20,100,False,-0.2514586673288451,-0.17624962496249622
W-ind,b0_alpha_0.40,2025-04-17,5,100,False,-0.15938670579842687,-0.18985898589858985
W-ind,b0_alpha_0.40,2025-04-17,20,100,False,-0.3057273865756247,-0.2733033303330333
W-ind,b0_alpha_0.40,2025-04-24,5,100,False,-0.08423846705129487,-0.06087008700870087
W-ind,b0_alpha_0.40,2025-04-24,20,100,False,-0.08877703285857824,-0.15695169516951693
W-ind,b0_alpha_0.40,2025-05-06,5,100,False,0.12068644731983895,0.1356859756561032
W-ind,b0_alpha_0.40,2025-05-06,20,100,False,-0.019344152435201663,-0.05299729972997299
W-ind,b0_alpha_0.40,2025-05-13,5,99,False,0.010664559939767579,0.05709338280766852
W-ind,b0_alpha_0.40,2025-05-13,20,99,False,-0.05502249689507094,-0.0031292517006802716
W-ind,b0_alpha_0.40,2025-05-20,5,99,False,-0.04582343722693529,-0.007946839662498295
W-ind,b0_alpha_0.40,2025-05-20,20,99,False,-0.015137265037941728,-0.04962275819418677
W-ind,b0_alpha_0.40,2025-05-27,5,100,False,-0.24926333214533908,-0.2503210321032103
W-ind,b0_alpha_0.40,2025-05-27,20,100,False,0.04642537383242899,-0.022058205820582055
W-ind,b0_alpha_0.40,2025-06-04,5,100,False,0.007444614754141229,0.10695469546954693
W-ind,b0_alpha_0.40,2025-06-04,20,100,False,0.13227741498124945,0.19732373237323728
W-ind,b0_alpha_0.40,2025-06-11,5,100,False,-0.18856191843948122,-0.063552545912515
W-ind,b0_alpha_0.40,2025-06-11,20,100,False,-0.10073938501849726,0.14820282028202816
W-ind,b0_alpha_0.40,2025-06-18,5,100,False,0.04907462399158629,-0.01821809508298431
W-ind,b0_alpha_0.40,2025-06-18,20,100,False,-0.18242166921198014,-0.22299429942994298
W-ind,b0_alpha_0.40,2025-06-25,5,100,False,-0.10747123629618936,-0.023858457421221755
W-ind,b0_alpha_0.40,2025-06-25,20,100,False,-0.13948574901263616,-0.25448544854485444
W-ind,b0_alpha_0.40,2025-07-02,5,100,False,0.03889629992711789,0.0555055505550555
W-ind,b0_alpha_0.40,2025-07-02,20,100,False,0.13247313955943385,0.2435283528352835
W-ind,b0_alpha_0.40,2025-07-09,5,100,False,-0.08399589756792258,0.05142514251425142
W-ind,b0_alpha_0.40,2025-07-09,20,100,False,0.062217155670000523,0.06988298829882987
W-ind,b0_alpha_0.40,2025-07-16,5,100,False,0.08293205954993464,-0.05138913891389139
W-ind,b0_alpha_0.40,2025-07-16,20,100,False,0.10801246461245588,-0.015457545754575454
W-ind,b0_alpha_0.40,2025-07-23,5,100,False,0.194311473477802,0.25196519651965193
W-ind,b0_alpha_0.40,2025-07-23,20,100,False,0.2990263497469999,0.28328832883288324
W-ind,b0_alpha_0.40,2025-07-30,5,100,False,-0.26052545679118355,-0.345437580072302
W-ind,b0_alpha_0.40,2025-07-30,20,100,False,-0.15852190016265358,-0.12686468646864685
W-ind,b0_alpha_0.40,2025-08-06,5,99,False,0.039026921621593935,0.06048237476808905
W-ind,b0_alpha_0.40,2025-08-06,20,99,False,0.07942733261637622,0.09628942486085344
W-ind,b0_alpha_0.40,2025-08-13,5,99,False,0.016731557353008214,0.10331509992349923
W-ind,b0_alpha_0.40,2025-08-13,20,99,False,0.16154835203904014,0.36056895485466905
W-ind,b0_alpha_0.40,2025-08-20,5,100,False,-0.01815310031821426,0.05689768976897689
W-ind,b0_alpha_0.40,2025-08-20,20,100,False,0.018170248237037577,0.03643564356435643
W-ind,b0_alpha_0.40,2025-08-27,5,100,False,0.15592040485147454,0.2672907290729073
W-ind,b0_alpha_0.40,2025-08-27,20,100,False,0.08233313482421653,0.19324390412299436
W-ind,b0_alpha_0.40,2025-09-03,5,100,False,0.14326369925497281,0.07055505550555054
W-ind,b0_alpha_0.40,2025-09-03,20,100,False,0.30713339789641436,0.3768496849684968
W-ind,b0_alpha_0.40,2025-09-10,5,100,False,-0.01090623002783459,-0.08618687724874448
W-ind,b0_alpha_0.40,2025-09-10,20,100,False,-0.019329493305957776,-0.04025202520252025
W-ind,b0_alpha_0.40,2025-09-17,5,100,False,-0.34407739532559584,-0.252025202520252
W-ind,b0_alpha_0.40,2025-09-17,20,100,False,0.038570783841360964,0.17330985091542425
W-ind,b0_alpha_0.40,2025-09-24,5,100,False,0.20829589000670282,0.30187818781878184
W-ind,b0_alpha_0.40,2025-09-24,20,100,False,0.2410522918277656,0.19877587758775872
W-ind,b0_alpha_0.40,2025-10-09,5,100,False,0.22324163672070818,0.1959339446159058
W-ind,b0_alpha_0.40,2025-10-09,20,100,False,0.03823201556353137,0.047308730873087304
W-ind,b0_alpha_0.40,2025-10-16,5,100,False,-0.21422906960116042,-0.15939993999399937
W-ind,b0_alpha_0.40,2025-10-16,20,100,False,-0.09103201827295641,-0.1075067506750675
W-ind,b0_alpha_0.40,2025-10-23,5,100,False,0.25769845860253016,0.23397539753975397
W-ind,b0_alpha_0.40,2025-10-23,20,100,False,0.35558140445234,0.32105610561056097
W-ind,b0_alpha_0.40,2025-10-30,5,100,False,0.049557057198588834,0.0628142814281428
W-ind,b0_alpha_0.40,2025-10-30,20,100,False,0.22150602624305085,0.21807380738073803
W-ind,b0_alpha_0.40,2025-11-06,5,100,False,0.10640435147203242,0.14474690893227143
W-ind,b0_alpha_0.40,2025-11-06,20,100,False,0.008802780014823685,0.028970897089708972
W-ind,b0_alpha_0.40,2025-11-13,5,100,False,0.2849996714152512,0.09748574857485746
W-ind,b0_alpha_0.40,2025-11-13,20,100,False,-0.13905583528186505,-0.12648064806480647
W-ind,b0_alpha_0.40,2025-11-20,5,100,False,0.18855174661334378,0.03617161716171617
W-ind,b0_alpha_0.40,2025-11-20,20,100,False,-0.016931014658623785,-0.06519051905190518
W-ind,b0_alpha_0.40,2025-11-27,5,100,False,0.22702287384288852,0.10448244824482449
W-ind,b0_alpha_0.40,2025-11-27,20,100,False,0.06109104216982085,0.09164116411641163
W-ind,b0_alpha_0.40,2025-12-04,5,99,False,-0.20239122696495743,-0.04235003092145949
W-ind,b0_alpha_0.40,2025-12-04,20,99,False,0.06921995030225382,0.11539888682745825
W-ind,b0_alpha_0.40,2025-12-11,5,99,False,-0.32406994336401473,-0.22780457637600493
W-ind,b0_alpha_0.40,2025-12-11,20,99,False,0.22290720977834877,0.3584662956091528
W-ind,b0_alpha_0.40,2025-12-18,5,100,False,0.4589724013103545,0.5213201320132013
W-ind,b0_alpha_0.40,2025-12-18,20,100,False,0.22514960354972635,0.3356735673567356
W-ind,b0_alpha_0.40,2025-12-25,5,100,False,-0.008753807996326345,0.07065127708185738
W-ind,b0_alpha_0.40,2025-12-25,20,100,False,-0.18145673473654855,-0.12410441044104409
W-ind,b0_alpha_0.40,2026-01-05,5,100,False,0.08275243951201047,0.20532853285328534
W-ind,b0_alpha_0.40,2026-01-05,20,100,False,-0.11579831958869888,-0.10425442544254425
W-ind,b0_alpha_0.40,2026-01-12,5,99,False,-0.16199935212723066,-0.20424242424242425
W-ind,b0_alpha_0.40,2026-01-12,20,99,False,-0.1596880059852222,-0.149560915275201
W-ind,b0_alpha_0.40,2026-01-19,5,99,False,0.046366353690997834,-0.038800247371675936
W-ind,b0_alpha_0.40,2026-01-19,20,99,False,0.07653099675693059,0.07615337043908471
W-ind,b0_alpha_0.40,2026-01-26,5,100,False,0.020604864091998933,-0.15229522952295227
W-ind,b0_alpha_0.40,2026-01-26,20,100,False,-0.07866020308753932,-0.16070807080708066
W-ind,b0_alpha_0.40,2026-02-02,5,100,False,0.10077716620386536,0.13344134413441341
W-ind,b0_alpha_0.40,2026-02-02,20,100,False,-0.05725560948663017,-0.04488448844884487
W-ind,b0_alpha_0.40,2026-02-09,5,100,False,0.13965683705513787,0.1493913873135656
W-ind,b0_alpha_0.40,2026-02-09,20,100,False,-0.11083250454049921,-0.18738673867386738
W-ind,b0_alpha_0.40,2026-02-24,5,100,False,-0.34262854482912886,-0.37776177617761775
W-ind,b0_alpha_0.40,2026-02-24,20,100,False,-0.14759821061812342,-0.18263426342634262
W-ind,b0_alpha_0.40,2026-03-03,5,99,False,-0.19338130414888346,-0.06440321583178726
W-ind,b0_alpha_0.40,2026-03-03,20,99,False,-0.1359327116804211,-0.055510204081632646
W-ind,b0_alpha_0.40,2026-03-10,5,99,False,0.056490164440740495,-0.03584415584415584
W-ind,b0_alpha_0.40,2026-03-10,20,99,False,-0.06770632262948895,-0.08155844155844155
W-ind,b0_alpha_0.40,2026-03-17,5,100,False,-0.17871561662437482,-0.27507950795079505
W-ind,b0_alpha_0.40,2026-03-17,20,100,False,0.029829393304628412,0.07602760276027602
W-ind,b0_alpha_0.40,2026-03-24,5,100,False,-0.1389627154190094,0.030267026702670265
W-ind,b0_alpha_0.40,2026-03-24,20,100,False,0.16078831507863914,0.32584458445844583
W-ind,b0_alpha_0.40,2026-03-31,5,100,False,0.16277141758708225,0.524080408040804
W-ind,b0_alpha_0.40,2026-03-31,20,100,False,0.07472549179563347,0.13770177017701768
W-ind,b0_alpha_0.40,2026-04-08,5,100,False,0.143185662973699,0.2782478247824782
W-ind,b0_alpha_0.40,2026-04-08,20,100,False,0.15935631700262984,0.21531353135313527
W-ind,b0_alpha_0.40,2026-04-15,5,100,False,0.17644423314370394,0.23266726672667265
W-ind,b0_alpha_0.40,2026-04-15,20,100,False,0.1363871391517778,0.1686648664866486
W-ind,b0_alpha_0.40,2026-04-22,5,100,False,-0.04847492850662001,-0.08044404440444045
W-ind,b0_alpha_0.40,2026-04-22,20,100,False,0.01552285844438054,-0.011017101710171015
W-ind,b0_alpha_0.40,2026-04-29,5,100,False,0.06099158497349123,-0.05964596459645964
W-ind,b0_alpha_0.40,2026-04-29,20,100,False,-0.27835136204729427,-0.39521152115211516
W-ind,b0_alpha_0.40,2026-05-11,5,100,False,0.049740456684037024,-0.1777017701770177
W-ind,b0_alpha_0.40,2026-05-11,20,100,False,0.055556917234345894,0.004992499249924992
W-ind,b0_alpha_0.40,2026-05-18,5,100,False,0.06840939810786169,-0.05707770777077707
W-ind,b0_alpha_0.40,2026-05-18,20,100,False,0.03238220586496691,-0.043708370837083704
W-ind,b0_alpha_0.40,2026-05-25,5,100,False,-0.07086660611188672,-0.23534353435343533
W-ind,b0_alpha_0.40,2026-05-25,20,100,False,-0.004708891426175831,-0.10985898589858985
W-ind,b0_alpha_0.40,2026-06-01,5,100,False,-0.08815418856548615,-0.1233003300330033
W-ind,b0_alpha_0.40,2026-06-01,20,100,False,-0.2233679995502183,-0.36229222922292226
W-ind,b0_alpha_0.40,2026-06-08,5,100,False,0.18301797001016157,0.23662766276627656
W-ind,b0_alpha_0.40,2026-06-08,20,100,False,0.2060673339701787,0.1697929792979298
W-ind,b0_alpha_0.40,2026-06-15,5,100,False,0.28537462700818383,0.17330933093309328
W-ind,b0_alpha_0.40,2026-06-15,20,100,False,-0.3437059917783187,-0.4992019201920192
W-ind,b0_alpha_0.40,2026-06-23,5,100,False,-0.11132217940793852,-0.08088808880888088
W-ind,b0_alpha_0.40,2026-06-23,20,100,False,-0.2396990933762777,-0.3431503150315031
W-ind,b0_alpha_0.40,2026-06-30,5,100,False,0.009701692287346153,-0.02347434743474347
W-ind,b0_alpha_0.40,2026-06-30,20,100,False,-0.05591549541995395,-0.10485448544854484
W-ind,b0_alpha_0.40,2026-07-07,5,100,False,-0.04260334665185013,0.01948994899489949
W-ind,b0_alpha_0.40,2026-07-07,20,100,False,0.13745852288155067,0.16844884488448847
W-ind,b0_alpha_0.40,2026-07-14,5,100,False,0.2002800552531747,0.18917491749174914
W-ind,b0_alpha_0.40,2026-07-14,20,100,False,0.23366692110263979,0.35278727872787274
W-ind,b0_alpha_0.40,2026-07-21,5,100,False,-0.02209518233859884,-0.06820282028202819
W-ind,b0_alpha_0.40,2026-07-21,20,100,False,0.24199272433352723,0.2545934593459346
W-ind,b0_alpha_0.40,2026-07-28,5,100,False,-0.13726622024730917,-0.0317071707170717
W-ind,b0_alpha_0.40,2026-07-28,20,100,False,0.07532688473381544,0.17719771977197715
W-ind,b0_alpha_0.40,2026-08-04,5,100,False,0.3039170268012773,0.24506450645064504
W-ind,b0_alpha_0.40,2026-08-04,20,0,True,,
W-ind,b0_alpha_0.40,2026-08-11,5,100,False,-0.1658488459529889,-0.04014401440144014
W-ind,b0_alpha_0.40,2026-08-11,20,0,True,,
W-ind,b0_alpha_0.40,2026-08-18,5,100,False,-0.00019713273668815247,0.057653765376537644
W-ind,b0_alpha_0.40,2026-08-18,20,0,True,,
W-ind,b0_alpha_0.40,2026-08-25,5,0,True,,
W-ind,b0_alpha_0.40,2026-08-25,20,0,True,,
W-ind,gate_V1,2025-04-02,5,100,False,0.2545163194782044,0.2725352535253525
W-ind,gate_V1,2025-04-02,20,100,False,0.2864168059481743,0.27003900390039
W-ind,gate_V1,2025-04-10,5,100,False,0.31708281862233584,0.1598204615082546
W-ind,gate_V1,2025-04-10,20,100,False,-0.2514586673288451,-0.17624962496249622
W-ind,gate_V1,2025-04-17,5,100,False,-0.15938670579842687,-0.18985898589858985
W-ind,gate_V1,2025-04-17,20,100,False,-0.3057273865756247,-0.2733033303330333
W-ind,gate_V1,2025-04-24,5,100,False,-0.08423846705129487,-0.06087008700870087
W-ind,gate_V1,2025-04-24,20,100,False,-0.08877703285857824,-0.15695169516951693
W-ind,gate_V1,2025-05-06,5,100,False,0.12068644731983895,0.1356859756561032
W-ind,gate_V1,2025-05-06,20,100,False,-0.019344152435201663,-0.05299729972997299
W-ind,gate_V1,2025-05-13,5,99,False,0.010664559939767579,0.05709338280766852
W-ind,gate_V1,2025-05-13,20,99,False,-0.05502249689507094,-0.0031292517006802716
W-ind,gate_V1,2025-05-20,5,99,False,-0.04582343722693529,-0.007946839662498295
W-ind,gate_V1,2025-05-20,20,99,False,-0.015137265037941728,-0.04962275819418677
W-ind,gate_V1,2025-05-27,5,100,False,-0.24926333214533908,-0.2503210321032103
W-ind,gate_V1,2025-05-27,20,100,False,0.04642537383242899,-0.022058205820582055
W-ind,gate_V1,2025-06-04,5,100,False,0.007444614754141229,0.10695469546954693
W-ind,gate_V1,2025-06-04,20,100,False,0.13227741498124945,0.19732373237323728
W-ind,gate_V1,2025-06-11,5,100,False,-0.18856191843948122,-0.063552545912515
W-ind,gate_V1,2025-06-11,20,100,False,-0.10073938501849726,0.14820282028202816
W-ind,gate_V1,2025-06-18,5,100,False,0.04907462399158629,-0.01821809508298431
W-ind,gate_V1,2025-06-18,20,100,False,-0.18242166921198014,-0.22299429942994298
W-ind,gate_V1,2025-06-25,5,100,False,-0.10747123629618936,-0.023858457421221755
W-ind,gate_V1,2025-06-25,20,100,False,-0.13948574901263616,-0.25448544854485444
W-ind,gate_V1,2025-07-02,5,100,False,0.03889629992711789,0.0555055505550555
W-ind,gate_V1,2025-07-02,20,100,False,0.13247313955943385,0.2435283528352835
W-ind,gate_V1,2025-07-09,5,100,False,-0.08399589756792258,0.05142514251425142
W-ind,gate_V1,2025-07-09,20,100,False,0.062217155670000523,0.06988298829882987
W-ind,gate_V1,2025-07-16,5,100,False,0.08293205954993464,-0.05138913891389139
W-ind,gate_V1,2025-07-16,20,100,False,0.10801246461245588,-0.015457545754575454
W-ind,gate_V1,2025-07-23,5,100,False,0.194311473477802,0.25196519651965193
W-ind,gate_V1,2025-07-23,20,100,False,0.2990263497469999,0.28328832883288324
W-ind,gate_V1,2025-07-30,5,100,False,-0.26052545679118355,-0.345437580072302
W-ind,gate_V1,2025-07-30,20,100,False,-0.15852190016265358,-0.12686468646864685
W-ind,gate_V1,2025-08-06,5,99,False,0.039026921621593935,0.06048237476808905
W-ind,gate_V1,2025-08-06,20,99,False,0.07942733261637622,0.09628942486085344
W-ind,gate_V1,2025-08-13,5,99,False,0.016731557353008214,0.10331509992349923
W-ind,gate_V1,2025-08-13,20,99,False,0.16154835203904014,0.36056895485466905
W-ind,gate_V1,2025-08-20,5,100,False,-0.01815310031821426,0.05689768976897689
W-ind,gate_V1,2025-08-20,20,100,False,0.018170248237037577,0.03643564356435643
W-ind,gate_V1,2025-08-27,5,100,False,0.15592040485147454,0.2672907290729073
W-ind,gate_V1,2025-08-27,20,100,False,0.08233313482421653,0.19324390412299436
W-ind,gate_V1,2025-09-03,5,100,False,0.14326369925497281,0.07055505550555054
W-ind,gate_V1,2025-09-03,20,100,False,0.30713339789641436,0.3768496849684968
W-ind,gate_V1,2025-09-10,5,100,False,-0.01090623002783459,-0.08618687724874448
W-ind,gate_V1,2025-09-10,20,100,False,-0.019329493305957776,-0.04025202520252025
W-ind,gate_V1,2025-09-17,5,100,False,-0.34407739532559584,-0.252025202520252
W-ind,gate_V1,2025-09-17,20,100,False,0.038570783841360964,0.17330985091542425
W-ind,gate_V1,2025-09-24,5,100,False,0.20829589000670282,0.30187818781878184
W-ind,gate_V1,2025-09-24,20,100,False,0.2410522918277656,0.19877587758775872
W-ind,gate_V1,2025-10-09,5,100,False,0.22324163672070818,0.1959339446159058
W-ind,gate_V1,2025-10-09,20,100,False,0.03823201556353137,0.047308730873087304
W-ind,gate_V1,2025-10-16,5,100,False,-0.21422906960116042,-0.15939993999399937
W-ind,gate_V1,2025-10-16,20,100,False,-0.09103201827295641,-0.1075067506750675
W-ind,gate_V1,2025-10-23,5,100,False,0.25769845860253016,0.23397539753975397
W-ind,gate_V1,2025-10-23,20,100,False,0.35558140445234,0.32105610561056097
W-ind,gate_V1,2025-10-30,5,100,False,0.049557057198588834,0.0628142814281428
W-ind,gate_V1,2025-10-30,20,100,False,0.22150602624305085,0.21807380738073803
W-ind,gate_V1,2025-11-06,5,100,False,0.10640435147203242,0.14474690893227143
W-ind,gate_V1,2025-11-06,20,100,False,0.008802780014823685,0.028970897089708972
W-ind,gate_V1,2025-11-13,5,100,False,0.2849996714152512,0.09748574857485746
W-ind,gate_V1,2025-11-13,20,100,False,-0.13905583528186505,-0.12648064806480647
W-ind,gate_V1,2025-11-20,5,100,False,0.18855174661334378,0.03617161716171617
W-ind,gate_V1,2025-11-20,20,100,False,-0.016931014658623785,-0.06519051905190518
W-ind,gate_V1,2025-11-27,5,100,False,0.22702287384288852,0.10448244824482449
W-ind,gate_V1,2025-11-27,20,100,False,0.06109104216982085,0.09164116411641163
W-ind,gate_V1,2025-12-04,5,99,False,-0.20239122696495743,-0.04235003092145949
W-ind,gate_V1,2025-12-04,20,99,False,0.06921995030225382,0.11539888682745825
W-ind,gate_V1,2025-12-11,5,99,False,-0.32406994336401473,-0.22780457637600493
W-ind,gate_V1,2025-12-11,20,99,False,0.22290720977834877,0.3584662956091528
W-ind,gate_V1,2025-12-18,5,100,False,0.4589724013103545,0.5213201320132013
W-ind,gate_V1,2025-12-18,20,100,False,0.22514960354972635,0.3356735673567356
W-ind,gate_V1,2025-12-25,5,100,False,-0.008753807996326345,0.07065127708185738
W-ind,gate_V1,2025-12-25,20,100,False,-0.18145673473654855,-0.12410441044104409
W-ind,gate_V1,2026-01-05,5,100,False,0.08275243951201047,0.20532853285328534
W-ind,gate_V1,2026-01-05,20,100,False,-0.11579831958869888,-0.10425442544254425
W-ind,gate_V1,2026-01-12,5,99,False,-0.16199935212723066,-0.20424242424242425
W-ind,gate_V1,2026-01-12,20,99,False,-0.1596880059852222,-0.149560915275201
W-ind,gate_V1,2026-01-19,5,99,False,0.046366353690997834,-0.038800247371675936
W-ind,gate_V1,2026-01-19,20,99,False,0.07653099675693059,0.07615337043908471
W-ind,gate_V1,2026-01-26,5,100,False,0.020604864091998933,-0.15229522952295227
W-ind,gate_V1,2026-01-26,20,100,False,-0.07866020308753932,-0.16070807080708066
W-ind,gate_V1,2026-02-02,5,100,False,0.10077716620386536,0.13344134413441341
W-ind,gate_V1,2026-02-02,20,100,False,-0.05725560948663017,-0.04488448844884487
W-ind,gate_V1,2026-02-09,5,100,False,0.13965683705513787,0.1493913873135656
W-ind,gate_V1,2026-02-09,20,100,False,-0.11083250454049921,-0.18738673867386738
W-ind,gate_V1,2026-02-24,5,100,False,-0.34262854482912886,-0.37776177617761775
W-ind,gate_V1,2026-02-24,20,100,False,-0.14759821061812342,-0.18263426342634262
W-ind,gate_V1,2026-03-03,5,99,False,-0.19338130414888346,-0.06440321583178726
W-ind,gate_V1,2026-03-03,20,99,False,-0.1359327116804211,-0.055510204081632646
W-ind,gate_V1,2026-03-10,5,99,False,0.056490164440740495,-0.03584415584415584
W-ind,gate_V1,2026-03-10,20,99,False,-0.06770632262948895,-0.08155844155844155
W-ind,gate_V1,2026-03-17,5,100,False,-0.17871561662437482,-0.27507950795079505
W-ind,gate_V1,2026-03-17,20,100,False,0.029829393304628412,0.07602760276027602
W-ind,gate_V1,2026-03-24,5,100,False,-0.1389627154190094,0.030267026702670265
W-ind,gate_V1,2026-03-24,20,100,False,0.16078831507863914,0.32584458445844583
W-ind,gate_V1,2026-03-31,5,100,False,0.16277141758708225,0.524080408040804
W-ind,gate_V1,2026-03-31,20,100,False,0.07472549179563347,0.13770177017701768
W-ind,gate_V1,2026-04-08,5,100,False,0.143185662973699,0.2782478247824782
W-ind,gate_V1,2026-04-08,20,100,False,0.15935631700262984,0.21531353135313527
W-ind,gate_V1,2026-04-15,5,100,False,0.17644423314370394,0.23266726672667265
W-ind,gate_V1,2026-04-15,20,100,False,0.1363871391517778,0.1686648664866486
W-ind,gate_V1,2026-04-22,5,100,False,-0.04847492850662001,-0.08044404440444045
W-ind,gate_V1,2026-04-22,20,100,False,0.01552285844438054,-0.011017101710171015
W-ind,gate_V1,2026-04-29,5,100,False,0.06099158497349123,-0.05964596459645964
W-ind,gate_V1,2026-04-29,20,100,False,-0.27835136204729427,-0.39521152115211516
W-ind,gate_V1,2026-05-11,5,100,False,0.049740456684037024,-0.1777017701770177
W-ind,gate_V1,2026-05-11,20,100,False,0.055556917234345894,0.004992499249924992
W-ind,gate_V1,2026-05-18,5,100,False,0.06840939810786169,-0.05707770777077707
W-ind,gate_V1,2026-05-18,20,100,False,0.03238220586496691,-0.043708370837083704
W-ind,gate_V1,2026-05-25,5,100,False,-0.07086660611188672,-0.23534353435343533
W-ind,gate_V1,2026-05-25,20,100,False,-0.004708891426175831,-0.10985898589858985
W-ind,gate_V1,2026-06-01,5,100,False,-0.08815418856548615,-0.1233003300330033
W-ind,gate_V1,2026-06-01,20,100,False,-0.2233679995502183,-0.36229222922292226
W-ind,gate_V1,2026-06-08,5,100,False,0.18301797001016157,0.23662766276627656
W-ind,gate_V1,2026-06-08,20,100,False,0.2060673339701787,0.1697929792979298
W-ind,gate_V1,2026-06-15,5,100,False,0.28537462700818383,0.17330933093309328
W-ind,gate_V1,2026-06-15,20,100,False,-0.3437059917783187,-0.4992019201920192
W-ind,gate_V1,2026-06-23,5,100,False,-0.11132217940793852,-0.08088808880888088
W-ind,gate_V1,2026-06-23,20,100,False,-0.2396990933762777,-0.3431503150315031
W-ind,gate_V1,2026-06-30,5,100,False,0.009701692287346153,-0.02347434743474347
W-ind,gate_V1,2026-06-30,20,100,False,-0.05591549541995395,-0.10485448544854484
W-ind,gate_V1,2026-07-07,5,100,False,-0.04260334665185013,0.01948994899489949
W-ind,gate_V1,2026-07-07,20,100,False,0.13745852288155067,0.16844884488448847
W-ind,gate_V1,2026-07-14,5,100,False,0.2002800552531747,0.18917491749174914
W-ind,gate_V1,2026-07-14,20,100,False,0.23366692110263979,0.35278727872787274
W-ind,gate_V1,2026-07-21,5,100,False,-0.02209518233859884,-0.06820282028202819
W-ind,gate_V1,2026-07-21,20,100,False,0.24199272433352723,0.2545934593459346
W-ind,gate_V1,2026-07-28,5,100,False,-0.13726622024730917,-0.0317071707170717
W-ind,gate_V1,2026-07-28,20,100,False,0.07532688473381544,0.17719771977197715
W-ind,gate_V1,2026-08-04,5,100,False,0.3039170268012773,0.24506450645064504
W-ind,gate_V1,2026-08-04,20,0,True,,
W-ind,gate_V1,2026-08-11,5,100,False,-0.1658488459529889,-0.04014401440144014
W-ind,gate_V1,2026-08-11,20,0,True,,
W-ind,gate_V1,2026-08-18,5,100,False,-0.00019713273668815247,0.057653765376537644
W-ind,gate_V1,2026-08-18,20,0,True,,
W-ind,gate_V1,2026-08-25,5,0,True,,
W-ind,gate_V1,2026-08-25,20,0,True,,
W-ind,gate_V2,2025-04-02,5,100,False,0.2545163194782044,0.2725352535253525
W-ind,gate_V2,2025-04-02,20,100,False,0.2864168059481743,0.27003900390039
W-ind,gate_V2,2025-04-10,5,100,False,0.31708281862233584,0.1598204615082546
W-ind,gate_V2,2025-04-10,20,100,False,-0.2514586673288451,-0.17624962496249622
W-ind,gate_V2,2025-04-17,5,100,False,-0.15938670579842687,-0.18985898589858985
W-ind,gate_V2,2025-04-17,20,100,False,-0.3057273865756247,-0.2733033303330333
W-ind,gate_V2,2025-04-24,5,100,False,-0.08423846705129487,-0.06087008700870087
W-ind,gate_V2,2025-04-24,20,100,False,-0.08877703285857824,-0.15695169516951693
W-ind,gate_V2,2025-05-06,5,100,False,0.12068644731983895,0.1356859756561032
W-ind,gate_V2,2025-05-06,20,100,False,-0.019344152435201663,-0.05299729972997299
W-ind,gate_V2,2025-05-13,5,99,False,0.010664559939767579,0.05709338280766852
W-ind,gate_V2,2025-05-13,20,99,False,-0.05502249689507094,-0.0031292517006802716
W-ind,gate_V2,2025-05-20,5,99,False,-0.04582343722693529,-0.007946839662498295
W-ind,gate_V2,2025-05-20,20,99,False,-0.015137265037941728,-0.04962275819418677
W-ind,gate_V2,2025-05-27,5,100,False,-0.24926333214533908,-0.2503210321032103
W-ind,gate_V2,2025-05-27,20,100,False,0.04642537383242899,-0.022058205820582055
W-ind,gate_V2,2025-06-04,5,100,False,0.007444614754141229,0.10695469546954693
W-ind,gate_V2,2025-06-04,20,100,False,0.13227741498124945,0.19732373237323728
W-ind,gate_V2,2025-06-11,5,100,False,-0.18856191843948122,-0.063552545912515
W-ind,gate_V2,2025-06-11,20,100,False,-0.10073938501849726,0.14820282028202816
W-ind,gate_V2,2025-06-18,5,100,False,0.04907462399158629,-0.01821809508298431
W-ind,gate_V2,2025-06-18,20,100,False,-0.18242166921198014,-0.22299429942994298
W-ind,gate_V2,2025-06-25,5,100,False,-0.10747123629618936,-0.023858457421221755
W-ind,gate_V2,2025-06-25,20,100,False,-0.13948574901263616,-0.25448544854485444
W-ind,gate_V2,2025-07-02,5,100,False,0.03889629992711789,0.0555055505550555
W-ind,gate_V2,2025-07-02,20,100,False,0.13247313955943385,0.2435283528352835
W-ind,gate_V2,2025-07-09,5,100,False,-0.08399589756792258,0.05142514251425142
W-ind,gate_V2,2025-07-09,20,100,False,0.062217155670000523,0.06988298829882987
W-ind,gate_V2,2025-07-16,5,100,False,0.08293205954993464,-0.05138913891389139
W-ind,gate_V2,2025-07-16,20,100,False,0.10801246461245588,-0.015457545754575454
W-ind,gate_V2,2025-07-23,5,100,False,0.194311473477802,0.25196519651965193
W-ind,gate_V2,2025-07-23,20,100,False,0.2990263497469999,0.28328832883288324
W-ind,gate_V2,2025-07-30,5,100,False,-0.26052545679118355,-0.345437580072302
W-ind,gate_V2,2025-07-30,20,100,False,-0.15852190016265358,-0.12686468646864685
W-ind,gate_V2,2025-08-06,5,99,False,0.039026921621593935,0.06048237476808905
W-ind,gate_V2,2025-08-06,20,99,False,0.07942733261637622,0.09628942486085344
W-ind,gate_V2,2025-08-13,5,99,False,0.016731557353008214,0.10331509992349923
W-ind,gate_V2,2025-08-13,20,99,False,0.16154835203904014,0.36056895485466905
W-ind,gate_V2,2025-08-20,5,100,False,-0.01815310031821426,0.05689768976897689
W-ind,gate_V2,2025-08-20,20,100,False,0.018170248237037577,0.03643564356435643
W-ind,gate_V2,2025-08-27,5,100,False,0.15592040485147454,0.2672907290729073
W-ind,gate_V2,2025-08-27,20,100,False,0.08233313482421653,0.19324390412299436
W-ind,gate_V2,2025-09-03,5,100,False,0.14326369925497281,0.07055505550555054
W-ind,gate_V2,2025-09-03,20,100,False,0.30713339789641436,0.3768496849684968
W-ind,gate_V2,2025-09-10,5,100,False,-0.01090623002783459,-0.08618687724874448
W-ind,gate_V2,2025-09-10,20,100,False,-0.019329493305957776,-0.04025202520252025
W-ind,gate_V2,2025-09-17,5,100,False,-0.34407739532559584,-0.252025202520252
W-ind,gate_V2,2025-09-17,20,100,False,0.038570783841360964,0.17330985091542425
W-ind,gate_V2,2025-09-24,5,100,False,0.20829589000670282,0.30187818781878184
W-ind,gate_V2,2025-09-24,20,100,False,0.2410522918277656,0.19877587758775872
W-ind,gate_V2,2025-10-09,5,100,False,0.22324163672070818,0.1959339446159058
W-ind,gate_V2,2025-10-09,20,100,False,0.03823201556353137,0.047308730873087304
W-ind,gate_V2,2025-10-16,5,100,False,-0.21422906960116042,-0.15939993999399937
W-ind,gate_V2,2025-10-16,20,100,False,-0.09103201827295641,-0.1075067506750675
W-ind,gate_V2,2025-10-23,5,100,False,0.25769845860253016,0.23397539753975397
W-ind,gate_V2,2025-10-23,20,100,False,0.35558140445234,0.32105610561056097
W-ind,gate_V2,2025-10-30,5,100,False,0.049557057198588834,0.0628142814281428
W-ind,gate_V2,2025-10-30,20,100,False,0.22150602624305085,0.21807380738073803
W-ind,gate_V2,2025-11-06,5,100,False,0.10640435147203242,0.14474690893227143
W-ind,gate_V2,2025-11-06,20,100,False,0.008802780014823685,0.028970897089708972
W-ind,gate_V2,2025-11-13,5,100,False,0.2849996714152512,0.09748574857485746
W-ind,gate_V2,2025-11-13,20,100,False,-0.13905583528186505,-0.12648064806480647
W-ind,gate_V2,2025-11-20,5,100,False,0.18855174661334378,0.03617161716171617
W-ind,gate_V2,2025-11-20,20,100,False,-0.016931014658623785,-0.06519051905190518
W-ind,gate_V2,2025-11-27,5,100,False,0.22702287384288852,0.10448244824482449
W-ind,gate_V2,2025-11-27,20,100,False,0.06109104216982085,0.09164116411641163
W-ind,gate_V2,2025-12-04,5,99,False,-0.20239122696495743,-0.04235003092145949
W-ind,gate_V2,2025-12-04,20,99,False,0.06921995030225382,0.11539888682745825
W-ind,gate_V2,2025-12-11,5,99,False,-0.32406994336401473,-0.22780457637600493
W-ind,gate_V2,2025-12-11,20,99,False,0.22290720977834877,0.3584662956091528
W-ind,gate_V2,2025-12-18,5,100,False,0.4589724013103545,0.5213201320132013
W-ind,gate_V2,2025-12-18,20,100,False,0.22514960354972635,0.3356735673567356
W-ind,gate_V2,2025-12-25,5,100,False,-0.008753807996326345,0.07065127708185738
W-ind,gate_V2,2025-12-25,20,100,False,-0.18145673473654855,-0.12410441044104409
W-ind,gate_V2,2026-01-05,5,100,False,0.08275243951201047,0.20532853285328534
W-ind,gate_V2,2026-01-05,20,100,False,-0.11579831958869888,-0.10425442544254425
W-ind,gate_V2,2026-01-12,5,99,False,-0.16199935212723066,-0.20424242424242425
W-ind,gate_V2,2026-01-12,20,99,False,-0.1596880059852222,-0.149560915275201
W-ind,gate_V2,2026-01-19,5,99,False,0.046366353690997834,-0.038800247371675936
W-ind,gate_V2,2026-01-19,20,99,False,0.07653099675693059,0.07615337043908471
W-ind,gate_V2,2026-01-26,5,100,False,0.020604864091998933,-0.15229522952295227
W-ind,gate_V2,2026-01-26,20,100,False,-0.07866020308753932,-0.16070807080708066
W-ind,gate_V2,2026-02-02,5,100,False,0.10077716620386536,0.13344134413441341
W-ind,gate_V2,2026-02-02,20,100,False,-0.05725560948663017,-0.04488448844884487
W-ind,gate_V2,2026-02-09,5,100,False,0.13965683705513787,0.1493913873135656
W-ind,gate_V2,2026-02-09,20,100,False,-0.11083250454049921,-0.18738673867386738
W-ind,gate_V2,2026-02-24,5,100,False,-0.34262854482912886,-0.37776177617761775
W-ind,gate_V2,2026-02-24,20,100,False,-0.14759821061812342,-0.18263426342634262
W-ind,gate_V2,2026-03-03,5,99,False,-0.19338130414888346,-0.06440321583178726
W-ind,gate_V2,2026-03-03,20,99,False,-0.1359327116804211,-0.055510204081632646
W-ind,gate_V2,2026-03-10,5,99,False,0.056490164440740495,-0.03584415584415584
W-ind,gate_V2,2026-03-10,20,99,False,-0.06770632262948895,-0.08155844155844155
W-ind,gate_V2,2026-03-17,5,100,False,-0.17871561662437482,-0.27507950795079505
W-ind,gate_V2,2026-03-17,20,100,False,0.029829393304628412,0.07602760276027602
W-ind,gate_V2,2026-03-24,5,100,False,-0.1389627154190094,0.030267026702670265
W-ind,gate_V2,2026-03-24,20,100,False,0.16078831507863914,0.32584458445844583
W-ind,gate_V2,2026-03-31,5,100,False,0.16277141758708225,0.524080408040804
W-ind,gate_V2,2026-03-31,20,100,False,0.07472549179563347,0.13770177017701768
W-ind,gate_V2,2026-04-08,5,100,False,0.143185662973699,0.2782478247824782
W-ind,gate_V2,2026-04-08,20,100,False,0.15935631700262984,0.21531353135313527
W-ind,gate_V2,2026-04-15,5,100,False,0.17644423314370394,0.23266726672667265
W-ind,gate_V2,2026-04-15,20,100,False,0.1363871391517778,0.1686648664866486
W-ind,gate_V2,2026-04-22,5,100,False,-0.04847492850662001,-0.08044404440444045
W-ind,gate_V2,2026-04-22,20,100,False,0.01552285844438054,-0.011017101710171015
W-ind,gate_V2,2026-04-29,5,100,False,0.06099158497349123,-0.05964596459645964
W-ind,gate_V2,2026-04-29,20,100,False,-0.27835136204729427,-0.39521152115211516
W-ind,gate_V2,2026-05-11,5,100,False,0.049740456684037024,-0.1777017701770177
W-ind,gate_V2,2026-05-11,20,100,False,0.055556917234345894,0.004992499249924992
W-ind,gate_V2,2026-05-18,5,100,False,0.06840939810786169,-0.05707770777077707
W-ind,gate_V2,2026-05-18,20,100,False,0.03238220586496691,-0.043708370837083704
W-ind,gate_V2,2026-05-25,5,100,False,-0.07086660611188672,-0.23534353435343533
W-ind,gate_V2,2026-05-25,20,100,False,-0.004708891426175831,-0.10985898589858985
W-ind,gate_V2,2026-06-01,5,100,False,-0.08815418856548615,-0.1233003300330033
W-ind,gate_V2,2026-06-01,20,100,False,-0.2233679995502183,-0.36229222922292226
W-ind,gate_V2,2026-06-08,5,100,False,0.18301797001016157,0.23662766276627656
W-ind,gate_V2,2026-06-08,20,100,False,0.2060673339701787,0.1697929792979298
W-ind,gate_V2,2026-06-15,5,100,False,0.28537462700818383,0.17330933093309328
W-ind,gate_V2,2026-06-15,20,100,False,-0.3437059917783187,-0.4992019201920192
W-ind,gate_V2,2026-06-23,5,100,False,-0.11132217940793852,-0.08088808880888088
W-ind,gate_V2,2026-06-23,20,100,False,-0.2396990933762777,-0.3431503150315031
W-ind,gate_V2,2026-06-30,5,100,False,0.009701692287346153,-0.02347434743474347
W-ind,gate_V2,2026-06-30,20,100,False,-0.05591549541995395,-0.10485448544854484
W-ind,gate_V2,2026-07-07,5,100,False,-0.04260334665185013,0.01948994899489949
W-ind,gate_V2,2026-07-07,20,100,False,0.13745852288155067,0.16844884488448847
W-ind,gate_V2,2026-07-14,5,100,False,0.2002800552531747,0.18917491749174914
W-ind,gate_V2,2026-07-14,20,100,False,0.23366692110263979,0.35278727872787274
W-ind,gate_V2,2026-07-21,5,100,False,-0.02209518233859884,-0.06820282028202819
W-ind,gate_V2,2026-07-21,20,100,False,0.24199272433352723,0.2545934593459346
W-ind,gate_V2,2026-07-28,5,100,False,-0.13726622024730917,-0.0317071707170717
W-ind,gate_V2,2026-07-28,20,100,False,0.07532688473381544,0.17719771977197715
W-ind,gate_V2,2026-08-04,5,100,False,0.3039170268012773,0.24506450645064504
W-ind,gate_V2,2026-08-04,20,0,True,,
W-ind,gate_V2,2026-08-11,5,100,False,-0.1658488459529889,-0.04014401440144014
W-ind,gate_V2,2026-08-11,20,0,True,,
W-ind,gate_V2,2026-08-18,5,100,False,-0.00019713273668815247,0.057653765376537644
W-ind,gate_V2,2026-08-18,20,0,True,,
W-ind,gate_V2,2026-08-25,5,0,True,,
W-ind,gate_V2,2026-08-25,20,0,True,,
W-ind,gate_V3,2025-04-02,5,100,False,0.2545163194782044,0.2725352535253525
W-ind,gate_V3,2025-04-02,20,100,False,0.2864168059481743,0.27003900390039
W-ind,gate_V3,2025-04-10,5,100,False,0.31708281862233584,0.1598204615082546
W-ind,gate_V3,2025-04-10,20,100,False,-0.2514586673288451,-0.17624962496249622
W-ind,gate_V3,2025-04-17,5,100,False,-0.15938670579842687,-0.18985898589858985
W-ind,gate_V3,2025-04-17,20,100,False,-0.3057273865756247,-0.2733033303330333
W-ind,gate_V3,2025-04-24,5,100,False,-0.08423846705129487,-0.06087008700870087
W-ind,gate_V3,2025-04-24,20,100,False,-0.08877703285857824,-0.15695169516951693
W-ind,gate_V3,2025-05-06,5,100,False,0.12068644731983895,0.1356859756561032
W-ind,gate_V3,2025-05-06,20,100,False,-0.019344152435201663,-0.05299729972997299
W-ind,gate_V3,2025-05-13,5,99,False,0.010664559939767579,0.05709338280766852
W-ind,gate_V3,2025-05-13,20,99,False,-0.05502249689507094,-0.0031292517006802716
W-ind,gate_V3,2025-05-20,5,99,False,-0.04582343722693529,-0.007946839662498295
W-ind,gate_V3,2025-05-20,20,99,False,-0.015137265037941728,-0.04962275819418677
W-ind,gate_V3,2025-05-27,5,100,False,-0.24926333214533908,-0.2503210321032103
W-ind,gate_V3,2025-05-27,20,100,False,0.04642537383242899,-0.022058205820582055
W-ind,gate_V3,2025-06-04,5,100,False,0.007444614754141229,0.10695469546954693
W-ind,gate_V3,2025-06-04,20,100,False,0.13227741498124945,0.19732373237323728
W-ind,gate_V3,2025-06-11,5,100,False,-0.18856191843948122,-0.063552545912515
W-ind,gate_V3,2025-06-11,20,100,False,-0.10073938501849726,0.14820282028202816
W-ind,gate_V3,2025-06-18,5,100,False,0.04907462399158629,-0.01821809508298431
W-ind,gate_V3,2025-06-18,20,100,False,-0.18242166921198014,-0.22299429942994298
W-ind,gate_V3,2025-06-25,5,100,False,-0.10747123629618936,-0.023858457421221755
W-ind,gate_V3,2025-06-25,20,100,False,-0.13948574901263616,-0.25448544854485444
W-ind,gate_V3,2025-07-02,5,100,False,0.03889629992711789,0.0555055505550555
W-ind,gate_V3,2025-07-02,20,100,False,0.13247313955943385,0.2435283528352835
W-ind,gate_V3,2025-07-09,5,100,False,-0.08399589756792258,0.05142514251425142
W-ind,gate_V3,2025-07-09,20,100,False,0.062217155670000523,0.06988298829882987
W-ind,gate_V3,2025-07-16,5,100,False,0.08293205954993464,-0.05138913891389139
W-ind,gate_V3,2025-07-16,20,100,False,0.10801246461245588,-0.015457545754575454
W-ind,gate_V3,2025-07-23,5,100,False,0.194311473477802,0.25196519651965193
W-ind,gate_V3,2025-07-23,20,100,False,0.2990263497469999,0.28328832883288324
W-ind,gate_V3,2025-07-30,5,100,False,-0.26052545679118355,-0.345437580072302
W-ind,gate_V3,2025-07-30,20,100,False,-0.15852190016265358,-0.12686468646864685
W-ind,gate_V3,2025-08-06,5,99,False,0.039026921621593935,0.06048237476808905
W-ind,gate_V3,2025-08-06,20,99,False,0.07942733261637622,0.09628942486085344
W-ind,gate_V3,2025-08-13,5,99,False,0.016731557353008214,0.10331509992349923
W-ind,gate_V3,2025-08-13,20,99,False,0.16154835203904014,0.36056895485466905
W-ind,gate_V3,2025-08-20,5,100,False,-0.01815310031821426,0.05689768976897689
W-ind,gate_V3,2025-08-20,20,100,False,0.018170248237037577,0.03643564356435643
W-ind,gate_V3,2025-08-27,5,100,False,0.15592040485147454,0.2672907290729073
W-ind,gate_V3,2025-08-27,20,100,False,0.08233313482421653,0.19324390412299436
W-ind,gate_V3,2025-09-03,5,100,False,0.14326369925497281,0.07055505550555054
W-ind,gate_V3,2025-09-03,20,100,False,0.30713339789641436,0.3768496849684968
W-ind,gate_V3,2025-09-10,5,100,False,-0.01090623002783459,-0.08618687724874448
W-ind,gate_V3,2025-09-10,20,100,False,-0.019329493305957776,-0.04025202520252025
W-ind,gate_V3,2025-09-17,5,100,False,-0.34407739532559584,-0.252025202520252
W-ind,gate_V3,2025-09-17,20,100,False,0.038570783841360964,0.17330985091542425
W-ind,gate_V3,2025-09-24,5,100,False,0.20829589000670282,0.30187818781878184
W-ind,gate_V3,2025-09-24,20,100,False,0.2410522918277656,0.19877587758775872
W-ind,gate_V3,2025-10-09,5,100,False,0.22324163672070818,0.1959339446159058
W-ind,gate_V3,2025-10-09,20,100,False,0.03823201556353137,0.047308730873087304
W-ind,gate_V3,2025-10-16,5,100,False,-0.21422906960116042,-0.15939993999399937
W-ind,gate_V3,2025-10-16,20,100,False,-0.09103201827295641,-0.1075067506750675
W-ind,gate_V3,2025-10-23,5,100,False,0.25769845860253016,0.23397539753975397
W-ind,gate_V3,2025-10-23,20,100,False,0.35558140445234,0.32105610561056097
W-ind,gate_V3,2025-10-30,5,100,False,0.049557057198588834,0.0628142814281428
W-ind,gate_V3,2025-10-30,20,100,False,0.22150602624305085,0.21807380738073803
W-ind,gate_V3,2025-11-06,5,100,False,0.10640435147203242,0.14474690893227143
W-ind,gate_V3,2025-11-06,20,100,False,0.008802780014823685,0.028970897089708972
W-ind,gate_V3,2025-11-13,5,100,False,0.2849996714152512,0.09748574857485746
W-ind,gate_V3,2025-11-13,20,100,False,-0.13905583528186505,-0.12648064806480647
W-ind,gate_V3,2025-11-20,5,100,False,0.18855174661334378,0.03617161716171617
W-ind,gate_V3,2025-11-20,20,100,False,-0.016931014658623785,-0.06519051905190518
W-ind,gate_V3,2025-11-27,5,100,False,0.22702287384288852,0.10448244824482449
W-ind,gate_V3,2025-11-27,20,100,False,0.06109104216982085,0.09164116411641163
W-ind,gate_V3,2025-12-04,5,99,False,-0.20239122696495743,-0.04235003092145949
W-ind,gate_V3,2025-12-04,20,99,False,0.06921995030225382,0.11539888682745825
W-ind,gate_V3,2025-12-11,5,99,False,-0.32406994336401473,-0.22780457637600493
W-ind,gate_V3,2025-12-11,20,99,False,0.22290720977834877,0.3584662956091528
W-ind,gate_V3,2025-12-18,5,100,False,0.4589724013103545,0.5213201320132013
W-ind,gate_V3,2025-12-18,20,100,False,0.22514960354972635,0.3356735673567356
W-ind,gate_V3,2025-12-25,5,100,False,-0.008753807996326345,0.07065127708185738
W-ind,gate_V3,2025-12-25,20,100,False,-0.18145673473654855,-0.12410441044104409
W-ind,gate_V3,2026-01-05,5,100,False,0.08275243951201047,0.20532853285328534
W-ind,gate_V3,2026-01-05,20,100,False,-0.11579831958869888,-0.10425442544254425
W-ind,gate_V3,2026-01-12,5,99,False,-0.16199935212723066,-0.20424242424242425
W-ind,gate_V3,2026-01-12,20,99,False,-0.1596880059852222,-0.149560915275201
W-ind,gate_V3,2026-01-19,5,99,False,0.046366353690997834,-0.038800247371675936
W-ind,gate_V3,2026-01-19,20,99,False,0.07653099675693059,0.07615337043908471
W-ind,gate_V3,2026-01-26,5,100,False,0.020604864091998933,-0.15229522952295227
W-ind,gate_V3,2026-01-26,20,100,False,-0.07866020308753932,-0.16070807080708066
W-ind,gate_V3,2026-02-02,5,100,False,0.10077716620386536,0.13344134413441341
W-ind,gate_V3,2026-02-02,20,100,False,-0.05725560948663017,-0.04488448844884487
W-ind,gate_V3,2026-02-09,5,100,False,0.13965683705513787,0.1493913873135656
W-ind,gate_V3,2026-02-09,20,100,False,-0.11083250454049921,-0.18738673867386738
W-ind,gate_V3,2026-02-24,5,100,False,-0.34262854482912886,-0.37776177617761775
W-ind,gate_V3,2026-02-24,20,100,False,-0.14759821061812342,-0.18263426342634262
W-ind,gate_V3,2026-03-03,5,99,False,-0.19338130414888346,-0.06440321583178726
W-ind,gate_V3,2026-03-03,20,99,False,-0.1359327116804211,-0.055510204081632646
W-ind,gate_V3,2026-03-10,5,99,False,0.056490164440740495,-0.03584415584415584
W-ind,gate_V3,2026-03-10,20,99,False,-0.06770632262948895,-0.08155844155844155
W-ind,gate_V3,2026-03-17,5,100,False,-0.17871561662437482,-0.27507950795079505
W-ind,gate_V3,2026-03-17,20,100,False,0.029829393304628412,0.07602760276027602
W-ind,gate_V3,2026-03-24,5,100,False,-0.1389627154190094,0.030267026702670265
W-ind,gate_V3,2026-03-24,20,100,False,0.16078831507863914,0.32584458445844583
W-ind,gate_V3,2026-03-31,5,100,False,0.16277141758708225,0.524080408040804
W-ind,gate_V3,2026-03-31,20,100,False,0.07472549179563347,0.13770177017701768
W-ind,gate_V3,2026-04-08,5,100,False,0.143185662973699,0.2782478247824782
W-ind,gate_V3,2026-04-08,20,100,False,0.15935631700262984,0.21531353135313527
W-ind,gate_V3,2026-04-15,5,100,False,0.17644423314370394,0.23266726672667265
W-ind,gate_V3,2026-04-15,20,100,False,0.1363871391517778,0.1686648664866486
W-ind,gate_V3,2026-04-22,5,100,False,-0.04847492850662001,-0.08044404440444045
W-ind,gate_V3,2026-04-22,20,100,False,0.01552285844438054,-0.011017101710171015
W-ind,gate_V3,2026-04-29,5,100,False,0.06099158497349123,-0.05964596459645964
W-ind,gate_V3,2026-04-29,20,100,False,-0.27835136204729427,-0.39521152115211516
W-ind,gate_V3,2026-05-11,5,100,False,0.049740456684037024,-0.1777017701770177
W-ind,gate_V3,2026-05-11,20,100,False,0.055556917234345894,0.004992499249924992
W-ind,gate_V3,2026-05-18,5,100,False,0.06840939810786169,-0.05707770777077707
W-ind,gate_V3,2026-05-18,20,100,False,0.03238220586496691,-0.043708370837083704
W-ind,gate_V3,2026-05-25,5,100,False,-0.07086660611188672,-0.23534353435343533
W-ind,gate_V3,2026-05-25,20,100,False,-0.004708891426175831,-0.10985898589858985
W-ind,gate_V3,2026-06-01,5,100,False,-0.08815418856548615,-0.1233003300330033
W-ind,gate_V3,2026-06-01,20,100,False,-0.2233679995502183,-0.36229222922292226
W-ind,gate_V3,2026-06-08,5,100,False,0.18301797001016157,0.23662766276627656
W-ind,gate_V3,2026-06-08,20,100,False,0.2060673339701787,0.1697929792979298
W-ind,gate_V3,2026-06-15,5,100,False,0.28537462700818383,0.17330933093309328
W-ind,gate_V3,2026-06-15,20,100,False,-0.3437059917783187,-0.4992019201920192
W-ind,gate_V3,2026-06-23,5,100,False,-0.11132217940793852,-0.08088808880888088
W-ind,gate_V3,2026-06-23,20,100,False,-0.2396990933762777,-0.3431503150315031
W-ind,gate_V3,2026-06-30,5,100,False,0.009701692287346153,-0.02347434743474347
W-ind,gate_V3,2026-06-30,20,100,False,-0.05591549541995395,-0.10485448544854484
W-ind,gate_V3,2026-07-07,5,100,False,-0.04260334665185013,0.01948994899489949
W-ind,gate_V3,2026-07-07,20,100,False,0.13745852288155067,0.16844884488448847
W-ind,gate_V3,2026-07-14,5,100,False,0.2002800552531747,0.18917491749174914
W-ind,gate_V3,2026-07-14,20,100,False,0.23366692110263979,0.35278727872787274
W-ind,gate_V3,2026-07-21,5,100,False,-0.02209518233859884,-0.06820282028202819
W-ind,gate_V3,2026-07-21,20,100,False,0.24199272433352723,0.2545934593459346
W-ind,gate_V3,2026-07-28,5,100,False,-0.13726622024730917,-0.0317071707170717
W-ind,gate_V3,2026-07-28,20,100,False,0.07532688473381544,0.17719771977197715
W-ind,gate_V3,2026-08-04,5,100,False,0.3039170268012773,0.24506450645064504
W-ind,gate_V3,2026-08-04,20,0,True,,
W-ind,gate_V3,2026-08-11,5,100,False,-0.1658488459529889,-0.04014401440144014
W-ind,gate_V3,2026-08-11,20,0,True,,
W-ind,gate_V3,2026-08-18,5,100,False,-0.00019713273668815247,0.057653765376537644
W-ind,gate_V3,2026-08-18,20,0,True,,
W-ind,gate_V3,2026-08-25,5,0,True,,
W-ind,gate_V3,2026-08-25,20,0,True,,
W-ind,placebo_node_permutation,2025-04-02,5,100,False,0.24430975341228317,0.25801380138013796
W-ind,placebo_node_permutation,2025-04-02,20,100,False,0.2868343594224613,0.26366636663666365
W-ind,placebo_node_permutation,2025-04-10,5,100,False,0.31641239584004893,0.15625009376036048
W-ind,placebo_node_permutation,2025-04-10,20,100,False,-0.2563668522432335,-0.17693369336933693
W-ind,placebo_node_permutation,2025-04-17,5,100,False,-0.1594209833565325,-0.18953495349534952
W-ind,placebo_node_permutation,2025-04-17,20,100,False,-0.30580662953315074,-0.273027302730273
W-ind,placebo_node_permutation,2025-04-24,5,100,False,-0.08541016935614448,-0.06402640264026402
W-ind,placebo_node_permutation,2025-04-24,20,100,False,-0.09017425203994364,-0.16038403840384033
W-ind,placebo_node_permutation,2025-05-06,5,100,False,0.1255485350132329,0.14054047566962644
W-ind,placebo_node_permutation,2025-05-06,20,100,False,-0.01908617635409957,-0.051209120912091205
W-ind,placebo_node_permutation,2025-05-13,5,99,False,0.017739176628062354,0.06660482374768088
W-ind,placebo_node_permutation,2025-05-13,20,99,False,-0.04854329132609578,0.007297464440321582
W-ind,placebo_node_permutation,2025-05-20,5,99,False,-0.04245852537317039,-0.00316018293193512
W-ind,placebo_node_permutation,2025-05-20,20,99,False,-0.012244307217563808,-0.047520098948670375
W-ind,placebo_node_permutation,2025-05-27,5,100,False,-0.24453927092200722,-0.24685268526852686
W-ind,placebo_node_permutation,2025-05-27,20,100,False,0.04758999287025162,-0.021542154215421536
W-ind,placebo_node_permutation,2025-06-04,5,100,False,0.0031440775201367357,0.11122712271227121
W-ind,placebo_node_permutation,2025-06-04,20,100,False,0.1314147561382954,0.19288328832883286
W-ind,placebo_node_permutation,2025-06-11,5,100,False,-0.18954496099595255,-0.056093777659351356
W-ind,placebo_node_permutation,2025-06-11,20,100,False,-0.09994837955523111,0.15266726672667263
W-ind,placebo_node_permutation,2025-06-18,5,100,False,0.04924475352355787,-0.016735924633215826
W-ind,placebo_node_permutation,2025-06-18,20,100,False,-0.18196480390756084,-0.222010201020102
W-ind,placebo_node_permutation,2025-06-25,5,100,False,-0.10925800541133113,-0.023816453094775942
W-ind,placebo_node_permutation,2025-06-25,20,100,False,-0.1442036712285832,-0.25756975697569756
W-ind,placebo_node_permutation,2025-07-02,5,100,False,0.03865012326969411,0.05284128412841284
W-ind,placebo_node_permutation,2025-07-02,20,100,False,0.12848355451272103,0.23357935793579354
W-ind,placebo_node_permutation,2025-07-09,5,100,False,-0.07679237996641679,0.05927392739273927
W-ind,placebo_node_permutation,2025-07-09,20,100,False,0.06772661236443756,0.07951995199519951
W-ind,placebo_node_permutation,2025-07-16,5,100,False,0.07973404048207028,-0.05533753375337533
W-ind,placebo_node_permutation,2025-07-16,20,100,False,0.09934315311614289,-0.01896189618961896
W-ind,placebo_node_permutation,2025-07-23,5,100,False,0.19417413604840386,0.2521572157215721
W-ind,placebo_node_permutation,2025-07-23,20,100,False,0.29379201547596384,0.2770477047704771
W-ind,placebo_node_permutation,2025-07-30,5,100,False,-0.26184330337915496,-0.35542260853027813
W-ind,placebo_node_permutation,2025-07-30,20,100,False,-0.18190436354695252,-0.13555355535553557
W-ind,placebo_node_permutation,2025-08-06,5,99,False,0.03710127934083434,0.06091527520098949
W-ind,placebo_node_permutation,2025-08-06,20,99,False,0.07857077094069716,0.0961286332714904
W-ind,placebo_node_permutation,2025-08-13,5,99,False,0.023244125388707845,0.10705660809144592
W-ind,placebo_node_permutation,2025-08-13,20,99,False,0.16015087277449483,0.36472479901051325
W-ind,placebo_node_permutation,2025-08-20,5,100,False,-0.04720806037568117,0.035895589558955894
W-ind,placebo_node_permutation,2025-08-20,20,100,False,0.0072963363432155676,0.03348334833483348
W-ind,placebo_node_permutation,2025-08-27,5,100,False,0.155314909176669,0.26285028502850283
W-ind,placebo_node_permutation,2025-08-27,20,100,False,0.08103345368333414,0.18724328605930676
W-ind,placebo_node_permutation,2025-09-03,5,100,False,0.1457876981790783,0.07162316231623163
W-ind,placebo_node_permutation,2025-09-03,20,100,False,0.3026283922588735,0.3615481548154815
W-ind,placebo_node_permutation,2025-09-10,5,100,False,-0.015125171596634252,-0.09763005589619668
W-ind,placebo_node_permutation,2025-09-10,20,100,False,-0.023097088343479052,-0.0466006600660066
W-ind,placebo_node_permutation,2025-09-17,5,100,False,-0.3482950800735827,-0.25914191419141913
W-ind,placebo_node_permutation,2025-09-17,20,100,False,0.0335659555057616,0.16544904125199353
W-ind,placebo_node_permutation,2025-09-24,5,100,False,0.20828463521388269,0.3023102310231022
W-ind,placebo_node_permutation,2025-09-24,20,100,False,0.24101884810170407,0.199015901590159
W-ind,placebo_node_permutation,2025-10-09,5,100,False,0.220212645605107,0.19760213145295166
W-ind,placebo_node_permutation,2025-10-09,20,100,False,0.03925434659491874,0.06466246624662465
W-ind,placebo_node_permutation,2025-10-16,5,100,False,-0.21386342413803236,-0.15923192319231919
W-ind,placebo_node_permutation,2025-10-16,20,100,False,-0.09064535422071864,-0.1068226822682268
W-ind,placebo_node_permutation,2025-10-23,5,100,False,0.2559509887001224,0.23542754275427538
W-ind,placebo_node_permutation,2025-10-23,20,100,False,0.3480525751278772,0.3167236723672367
W-ind,placebo_node_permutation,2025-10-30,5,100,False,0.04512418130568168,0.05424542454245424
W-ind,placebo_node_permutation,2025-10-30,20,100,False,0.22791468198258036,0.2132373237323732
W-ind,placebo_node_permutation,2025-11-06,5,100,False,0.10703015192532635,0.14641508075397658
W-ind,placebo_node_permutation,2025-11-06,20,100,False,0.009987343117152141,0.03101110111011101
W-ind,placebo_node_permutation,2025-11-13,5,100,False,0.29179448564704974,0.09995799579957994
W-ind,placebo_node_permutation,2025-11-13,20,100,False,-0.13563278684710833,-0.1207080708070807
W-ind,placebo_node_permutation,2025-11-20,5,100,False,0.19449971727251675,0.034863486348634856
W-ind,placebo_node_permutation,2025-11-20,20,100,False,-0.012642930900070194,-0.06472247224722472
W-ind,placebo_node_permutation,2025-11-27,5,100,False,0.22123029221855964,0.10018601860186017
W-ind,placebo_node_permutation,2025-11-27,20,100,False,0.05878874211141979,0.09489348934893489
W-ind,placebo_node_permutation,2025-12-04,5,99,False,-0.20191057232771098,-0.040272108843537414
W-ind,placebo_node_permutation,2025-12-04,20,99,False,0.06999602793918344,0.11609152752009895
W-ind,placebo_node_permutation,2025-12-11,5,99,False,-0.32589473790433976,-0.22833642547928257
W-ind,placebo_node_permutation,2025-12-11,20,99,False,0.222635995882552,0.35829313543599256
W-ind,placebo_node_permutation,2025-12-18,5,100,False,0.4606325499630321,0.5245964596459646
W-ind,placebo_node_permutation,2025-12-18,20,100,False,0.22674500123045527,0.33472547254725465
W-ind,placebo_node_permutation,2025-12-25,5,100,False,-0.006898155113541741,0.07100531354761495
W-ind,placebo_node_permutation,2025-12-25,20,100,False,-0.18112755098304623,-0.12392439243924391
W-ind,placebo_node_permutation,2026-01-05,5,100,False,0.08140014293685971,0.20208820882088205
W-ind,placebo_node_permutation,2026-01-05,20,100,False,-0.11528666141663174,-0.10855085508550853
W-ind,placebo_node_permutation,2026-01-12,5,99,False,-0.17023392416055216,-0.2133951762523191
W-ind,placebo_node_permutation,2026-01-12,20,99,False,-0.160643343168284,-0.1498082869511441
W-ind,placebo_node_permutation,2026-01-19,5,99,False,0.04618253554137102,-0.03371675943104514
W-ind,placebo_node_permutation,2026-01-19,20,99,False,0.07757267693301458,0.07915893630179345
W-ind,placebo_node_permutation,2026-01-26,5,100,False,0.021175581923565865,-0.15349534953495347
W-ind,placebo_node_permutation,2026-01-26,20,100,False,-0.07809068554966243,-0.1612241224122412
W-ind,placebo_node_permutation,2026-02-02,5,100,False,0.1007349580970873,0.13288928892889287
W-ind,placebo_node_permutation,2026-02-02,20,100,False,-0.05713370477844489,-0.04357635763576357
W-ind,placebo_node_permutation,2026-02-09,5,100,False,0.1378330317319706,0.15302176124209657
W-ind,placebo_node_permutation,2026-02-09,20,100,False,-0.10780883317319408,-0.18633063306330633
W-ind,placebo_node_permutation,2026-02-24,5,100,False,-0.34083253860449175,-0.37820582058205815
W-ind,placebo_node_permutation,2026-02-24,20,100,False,-0.14469137413131847,-0.18191419141914186
W-ind,placebo_node_permutation,2026-03-03,5,99,False,-0.18608495439887762,-0.04399505256648113
W-ind,placebo_node_permutation,2026-03-03,20,99,False,-0.12073747985571939,-0.031700680272108844
W-ind,placebo_node_permutation,2026-03-10,5,99,False,0.04615059805494422,-0.04227581941867656
W-ind,placebo_node_permutation,2026-03-10,20,99,False,-0.07855494644473558,-0.08692640692640692
W-ind,placebo_node_permutation,2026-03-17,5,100,False,-0.17910103725902576,-0.2736393639363936
W-ind,placebo_node_permutation,2026-03-17,20,100,False,0.029853212275866604,0.07702370237023702
W-ind,placebo_node_permutation,2026-03-24,5,100,False,-0.13821718858548046,0.035703570357035704
W-ind,placebo_node_permutation,2026-03-24,20,100,False,0.15871966875963567,0.32321632163216313
W-ind,placebo_node_permutation,2026-03-31,5,100,False,0.16098101959567704,0.5273447344734473
W-ind,placebo_node_permutation,2026-03-31,20,100,False,0.07509800056803856,0.1413981398139814
W-ind,placebo_node_permutation,2026-04-08,5,100,False,0.14457979070716706,0.28100810081008093
W-ind,placebo_node_permutation,2026-04-08,20,100,False,0.1605741547069867,0.21548154815481543
W-ind,placebo_node_permutation,2026-04-15,5,100,False,0.18359365412016887,0.23869186918691868
W-ind,placebo_node_permutation,2026-04-15,20,100,False,0.1397968376732504,0.17021302130213017
W-ind,placebo_node_permutation,2026-04-22,5,100,False,-0.05080930918023131,-0.07991599159915991
W-ind,placebo_node_permutation,2026-04-22,20,100,False,0.014452273292284937,-0.009852985298529853
W-ind,placebo_node_permutation,2026-04-29,5,100,False,0.06052620880896598,-0.06453045304530453
W-ind,placebo_node_permutation,2026-04-29,20,100,False,-0.27810002756599594,-0.397035703570357
W-ind,placebo_node_permutation,2026-05-11,5,100,False,0.04653886628220345,-0.18198619861986196
W-ind,placebo_node_permutation,2026-05-11,20,100,False,0.05612189606035354,0.0038043804380438044
W-ind,placebo_node_permutation,2026-05-18,5,100,False,0.05619886616281481,-0.06766276627662765
W-ind,placebo_node_permutation,2026-05-18,20,100,False,0.019178910304432067,-0.0474047404740474
W-ind,placebo_node_permutation,2026-05-25,5,100,False,-0.0705509493634061,-0.23690369036903686
W-ind,placebo_node_permutation,2026-05-25,20,100,False,-0.004304378172886875,-0.11248724872487247
W-ind,placebo_node_permutation,2026-06-01,5,100,False,-0.0893070965938703,-0.1258085808580858
W-ind,placebo_node_permutation,2026-06-01,20,100,False,-0.2240809318560475,-0.36399639963996394
W-ind,placebo_node_permutation,2026-06-08,5,100,False,0.1797448473547022,0.23546354635463543
W-ind,placebo_node_permutation,2026-06-08,20,100,False,0.2034688783760164,0.16836483648364836
W-ind,placebo_node_permutation,2026-06-15,5,100,False,0.286956909643295,0.17592559255925588
W-ind,placebo_node_permutation,2026-06-15,20,100,False,-0.3433261803843264,-0.49702970297029697
W-ind,placebo_node_permutation,2026-06-23,5,100,False,-0.11202830278436496,-0.0807080708070807
W-ind,placebo_node_permutation,2026-06-23,20,100,False,-0.2396906755110811,-0.343066306630663
W-ind,placebo_node_permutation,2026-06-30,5,100,False,0.012721117488642625,-0.017125712571257123
W-ind,placebo_node_permutation,2026-06-30,20,100,False,-0.05813121182615675,-0.10183018301830181
W-ind,placebo_node_permutation,2026-07-07,5,100,False,-0.042867296896193355,0.019837983798379838
W-ind,placebo_node_permutation,2026-07-07,20,100,False,0.1363979460886723,0.1675367536753675
W-ind,placebo_node_permutation,2026-07-14,5,100,False,0.201282607527994,0.1883228322832283
W-ind,placebo_node_permutation,2026-07-14,20,100,False,0.2352262808851623,0.35479147914791476
W-ind,placebo_node_permutation,2026-07-21,5,100,False,-0.01844375417241522,-0.07072307230723072
W-ind,placebo_node_permutation,2026-07-21,20,100,False,0.24076174485458113,0.2517491749174917
W-ind,placebo_node_permutation,2026-07-28,5,100,False,-0.13819094482133756,-0.032331233123312327
W-ind,placebo_node_permutation,2026-07-28,20,100,False,0.07518571506541702,0.1776057605760576
W-ind,placebo_node_permutation,2026-08-04,5,100,False,0.29677901380129523,0.2381398139813981
W-ind,placebo_node_permutation,2026-08-04,20,0,True,,
W-ind,placebo_node_permutation,2026-08-11,5,100,False,-0.16050964636797477,-0.033219321932193215
W-ind,placebo_node_permutation,2026-08-11,20,0,True,,
W-ind,placebo_node_permutation,2026-08-18,5,100,False,0.011652211128337735,0.07061506150615061
W-ind,placebo_node_permutation,2026-08-18,20,0,True,,
W-ind,placebo_node_permutation,2026-08-25,5,0,True,,
W-ind,placebo_node_permutation,2026-08-25,20,0,True,,
