network,variant,signal_date,horizon,n_stocks,excluded,pearson_ic,spearman_ic
W-attn,alpha_0.00,2025-04-02,5,99,False,-0.024388403337327186,0.007359307359307359
W-attn,alpha_0.00,2025-04-02,20,99,False,0.025283669632571268,0.05459492888064316
W-attn,alpha_0.00,2025-04-10,5,99,False,0.24787653601944046,0.2608534322820037
W-attn,alpha_0.00,2025-04-10,20,99,False,-0.3333277480251488,-0.3658256029684601
W-attn,alpha_0.00,2025-04-17,5,99,False,-0.09802733924804236,-0.05762523191094619
W-attn,alpha_0.00,2025-04-17,20,99,False,-0.30204030178477836,-0.21678416821273963
W-attn,alpha_0.00,2025-04-24,5,99,False,0.13396981325626142,0.19564625850340137
W-attn,alpha_0.00,2025-04-24,20,99,False,-0.16893857849950444,-0.13918367346938776
W-attn,alpha_0.00,2025-05-06,5,99,False,-0.18854404153204793,-0.15729128014842303
W-attn,alpha_0.00,2025-05-06,20,99,False,-0.28611151750550917,-0.2699072356215213
W-attn,alpha_0.00,2025-05-13,5,99,False,0.2939943622244675,0.17361781076066787
W-attn,alpha_0.00,2025-05-13,20,99,False,0.3465065408171185,0.2777241805813234
W-attn,alpha_0.00,2025-05-20,5,99,False,0.041312283796457044,0.07419913419913418
W-attn,alpha_0.00,2025-05-20,20,99,False,-0.14339532263783866,-0.11035250463821891
W-attn,alpha_0.00,2025-05-27,5,99,False,-0.20843029643494151,-0.21179962894248608
W-attn,alpha_0.00,2025-05-27,20,99,False,-0.36252107124382404,-0.378169449598021
W-attn,alpha_0.00,2025-06-04,5,99,False,-0.08156093856760548,-0.025627705627705628
W-attn,alpha_0.00,2025-06-04,20,99,False,0.04030783259767889,0.07192331478045763
W-attn,alpha_0.00,2025-06-11,5,99,False,0.008108070345133982,-0.07789734075448361
W-attn,alpha_0.00,2025-06-11,20,99,False,0.012160658273800895,0.0613234384662956
W-attn,alpha_0.00,2025-06-18,5,99,False,-0.2985202409507366,-0.28338899196042056
W-attn,alpha_0.00,2025-06-18,20,99,False,-0.16168490964878512,-0.2109461966604824
W-attn,alpha_0.00,2025-06-25,5,99,False,-0.061435187640376296,-0.0025602968460111315
W-attn,alpha_0.00,2025-06-25,20,99,False,-0.15110093787986306,-0.1305256648113791
W-attn,alpha_0.00,2025-07-02,5,99,False,-0.1025949491177077,0.002325293753865182
W-attn,alpha_0.00,2025-07-02,20,99,False,-0.19694585514141819,-0.08958565244279529
W-attn,alpha_0.00,2025-07-09,5,99,False,-0.15057133741470186,-0.046827458256029686
W-attn,alpha_0.00,2025-07-09,20,99,False,-0.04145729033496836,0.03507730364873222
W-attn,alpha_0.00,2025-07-16,5,99,False,-0.13806401803489612,-0.08921459492888063
W-attn,alpha_0.00,2025-07-16,20,97,False,0.21375001839315397,-0.08392068167473173
W-attn,alpha_0.00,2025-07-23,5,99,False,0.14997519126077002,0.03924551638837353
W-attn,alpha_0.00,2025-07-23,20,97,False,0.14093707456044707,-0.061171891436987154
W-attn,alpha_0.00,2025-07-30,5,99,False,0.1481847044181293,0.062708719851577
W-attn,alpha_0.00,2025-07-30,20,97,False,0.10566160635780612,-0.09710972017673047
W-attn,alpha_0.00,2025-08-06,5,97,False,-0.013029469633757495,-0.1839233115926783
W-attn,alpha_0.00,2025-08-06,20,94,False,0.0406837486955383,0.04951052992811472
W-attn,alpha_0.00,2025-08-13,5,97,False,0.2309397223437263,0.37761676835682717
W-attn,alpha_0.00,2025-08-13,20,94,False,0.0682001200493689,0.19930643355127697
W-attn,alpha_0.00,2025-08-20,5,98,False,0.13534070107302065,0.04060593309488743
W-attn,alpha_0.00,2025-08-20,20,95,False,-0.06633960494560617,-0.04759238521836506
W-attn,alpha_0.00,2025-08-27,5,95,False,0.08464570062693112,0.04343505039193729
W-attn,alpha_0.00,2025-08-27,20,95,False,0.060645663875156755,0.055361142217245245
W-attn,alpha_0.00,2025-09-03,5,96,False,-0.025123776081026936,0.03555344546934346
W-attn,alpha_0.00,2025-09-03,20,94,False,0.0015557011390923924,0.07800455152981975
W-attn,alpha_0.00,2025-09-10,5,97,False,-0.009079478085829382,-0.019040605933094888
W-attn,alpha_0.00,2025-09-10,20,95,False,0.10227829178351093,0.13078107502799552
W-attn,alpha_0.00,2025-09-17,5,98,False,0.15756849320994198,-0.01841898896390796
W-attn,alpha_0.00,2025-09-17,20,96,False,0.27402647953922804,0.18228431904503528
W-attn,alpha_0.00,2025-09-24,5,96,False,0.09677818733448851,0.16249321758003257
W-attn,alpha_0.00,2025-09-24,20,96,False,0.09703966433356104,0.0339392295170917
W-attn,alpha_0.00,2025-10-09,5,96,False,-0.09182725230183664,-0.10633478024959306
W-attn,alpha_0.00,2025-10-09,20,96,False,-0.3876634220558375,-0.2633071079761259
W-attn,alpha_0.00,2025-10-16,5,97,False,0.11910803983320027,0.20501525352409006
W-attn,alpha_0.00,2025-10-16,20,97,False,0.38651576114425107,0.3978145381864085
W-attn,alpha_0.00,2025-10-23,5,98,False,-0.09005663594405917,0.05831723504772105
W-attn,alpha_0.00,2025-10-23,20,98,False,-0.13006958387100068,-0.10535610682886087
W-attn,alpha_0.00,2025-10-30,5,98,False,-0.18093979241892377,-0.1705908230208672
W-attn,alpha_0.00,2025-10-30,20,97,False,-0.030171302341966435,-0.14745949926362298
W-attn,alpha_0.00,2025-11-06,5,98,False,-0.3393650663653728,-0.3416470618237923
W-attn,alpha_0.00,2025-11-06,20,97,False,0.09863114652364405,-0.11847780349253101
W-attn,alpha_0.00,2025-11-13,5,98,False,-0.020649547931641195,0.003385421647571868
W-attn,alpha_0.00,2025-11-13,20,97,False,-0.06578403775756754,-0.08267147065011571
W-attn,alpha_0.00,2025-11-20,5,97,False,0.11390066356673195,0.056083000210393426
W-attn,alpha_0.00,2025-11-20,20,97,False,0.10641911849420488,0.07286187670944666
W-attn,alpha_0.00,2025-11-27,5,97,False,0.02752017607202264,0.06315747948664001
W-attn,alpha_0.00,2025-11-27,20,96,False,0.029344087476168436,0.031009224091155727
W-attn,alpha_0.00,2025-12-04,5,97,False,-0.12104522779789234,0.024879023774458234
W-attn,alpha_0.00,2025-12-04,20,95,False,-0.0830851960879431,0.018770996640537514
W-attn,alpha_0.00,2025-12-11,5,98,False,-0.15187388182891337,-0.14281888950519286
W-attn,alpha_0.00,2025-12-11,20,96,False,-0.13783914350813528,-0.12135105805751491
W-attn,alpha_0.00,2025-12-18,5,97,False,0.17668966327690658,0.1331264464548706
W-attn,alpha_0.00,2025-12-18,20,96,False,0.07552824422671321,0.015138361367335864
W-attn,alpha_0.00,2025-12-25,5,96,False,0.19801015594685084,0.14450623982637004
W-attn,alpha_0.00,2025-12-25,20,96,False,0.17122947202728533,0.07083559413998915
W-attn,alpha_0.00,2026-01-05,5,97,False,0.2980289327952661,0.23370765832106036
W-attn,alpha_0.00,2026-01-05,20,97,False,0.26595214163143754,0.04748316852514201
W-attn,alpha_0.00,2026-01-12,5,97,False,0.04425314755877687,0.0032084998948032815
W-attn,alpha_0.00,2026-01-12,20,97,False,0.0053842027522765035,0.04341994529770671
W-attn,alpha_0.00,2026-01-19,5,98,False,0.015934676349888727,-0.0662739322533137
W-attn,alpha_0.00,2026-01-19,20,98,False,0.14998585807162554,-0.06487130934848165
W-attn,alpha_0.00,2026-01-26,5,98,False,0.0665218330362436,-0.0553079713609905
W-attn,alpha_0.00,2026-01-26,20,98,False,0.2641124602201147,0.04710900292638142
W-attn,alpha_0.00,2026-02-02,5,98,False,0.1559084714005587,0.14971724397350317
W-attn,alpha_0.00,2026-02-02,20,98,False,0.11597455324892447,0.14121224872329438
W-attn,alpha_0.00,2026-02-09,5,98,False,0.18584833437598056,0.22308717301353528
W-attn,alpha_0.00,2026-02-09,20,98,False,0.04436366387337611,-0.08963397917742542
W-attn,alpha_0.00,2026-02-24,5,98,False,0.2605446520332053,0.019885367455323266
W-attn,alpha_0.00,2026-02-24,20,98,False,0.225377946968641,0.10600641381201026
W-attn,alpha_0.00,2026-03-03,5,98,False,0.025945935343886176,0.18359696268385517
W-attn,alpha_0.00,2026-03-03,20,98,False,-0.1161078193866975,-0.2340148805539085
W-attn,alpha_0.00,2026-03-10,5,98,False,-0.3056479548753474,-0.2570816517797372
W-attn,alpha_0.00,2026-03-10,20,98,False,0.010803952751609643,-0.03794094957570657
W-attn,alpha_0.00,2026-03-17,5,98,False,-0.22181072726133935,-0.277037150380302
W-attn,alpha_0.00,2026-03-17,20,98,False,-0.055407460101339644,0.07716338644173694
W-attn,alpha_0.00,2026-03-24,5,98,False,-0.12800313469931623,-0.0773163998495368
W-attn,alpha_0.00,2026-03-24,20,98,False,0.153190923727071,0.21330706603166097
W-attn,alpha_0.00,2026-03-31,5,98,False,0.2941916862988027,0.28512135875906125
W-attn,alpha_0.00,2026-03-31,20,98,False,0.004764336409510362,0.03563299734139203
W-attn,alpha_0.00,2026-04-08,5,98,False,-0.04687637885110913,0.0664651990130635
W-attn,alpha_0.00,2026-04-08,20,97,False,0.19398370007684893,0.2784557121817799
W-attn,alpha_0.00,2026-04-15,5,98,False,0.0805548924709054,0.13996263922626218
W-attn,alpha_0.00,2026-04-15,20,97,False,0.2200975294978598,0.23771828318956445
W-attn,alpha_0.00,2026-04-22,5,98,False,-0.3416532153986464,-0.18215608642707315
W-attn,alpha_0.00,2026-04-22,20,97,False,-0.1481667611534014,-0.19223385230380813
W-attn,alpha_0.00,2026-04-29,5,97,False,0.23821189982040128,0.23055175678518827
W-attn,alpha_0.00,2026-04-29,20,97,False,0.10745825357671936,0.13549337260677466
W-attn,alpha_0.00,2026-05-11,5,98,False,0.1328883008998322,0.1542566417382323
W-attn,alpha_0.00,2026-05-11,20,98,False,0.09261481270195461,0.12450828503847648
W-attn,alpha_0.00,2026-05-18,5,98,False,-0.05684188404563209,-0.14432352134855816
W-attn,alpha_0.00,2026-05-18,20,98,False,-0.005751710320777176,0.010768318573915036
W-attn,alpha_0.00,2026-05-25,5,98,False,0.1679489172848263,0.06489681158311496
W-attn,alpha_0.00,2026-05-25,20,98,False,-0.030231853473345487,0.0737843403528234
W-attn,alpha_0.00,2026-06-01,5,98,False,-0.04260343086957871,-0.02617166829243412
W-attn,alpha_0.00,2026-06-01,20,98,False,0.023059044463100555,0.13016978112707125
W-attn,alpha_0.00,2026-06-08,5,98,False,-0.17852477825676402,-0.23198745290056036
W-attn,alpha_0.00,2026-06-08,20,98,False,0.01300805187631518,-0.06698799482304636
W-attn,alpha_0.00,2026-06-15,5,98,False,0.15750379775583156,0.05065381354041147
W-attn,alpha_0.00,2026-06-15,20,98,False,0.19021373990108809,0.11660259230215045
W-attn,alpha_0.00,2026-06-23,5,98,False,-0.25461214002061544,-0.3410095059579596
W-attn,alpha_0.00,2026-06-23,20,98,False,0.016480408923822087,0.00867713533398364
W-attn,alpha_0.00,2026-06-30,5,98,False,0.21253217832492924,0.1788662981593762
W-attn,alpha_0.00,2026-06-30,20,98,False,0.2677695884738922,0.19484344815714477
W-attn,alpha_0.00,2026-07-07,5,98,False,0.07874988852011841,0.027102499856549927
W-attn,alpha_0.00,2026-07-07,20,98,False,0.252323116368883,0.1563223227435304
W-attn,alpha_0.00,2026-07-14,5,98,False,-0.16290815117521282,-0.23762344675452182
W-attn,alpha_0.00,2026-07-14,20,98,False,-0.11484585904960992,-0.09579276884136971
W-attn,alpha_0.00,2026-07-21,5,98,False,-0.173973156626115,-0.10394073280671218
W-attn,alpha_0.00,2026-07-21,20,98,False,0.13837423224738898,0.10526684900764427
W-attn,alpha_0.00,2026-07-28,5,98,False,-0.18809278376569888,-0.24527411714451475
W-attn,alpha_0.00,2026-07-28,20,98,False,0.0022937245564496034,0.011099847624148066
W-attn,alpha_0.00,2026-08-04,5,98,False,0.23410297651050543,0.16452129117813946
W-attn,alpha_0.00,2026-08-04,20,0,True,,
W-attn,alpha_0.00,2026-08-11,5,98,False,0.2851431685639748,0.3239740132229086
W-attn,alpha_0.00,2026-08-11,20,0,True,,
W-attn,alpha_0.00,2026-08-18,5,98,False,-0.24195120056931982,-0.19191069117431414
W-attn,alpha_0.00,2026-08-18,20,0,True,,
W-attn,alpha_0.00,2026-08-25,5,0,True,,
W-attn,alpha_0.00,2026-08-25,20,0,True,,
W-attn,alpha_0.05,2025-04-02,5,99,False,-0.0179437163199118,0.01706864564007421
W-attn,alpha_0.05,2025-04-02,20,99,False,0.03483115144965925,0.06921459492888064
W-attn,alpha_0.05,2025-04-10,5,99,False,0.24650338282712012,0.263030303030303
W-attn,alpha_0.05,2025-04-10,20,99,False,-0.33187405224893124,-0.3614594928880643
W-attn,alpha_0.05,2025-04-17,5,99,False,-0.09777297069318255,-0.05229437229437229
W-attn,alpha_0.05,2025-04-17,20,99,False,-0.3040075251374497,-0.21497835497835494
W-attn,alpha_0.05,2025-04-24,5,99,False,0.13938028644873768,0.19882498453927022
W-attn,alpha_0.05,2025-04-24,20,99,False,-0.16846156828266845,-0.1374891774891775
W-attn,alpha_0.05,2025-05-06,5,99,False,-0.18835152631354218,-0.1538899196042053
W-attn,alpha_0.05,2025-05-06,20,99,False,-0.28623747162138646,-0.26691403834260974
W-attn,alpha_0.05,2025-05-13,5,99,False,0.2959426482862346,0.17476808905380334
W-attn,alpha_0.05,2025-05-13,20,99,False,0.3475619920720772,0.2763883735312307
W-attn,alpha_0.05,2025-05-20,5,99,False,0.040325737550470066,0.07844155844155844
W-attn,alpha_0.05,2025-05-20,20,99,False,-0.14283317199344794,-0.10359925788497215
W-attn,alpha_0.05,2025-05-27,5,99,False,-0.2065810573477306,-0.20061842918985778
W-attn,alpha_0.05,2025-05-27,20,99,False,-0.3566412468648356,-0.37158936301793444
W-attn,alpha_0.05,2025-06-04,5,99,False,-0.08609520986766367,-0.03100803957946815
W-attn,alpha_0.05,2025-06-04,20,99,False,0.03586956954650526,0.06869511440940013
W-attn,alpha_0.05,2025-06-11,5,99,False,0.011948786189095638,-0.07465677179962894
W-attn,alpha_0.05,2025-06-11,20,99,False,0.009999186137631304,0.054978354978354974
W-attn,alpha_0.05,2025-06-18,5,99,False,-0.2988554917170718,-0.28191713048855904
W-attn,alpha_0.05,2025-06-18,20,99,False,-0.16134093275488617,-0.2120964749536178
W-attn,alpha_0.05,2025-06-25,5,99,False,-0.062480798757855865,-7.421150278293136e-05
W-attn,alpha_0.05,2025-06-25,20,99,False,-0.1527152633711023,-0.12969696969696967
W-attn,alpha_0.05,2025-07-02,5,99,False,-0.10111728906448526,0.0032282003710575134
W-attn,alpha_0.05,2025-07-02,20,99,False,-0.19562903662005468,-0.09223252937538652
W-attn,alpha_0.05,2025-07-09,5,99,False,-0.15258080906475438,-0.05595547309833024
W-attn,alpha_0.05,2025-07-09,20,99,False,-0.04324759222281934,0.03542362399505257
W-attn,alpha_0.05,2025-07-16,5,99,False,-0.14186132930831222,-0.09340754483611627
W-attn,alpha_0.05,2025-07-16,20,97,False,0.21147061171090759,-0.09095571218177992
W-attn,alpha_0.05,2025-07-23,5,99,False,0.15054037644551096,0.042609771181199754
W-attn,alpha_0.05,2025-07-23,20,97,False,0.14290071947039548,-0.05916000420786871
W-attn,alpha_0.05,2025-07-30,5,99,False,0.14749066352500925,0.05793444650587508
W-attn,alpha_0.05,2025-07-30,20,97,False,0.10296199689950762,-0.10235640648011782
W-attn,alpha_0.05,2025-08-06,5,97,False,-0.01714607316254543,-0.1914448769198401
W-attn,alpha_0.05,2025-08-06,20,94,False,0.03639984812160316,0.04500234801141495
W-attn,alpha_0.05,2025-08-13,5,97,False,0.2243802021809987,0.3766436987166
W-attn,alpha_0.05,2025-08-13,20,94,False,0.06922410927945595,0.2044214861106094
W-attn,alpha_0.05,2025-08-20,5,98,False,0.13110683978946777,0.03503369482750926
W-attn,alpha_0.05,2025-08-20,20,95,False,-0.07013398616171239,-0.051735722284434495
W-attn,alpha_0.05,2025-08-27,5,95,False,0.08021731592630355,0.04577267637178051
W-attn,alpha_0.05,2025-08-27,20,95,False,0.0552008527465756,0.051161814109742444
W-attn,alpha_0.05,2025-09-03,5,96,False,-0.025297682954450274,0.038022246337493217
W-attn,alpha_0.05,2025-09-03,20,94,False,0.0006803387888476974,0.09740996279304989
W-attn,alpha_0.05,2025-09-10,5,97,False,-0.015803853601205363,-0.01909320429202609
W-attn,alpha_0.05,2025-09-10,20,95,False,0.09756053689437914,0.12753359462486002
W-attn,alpha_0.05,2025-09-17,5,98,False,0.15494889098874925,-0.025075072203201803
W-attn,alpha_0.05,2025-09-17,20,96,False,0.2722776996550411,0.18608247422680416
W-attn,alpha_0.05,2025-09-24,5,96,False,0.10100368962336452,0.1666304937601736
W-attn,alpha_0.05,2025-09-24,20,96,False,0.09841772074590531,0.03562126966901791
W-attn,alpha_0.05,2025-10-09,5,96,False,-0.0873294525668627,-0.10438144329896908
W-attn,alpha_0.05,2025-10-09,20,96,False,-0.3872723620490413,-0.26314432989690717
W-attn,alpha_0.05,2025-10-16,5,97,False,0.11696099593842314,0.20598832316431723
W-attn,alpha_0.05,2025-10-16,20,97,False,0.3869998832551188,0.3952898169577108
W-attn,alpha_0.05,2025-10-23,5,98,False,-0.09273635394821622,0.05743740795287187
W-attn,alpha_0.05,2025-10-23,20,98,False,-0.13101479577701738,-0.10119924258363137
W-attn,alpha_0.05,2025-10-30,5,98,False,-0.1761027012227939,-0.16902243559091862
W-attn,alpha_0.05,2025-10-30,20,97,False,-0.024775653823052038,-0.14636808331580053
W-attn,alpha_0.05,2025-11-06,5,98,False,-0.3395913180482767,-0.3385102869638952
W-attn,alpha_0.05,2025-11-06,20,97,False,0.09345881904887168,-0.11974016410687985
W-attn,alpha_0.05,2025-11-13,5,98,False,-0.0167555276226495,0.004928306842887108
W-attn,alpha_0.05,2025-11-13,20,97,False,-0.06504024376835922,-0.08463075952030295
W-attn,alpha_0.05,2025-11-20,5,97,False,0.11489600098166282,0.05643803913317904
W-attn,alpha_0.05,2025-11-20,20,97,False,0.1068781686081385,0.07065274563433621
W-attn,alpha_0.05,2025-11-27,5,97,False,0.03170874437666858,0.05388701872501578
W-attn,alpha_0.05,2025-11-27,20,96,False,0.03154842735332143,0.022965274009766685
W-attn,alpha_0.05,2025-12-04,5,97,False,-0.12453399324822599,0.02798232695139911
W-attn,alpha_0.05,2025-12-04,20,95,False,-0.08392463481682111,0.021710526315789475
W-attn,alpha_0.05,2025-12-11,5,98,False,-0.15403115852785565,-0.14334168531517572
W-attn,alpha_0.05,2025-12-11,20,96,False,-0.13688854573417908,-0.11794628323385783
W-attn,alpha_0.05,2025-12-18,5,97,False,0.1830530980571958,0.13939880075741634
W-attn,alpha_0.05,2025-12-18,20,96,False,0.07825719988268438,0.016250678241996743
W-attn,alpha_0.05,2025-12-25,5,96,False,0.19893921241351534,0.147680412371134
W-attn,alpha_0.05,2025-12-25,20,96,False,0.1734200311478258,0.07331795984807378
W-attn,alpha_0.05,2026-01-05,5,97,False,0.2994570040106602,0.23222175468125392
W-attn,alpha_0.05,2026-01-05,20,97,False,0.2713905487055043,0.053255838417841365
W-attn,alpha_0.05,2026-01-12,5,97,False,0.047571536472515275,0.0035240900483904897
W-attn,alpha_0.05,2026-01-12,20,97,False,0.009950115656766127,0.047877656217126016
W-attn,alpha_0.05,2026-01-19,5,98,False,0.014744219320442115,-0.06498606940433155
W-attn,alpha_0.05,2026-01-19,20,98,False,0.1539391476594404,-0.05704212331605556
W-attn,alpha_0.05,2026-01-26,5,98,False,0.07527477036991329,-0.057998457114804676
W-attn,alpha_0.05,2026-01-26,20,98,False,0.2741565830931102,0.053905348456158464
W-attn,alpha_0.05,2026-02-02,5,98,False,0.15629413111234533,0.14860789676695418
W-attn,alpha_0.05,2026-02-02,20,98,False,0.11768094094015955,0.14471880598537443
W-attn,alpha_0.05,2026-02-09,5,98,False,0.18714502183622567,0.22038393614240445
W-attn,alpha_0.05,2026-02-09,20,98,False,0.04030460951426848,-0.0936505811321717
W-attn,alpha_0.05,2026-02-24,5,98,False,0.2645688220083071,0.01540972527717741
W-attn,alpha_0.05,2026-02-24,20,98,False,0.22514463991929703,0.0992738238688165
W-attn,alpha_0.05,2026-03-03,5,98,False,0.02403268162677177,0.18100848586857424
W-attn,alpha_0.05,2026-03-03,20,98,False,-0.11681752335627998,-0.23072509228621155
W-attn,alpha_0.05,2026-03-10,5,98,False,-0.3084804161023076,-0.2560360601597715
W-attn,alpha_0.05,2026-03-10,20,98,False,0.013097274342993181,-0.039483834771021804
W-attn,alpha_0.05,2026-03-17,5,98,False,-0.2192623565388295,-0.281028250100415
W-attn,alpha_0.05,2026-03-17,20,98,False,-0.052465187011215664,0.07169315711289202
W-attn,alpha_0.05,2026-03-24,5,98,False,-0.12560766269849297,-0.07447290068792277
W-attn,alpha_0.05,2026-03-24,20,98,False,0.15709688761313118,0.21759144145005704
W-attn,alpha_0.05,2026-03-31,5,98,False,0.3017786077260366,0.2907573526130227
W-attn,alpha_0.05,2026-03-31,20,98,False,0.004704422228691496,0.036359811028441366
W-attn,alpha_0.05,2026-04-08,5,98,False,-0.04026949435712242,0.07383534482209002
W-attn,alpha_0.05,2026-04-08,20,97,False,0.1976231912492613,0.2786135072585735
W-attn,alpha_0.05,2026-04-15,5,98,False,0.07891955149263111,0.1360352950927325
W-attn,alpha_0.05,2026-04-15,20,97,False,0.22101864646169236,0.2341678939617084
W-attn,alpha_0.05,2026-04-22,5,98,False,-0.3398386032012664,-0.17863677804767641
W-attn,alpha_0.05,2026-04-22,20,97,False,-0.14572606864039522,-0.18571165579633914
W-attn,alpha_0.05,2026-04-29,5,97,False,0.23744466542620885,0.22984167893961707
W-attn,alpha_0.05,2026-04-29,20,97,False,0.10841734777735673,0.13566431727330108
W-attn,alpha_0.05,2026-05-11,5,98,False,0.12936082712771688,0.15245873419658398
W-attn,alpha_0.05,2026-05-11,20,98,False,0.09186593513358285,0.12000714062569731
W-attn,alpha_0.05,2026-05-18,5,98,False,-0.05682562225714987,-0.14650396240970615
W-attn,alpha_0.05,2026-05-18,20,98,False,-0.00699344695496001,0.009429451255666276
W-attn,alpha_0.05,2026-05-25,5,98,False,0.16666181117301782,0.06232108588515067
W-attn,alpha_0.05,2026-05-25,20,98,False,-0.03223937895783152,0.06951271605174403
W-attn,alpha_0.05,2026-06-01,5,98,False,-0.040864787424764244,-0.025508610191968067
W-attn,alpha_0.05,2026-06-01,20,98,False,0.02072865288181484,0.1259491612952585
W-attn,alpha_0.05,2026-06-08,5,98,False,-0.18077371757786806,-0.23421889843097496
W-attn,alpha_0.05,2026-06-08,20,98,False,0.013394643538800651,-0.06416999789606564
W-attn,alpha_0.05,2026-06-15,5,98,False,0.15791345104860574,0.05016927108237859
W-attn,alpha_0.05,2026-06-15,20,98,False,0.19084302616737658,0.11669185012336705
W-attn,alpha_0.05,2026-06-23,5,98,False,-0.2544141557615632,-0.34093299925405957
W-attn,alpha_0.05,2026-06-23,20,98,False,0.015368182578726188,0.0045840266753374255
W-attn,alpha_0.05,2026-06-30,5,98,False,0.2145594628788982,0.18112324592442414
W-attn,alpha_0.05,2026-06-30,20,98,False,0.27168422487245036,0.1964373378217266
W-attn,alpha_0.05,2026-07-07,5,98,False,0.08177664905592598,0.02935944762159784
W-attn,alpha_0.05,2026-07-07,20,98,False,0.2545569610459942,0.16082346715630955
W-attn,alpha_0.05,2026-07-14,5,98,False,-0.1592900950684648,-0.2315794171464274
W-attn,alpha_0.05,2026-07-14,20,98,False,-0.11523399811850192,-0.093676083366805
W-attn,alpha_0.05,2026-07-21,5,98,False,-0.1747934377296408,-0.1071795166051425
W-attn,alpha_0.05,2026-07-21,20,98,False,0.13825460613157065,0.10859489062729122
W-attn,alpha_0.05,2026-07-28,5,98,False,-0.19292981375908194,-0.245745908485231
W-attn,alpha_0.05,2026-07-28,20,98,False,0.00019864181793630375,0.0038954663402380628
W-attn,alpha_0.05,2026-08-04,5,98,False,0.2305967620056374,0.16679099006050405
W-attn,alpha_0.05,2026-08-04,20,0,True,,
W-attn,alpha_0.05,2026-08-11,5,98,False,0.28136732124315017,0.31919234422916304
W-attn,alpha_0.05,2026-08-11,20,0,True,,
W-attn,alpha_0.05,2026-08-18,5,98,False,-0.2440608223656726,-0.19786546296119192
W-attn,alpha_0.05,2026-08-18,20,0,True,,
W-attn,alpha_0.05,2026-08-25,5,0,True,,
W-attn,alpha_0.05,2026-08-25,20,0,True,,
W-attn,alpha_0.20,2025-04-02,5,99,False,0.004449072565356255,0.03635126777983921
W-attn,alpha_0.20,2025-04-02,20,99,False,0.06751438705725692,0.10538033395176252
W-attn,alpha_0.20,2025-04-10,5,99,False,0.2388785680656601,0.24084106369820654
W-attn,alpha_0.20,2025-04-10,20,99,False,-0.3229916585171668,-0.3686580086580086
W-attn,alpha_0.20,2025-04-17,5,99,False,-0.09595765795866773,-0.026481137909709337
W-attn,alpha_0.20,2025-04-17,20,99,False,-0.30843644026343536,-0.20552875695732836
W-attn,alpha_0.20,2025-04-24,5,99,False,0.15813342100345773,0.21787260358688926
W-attn,alpha_0.20,2025-04-24,20,99,False,-0.16564837840015487,-0.13855287569573282
W-attn,alpha_0.20,2025-05-06,5,99,False,-0.18669293378030524,-0.14582560296846012
W-attn,alpha_0.20,2025-05-06,20,99,False,-0.28528451913014613,-0.2533580705009276
W-attn,alpha_0.20,2025-05-13,5,99,False,0.3021811568935916,0.17548546691403832
W-attn,alpha_0.20,2025-05-13,20,99,False,0.3502413711473006,0.26951144094001234
W-attn,alpha_0.20,2025-05-20,5,99,False,0.03653695422430062,0.08011131725417438
W-attn,alpha_0.20,2025-05-20,20,99,False,-0.14020483090105976,-0.09261595547309832
W-attn,alpha_0.20,2025-05-27,5,99,False,-0.19812575118668163,-0.19529993815708102
W-attn,alpha_0.20,2025-05-27,20,99,False,-0.33196018638492436,-0.3612987012987013
W-attn,alpha_0.20,2025-06-04,5,99,False,-0.10246120273083013,-0.06265924551638838
W-attn,alpha_0.20,2025-06-04,20,99,False,0.019124677925424684,0.04557823129251701
W-attn,alpha_0.20,2025-06-11,5,99,False,0.026263679444493076,-0.08053184910327767
W-attn,alpha_0.20,2025-06-11,20,99,False,0.0018190588946600764,0.038058132343846626
W-attn,alpha_0.20,2025-06-18,5,99,False,-0.2977632983621556,-0.2762646876932591
W-attn,alpha_0.20,2025-06-18,20,99,False,-0.1588428815501359,-0.20220160791589362
W-attn,alpha_0.20,2025-06-25,5,99,False,-0.06614732573876828,0.002053184910327767
W-attn,alpha_0.20,2025-06-25,20,99,False,-0.15812791814858845,-0.1254421768707483
W-attn,alpha_0.20,2025-07-02,5,99,False,-0.0950959121651811,0.014730983302411873
W-attn,alpha_0.20,2025-07-02,20,99,False,-0.18944587240795083,-0.10342609771181199
W-attn,alpha_0.20,2025-07-09,5,99,False,-0.15875452026254094,-0.06163265306122449
W-attn,alpha_0.20,2025-07-09,20,99,False,-0.04948897572730615,0.0378726035868893
W-attn,alpha_0.20,2025-07-16,5,99,False,-0.15473328386029617,-0.10685219542362398
W-attn,alpha_0.20,2025-07-16,20,97,False,0.20202031125208497,-0.10424994740164105
W-attn,alpha_0.20,2025-07-23,5,99,False,0.15165618002222836,0.06753246753246753
W-attn,alpha_0.20,2025-07-23,20,97,False,0.1491102950669654,-0.030283505154639172
W-attn,alpha_0.20,2025-07-30,5,99,False,0.1436560621093916,0.06263450834879405
W-attn,alpha_0.20,2025-07-30,20,97,False,0.09280599982692211,-0.10285609088996421
W-attn,alpha_0.20,2025-08-06,5,97,False,-0.031434827980099014,-0.2160872080791079
W-attn,alpha_0.20,2025-08-06,20,94,False,0.020963485359132658,0.023891919228407325
W-attn,alpha_0.20,2025-08-13,5,97,False,0.20067990221048013,0.36678150641699975
W-attn,alpha_0.20,2025-08-13,20,94,False,0.07198918446374591,0.2144926489181086
W-attn,alpha_0.20,2025-08-20,5,98,False,0.1128910250222526,0.017653921924908667
W-attn,alpha_0.20,2025-08-20,20,95,False,-0.08349641025954935,-0.06237402015677492
W-attn,alpha_0.20,2025-08-27,5,95,False,0.06325608828641431,0.037010078387458005
W-attn,alpha_0.20,2025-08-27,20,95,False,0.03490790048907676,0.013479843225083988
W-attn,alpha_0.20,2025-09-03,5,96,False,-0.025717204531250298,0.04413998914812805
W-attn,alpha_0.20,2025-09-03,20,94,False,-0.0024701141801807642,0.11433009428168914
W-attn,alpha_0.20,2025-09-10,5,97,False,-0.0400604424732184,-0.021999263622974958
W-attn,alpha_0.20,2025-09-10,20,95,False,0.07990757747728207,0.12409014557670774
W-attn,alpha_0.20,2025-09-17,5,98,False,0.14432149079096301,-0.03057080376668005
W-attn,alpha_0.20,2025-09-17,20,96,False,0.26395569113410305,0.20283505154639175
W-attn,alpha_0.20,2025-09-24,5,96,False,0.11631901151573097,0.18210797612588175
W-attn,alpha_0.20,2025-09-24,20,96,False,0.10306507808965604,0.03989419424850786
W-attn,alpha_0.20,2025-10-09,5,96,False,-0.07016076546617134,-0.09005697232772653
W-attn,alpha_0.20,2025-10-09,20,96,False,-0.3830769517756947,-0.262438958220293
W-attn,alpha_0.20,2025-10-16,5,97,False,0.10827063732571665,0.1947717231222386
W-attn,alpha_0.20,2025-10-16,20,97,False,0.3870805464715503,0.39540816326530603
W-attn,alpha_0.20,2025-10-23,5,98,False,-0.1016294846044442,0.06961472499027727
W-attn,alpha_0.20,2025-10-23,20,98,False,-0.13353859337133975,-0.09852150794713385
W-attn,alpha_0.20,2025-10-30,5,98,False,-0.1574021469348942,-0.17152165458498297
W-attn,alpha_0.20,2025-10-30,20,97,False,-0.005156919089399497,-0.14060856301283398
W-attn,alpha_0.20,2025-11-06,5,98,False,-0.338430284404697,-0.339772647578244
W-attn,alpha_0.20,2025-11-06,20,97,False,0.07347619293826856,-0.13621660004207867
W-attn,alpha_0.20,2025-11-13,5,98,False,-0.0026567411884145156,0.004826297904353868
W-attn,alpha_0.20,2025-11-13,20,97,False,-0.061991960787134086,-0.0906269724384599
W-attn,alpha_0.20,2025-11-20,5,97,False,0.11780288121728323,0.044366715758468324
W-attn,alpha_0.20,2025-11-20,20,97,False,0.10787053140187683,0.050902061855670096
W-attn,alpha_0.20,2025-11-27,5,97,False,0.04629774895703796,0.045260887860298755
W-attn,alpha_0.20,2025-11-27,20,96,False,0.039096264376022594,0.0065111231687466084
W-attn,alpha_0.20,2025-12-04,5,97,False,-0.1359295376868517,0.05571481169787502
W-attn,alpha_0.20,2025-12-04,20,95,False,-0.08629359886039034,0.046556550951847714
W-attn,alpha_0.20,2025-12-11,5,98,False,-0.16084098655831042,-0.15989263559219377
W-attn,alpha_0.20,2025-12-11,20,96,False,-0.13272356154558407,-0.1259902333152469
W-attn,alpha_0.20,2025-12-18,5,97,False,0.20441331454449935,0.14724910582789816
W-attn,alpha_0.20,2025-12-18,20,96,False,0.0873898222171267,0.03370862723819859
W-attn,alpha_0.20,2025-12-25,5,96,False,0.20148605026464797,0.13567552902875746
W-attn,alpha_0.20,2025-12-25,20,96,False,0.18085820679100198,0.06299511665762345
W-attn,alpha_0.20,2026-01-05,5,97,False,0.3023531298919413,0.23649537134441406
W-attn,alpha_0.20,2026-01-05,20,97,False,0.2891288585540546,0.06568220071533767
W-attn,alpha_0.20,2026-01-12,5,97,False,0.05896374685067171,0.013622974963181149
W-attn,alpha_0.20,2026-01-12,20,97,False,0.026061979728665523,0.06520881548495687
W-attn,alpha_0.20,2026-01-19,5,98,False,0.010299039660874051,-0.07015027191757676
W-attn,alpha_0.20,2026-01-19,20,98,False,0.16638456435380353,-0.060943965214951955
W-attn,alpha_0.20,2026-01-26,5,98,False,0.10555011195246294,-0.06770205739277903
W-attn,alpha_0.20,2026-01-26,20,98,False,0.3068835546247879,0.05029678225554514
W-attn,alpha_0.20,2026-02-02,5,98,False,0.15595241915498476,0.1345051610147339
W-attn,alpha_0.20,2026-02-02,20,98,False,0.12239691152748607,0.13928683000847947
W-attn,alpha_0.20,2026-02-09,5,98,False,0.18974912492446183,0.20490407971998545
W-attn,alpha_0.20,2026-02-09,20,98,False,0.025461743222500537,-0.10753654789000884
W-attn,alpha_0.20,2026-02-24,5,98,False,0.27589429619194844,-0.0024800923180893723
W-attn,alpha_0.20,2026-02-24,20,98,False,0.22218393138383347,0.07665334174907075
W-attn,alpha_0.20,2026-03-03,5,98,False,0.017201624120583205,0.17377860235003093
W-attn,alpha_0.20,2026-03-03,20,98,False,-0.11822387923010579,-0.22901644256577977
W-attn,alpha_0.20,2026-03-10,5,98,False,-0.31612811398983176,-0.24230310680973416
W-attn,alpha_0.20,2026-03-10,20,98,False,0.021025350767955024,-0.032725742593194725
W-attn,alpha_0.20,2026-03-17,5,98,False,-0.20711352438620367,-0.2719112012190068
W-attn,alpha_0.20,2026-03-17,20,98,False,-0.04108561047419073,0.05154639175257731
W-attn,alpha_0.20,2026-03-24,5,98,False,-0.1157773066615805,-0.06863288895689483
W-attn,alpha_0.20,2026-03-24,20,98,False,0.16947664499505494,0.21425064871309343
W-attn,alpha_0.20,2026-03-31,5,98,False,0.3255906987370005,0.2949014657409355
W-attn,alpha_0.20,2026-03-31,20,98,False,0.004431280938891135,0.0303030303030303
W-attn,alpha_0.20,2026-04-08,5,98,False,-0.015119708406068718,0.09526997303138686
W-attn,alpha_0.20,2026-04-08,20,97,False,0.2092532134292872,0.26792289080580683
W-attn,alpha_0.20,2026-04-15,5,98,False,0.07241329287351,0.1207722076646966
W-attn,alpha_0.20,2026-04-15,20,97,False,0.2226327967657289,0.22150483904902166
W-attn,alpha_0.20,2026-04-22,5,98,False,-0.3313163010603538,-0.17366384229418103
W-attn,alpha_0.20,2026-04-22,20,97,False,-0.1361999980391538,-0.18160898379970541
W-attn,alpha_0.20,2026-04-29,5,97,False,0.23363213321125142,0.2301441195034715
W-attn,alpha_0.20,2026-04-29,20,97,False,0.11145778998711232,0.13504628655585943
W-attn,alpha_0.20,2026-05-11,5,98,False,0.11513962550547313,0.1531472945316833
W-attn,alpha_0.20,2026-05-11,20,98,False,0.08831465466405143,0.11815822861478235
W-attn,alpha_0.20,2026-05-18,5,98,False,-0.056571465929571324,-0.1431504185554259
W-attn,alpha_0.20,2026-05-18,20,98,False,-0.011653946626906515,0.0033216660609885935
W-attn,alpha_0.20,2026-05-25,5,98,False,0.16060663777973672,0.06760004845424579
W-attn,alpha_0.20,2026-05-25,20,98,False,-0.039310241655518344,0.04430375711671735
W-attn,alpha_0.20,2026-06-01,5,98,False,-0.034292866311940194,-0.01806195767904162
W-attn,alpha_0.20,2026-06-01,20,98,False,0.012120323572397592,0.12004539397764728
W-attn,alpha_0.20,2026-06-08,5,98,False,-0.18818702061686998,-0.22900369144846316
W-attn,alpha_0.20,2026-06-08,20,98,False,0.014738873643871773,-0.05523146465709056
W-attn,alpha_0.20,2026-06-15,5,98,False,0.1587873105775761,0.050092764378478656
W-attn,alpha_0.20,2026-06-15,20,98,False,0.192405365737961,0.11987962945253076
W-attn,alpha_0.20,2026-06-23,5,98,False,-0.25210459805598145,-0.3483669006496694
W-attn,alpha_0.20,2026-06-23,20,98,False,0.011303311780867855,0.0035511861726883814
W-attn,alpha_0.20,2026-06-30,5,98,False,0.22142997977390783,0.18617268838181944
W-attn,alpha_0.20,2026-06-30,20,98,False,0.28545209535227406,0.2055288844685015
W-attn,alpha_0.20,2026-07-07,5,98,False,0.09261949529918516,0.029512461029397696
W-attn,alpha_0.20,2026-07-07,20,98,False,0.26141072837362395,0.16554138056347187
W-attn,alpha_0.20,2026-07-14,5,98,False,-0.14539564212660333,-0.21275876798704485
W-attn,alpha_0.20,2026-07-14,20,98,False,-0.11581506082303049,-0.09001651269692504
W-attn,alpha_0.20,2026-07-21,5,98,False,-0.17663957750462408,-0.11814547749746569
W-attn,alpha_0.20,2026-07-21,20,98,False,0.1368432919330456,0.11157865207938844
W-attn,alpha_0.20,2026-07-28,5,98,False,-0.2086711626162492,-0.22974325625282913
W-attn,alpha_0.20,2026-07-28,20,98,False,-0.007559132096950557,-0.006955734496235231
W-attn,alpha_0.20,2026-08-04,5,98,False,0.21572295526177981,0.17111361883085002
W-attn,alpha_0.20,2026-08-04,20,0,True,,
W-attn,alpha_0.20,2026-08-11,5,98,False,0.2660079839778471,0.31002429087848815
W-attn,alpha_0.20,2026-08-11,20,0,True,,
W-attn,alpha_0.20,2026-08-18,5,98,False,-0.24760064219540465,-0.20555438670313483
W-attn,alpha_0.20,2026-08-18,20,0,True,,
W-attn,alpha_0.20,2026-08-25,5,0,True,,
W-attn,alpha_0.20,2026-08-25,20,0,True,,
W-attn,alpha_0.60,2025-04-02,5,99,False,0.08754103474848758,0.0851948051948052
W-attn,alpha_0.60,2025-04-02,20,99,False,0.1818764254737979,0.2030674087816945
W-attn,alpha_0.60,2025-04-10,5,99,False,0.17137519158651837,0.2036487322201608
W-attn,alpha_0.60,2025-04-10,20,99,False,-0.237023368455456,-0.2741249226963513
W-attn,alpha_0.60,2025-04-17,5,99,False,-0.07042518633076247,0.06651824366110079
W-attn,alpha_0.60,2025-04-17,20,99,False,-0.27184937119697156,-0.13849103277674704
W-attn,alpha_0.60,2025-04-24,5,99,False,0.22269296059328417,0.23398886827458254
W-attn,alpha_0.60,2025-04-24,20,99,False,-0.1305233371272793,-0.16345083487940626
W-attn,alpha_0.60,2025-05-06,5,99,False,-0.15146528880060142,-0.10387136672850958
W-attn,alpha_0.60,2025-05-06,20,99,False,-0.2399339145709977,-0.21606679035250465
W-attn,alpha_0.60,2025-05-13,5,99,False,0.3019736873558515,0.17132962275819416
W-attn,alpha_0.60,2025-05-13,20,99,False,0.3239460212093442,0.2370439084724799
W-attn,alpha_0.60,2025-05-20,5,99,False,0.013525723198297595,0.07889919604205317
W-attn,alpha_0.60,2025-05-20,20,99,False,-0.11279395999848094,-0.02346320346320346
W-attn,alpha_0.60,2025-05-27,5,99,False,-0.11717045989618216,-0.12473716759431044
W-attn,alpha_0.60,2025-05-27,20,99,False,-0.14291058581309518,-0.2600865800865801
W-attn,alpha_0.60,2025-06-04,5,99,False,-0.16979521278230755,-0.15163883735312306
W-attn,alpha_0.60,2025-06-04,20,99,False,-0.06911797626856722,-0.07200989486703771
W-attn,alpha_0.60,2025-06-11,5,99,False,0.09362874060463451,-0.0216573902288188
W-attn,alpha_0.60,2025-06-11,20,99,False,-0.0399127049567148,0.020977118119975262
W-attn,alpha_0.60,2025-06-18,5,99,False,-0.2462471573350029,-0.26247371675943104
W-attn,alpha_0.60,2025-06-18,20,99,False,-0.12279251786798903,-0.13048855905998763
W-attn,alpha_0.60,2025-06-25,5,99,False,-0.0777268037928976,-0.010401978973407545
W-attn,alpha_0.60,2025-06-25,20,99,False,-0.16700611452574454,-0.10159554730983303
W-attn,alpha_0.60,2025-07-02,5,99,False,-0.057952318969785456,0.04322820037105751
W-attn,alpha_0.60,2025-07-02,20,99,False,-0.13924222583682008,-0.12112554112554112
W-attn,alpha_0.60,2025-07-09,5,99,False,-0.15960574586829973,-0.1628571428571428
W-attn,alpha_0.60,2025-07-09,20,99,False,-0.06982088731252853,-0.02456400742115028
W-attn,alpha_0.60,2025-07-16,5,99,False,-0.19462793104455367,-0.12169449598021027
W-attn,alpha_0.60,2025-07-16,20,97,False,0.13562945071900662,-0.11662371134020617
W-attn,alpha_0.60,2025-07-23,5,99,False,0.13776242169363428,0.12756957328385898
W-attn,alpha_0.60,2025-07-23,20,97,False,0.15845216671232312,0.07984430885756365
W-attn,alpha_0.60,2025-07-30,5,99,False,0.11342157791722614,0.061212121212121204
W-attn,alpha_0.60,2025-07-30,20,97,False,0.0472642275346557,-0.13081211866189774
W-attn,alpha_0.60,2025-08-06,5,97,False,-0.07979697492308073,-0.23761308647170207
W-attn,alpha_0.60,2025-08-06,20,94,False,-0.04158303909805137,-0.050464183795108905
W-attn,alpha_0.60,2025-08-13,5,97,False,0.1040059870930595,0.28848884914790657
W-attn,alpha_0.60,2025-08-13,20,94,False,0.07434064762252555,0.21622656503991622
W-attn,alpha_0.60,2025-08-20,5,98,False,-0.012291079492791582,-0.05444089538345796
W-attn,alpha_0.60,2025-08-20,20,95,False,-0.11348128748382348,-0.07229843225083987
W-attn,alpha_0.60,2025-08-27,5,95,False,-0.0169762666305855,0.002687569988801791
W-attn,alpha_0.60,2025-08-27,20,95,False,-0.05247522283974647,-0.09316909294512879
W-attn,alpha_0.60,2025-09-03,5,96,False,-0.02369650821606639,0.009766684753119913
W-attn,alpha_0.60,2025-09-03,20,94,False,-0.015524602722527894,0.1408734602463606
W-attn,alpha_0.60,2025-09-10,5,97,False,-0.14668559090561092,-0.08156690511256048
W-attn,alpha_0.60,2025-09-10,20,95,False,-0.011523921574647572,0.07473404255319148
W-attn,alpha_0.60,2025-09-17,5,98,False,0.07535325773121197,-0.023353671365453393
W-attn,alpha_0.60,2025-09-17,20,96,False,0.18628494900635648,0.2748372219207813
W-attn,alpha_0.60,2025-09-24,5,96,False,0.18076429402179495,0.22466087900162776
W-attn,alpha_0.60,2025-09-24,20,96,False,0.11243948206989976,0.08498372219207814
W-attn,alpha_0.60,2025-10-09,5,96,False,0.02239822910017108,-0.006456863809007053
W-attn,alpha_0.60,2025-10-09,20,96,False,-0.3016568518847822,-0.19149484536082473
W-attn,alpha_0.60,2025-10-16,5,97,False,0.041776663363953775,0.13917525773195874
W-attn,alpha_0.60,2025-10-16,20,97,False,0.329672834163509,0.3323164317273301
W-attn,alpha_0.60,2025-10-23,5,98,False,-0.12763286480230113,0.07411586940305644
W-attn,alpha_0.60,2025-10-23,20,98,False,-0.12962056600431374,-0.07004826297904353
W-attn,alpha_0.60,2025-10-30,5,98,False,-0.053702373895873984,-0.1317891730262864
W-attn,alpha_0.60,2025-10-30,20,97,False,0.08135580371940916,-0.10067325899431938
W-attn,alpha_0.60,2025-11-06,5,98,False,-0.2765058306874166,-0.2669000121135614
W-attn,alpha_0.60,2025-11-06,20,97,False,-0.044954832793538554,-0.19110298758678726
W-attn,alpha_0.60,2025-11-13,5,98,False,0.060550517754108746,0.039483834771021804
W-attn,alpha_0.60,2025-11-13,20,97,False,-0.04163913074125204,-0.10489427729854828
W-attn,alpha_0.60,2025-11-20,5,97,False,0.11445835964269573,0.008442036608457815
W-attn,alpha_0.60,2025-11-20,20,97,False,0.0968919575400005,-0.023235325057858195
W-attn,alpha_0.60,2025-11-27,5,97,False,0.09858454496543839,0.03863349463496739
W-attn,alpha_0.60,2025-11-27,20,96,False,0.06394605404264375,-0.03404774823657081
W-attn,alpha_0.60,2025-12-04,5,97,False,-0.16584414646549378,0.13448085419734904
W-attn,alpha_0.60,2025-12-04,20,95,False,-0.0860928419977449,0.054675251959686456
W-attn,alpha_0.60,2025-12-11,5,98,False,-0.17321103218875608,-0.19693463139707615
W-attn,alpha_0.60,2025-12-11,20,96,False,-0.10016097862754847,-0.0995252306022789
W-attn,alpha_0.60,2025-12-18,5,97,False,0.2582490919854054,0.19684935830002104
W-attn,alpha_0.60,2025-12-18,20,96,False,0.11084207861051602,0.08908030385241454
W-attn,alpha_0.60,2025-12-25,5,96,False,0.18560822617638736,0.05860010851871948
W-attn,alpha_0.60,2025-12-25,20,96,False,0.19544025731212017,0.04898263700488333
W-attn,alpha_0.60,2026-01-05,5,97,False,0.2670557990299363,0.20638281085630122
W-attn,alpha_0.60,2026-01-05,20,97,False,0.3231353975349978,0.1486824111087734
W-attn,alpha_0.60,2026-01-12,5,97,False,0.09767783714715585,0.06164527666736797
W-attn,alpha_0.60,2026-01-12,20,97,False,0.0884584080847437,0.12058173784977907
W-attn,alpha_0.60,2026-01-19,5,98,False,-0.009581395592493918,-0.12068294984348002
W-attn,alpha_0.60,2026-01-19,20,98,False,0.1844682830199503,-0.05298726800935932
W-attn,alpha_0.60,2026-01-26,5,98,False,0.20630529404496076,-0.03187141773297885
W-attn,alpha_0.60,2026-01-26,20,98,False,0.38286941595865753,0.05774343476847158
W-attn,alpha_0.60,2026-02-02,5,98,False,0.12959163242154595,0.0525664811379097
W-attn,alpha_0.60,2026-02-02,20,98,False,0.12056191649231254,0.09269424733342256
W-attn,alpha_0.60,2026-02-09,5,98,False,0.16768057906725858,0.08527309705512943
W-attn,alpha_0.60,2026-02-09,20,98,False,-0.03711592748116348,-0.10728152554367575
W-attn,alpha_0.60,2026-02-24,5,98,False,0.2812331360838146,0.017934446505875078
W-attn,alpha_0.60,2026-02-24,20,98,False,0.18269957403368234,0.06689873700182979
W-attn,alpha_0.60,2026-03-03,5,98,False,-0.01023544998546171,0.13617555738321568
W-attn,alpha_0.60,2026-03-03,20,98,False,-0.10856467731025607,-0.16638295430637107
W-attn,alpha_0.60,2026-03-10,5,98,False,-0.30984999138049596,-0.22281939954988553
W-attn,alpha_0.60,2026-03-10,20,98,False,0.04984778371437892,-0.0007841937149742745
W-attn,alpha_0.60,2026-03-17,5,98,False,-0.11069619448179159,-0.16149927637409225
W-attn,alpha_0.60,2026-03-17,20,98,False,0.014353958478684935,-0.02944870544281442
W-attn,alpha_0.60,2026-03-24,5,98,False,-0.05623888876614401,-0.016187543433493358
W-attn,alpha_0.60,2026-03-24,20,98,False,0.19074421760236562,0.18914369871660003
W-attn,alpha_0.60,2026-03-31,5,98,False,0.3548073836587892,0.17664760374627822
W-attn,alpha_0.60,2026-03-31,20,98,False,0.002397910053800555,-0.006573200976735585
W-attn,alpha_0.60,2026-04-08,5,98,False,0.10708525052294193,0.15272650766023368
W-attn,alpha_0.60,2026-04-08,20,97,False,0.21459503228125826,0.2043051756785188
W-attn,alpha_0.60,2026-04-15,5,98,False,0.03346613665674507,0.017985450975141693
W-attn,alpha_0.60,2026-04-15,20,97,False,0.19680146352635478,0.1331264464548706
W-attn,alpha_0.60,2026-04-22,5,98,False,-0.2606878834474161,-0.12402374258044359
W-attn,alpha_0.60,2026-04-22,20,97,False,-0.08207365351834556,-0.10991742057647799
W-attn,alpha_0.60,2026-04-29,5,97,False,0.19153674651165745,0.22359562381653691
W-attn,alpha_0.60,2026-04-29,20,97,False,0.11520251867397431,0.11436198190616452
W-attn,alpha_0.60,2026-05-11,5,98,False,0.02328031458483017,0.06033191158375252
W-attn,alpha_0.60,2026-05-11,20,98,False,0.05355060388780064,0.07902504956996856
W-attn,alpha_0.60,2026-05-18,5,98,False,-0.04885667165466918,-0.08583414621706226
W-attn,alpha_0.60,2026-05-18,20,98,False,-0.037416656826894774,-0.020357158796039502
W-attn,alpha_0.60,2026-05-25,5,98,False,0.10624234015294505,0.060994969684218574
W-attn,alpha_0.60,2026-05-25,20,98,False,-0.0646260174245433,-0.03178215991176227
W-attn,alpha_0.60,2026-06-01,5,98,False,0.0008338716509629634,0.013675573322112349
W-attn,alpha_0.60,2026-06-01,20,98,False,-0.029690588121408845,0.10077845571218176
W-attn,alpha_0.60,2026-06-08,5,98,False,-0.2069935696071576,-0.20199682497178814
W-attn,alpha_0.60,2026-06-08,20,98,False,0.019825705854879767,0.0012942384076404694
W-attn,alpha_0.60,2026-06-15,5,98,False,0.14267535202906023,0.08560462610536247
W-attn,alpha_0.60,2026-06-15,20,98,False,0.17572650734983222,0.13561450822128285
W-attn,alpha_0.60,2026-06-23,5,98,False,-0.21287527415696975,-0.3504453327722841
W-attn,alpha_0.60,2026-06-23,20,98,False,-0.007467221566224403,-0.015537236450343958
W-attn,alpha_0.60,2026-06-30,5,98,False,0.2361562954123998,0.2266702369795153
W-attn,alpha_0.60,2026-06-30,20,98,False,0.3324236118920273,0.2588540570867522
W-attn,alpha_0.60,2026-07-07,5,98,False,0.13428966339474185,0.09312778532218885
W-attn,alpha_0.60,2026-07-07,20,98,False,0.25530650425755574,0.18664447972253567
W-attn,alpha_0.60,2026-07-14,5,98,False,-0.07097562676120635,-0.087912578339677
W-attn,alpha_0.60,2026-07-14,20,98,False,-0.10458496620892994,-0.06805908867764537
W-attn,alpha_0.60,2026-07-21,5,98,False,-0.15436283869220607,-0.16416425989327313
W-attn,alpha_0.60,2026-07-21,20,98,False,0.10525423070842667,0.03164189762127906
W-attn,alpha_0.60,2026-07-28,5,98,False,-0.23026655274833344,-0.1887611651971004
W-attn,alpha_0.60,2026-07-28,20,98,False,-0.0403225027248929,-0.02596765041536764
W-attn,alpha_0.60,2026-08-04,5,98,False,0.12992476925313695,0.14772806967210497
W-attn,alpha_0.60,2026-08-04,20,0,True,,
W-attn,alpha_0.60,2026-08-11,5,98,False,0.1787614452589245,0.19639908446977664
W-attn,alpha_0.60,2026-08-11,20,0,True,,
W-attn,alpha_0.60,2026-08-18,5,98,False,-0.20770210567590958,-0.19870703670409118
W-attn,alpha_0.60,2026-08-18,20,0,True,,
W-attn,alpha_0.60,2026-08-25,5,0,True,,
W-attn,alpha_0.60,2026-08-25,20,0,True,,
W-attn,alpha_0.75,2025-04-02,5,99,False,0.12252525455910566,0.11857761286332714
W-attn,alpha_0.75,2025-04-02,20,99,False,0.22603656880697973,0.25243042671614097
W-attn,alpha_0.75,2025-04-10,5,99,False,0.1247579005304025,0.16775510204081634
W-attn,alpha_0.75,2025-04-10,20,99,False,-0.1760000690870521,-0.20394557823129253
W-attn,alpha_0.75,2025-04-17,5,99,False,-0.04712331861959378,0.08144712430426715
W-attn,alpha_0.75,2025-04-17,20,99,False,-0.21649203659043498,-0.0905256648113791
W-attn,alpha_0.75,2025-04-24,5,99,False,0.23803616297246563,0.22656771799628941
W-attn,alpha_0.75,2025-04-24,20,99,False,-0.09522352208857399,-0.14918985776128635
W-attn,alpha_0.75,2025-05-06,5,99,False,-0.10293403783441915,-0.10064316635745206
W-attn,alpha_0.75,2025-05-06,20,99,False,-0.17070709862840341,-0.20196660482374768
W-attn,alpha_0.75,2025-05-13,5,99,False,0.25621926988329674,0.1651329622758194
W-attn,alpha_0.75,2025-05-13,20,99,False,0.2534791247334712,0.20730983302411873
W-attn,alpha_0.75,2025-05-20,5,99,False,-0.004562137178351286,0.07179962894248608
W-attn,alpha_0.75,2025-05-20,20,99,False,-0.08119170462604439,0.021175015460729744
W-attn,alpha_0.75,2025-05-27,5,99,False,-0.04491849895779978,-0.08242424242424241
W-attn,alpha_0.75,2025-05-27,20,99,False,0.0036469030547799375,-0.1994186765615337
W-attn,alpha_0.75,2025-06-04,5,99,False,-0.19031533585730678,-0.1868769325912183
W-attn,alpha_0.75,2025-06-04,20,99,False,-0.11850501722792293,-0.12277056277056277
W-attn,alpha_0.75,2025-06-11,5,99,False,0.12119105596113477,0.013222016079158936
W-attn,alpha_0.75,2025-06-11,20,99,False,-0.060038260156008876,0.0033147804576376004
W-attn,alpha_0.75,2025-06-18,5,99,False,-0.1878505495007162,-0.20901669758812613
W-attn,alpha_0.75,2025-06-18,20,99,False,-0.0876816342039894,-0.0640321583178726
W-attn,alpha_0.75,2025-06-25,5,99,False,-0.0743423040235123,-0.027779839208410633
W-attn,alpha_0.75,2025-06-25,20,99,False,-0.14724984388945803,-0.08644403215831786
W-attn,alpha_0.75,2025-07-02,5,99,False,-0.03309888903759523,0.042077922077922075
W-attn,alpha_0.75,2025-07-02,20,99,False,-0.10039423533141129,-0.12873222016079158
W-attn,alpha_0.75,2025-07-09,5,99,False,-0.13845956853842212,-0.19413729128014842
W-attn,alpha_0.75,2025-07-09,20,99,False,-0.07241518209437509,-0.05270253555967841
W-attn,alpha_0.75,2025-07-16,5,99,False,-0.20061281807771128,-0.1555225726654298
W-attn,alpha_0.75,2025-07-16,20,97,False,0.08266771720477377,-0.09412476330738481
W-attn,alpha_0.75,2025-07-23,5,99,False,0.11585992364391914,0.13732838589981447
W-attn,alpha_0.75,2025-07-23,20,97,False,0.14853598326283055,0.12485535451293919
W-attn,alpha_0.75,2025-07-30,5,99,False,0.09357725516070885,0.04885590599876313
W-attn,alpha_0.75,2025-07-30,20,97,False,0.02457686283036042,-0.11457237534188931
W-attn,alpha_0.75,2025-08-06,5,97,False,-0.0950724147898789,-0.21783610351357038
W-attn,alpha_0.75,2025-08-06,20,94,False,-0.0684565051173068,-0.08878373008705705
W-attn,alpha_0.75,2025-08-13,5,97,False,0.05773792980124899,0.23545655375552277
W-attn,alpha_0.75,2025-08-13,20,94,False,0.07234311838263731,0.19422027959397462
W-attn,alpha_0.75,2025-08-20,5,98,False,-0.0735180845116472,-0.07124686800680909
W-attn,alpha_0.75,2025-08-20,20,95,False,-0.10467959864920721,-0.07632978723404256
W-attn,alpha_0.75,2025-08-27,5,95,False,-0.05337236783390442,-0.01291993281075028
W-attn,alpha_0.75,2025-08-27,20,95,False,-0.08808702375986965,-0.13254479283314669
W-attn,alpha_0.75,2025-09-03,5,96,False,-0.020189181029591198,0.007121540965816603
W-attn,alpha_0.75,2025-09-03,20,94,False,-0.02111550766348157,0.15447025250153526
W-attn,alpha_0.75,2025-09-10,5,97,False,-0.19838134501013677,-0.11025930990953083
W-attn,alpha_0.75,2025-09-10,20,95,False,-0.06789485610166164,0.04416293393057111
W-attn,alpha_0.75,2025-09-17,5,98,False,0.026483283906640412,-0.03284050264904462
W-attn,alpha_0.75,2025-09-17,20,96,False,0.11826601475309678,0.2881172002170374
W-attn,alpha_0.75,2025-09-24,5,96,False,0.19895826883125475,0.23509224091155723
W-attn,alpha_0.75,2025-09-24,20,96,False,0.101596832634747,0.09182040151926209
W-attn,alpha_0.75,2025-10-09,5,96,False,0.07641345740690567,0.06253391209983723
W-attn,alpha_0.75,2025-10-09,20,96,False,-0.2120013611505699,-0.11467715680954964
W-attn,alpha_0.75,2025-10-16,5,97,False,-0.01888154738056106,0.06169787502629918
W-attn,alpha_0.75,2025-10-16,20,97,False,0.22374412788045786,0.22218861771512727
W-attn,alpha_0.75,2025-10-23,5,98,False,-0.13251652977146747,0.06754904398497917
W-attn,alpha_0.75,2025-10-23,20,98,False,-0.11771004968920167,-0.058113217170654576
W-attn,alpha_0.75,2025-10-30,5,98,False,0.011124178698968626,-0.05562674929390687
W-attn,alpha_0.75,2025-10-30,20,97,False,0.1226198952684877,-0.03972491058278982
W-attn,alpha_0.75,2025-11-06,5,98,False,-0.1879862345300074,-0.1135423241461533
W-attn,alpha_0.75,2025-11-06,20,97,False,-0.12126346798012941,-0.2146670523879655
W-attn,alpha_0.75,2025-11-13,5,98,False,0.09305477182591339,0.03562024622407538
W-attn,alpha_0.75,2025-11-13,20,97,False,-0.026112126622408346,-0.08469650746896697
W-attn,alpha_0.75,2025-11-20,5,97,False,0.09843242317751022,0.015805806858826002
W-attn,alpha_0.75,2025-11-20,20,97,False,0.07822294822868917,-0.06765463917525773
W-attn,alpha_0.75,2025-11-27,5,97,False,0.11677250041935282,0.031296023564064794
W-attn,alpha_0.75,2025-11-27,20,96,False,0.07102637068270673,-0.05330982094411286
W-attn,alpha_0.75,2025-12-04,5,97,False,-0.16889361841749492,0.15989901115085206
W-attn,alpha_0.75,2025-12-04,20,95,False,-0.0796471307579446,0.06871500559910414
W-attn,alpha_0.75,2025-12-11,5,98,False,-0.1666518157316154,-0.234180645079025
W-attn,alpha_0.75,2025-12-11,20,96,False,-0.07249065645457901,-0.05080032555615844
W-attn,alpha_0.75,2025-12-18,5,97,False,0.2548625611585003,0.19048495686934563
W-attn,alpha_0.75,2025-12-18,20,96,False,0.11041391492419422,0.10009495387954423
W-attn,alpha_0.75,2025-12-25,5,96,False,0.1418197649350364,-0.018258274552360284
W-attn,alpha_0.75,2025-12-25,20,96,False,0.1732533648702432,0.017688551275094954
W-attn,alpha_0.75,2026-01-05,5,97,False,0.2142028411420219,0.16335735325057857
W-attn,alpha_0.75,2026-01-05,20,97,False,0.3039996925324994,0.18728960656427515
W-attn,alpha_0.75,2026-01-12,5,97,False,0.10979242867554329,0.09057437407952872
W-attn,alpha_0.75,2026-01-12,20,97,False,0.11399456989499446,0.1294577109194193
W-attn,alpha_0.75,2026-01-19,5,98,False,-0.018374197431869972,-0.11145114090622188
W-attn,alpha_0.75,2026-01-19,20,98,False,0.1724021658645314,-0.04667546493761516
W-attn,alpha_0.75,2026-01-26,5,98,False,0.23537678870572515,-0.01742440181320888
W-attn,alpha_0.75,2026-01-26,20,98,False,0.38216929509363395,0.05900579538282041
W-attn,alpha_0.75,2026-02-02,5,98,False,0.10544797860281582,0.009722726953949339
W-attn,alpha_0.75,2026-02-02,20,98,False,0.10892631867570812,0.07787744901146963
W-attn,alpha_0.75,2026-02-09,5,98,False,0.14016084165832324,0.025891143711467713
W-attn,alpha_0.75,2026-02-09,20,98,False,-0.06426496614217238,-0.11576101855925125
W-attn,alpha_0.75,2026-02-24,5,98,False,0.2642192979348696,0.007440276954268118
W-attn,alpha_0.75,2026-02-24,20,98,False,0.15157191669665623,0.03634705991112471
W-attn,alpha_0.75,2026-03-03,5,98,False,-0.022676855620727323,0.09019502833935822
W-attn,alpha_0.75,2026-03-03,20,98,False,-0.09633032664698402,-0.1432651786112758
W-attn,alpha_0.75,2026-03-10,5,98,False,-0.284187011223755,-0.19798022301704182
W-attn,alpha_0.75,2026-03-10,20,98,False,0.06121546076231179,0.016187543433493358
W-attn,alpha_0.75,2026-03-17,5,98,False,-0.049359168286012035,-0.12768331325032353
W-attn,alpha_0.75,2026-03-17,20,98,False,0.039399556267811796,-0.06909192918029441
W-attn,alpha_0.75,2026-03-24,5,98,False,-0.019979475157638336,0.012782995109946507
W-attn,alpha_0.75,2026-03-24,20,98,False,0.18161880273986872,0.1528157654814503
W-attn,alpha_0.75,2026-03-31,5,98,False,0.3255598731417572,0.11869377554208187
W-attn,alpha_0.75,2026-03-31,20,98,False,0.001092138821139805,-0.04031265739660437
W-attn,alpha_0.75,2026-04-08,5,98,False,0.1581211163384903,0.1741738869868472
W-attn,alpha_0.75,2026-04-08,20,97,False,0.18015968234336838,0.17107616242373236
W-attn,alpha_0.75,2026-04-15,5,98,False,0.007991459301415198,-0.0164298146625098
W-attn,alpha_0.75,2026-04-15,20,97,False,0.16151769995217455,0.09266515884704396
W-attn,alpha_0.75,2026-04-22,5,98,False,-0.20236105053131492,-0.06504982499091481
W-attn,alpha_0.75,2026-04-22,20,97,False,-0.04588189103256861,-0.031203976435935196
W-attn,alpha_0.75,2026-04-29,5,97,False,0.14423641240395274,0.1914580265095729
W-attn,alpha_0.75,2026-04-29,20,97,False,0.10670529951345281,0.08708973280033662
W-attn,alpha_0.75,2026-05-11,5,98,False,-0.03642545869151414,0.018801522483407607
W-attn,alpha_0.75,2026-05-11,20,98,False,0.023786743743266395,0.03814496745277304
W-attn,alpha_0.75,2026-05-18,5,98,False,-0.035153923800444166,-0.032789498179778
W-attn,alpha_0.75,2026-05-18,20,98,False,-0.05371000711417164,-0.02893866075014823
W-attn,alpha_0.75,2026-05-25,5,98,False,0.06155491272522487,0.029053420805998122
W-attn,alpha_0.75,2026-05-25,20,98,False,-0.07118601385501039,-0.05345905935007554
W-attn,alpha_0.75,2026-06-01,5,98,False,0.022781070268707224,0.0753399766654553
W-attn,alpha_0.75,2026-06-01,20,98,False,-0.052735385042366925,0.11518721828000177
W-attn,alpha_0.75,2026-06-08,5,98,False,-0.20314435327533864,-0.18368622050507175
W-attn,alpha_0.75,2026-06-08,20,98,False,0.021647489350692998,0.032317706839061766
W-attn,alpha_0.75,2026-06-15,5,98,False,0.10721332959024063,0.06470554482336514
W-attn,alpha_0.75,2026-06-15,20,98,False,0.13455320736821536,0.11743141492773303
W-attn,alpha_0.75,2026-06-23,5,98,False,-0.1723391960782663,-0.3315736791436349
W-attn,alpha_0.75,2026-06-23,20,98,False,-0.01759579175037114,-0.01936257164534042
W-attn,alpha_0.75,2026-06-30,5,98,False,0.2149372038953348,0.24415201882064913
W-attn,alpha_0.75,2026-06-30,20,98,False,0.324210968869743,0.2667087453538116
W-attn,alpha_0.75,2026-07-07,5,98,False,0.14213505537801907,0.07804321353658614
W-attn,alpha_0.75,2026-07-07,20,98,False,0.21130252632154928,0.14048543503624503
W-attn,alpha_0.75,2026-07-14,5,98,False,-0.02467329076011701,-0.027306517733616403
W-attn,alpha_0.75,2026-07-14,20,98,False,-0.09011598903463008,-0.04650970041249864
W-attn,alpha_0.75,2026-07-21,5,98,False,-0.1152927895439325,-0.10409374621451203
W-attn,alpha_0.75,2026-07-21,20,98,False,0.06794556864577067,-0.00830735293180065
W-attn,alpha_0.75,2026-07-28,5,98,False,-0.20620912836121003,-0.12040242526251363
W-attn,alpha_0.75,2026-07-28,20,98,False,-0.051644870825769976,-0.03916505683810543
W-attn,alpha_0.75,2026-08-04,5,98,False,0.08198330555806739,0.09968185962294945
W-attn,alpha_0.75,2026-08-04,20,0,True,,
W-attn,alpha_0.75,2026-08-11,5,98,False,0.12536266391933504,0.11378459537516974
W-attn,alpha_0.75,2026-08-11,20,0,True,,
W-attn,alpha_0.75,2026-08-18,5,98,False,-0.16986456895150684,-0.1739061135231975
W-attn,alpha_0.75,2026-08-18,20,0,True,,
W-attn,alpha_0.75,2026-08-25,5,0,True,,
W-attn,alpha_0.75,2026-08-25,20,0,True,,
W-attn,b0_alpha_0.40,2025-04-02,5,99,False,0.042164665678708434,0.07118119975262832
W-attn,b0_alpha_0.40,2025-04-02,20,99,False,0.12083648407730141,0.15714285714285714
W-attn,b0_alpha_0.40,2025-04-10,5,99,False,0.21586277865085363,0.2252690166975881
W-attn,b0_alpha_0.40,2025-04-10,20,99,False,-0.2943183615305384,-0.349721706864564
W-attn,b0_alpha_0.40,2025-04-17,5,99,False,-0.08875695074025469,0.019653679653679652
W-attn,b0_alpha_0.40,2025-04-17,20,99,False,-0.30471839454204347,-0.16752009894867034
W-attn,b0_alpha_0.40,2025-04-24,5,99,False,0.18926075201537268,0.24279529993815707
W-attn,b0_alpha_0.40,2025-04-24,20,99,False,-0.15573401888623836,-0.14959802102659245
W-attn,b0_alpha_0.40,2025-05-06,5,99,False,-0.17870416460487057,-0.1374273345701917
W-attn,b0_alpha_0.40,2025-05-06,20,99,False,-0.27631364408729103,-0.2477179962894248
W-attn,b0_alpha_0.40,2025-05-13,5,99,False,0.3094347021069024,0.1788126159554731
W-attn,b0_alpha_0.40,2025-05-13,20,99,False,0.34912292083774404,0.2593568336425479
W-attn,b0_alpha_0.40,2025-05-20,5,99,False,0.028386204140001595,0.08754483611626468
W-attn,b0_alpha_0.40,2025-05-20,20,99,False,-0.13246333637249288,-0.060049474335188625
W-attn,b0_alpha_0.40,2025-05-27,5,99,False,-0.17386775283018882,-0.15873840445269016
W-attn,b0_alpha_0.40,2025-05-27,20,99,False,-0.26998413731848764,-0.31945578231292515
W-attn,b0_alpha_0.40,2025-06-04,5,99,False,-0.1323589740372518,-0.09487940630797773
W-attn,b0_alpha_0.40,2025-06-04,20,99,False,-0.015047558859973241,-0.001867656153370439
W-attn,b0_alpha_0.40,2025-06-11,5,99,False,0.05430711155304193,-0.05672232529375386
W-attn,b0_alpha_0.40,2025-06-11,20,99,False,-0.014813839105644471,0.019233147804576373
W-attn,b0_alpha_0.40,2025-06-18,5,99,False,-0.28581946836089145,-0.2870377241805813
W-attn,b0_alpha_0.40,2025-06-18,20,99,False,-0.14885926127580582,-0.17826839826839824
W-attn,b0_alpha_0.40,2025-06-25,5,99,False,-0.07230229473807422,0.002288188002473716
W-attn,b0_alpha_0.40,2025-06-25,20,99,False,-0.16585199388440228,-0.12040816326530612
W-attn,b0_alpha_0.40,2025-07-02,5,99,False,-0.08146376829129537,0.02043290043290043
W-attn,b0_alpha_0.40,2025-07-02,20,99,False,-0.17267308383634095,-0.12241187384044525
W-attn,b0_alpha_0.40,2025-07-09,5,99,False,-0.16499529829193052,-0.09645021645021645
W-attn,b0_alpha_0.40,2025-07-09,20,99,False,-0.059783241846795045,0.015534941249226962
W-attn,b0_alpha_0.40,2025-07-16,5,99,False,-0.1750197202370126,-0.11427334570191712
W-attn,b0_alpha_0.40,2025-07-16,20,97,False,0.17939319163640668,-0.10830002103934357
W-attn,b0_alpha_0.40,2025-07-23,5,99,False,0.1497958035011926,0.08259740259740259
W-attn,b0_alpha_0.40,2025-07-23,20,97,False,0.1568454543011551,-0.0030375552282768774
W-attn,b0_alpha_0.40,2025-07-30,5,99,False,0.13280967520807968,0.052578849721706865
W-attn,b0_alpha_0.40,2025-07-30,20,97,False,0.07348725643143483,-0.12092362718283188
W-attn,b0_alpha_0.40,2025-08-06,5,97,False,-0.0548050073191874,-0.23673206395960444
W-attn,b0_alpha_0.40,2025-08-06,20,94,False,-0.006688221739086819,-0.009702705631615072
W-attn,b0_alpha_0.40,2025-08-13,5,97,False,0.15841214986380137,0.33998264254155264
W-attn,b0_alpha_0.40,2025-08-13,20,94,False,0.0743774686538154,0.22612433623523462
W-attn,b0_alpha_0.40,2025-08-20,5,98,False,0.06686979600665513,0.0007076870110743452
W-attn,b0_alpha_0.40,2025-08-20,20,95,False,-0.10383094895925955,-0.06427771556550953
W-attn,b0_alpha_0.40,2025-08-27,5,95,False,0.02949702936770714,0.021654535274356103
W-attn,b0_alpha_0.40,2025-08-27,20,95,False,-0.003388782464167519,-0.0333986562150056
W-attn,b0_alpha_0.40,2025-09-03,5,96,False,-0.025637825672323148,0.03213510580575149
W-attn,b0_alpha_0.40,2025-09-03,20,94,False,-0.00816972488727212,0.13148141458656937
W-attn,b0_alpha_0.40,2025-09-10,5,97,False,-0.08487233767803516,-0.03868609299389859
W-attn,b0_alpha_0.40,2025-09-10,20,95,False,0.04450142827874498,0.10401735722284433
W-attn,b0_alpha_0.40,2025-09-17,5,98,False,0.11983306979858,-0.02161951941038833
W-attn,b0_alpha_0.40,2025-09-17,20,96,False,0.23990915566941626,0.24361096039066737
W-attn,b0_alpha_0.40,2025-09-24,5,96,False,0.14465584155846603,0.21102821486706458
W-attn,b0_alpha_0.40,2025-09-24,20,96,False,0.1098796166035749,0.06311720021703744
W-attn,b0_alpha_0.40,2025-10-09,5,96,False,-0.034561184240067176,-0.056985892566467716
W-attn,b0_alpha_0.40,2025-10-09,20,96,False,-0.3626075700357004,-0.23879544221378185
W-attn,b0_alpha_0.40,2025-10-16,5,97,False,0.08722472601370543,0.17641489585524933
W-attn,b0_alpha_0.40,2025-10-16,20,97,False,0.37797291019802853,0.3824689669682305
W-attn,b0_alpha_0.40,2025-10-23,5,98,False,-0.11505442426591392,0.06872214677811142
W-attn,b0_alpha_0.40,2025-10-23,20,98,False,-0.1348026171858002,-0.08384497191566409
W-attn,b0_alpha_0.40,2025-10-30,5,98,False,-0.11799984315429632,-0.16469980682057264
W-attn,b0_alpha_0.40,2025-10-30,20,97,False,0.03136681744292514,-0.13878077003997474
W-attn,b0_alpha_0.40,2025-11-06,5,98,False,-0.32611677453675336,-0.32113051406129456
W-attn,b0_alpha_0.40,2025-11-06,20,97,False,0.030302513703830483,-0.15131232905533346
W-attn,b0_alpha_0.40,2025-11-13,5,98,False,0.023604543620730726,0.009748229188582648
W-attn,b0_alpha_0.40,2025-11-13,20,97,False,-0.0548807807708549,-0.10336892488954343
W-attn,b0_alpha_0.40,2025-11-20,5,97,False,0.12001261585189635,0.0196717862402693
W-attn,b0_alpha_0.40,2025-11-20,20,97,False,0.10666542155992385,0.016949821165579634
W-attn,b0_alpha_0.40,2025-11-27,5,97,False,0.07074601908495255,0.046036713654533976
W-attn,b0_alpha_0.40,2025-11-27,20,96,False,0.05123007218817865,-0.015382528486163862
W-attn,b0_alpha_0.40,2025-12-04,5,97,False,-0.1523274672891395,0.09351988217967598
W-attn,b0_alpha_0.40,2025-12-04,20,95,False,-0.0881971926148723,0.05018197088465846
W-attn,b0_alpha_0.40,2025-12-11,5,98,False,-0.16955737417232797,-0.16653596771417092
W-attn,b0_alpha_0.40,2025-12-11,20,96,False,-0.12202271275063545,-0.11912642430819317
W-attn,b0_alpha_0.40,2025-12-18,5,97,False,0.23588435681596415,0.17182568903850196
W-attn,b0_alpha_0.40,2025-12-18,20,96,False,0.10084548579761293,0.07034725990233315
W-attn,b0_alpha_0.40,2025-12-25,5,96,False,0.2017941313123501,0.11041779706999458
W-attn,b0_alpha_0.40,2025-12-25,20,96,False,0.19191230891462327,0.04957948996201845
W-attn,b0_alpha_0.40,2026-01-05,5,97,False,0.2977067307817948,0.21920366084578158
W-attn,b0_alpha_0.40,2026-01-05,20,97,False,0.3131143172320281,0.08798390490216705
W-attn,b0_alpha_0.40,2026-01-12,5,97,False,0.0775060166292205,0.030428150641699972
W-attn,b0_alpha_0.40,2026-01-12,20,97,False,0.0540470525753178,0.09362507889753839
W-attn,b0_alpha_0.40,2026-01-19,5,98,False,0.0017939844435104172,-0.08967223252937538
W-attn,b0_alpha_0.40,2026-01-19,20,98,False,0.1812826212512783,-0.06020440041058596
W-attn,b0_alpha_0.40,2026-01-26,5,98,False,0.15477003247853208,-0.054185873037124875
W-attn,b0_alpha_0.40,2026-01-26,20,98,False,0.3521259737283311,0.05831723504772105
W-attn,b0_alpha_0.40,2026-02-02,5,98,False,0.14910481450602703,0.1101760291745564
W-attn,b0_alpha_0.40,2026-02-02,20,98,False,0.12564130230167062,0.13497695235545012
W-attn,b0_alpha_0.40,2026-02-09,5,98,False,0.1865514973557052,0.17805022665111028
W-attn,b0_alpha_0.40,2026-02-09,20,98,False,-0.0018506046916889761,-0.10234684314213031
W-attn,b0_alpha_0.40,2026-02-24,5,98,False,0.28563016573842176,0.008804646507150187
W-attn,b0_alpha_0.40,2026-02-24,20,98,False,0.2098349078890366,0.06618467443209711
W-attn,b0_alpha_0.40,2026-03-03,5,98,False,0.005121946081003146,0.16447028670887284
W-attn,b0_alpha_0.40,2026-03-03,20,98,False,-0.11684727338798477,-0.2106420825124801
W-attn,b0_alpha_0.40,2026-03-10,5,98,False,-0.3207986298663211,-0.25247849842842474
W-attn,b0_alpha_0.40,2026-03-10,20,98,False,0.034257811846811904,-0.03114460404592952
W-attn,b0_alpha_0.40,2026-03-17,5,98,False,-0.17357629553500573,-0.223724728879368
W-attn,b0_alpha_0.40,2026-03-17,20,98,False,-0.01797473376380177,0.03509745041409253
W-attn,b0_alpha_0.40,2026-03-24,5,98,False,-0.09345835237897135,-0.05169940516037718
W-attn,b0_alpha_0.40,2026-03-24,20,98,False,0.18498368916535116,0.19919157916212404
W-attn,b0_alpha_0.40,2026-03-31,5,98,False,0.3531523533951131,0.25750243865118677
W-attn,b0_alpha_0.40,2026-03-31,20,98,False,0.003714953423031457,0.02564887248245127
W-attn,b0_alpha_0.40,2026-04-08,5,98,False,0.03561243500449975,0.11847700654769873
W-attn,b0_alpha_0.40,2026-04-08,20,97,False,0.22231491094401593,0.2391384388807069
W-attn,b0_alpha_0.40,2026-04-15,5,98,False,0.0580330626530068,0.07528897219618869
W-attn,b0_alpha_0.40,2026-04-15,20,97,False,0.21846949231439264,0.18579055333473593
W-attn,b0_alpha_0.40,2026-04-22,5,98,False,-0.30812036333276066,-0.15929333307831095
W-attn,b0_alpha_0.40,2026-04-22,20,97,False,-0.11590046113379435,-0.16423837576267616
W-attn,b0_alpha_0.40,2026-04-29,5,97,False,0.22178600468141063,0.23773143277929726
W-attn,b0_alpha_0.40,2026-04-29,20,97,False,0.11522102723970358,0.13266621081422258
W-attn,b0_alpha_0.40,2026-05-11,5,98,False,0.08234858129300233,0.11313428839202035
W-attn,b0_alpha_0.40,2026-05-11,20,98,False,0.07780097464648134,0.09715713839425179
W-attn,b0_alpha_0.40,2026-05-18,5,98,False,-0.05504657486838993,-0.1160542942575343
W-attn,b0_alpha_0.40,2026-05-18,20,98,False,-0.02123707124524833,0.0038699641056047533
W-attn,b0_alpha_0.40,2026-05-25,5,98,False,0.143401605631655,0.07658958616248748
W-attn,b0_alpha_0.40,2026-05-25,20,98,False,-0.05136631015419185,-0.0036531951112216206
W-attn,b0_alpha_0.40,2026-06-01,5,98,False,-0.02085523878476095,-0.009862989244432543
W-attn,b0_alpha_0.40,2026-06-01,20,98,False,-0.004635525057428641,0.1131980439786036
W-attn,b0_alpha_0.40,2026-06-08,5,98,False,-0.19903456332451322,-0.22961574507966256
W-attn,b0_alpha_0.40,2026-06-08,20,98,False,0.01703638365277209,-0.0335800674534106
W-attn,b0_alpha_0.40,2026-06-15,5,98,False,0.1571536288257755,0.0733635534813738
W-attn,b0_alpha_0.40,2026-06-15,20,98,False,0.19147781679743484,0.13543599257884972
W-attn,b0_alpha_0.40,2026-06-23,5,98,False,-0.2414824093549341,-0.3562853445033121
W-attn,b0_alpha_0.40,2026-06-23,20,98,False,0.0036061394461482507,-0.0059228939935861875
W-attn,b0_alpha_0.40,2026-06-30,5,98,False,0.23178249014528912,0.20885692608814846
W-attn,b0_alpha_0.40,2026-06-30,20,98,False,0.309028862529384,0.23539200122410722
W-attn,b0_alpha_0.40,2026-07-07,5,98,False,0.1119716715452645,0.028874905163564953
W-attn,b0_alpha_0.40,2026-07-07,20,98,False,0.2677796320162461,0.18385198503018826
W-attn,b0_alpha_0.40,2026-07-14,5,98,False,-0.11668955360714517,-0.165758149557855
W-attn,b0_alpha_0.40,2026-07-14,20,98,False,-0.11375167050394056,-0.07984112107823448
W-attn,b0_alpha_0.40,2026-07-21,5,98,False,-0.1744222388024436,-0.13892979872361313
W-attn,b0_alpha_0.40,2026-07-21,20,98,False,0.1294039764714865,0.08467379454124667
W-attn,b0_alpha_0.40,2026-07-28,5,98,False,-0.22852730709446784,-0.20813011240109916
W-attn,b0_alpha_0.40,2026-07-28,20,98,False,-0.02214170144122027,-0.015817761031310364
W-attn,b0_alpha_0.40,2026-08-04,5,98,False,0.18213632268663132,0.17659659927701163
W-attn,b0_alpha_0.40,2026-08-04,20,0,True,,
W-attn,b0_alpha_0.40,2026-08-11,5,98,False,0.23245294018907936,0.2575279408858201
W-attn,b0_alpha_0.40,2026-08-11,20,0,True,,
W-attn,b0_alpha_0.40,2026-08-18,5,98,False,-0.23950346006014864,-0.22327843977328513
W-attn,b0_alpha_0.40,2026-08-18,20,0,True,,
W-attn,b0_alpha_0.40,2026-08-25,5,0,True,,
W-attn,b0_alpha_0.40,2026-08-25,20,0,True,,
W-attn,gate_V1,2025-04-02,5,99,False,0.042164665678708434,0.07118119975262832
W-attn,gate_V1,2025-04-02,20,99,False,0.12083648407730141,0.15714285714285714
W-attn,gate_V1,2025-04-10,5,99,False,0.21586277865085363,0.2252690166975881
W-attn,gate_V1,2025-04-10,20,99,False,-0.2943183615305384,-0.349721706864564
W-attn,gate_V1,2025-04-17,5,99,False,-0.08875695074025469,0.019653679653679652
W-attn,gate_V1,2025-04-17,20,99,False,-0.30471839454204347,-0.16752009894867034
W-attn,gate_V1,2025-04-24,5,99,False,0.18926075201537268,0.24279529993815707
W-attn,gate_V1,2025-04-24,20,99,False,-0.15573401888623836,-0.14959802102659245
W-attn,gate_V1,2025-05-06,5,99,False,-0.17870416460487057,-0.1374273345701917
W-attn,gate_V1,2025-05-06,20,99,False,-0.27631364408729103,-0.2477179962894248
W-attn,gate_V1,2025-05-13,5,99,False,0.3094347021069024,0.1788126159554731
W-attn,gate_V1,2025-05-13,20,99,False,0.34912292083774404,0.2593568336425479
W-attn,gate_V1,2025-05-20,5,99,False,0.028386204140001595,0.08754483611626468
W-attn,gate_V1,2025-05-20,20,99,False,-0.13246333637249288,-0.060049474335188625
W-attn,gate_V1,2025-05-27,5,99,False,-0.17386775283018882,-0.15873840445269016
W-attn,gate_V1,2025-05-27,20,99,False,-0.26998413731848764,-0.31945578231292515
W-attn,gate_V1,2025-06-04,5,99,False,-0.1323589740372518,-0.09487940630797773
W-attn,gate_V1,2025-06-04,20,99,False,-0.015047558859973241,-0.001867656153370439
W-attn,gate_V1,2025-06-11,5,99,False,0.05430711155304193,-0.05672232529375386
W-attn,gate_V1,2025-06-11,20,99,False,-0.014813839105644471,0.019233147804576373
W-attn,gate_V1,2025-06-18,5,99,False,-0.28581946836089145,-0.2870377241805813
W-attn,gate_V1,2025-06-18,20,99,False,-0.14885926127580582,-0.17826839826839824
W-attn,gate_V1,2025-06-25,5,99,False,-0.07230229473807422,0.002288188002473716
W-attn,gate_V1,2025-06-25,20,99,False,-0.16585199388440228,-0.12040816326530612
W-attn,gate_V1,2025-07-02,5,99,False,-0.08146376829129537,0.02043290043290043
W-attn,gate_V1,2025-07-02,20,99,False,-0.17267308383634095,-0.12241187384044525
W-attn,gate_V1,2025-07-09,5,99,False,-0.16499529829193052,-0.09645021645021645
W-attn,gate_V1,2025-07-09,20,99,False,-0.059783241846795045,0.015534941249226962
W-attn,gate_V1,2025-07-16,5,99,False,-0.1750197202370126,-0.11427334570191712
W-attn,gate_V1,2025-07-16,20,97,False,0.17939319163640668,-0.10830002103934357
W-attn,gate_V1,2025-07-23,5,99,False,0.1497958035011926,0.08259740259740259
W-attn,gate_V1,2025-07-23,20,97,False,0.1568454543011551,-0.0030375552282768774
W-attn,gate_V1,2025-07-30,5,99,False,0.13280967520807968,0.052578849721706865
W-attn,gate_V1,2025-07-30,20,97,False,0.07348725643143483,-0.12092362718283188
W-attn,gate_V1,2025-08-06,5,97,False,-0.0548050073191874,-0.23673206395960444
W-attn,gate_V1,2025-08-06,20,94,False,-0.006688221739086819,-0.009702705631615072
W-attn,gate_V1,2025-08-13,5,97,False,0.15841214986380137,0.33998264254155264
W-attn,gate_V1,2025-08-13,20,94,False,0.0743774686538154,0.22612433623523462
W-attn,gate_V1,2025-08-20,5,98,False,0.06686979600665513,0.0007076870110743452
W-attn,gate_V1,2025-08-20,20,95,False,-0.10383094895925955,-0.06427771556550953
W-attn,gate_V1,2025-08-27,5,95,False,0.02949702936770714,0.021654535274356103
W-attn,gate_V1,2025-08-27,20,95,False,-0.003388782464167519,-0.0333986562150056
W-attn,gate_V1,2025-09-03,5,96,False,-0.025637825672323148,0.03213510580575149
W-attn,gate_V1,2025-09-03,20,94,False,-0.00816972488727212,0.13148141458656937
W-attn,gate_V1,2025-09-10,5,97,False,-0.08487233767803516,-0.03868609299389859
W-attn,gate_V1,2025-09-10,20,95,False,0.04450142827874498,0.10401735722284433
W-attn,gate_V1,2025-09-17,5,98,False,0.11983306979858,-0.02161951941038833
W-attn,gate_V1,2025-09-17,20,96,False,0.23990915566941626,0.24361096039066737
W-attn,gate_V1,2025-09-24,5,96,False,0.14465584155846603,0.21102821486706458
W-attn,gate_V1,2025-09-24,20,96,False,0.1098796166035749,0.06311720021703744
W-attn,gate_V1,2025-10-09,5,96,False,-0.034561184240067176,-0.056985892566467716
W-attn,gate_V1,2025-10-09,20,96,False,-0.3626075700357004,-0.23879544221378185
W-attn,gate_V1,2025-10-16,5,97,False,0.08722472601370543,0.17641489585524933
W-attn,gate_V1,2025-10-16,20,97,False,0.37797291019802853,0.3824689669682305
W-attn,gate_V1,2025-10-23,5,98,False,-0.11505442426591392,0.06872214677811142
W-attn,gate_V1,2025-10-23,20,98,False,-0.1348026171858002,-0.08384497191566409
W-attn,gate_V1,2025-10-30,5,98,False,-0.11799984315429632,-0.16469980682057264
W-attn,gate_V1,2025-10-30,20,97,False,0.03136681744292514,-0.13878077003997474
W-attn,gate_V1,2025-11-06,5,98,False,-0.32611677453675336,-0.32113051406129456
W-attn,gate_V1,2025-11-06,20,97,False,0.030302513703830483,-0.15131232905533346
W-attn,gate_V1,2025-11-13,5,98,False,0.023604543620730726,0.009748229188582648
W-attn,gate_V1,2025-11-13,20,97,False,-0.0548807807708549,-0.10336892488954343
W-attn,gate_V1,2025-11-20,5,97,False,0.12001261585189635,0.0196717862402693
W-attn,gate_V1,2025-11-20,20,97,False,0.10666542155992385,0.016949821165579634
W-attn,gate_V1,2025-11-27,5,97,False,0.07074601908495255,0.046036713654533976
W-attn,gate_V1,2025-11-27,20,96,False,0.05123007218817865,-0.015382528486163862
W-attn,gate_V1,2025-12-04,5,97,False,-0.1523274672891395,0.09351988217967598
W-attn,gate_V1,2025-12-04,20,95,False,-0.0881971926148723,0.05018197088465846
W-attn,gate_V1,2025-12-11,5,98,False,-0.16955737417232797,-0.16653596771417092
W-attn,gate_V1,2025-12-11,20,96,False,-0.12202271275063545,-0.11912642430819317
W-attn,gate_V1,2025-12-18,5,97,False,0.23588435681596415,0.17182568903850196
W-attn,gate_V1,2025-12-18,20,96,False,0.10084548579761293,0.07034725990233315
W-attn,gate_V1,2025-12-25,5,96,False,0.2017941313123501,0.11041779706999458
W-attn,gate_V1,2025-12-25,20,96,False,0.19191230891462327,0.04957948996201845
W-attn,gate_V1,2026-01-05,5,97,False,0.2977067307817948,0.21920366084578158
W-attn,gate_V1,2026-01-05,20,97,False,0.3131143172320281,0.08798390490216705
W-attn,gate_V1,2026-01-12,5,97,False,0.0775060166292205,0.030428150641699972
W-attn,gate_V1,2026-01-12,20,97,False,0.0540470525753178,0.09362507889753839
W-attn,gate_V1,2026-01-19,5,98,False,0.0017939844435104172,-0.08967223252937538
W-attn,gate_V1,2026-01-19,20,98,False,0.1812826212512783,-0.06020440041058596
W-attn,gate_V1,2026-01-26,5,98,False,0.15477003247853208,-0.054185873037124875
W-attn,gate_V1,2026-01-26,20,98,False,0.3521259737283311,0.05831723504772105
W-attn,gate_V1,2026-02-02,5,98,False,0.14910481450602703,0.1101760291745564
W-attn,gate_V1,2026-02-02,20,98,False,0.12564130230167062,0.13497695235545012
W-attn,gate_V1,2026-02-09,5,98,False,0.1865514973557052,0.17805022665111028
W-attn,gate_V1,2026-02-09,20,98,False,-0.0018506046916889761,-0.10234684314213031
W-attn,gate_V1,2026-02-24,5,98,False,0.28563016573842176,0.008804646507150187
W-attn,gate_V1,2026-02-24,20,98,False,0.2098349078890366,0.06618467443209711
W-attn,gate_V1,2026-03-03,5,98,False,0.005121946081003146,0.16447028670887284
W-attn,gate_V1,2026-03-03,20,98,False,-0.11684727338798477,-0.2106420825124801
W-attn,gate_V1,2026-03-10,5,98,False,-0.3207986298663211,-0.25247849842842474
W-attn,gate_V1,2026-03-10,20,98,False,0.034257811846811904,-0.03114460404592952
W-attn,gate_V1,2026-03-17,5,98,False,-0.17357629553500573,-0.223724728879368
W-attn,gate_V1,2026-03-17,20,98,False,-0.01797473376380177,0.03509745041409253
W-attn,gate_V1,2026-03-24,5,98,False,-0.09345835237897135,-0.05169940516037718
W-attn,gate_V1,2026-03-24,20,98,False,0.18498368916535116,0.19919157916212404
W-attn,gate_V1,2026-03-31,5,98,False,0.3531523533951131,0.25750243865118677
W-attn,gate_V1,2026-03-31,20,98,False,0.003714953423031457,0.02564887248245127
W-attn,gate_V1,2026-04-08,5,98,False,0.03561243500449975,0.11847700654769873
W-attn,gate_V1,2026-04-08,20,97,False,0.22231491094401593,0.2391384388807069
W-attn,gate_V1,2026-04-15,5,98,False,0.0580330626530068,0.07528897219618869
W-attn,gate_V1,2026-04-15,20,97,False,0.21846949231439264,0.18579055333473593
W-attn,gate_V1,2026-04-22,5,98,False,-0.30812036333276066,-0.15929333307831095
W-attn,gate_V1,2026-04-22,20,97,False,-0.11590046113379435,-0.16423837576267616
W-attn,gate_V1,2026-04-29,5,97,False,0.22178600468141063,0.23773143277929726
W-attn,gate_V1,2026-04-29,20,97,False,0.11522102723970358,0.13266621081422258
W-attn,gate_V1,2026-05-11,5,98,False,0.08234858129300233,0.11313428839202035
W-attn,gate_V1,2026-05-11,20,98,False,0.07780097464648134,0.09715713839425179
W-attn,gate_V1,2026-05-18,5,98,False,-0.05504657486838993,-0.1160542942575343
W-attn,gate_V1,2026-05-18,20,98,False,-0.02123707124524833,0.0038699641056047533
W-attn,gate_V1,2026-05-25,5,98,False,0.143401605631655,0.07658958616248748
W-attn,gate_V1,2026-05-25,20,98,False,-0.05136631015419185,-0.0036531951112216206
W-attn,gate_V1,2026-06-01,5,98,False,-0.02085523878476095,-0.009862989244432543
W-attn,gate_V1,2026-06-01,20,98,False,-0.004635525057428641,0.1131980439786036
W-attn,gate_V1,2026-06-08,5,98,False,-0.19903456332451322,-0.22961574507966256
W-attn,gate_V1,2026-06-08,20,98,False,0.01703638365277209,-0.0335800674534106
W-attn,gate_V1,2026-06-15,5,98,False,0.1571536288257755,0.0733635534813738
W-attn,gate_V1,2026-06-15,20,98,False,0.19147781679743484,0.13543599257884972
W-attn,gate_V1,2026-06-23,5,98,False,-0.2414824093549341,-0.3562853445033121
W-attn,gate_V1,2026-06-23,20,98,False,0.0036061394461482507,-0.0059228939935861875
W-attn,gate_V1,2026-06-30,5,98,False,0.23178249014528912,0.20885692608814846
W-attn,gate_V1,2026-06-30,20,98,False,0.309028862529384,0.23539200122410722
W-attn,gate_V1,2026-07-07,5,98,False,0.1119716715452645,0.028874905163564953
W-attn,gate_V1,2026-07-07,20,98,False,0.2677796320162461,0.18385198503018826
W-attn,gate_V1,2026-07-14,5,98,False,-0.11668955360714517,-0.165758149557855
W-attn,gate_V1,2026-07-14,20,98,False,-0.11375167050394056,-0.07984112107823448
W-attn,gate_V1,2026-07-21,5,98,False,-0.1744222388024436,-0.13892979872361313
W-attn,gate_V1,2026-07-21,20,98,False,0.1294039764714865,0.08467379454124667
W-attn,gate_V1,2026-07-28,5,98,False,-0.22852730709446784,-0.20813011240109916
W-attn,gate_V1,2026-07-28,20,98,False,-0.02214170144122027,-0.015817761031310364
W-attn,gate_V1,2026-08-04,5,98,False,0.18213632268663132,0.17659659927701163
W-attn,gate_V1,2026-08-04,20,0,True,,
W-attn,gate_V1,2026-08-11,5,98,False,0.23245294018907936,0.2575279408858201
W-attn,gate_V1,2026-08-11,20,0,True,,
W-attn,gate_V1,2026-08-18,5,98,False,-0.23950346006014864,-0.22327843977328513
W-attn,gate_V1,2026-08-18,20,0,True,,
W-attn,gate_V1,2026-08-25,5,0,True,,
W-attn,gate_V1,2026-08-25,20,0,True,,
W-attn,gate_V2,2025-04-02,5,99,False,0.042164665678708434,0.07118119975262832
W-attn,gate_V2,2025-04-02,20,99,False,0.12083648407730141,0.15714285714285714
W-attn,gate_V2,2025-04-10,5,99,False,0.21586277865085363,0.2252690166975881
W-attn,gate_V2,2025-04-10,20,99,False,-0.2943183615305384,-0.349721706864564
W-attn,gate_V2,2025-04-17,5,99,False,-0.08875695074025469,0.019653679653679652
W-attn,gate_V2,2025-04-17,20,99,False,-0.30471839454204347,-0.16752009894867034
W-attn,gate_V2,2025-04-24,5,99,False,0.18926075201537268,0.24279529993815707
W-attn,gate_V2,2025-04-24,20,99,False,-0.15573401888623836,-0.14959802102659245
W-attn,gate_V2,2025-05-06,5,99,False,-0.17870416460487057,-0.1374273345701917
W-attn,gate_V2,2025-05-06,20,99,False,-0.27631364408729103,-0.2477179962894248
W-attn,gate_V2,2025-05-13,5,99,False,0.3094347021069024,0.1788126159554731
W-attn,gate_V2,2025-05-13,20,99,False,0.34912292083774404,0.2593568336425479
W-attn,gate_V2,2025-05-20,5,99,False,0.028386204140001595,0.08754483611626468
W-attn,gate_V2,2025-05-20,20,99,False,-0.13246333637249288,-0.060049474335188625
W-attn,gate_V2,2025-05-27,5,99,False,-0.17386775283018882,-0.15873840445269016
W-attn,gate_V2,2025-05-27,20,99,False,-0.26998413731848764,-0.31945578231292515
W-attn,gate_V2,2025-06-04,5,99,False,-0.1323589740372518,-0.09487940630797773
W-attn,gate_V2,2025-06-04,20,99,False,-0.015047558859973241,-0.001867656153370439
W-attn,gate_V2,2025-06-11,5,99,False,0.05430711155304193,-0.05672232529375386
W-attn,gate_V2,2025-06-11,20,99,False,-0.014813839105644471,0.019233147804576373
W-attn,gate_V2,2025-06-18,5,99,False,-0.28581946836089145,-0.2870377241805813
W-attn,gate_V2,2025-06-18,20,99,False,-0.14885926127580582,-0.17826839826839824
W-attn,gate_V2,2025-06-25,5,99,False,-0.07230229473807422,0.002288188002473716
W-attn,gate_V2,2025-06-25,20,99,False,-0.16585199388440228,-0.12040816326530612
W-attn,gate_V2,2025-07-02,5,99,False,-0.08146376829129537,0.02043290043290043
W-attn,gate_V2,2025-07-02,20,99,False,-0.17267308383634095,-0.12241187384044525
W-attn,gate_V2,2025-07-09,5,99,False,-0.16499529829193052,-0.09645021645021645
W-attn,gate_V2,2025-07-09,20,99,False,-0.059783241846795045,0.015534941249226962
W-attn,gate_V2,2025-07-16,5,99,False,-0.1750197202370126,-0.11427334570191712
W-attn,gate_V2,2025-07-16,20,97,False,0.17939319163640668,-0.10830002103934357
W-attn,gate_V2,2025-07-23,5,99,False,0.1497958035011926,0.08259740259740259
W-attn,gate_V2,2025-07-23,20,97,False,0.1568454543011551,-0.0030375552282768774
W-attn,gate_V2,2025-07-30,5,99,False,0.13280967520807968,0.052578849721706865
W-attn,gate_V2,2025-07-30,20,97,False,0.07348725643143483,-0.12092362718283188
W-attn,gate_V2,2025-08-06,5,97,False,-0.0548050073191874,-0.23673206395960444
W-attn,gate_V2,2025-08-06,20,94,False,-0.006688221739086819,-0.009702705631615072
W-attn,gate_V2,2025-08-13,5,97,False,0.15841214986380137,0.33998264254155264
W-attn,gate_V2,2025-08-13,20,94,False,0.0743774686538154,0.22612433623523462
W-attn,gate_V2,2025-08-20,5,98,False,0.06686979600665513,0.0007076870110743452
W-attn,gate_V2,2025-08-20,20,95,False,-0.10383094895925955,-0.06427771556550953
W-attn,gate_V2,2025-08-27,5,95,False,0.02949702936770714,0.021654535274356103
W-attn,gate_V2,2025-08-27,20,95,False,-0.003388782464167519,-0.0333986562150056
W-attn,gate_V2,2025-09-03,5,96,False,-0.025637825672323148,0.03213510580575149
W-attn,gate_V2,2025-09-03,20,94,False,-0.00816972488727212,0.13148141458656937
W-attn,gate_V2,2025-09-10,5,97,False,-0.08487233767803516,-0.03868609299389859
W-attn,gate_V2,2025-09-10,20,95,False,0.04450142827874498,0.10401735722284433
W-attn,gate_V2,2025-09-17,5,98,False,0.11983306979858,-0.02161951941038833
W-attn,gate_V2,2025-09-17,20,96,False,0.23990915566941626,0.24361096039066737
W-attn,gate_V2,2025-09-24,5,96,False,0.14465584155846603,0.21102821486706458
W-attn,gate_V2,2025-09-24,20,96,False,0.1098796166035749,0.06311720021703744
W-attn,gate_V2,2025-10-09,5,96,False,-0.034561184240067176,-0.056985892566467716
W-attn,gate_V2,2025-10-09,20,96,False,-0.3626075700357004,-0.23879544221378185
W-attn,gate_V2,2025-10-16,5,97,False,0.08722472601370543,0.17641489585524933
W-attn,gate_V2,2025-10-16,20,97,False,0.37797291019802853,0.3824689669682305
W-attn,gate_V2,2025-10-23,5,98,False,-0.11505442426591392,0.06872214677811142
W-attn,gate_V2,2025-10-23,20,98,False,-0.1348026171858002,-0.08384497191566409
W-attn,gate_V2,2025-10-30,5,98,False,-0.11799984315429632,-0.16469980682057264
W-attn,gate_V2,2025-10-30,20,97,False,0.03136681744292514,-0.13878077003997474
W-attn,gate_V2,2025-11-06,5,98,False,-0.32611677453675336,-0.32113051406129456
W-attn,gate_V2,2025-11-06,20,97,False,0.030302513703830483,-0.15131232905533346
W-attn,gate_V2,2025-11-13,5,98,False,0.023604543620730726,0.009748229188582648
W-attn,gate_V2,2025-11-13,20,97,False,-0.0548807807708549,-0.10336892488954343
W-attn,gate_V2,2025-11-20,5,97,False,0.12001261585189635,0.0196717862402693
W-attn,gate_V2,2025-11-20,20,97,False,0.10666542155992385,0.016949821165579634
W-attn,gate_V2,2025-11-27,5,97,False,0.07074601908495255,0.046036713654533976
W-attn,gate_V2,2025-11-27,20,96,False,0.05123007218817865,-0.015382528486163862
W-attn,gate_V2,2025-12-04,5,97,False,-0.1523274672891395,0.09351988217967598
W-attn,gate_V2,2025-12-04,20,95,False,-0.0881971926148723,0.05018197088465846
W-attn,gate_V2,2025-12-11,5,98,False,-0.16955737417232797,-0.16653596771417092
W-attn,gate_V2,2025-12-11,20,96,False,-0.12202271275063545,-0.11912642430819317
W-attn,gate_V2,2025-12-18,5,97,False,0.23588435681596415,0.17182568903850196
W-attn,gate_V2,2025-12-18,20,96,False,0.10084548579761293,0.07034725990233315
W-attn,gate_V2,2025-12-25,5,96,False,0.2017941313123501,0.11041779706999458
W-attn,gate_V2,2025-12-25,20,96,False,0.19191230891462327,0.04957948996201845
W-attn,gate_V2,2026-01-05,5,97,False,0.2977067307817948,0.21920366084578158
W-attn,gate_V2,2026-01-05,20,97,False,0.3131143172320281,0.08798390490216705
W-attn,gate_V2,2026-01-12,5,97,False,0.0775060166292205,0.030428150641699972
W-attn,gate_V2,2026-01-12,20,97,False,0.0540470525753178,0.09362507889753839
W-attn,gate_V2,2026-01-19,5,98,False,0.0017939844435104172,-0.08967223252937538
W-attn,gate_V2,2026-01-19,20,98,False,0.1812826212512783,-0.06020440041058596
W-attn,gate_V2,2026-01-26,5,98,False,0.15477003247853208,-0.054185873037124875
W-attn,gate_V2,2026-01-26,20,98,False,0.3521259737283311,0.05831723504772105
W-attn,gate_V2,2026-02-02,5,98,False,0.14910481450602703,0.1101760291745564
W-attn,gate_V2,2026-02-02,20,98,False,0.12564130230167062,0.13497695235545012
W-attn,gate_V2,2026-02-09,5,98,False,0.1865514973557052,0.17805022665111028
W-attn,gate_V2,2026-02-09,20,98,False,-0.0018506046916889761,-0.10234684314213031
W-attn,gate_V2,2026-02-24,5,98,False,0.28563016573842176,0.008804646507150187
W-attn,gate_V2,2026-02-24,20,98,False,0.2098349078890366,0.06618467443209711
W-attn,gate_V2,2026-03-03,5,98,False,0.005121946081003146,0.16447028670887284
W-attn,gate_V2,2026-03-03,20,98,False,-0.11684727338798477,-0.2106420825124801
W-attn,gate_V2,2026-03-10,5,98,False,-0.3207986298663211,-0.25247849842842474
W-attn,gate_V2,2026-03-10,20,98,False,0.034257811846811904,-0.03114460404592952
W-attn,gate_V2,2026-03-17,5,98,False,-0.17357629553500573,-0.223724728879368
W-attn,gate_V2,2026-03-17,20,98,False,-0.01797473376380177,0.03509745041409253
W-attn,gate_V2,2026-03-24,5,98,False,-0.09345835237897135,-0.05169940516037718
W-attn,gate_V2,2026-03-24,20,98,False,0.18498368916535116,0.19919157916212404
W-attn,gate_V2,2026-03-31,5,98,False,0.3531523533951131,0.25750243865118677
W-attn,gate_V2,2026-03-31,20,98,False,0.003714953423031457,0.02564887248245127
W-attn,gate_V2,2026-04-08,5,98,False,0.03561243500449975,0.11847700654769873
W-attn,gate_V2,2026-04-08,20,97,False,0.22231491094401593,0.2391384388807069
W-attn,gate_V2,2026-04-15,5,98,False,0.0580330626530068,0.07528897219618869
W-attn,gate_V2,2026-04-15,20,97,False,0.21846949231439264,0.18579055333473593
W-attn,gate_V2,2026-04-22,5,98,False,-0.30812036333276066,-0.15929333307831095
W-attn,gate_V2,2026-04-22,20,97,False,-0.11590046113379435,-0.16423837576267616
W-attn,gate_V2,2026-04-29,5,97,False,0.22178600468141063,0.23773143277929726
W-attn,gate_V2,2026-04-29,20,97,False,0.11522102723970358,0.13266621081422258
W-attn,gate_V2,2026-05-11,5,98,False,0.08234858129300233,0.11313428839202035
W-attn,gate_V2,2026-05-11,20,98,False,0.07780097464648134,0.09715713839425179
W-attn,gate_V2,2026-05-18,5,98,False,-0.05504657486838993,-0.1160542942575343
W-attn,gate_V2,2026-05-18,20,98,False,-0.02123707124524833,0.0038699641056047533
W-attn,gate_V2,2026-05-25,5,98,False,0.143401605631655,0.07658958616248748
W-attn,gate_V2,2026-05-25,20,98,False,-0.05136631015419185,-0.0036531951112216206
W-attn,gate_V2,2026-06-01,5,98,False,-0.02085523878476095,-0.009862989244432543
W-attn,gate_V2,2026-06-01,20,98,False,-0.004635525057428641,0.1131980439786036
W-attn,gate_V2,2026-06-08,5,98,False,-0.19903456332451322,-0.22961574507966256
W-attn,gate_V2,2026-06-08,20,98,False,0.01703638365277209,-0.0335800674534106
W-attn,gate_V2,2026-06-15,5,98,False,0.1571536288257755,0.0733635534813738
W-attn,gate_V2,2026-06-15,20,98,False,0.19147781679743484,0.13543599257884972
W-attn,gate_V2,2026-06-23,5,98,False,-0.2414824093549341,-0.3562853445033121
W-attn,gate_V2,2026-06-23,20,98,False,0.0036061394461482507,-0.0059228939935861875
W-attn,gate_V2,2026-06-30,5,98,False,0.23178249014528912,0.20885692608814846
W-attn,gate_V2,2026-06-30,20,98,False,0.309028862529384,0.23539200122410722
W-attn,gate_V2,2026-07-07,5,98,False,0.1119716715452645,0.028874905163564953
W-attn,gate_V2,2026-07-07,20,98,False,0.2677796320162461,0.18385198503018826
W-attn,gate_V2,2026-07-14,5,98,False,-0.11668955360714517,-0.165758149557855
W-attn,gate_V2,2026-07-14,20,98,False,-0.11375167050394056,-0.07984112107823448
W-attn,gate_V2,2026-07-21,5,98,False,-0.1744222388024436,-0.13892979872361313
W-attn,gate_V2,2026-07-21,20,98,False,0.1294039764714865,0.08467379454124667
W-attn,gate_V2,2026-07-28,5,98,False,-0.22852730709446784,-0.20813011240109916
W-attn,gate_V2,2026-07-28,20,98,False,-0.02214170144122027,-0.015817761031310364
W-attn,gate_V2,2026-08-04,5,98,False,0.18213632268663132,0.17659659927701163
W-attn,gate_V2,2026-08-04,20,0,True,,
W-attn,gate_V2,2026-08-11,5,98,False,0.23245294018907936,0.2575279408858201
W-attn,gate_V2,2026-08-11,20,0,True,,
W-attn,gate_V2,2026-08-18,5,98,False,-0.23950346006014864,-0.22327843977328513
W-attn,gate_V2,2026-08-18,20,0,True,,
W-attn,gate_V2,2026-08-25,5,0,True,,
W-attn,gate_V2,2026-08-25,20,0,True,,
W-attn,gate_V3,2025-04-02,5,99,False,0.042164665678708434,0.07118119975262832
W-attn,gate_V3,2025-04-02,20,99,False,0.12083648407730141,0.15714285714285714
W-attn,gate_V3,2025-04-10,5,99,False,0.21586277865085363,0.2252690166975881
W-attn,gate_V3,2025-04-10,20,99,False,-0.2943183615305384,-0.349721706864564
W-attn,gate_V3,2025-04-17,5,99,False,-0.08875695074025469,0.019653679653679652
W-attn,gate_V3,2025-04-17,20,99,False,-0.30471839454204347,-0.16752009894867034
W-attn,gate_V3,2025-04-24,5,99,False,0.18926075201537268,0.24279529993815707
W-attn,gate_V3,2025-04-24,20,99,False,-0.15573401888623836,-0.14959802102659245
W-attn,gate_V3,2025-05-06,5,99,False,-0.17870416460487057,-0.1374273345701917
W-attn,gate_V3,2025-05-06,20,99,False,-0.27631364408729103,-0.2477179962894248
W-attn,gate_V3,2025-05-13,5,99,False,0.3094347021069024,0.1788126159554731
W-attn,gate_V3,2025-05-13,20,99,False,0.34912292083774404,0.2593568336425479
W-attn,gate_V3,2025-05-20,5,99,False,0.028386204140001595,0.08754483611626468
W-attn,gate_V3,2025-05-20,20,99,False,-0.13246333637249288,-0.060049474335188625
W-attn,gate_V3,2025-05-27,5,99,False,-0.17386775283018882,-0.15873840445269016
W-attn,gate_V3,2025-05-27,20,99,False,-0.26998413731848764,-0.31945578231292515
W-attn,gate_V3,2025-06-04,5,99,False,-0.1323589740372518,-0.09487940630797773
W-attn,gate_V3,2025-06-04,20,99,False,-0.015047558859973241,-0.001867656153370439
W-attn,gate_V3,2025-06-11,5,99,False,0.05430711155304193,-0.05672232529375386
W-attn,gate_V3,2025-06-11,20,99,False,-0.014813839105644471,0.019233147804576373
W-attn,gate_V3,2025-06-18,5,99,False,-0.28581946836089145,-0.2870377241805813
W-attn,gate_V3,2025-06-18,20,99,False,-0.14885926127580582,-0.17826839826839824
W-attn,gate_V3,2025-06-25,5,99,False,-0.07230229473807422,0.002288188002473716
W-attn,gate_V3,2025-06-25,20,99,False,-0.16585199388440228,-0.12040816326530612
W-attn,gate_V3,2025-07-02,5,99,False,-0.08146376829129537,0.02043290043290043
W-attn,gate_V3,2025-07-02,20,99,False,-0.17267308383634095,-0.12241187384044525
W-attn,gate_V3,2025-07-09,5,99,False,-0.16499529829193052,-0.09645021645021645
W-attn,gate_V3,2025-07-09,20,99,False,-0.059783241846795045,0.015534941249226962
W-attn,gate_V3,2025-07-16,5,99,False,-0.1750197202370126,-0.11427334570191712
W-attn,gate_V3,2025-07-16,20,97,False,0.17939319163640668,-0.10830002103934357
W-attn,gate_V3,2025-07-23,5,99,False,0.1497958035011926,0.08259740259740259
W-attn,gate_V3,2025-07-23,20,97,False,0.1568454543011551,-0.0030375552282768774
W-attn,gate_V3,2025-07-30,5,99,False,0.13280967520807968,0.052578849721706865
W-attn,gate_V3,2025-07-30,20,97,False,0.07348725643143483,-0.12092362718283188
W-attn,gate_V3,2025-08-06,5,97,False,-0.0548050073191874,-0.23673206395960444
W-attn,gate_V3,2025-08-06,20,94,False,-0.006688221739086819,-0.009702705631615072
W-attn,gate_V3,2025-08-13,5,97,False,0.15841214986380137,0.33998264254155264
W-attn,gate_V3,2025-08-13,20,94,False,0.0743774686538154,0.22612433623523462
W-attn,gate_V3,2025-08-20,5,98,False,0.06686979600665513,0.0007076870110743452
W-attn,gate_V3,2025-08-20,20,95,False,-0.10383094895925955,-0.06427771556550953
W-attn,gate_V3,2025-08-27,5,95,False,0.02949702936770714,0.021654535274356103
W-attn,gate_V3,2025-08-27,20,95,False,-0.003388782464167519,-0.0333986562150056
W-attn,gate_V3,2025-09-03,5,96,False,-0.025637825672323148,0.03213510580575149
W-attn,gate_V3,2025-09-03,20,94,False,-0.00816972488727212,0.13148141458656937
W-attn,gate_V3,2025-09-10,5,97,False,-0.08487233767803516,-0.03868609299389859
W-attn,gate_V3,2025-09-10,20,95,False,0.04450142827874498,0.10401735722284433
W-attn,gate_V3,2025-09-17,5,98,False,0.11983306979858,-0.02161951941038833
W-attn,gate_V3,2025-09-17,20,96,False,0.23990915566941626,0.24361096039066737
W-attn,gate_V3,2025-09-24,5,96,False,0.14465584155846603,0.21102821486706458
W-attn,gate_V3,2025-09-24,20,96,False,0.1098796166035749,0.06311720021703744
W-attn,gate_V3,2025-10-09,5,96,False,-0.034561184240067176,-0.056985892566467716
W-attn,gate_V3,2025-10-09,20,96,False,-0.3626075700357004,-0.23879544221378185
W-attn,gate_V3,2025-10-16,5,97,False,0.08722472601370543,0.17641489585524933
W-attn,gate_V3,2025-10-16,20,97,False,0.37797291019802853,0.3824689669682305
W-attn,gate_V3,2025-10-23,5,98,False,-0.11505442426591392,0.06872214677811142
W-attn,gate_V3,2025-10-23,20,98,False,-0.1348026171858002,-0.08384497191566409
W-attn,gate_V3,2025-10-30,5,98,False,-0.11799984315429632,-0.16469980682057264
W-attn,gate_V3,2025-10-30,20,97,False,0.03136681744292514,-0.13878077003997474
W-attn,gate_V3,2025-11-06,5,98,False,-0.32611677453675336,-0.32113051406129456
W-attn,gate_V3,2025-11-06,20,97,False,0.030302513703830483,-0.15131232905533346
W-attn,gate_V3,2025-11-13,5,98,False,0.023604543620730726,0.009748229188582648
W-attn,gate_V3,2025-11-13,20,97,False,-0.0548807807708549,-0.10336892488954343
W-attn,gate_V3,2025-11-20,5,97,False,0.12001261585189635,0.0196717862402693
W-attn,gate_V3,2025-11-20,20,97,False,0.10666542155992385,0.016949821165579634
W-attn,gate_V3,2025-11-27,5,97,False,0.07074601908495255,0.046036713654533976
W-attn,gate_V3,2025-11-27,20,96,False,0.05123007218817865,-0.015382528486163862
W-attn,gate_V3,2025-12-04,5,97,False,-0.1523274672891395,0.09351988217967598
W-attn,gate_V3,2025-12-04,20,95,False,-0.0881971926148723,0.05018197088465846
W-attn,gate_V3,2025-12-11,5,98,False,-0.16955737417232797,-0.16653596771417092
W-attn,gate_V3,2025-12-11,20,96,False,-0.12202271275063545,-0.11912642430819317
W-attn,gate_V3,2025-12-18,5,97,False,0.23588435681596415,0.17182568903850196
W-attn,gate_V3,2025-12-18,20,96,False,0.10084548579761293,0.07034725990233315
W-attn,gate_V3,2025-12-25,5,96,False,0.2017941313123501,0.11041779706999458
W-attn,gate_V3,2025-12-25,20,96,False,0.19191230891462327,0.04957948996201845
W-attn,gate_V3,2026-01-05,5,97,False,0.2977067307817948,0.21920366084578158
W-attn,gate_V3,2026-01-05,20,97,False,0.3131143172320281,0.08798390490216705
W-attn,gate_V3,2026-01-12,5,97,False,0.0775060166292205,0.030428150641699972
W-attn,gate_V3,2026-01-12,20,97,False,0.0540470525753178,0.09362507889753839
W-attn,gate_V3,2026-01-19,5,98,False,0.0017939844435104172,-0.08967223252937538
W-attn,gate_V3,2026-01-19,20,98,False,0.1812826212512783,-0.06020440041058596
W-attn,gate_V3,2026-01-26,5,98,False,0.15477003247853208,-0.054185873037124875
W-attn,gate_V3,2026-01-26,20,98,False,0.3521259737283311,0.05831723504772105
W-attn,gate_V3,2026-02-02,5,98,False,0.14910481450602703,0.1101760291745564
W-attn,gate_V3,2026-02-02,20,98,False,0.12564130230167062,0.13497695235545012
W-attn,gate_V3,2026-02-09,5,98,False,0.1865514973557052,0.17805022665111028
W-attn,gate_V3,2026-02-09,20,98,False,-0.0018506046916889761,-0.10234684314213031
W-attn,gate_V3,2026-02-24,5,98,False,0.28563016573842176,0.008804646507150187
W-attn,gate_V3,2026-02-24,20,98,False,0.2098349078890366,0.06618467443209711
W-attn,gate_V3,2026-03-03,5,98,False,0.005121946081003146,0.16447028670887284
W-attn,gate_V3,2026-03-03,20,98,False,-0.11684727338798477,-0.2106420825124801
W-attn,gate_V3,2026-03-10,5,98,False,-0.3207986298663211,-0.25247849842842474
W-attn,gate_V3,2026-03-10,20,98,False,0.034257811846811904,-0.03114460404592952
W-attn,gate_V3,2026-03-17,5,98,False,-0.17357629553500573,-0.223724728879368
W-attn,gate_V3,2026-03-17,20,98,False,-0.01797473376380177,0.03509745041409253
W-attn,gate_V3,2026-03-24,5,98,False,-0.09345835237897135,-0.05169940516037718
W-attn,gate_V3,2026-03-24,20,98,False,0.18498368916535116,0.19919157916212404
W-attn,gate_V3,2026-03-31,5,98,False,0.3531523533951131,0.25750243865118677
W-attn,gate_V3,2026-03-31,20,98,False,0.003714953423031457,0.02564887248245127
W-attn,gate_V3,2026-04-08,5,98,False,0.03561243500449975,0.11847700654769873
W-attn,gate_V3,2026-04-08,20,97,False,0.22231491094401593,0.2391384388807069
W-attn,gate_V3,2026-04-15,5,98,False,0.0580330626530068,0.07528897219618869
W-attn,gate_V3,2026-04-15,20,97,False,0.21846949231439264,0.18579055333473593
W-attn,gate_V3,2026-04-22,5,98,False,-0.30812036333276066,-0.15929333307831095
W-attn,gate_V3,2026-04-22,20,97,False,-0.11590046113379435,-0.16423837576267616
W-attn,gate_V3,2026-04-29,5,97,False,0.22178600468141063,0.23773143277929726
W-attn,gate_V3,2026-04-29,20,97,False,0.11522102723970358,0.13266621081422258
W-attn,gate_V3,2026-05-11,5,98,False,0.08234858129300233,0.11313428839202035
W-attn,gate_V3,2026-05-11,20,98,False,0.07780097464648134,0.09715713839425179
W-attn,gate_V3,2026-05-18,5,98,False,-0.05504657486838993,-0.1160542942575343
W-attn,gate_V3,2026-05-18,20,98,False,-0.02123707124524833,0.0038699641056047533
W-attn,gate_V3,2026-05-25,5,98,False,0.143401605631655,0.07658958616248748
W-attn,gate_V3,2026-05-25,20,98,False,-0.05136631015419185,-0.0036531951112216206
W-attn,gate_V3,2026-06-01,5,98,False,-0.02085523878476095,-0.009862989244432543
W-attn,gate_V3,2026-06-01,20,98,False,-0.004635525057428641,0.1131980439786036
W-attn,gate_V3,2026-06-08,5,98,False,-0.19903456332451322,-0.22961574507966256
W-attn,gate_V3,2026-06-08,20,98,False,0.01703638365277209,-0.0335800674534106
W-attn,gate_V3,2026-06-15,5,98,False,0.1571536288257755,0.0733635534813738
W-attn,gate_V3,2026-06-15,20,98,False,0.19147781679743484,0.13543599257884972
W-attn,gate_V3,2026-06-23,5,98,False,-0.2414824093549341,-0.3562853445033121
W-attn,gate_V3,2026-06-23,20,98,False,0.0036061394461482507,-0.0059228939935861875
W-attn,gate_V3,2026-06-30,5,98,False,0.23178249014528912,0.20885692608814846
W-attn,gate_V3,2026-06-30,20,98,False,0.309028862529384,0.23539200122410722
W-attn,gate_V3,2026-07-07,5,98,False,0.1119716715452645,0.028874905163564953
W-attn,gate_V3,2026-07-07,20,98,False,0.2677796320162461,0.18385198503018826
W-attn,gate_V3,2026-07-14,5,98,False,-0.11668955360714517,-0.165758149557855
W-attn,gate_V3,2026-07-14,20,98,False,-0.11375167050394056,-0.07984112107823448
W-attn,gate_V3,2026-07-21,5,98,False,-0.1744222388024436,-0.13892979872361313
W-attn,gate_V3,2026-07-21,20,98,False,0.1294039764714865,0.08467379454124667
W-attn,gate_V3,2026-07-28,5,98,False,-0.22852730709446784,-0.20813011240109916
W-attn,gate_V3,2026-07-28,20,98,False,-0.02214170144122027,-0.015817761031310364
W-attn,gate_V3,2026-08-04,5,98,False,0.18213632268663132,0.17659659927701163
W-attn,gate_V3,2026-08-04,20,0,True,,
W-attn,gate_V3,2026-08-11,5,98,False,0.23245294018907936,0.2575279408858201
W-attn,gate_V3,2026-08-11,20,0,True,,
W-attn,gate_V3,2026-08-18,5,98,False,-0.23950346006014864,-0.22327843977328513
W-attn,gate_V3,2026-08-18,20,0,True,,
W-attn,gate_V3,2026-08-25,5,0,True,,
W-attn,gate_V3,2026-08-25,20,0,True,,
W-corr,alpha_0.00,2025-04-02,5,99,False,-0.024388403337327186,0.007359307359307359
W-corr,alpha_0.00,2025-04-02,20,99,False,0.025283669632571268,0.05459492888064316
W-corr,alpha_0.00,2025-04-10,5,99,False,0.24787653601944046,0.2608534322820037
W-corr,alpha_0.00,2025-04-10,20,99,False,-0.3333277480251488,-0.3658256029684601
W-corr,alpha_0.00,2025-04-17,5,99,False,-0.09802733924804236,-0.05762523191094619
W-corr,alpha_0.00,2025-04-17,20,99,False,-0.30204030178477836,-0.21678416821273963
W-corr,alpha_0.00,2025-04-24,5,99,False,0.13396981325626142,0.19564625850340137
W-corr,alpha_0.00,2025-04-24,20,99,False,-0.16893857849950444,-0.13918367346938776
W-corr,alpha_0.00,2025-05-06,5,99,False,-0.18854404153204793,-0.15729128014842303
W-corr,alpha_0.00,2025-05-06,20,99,False,-0.28611151750550917,-0.2699072356215213
W-corr,alpha_0.00,2025-05-13,5,99,False,0.2939943622244675,0.17361781076066787
W-corr,alpha_0.00,2025-05-13,20,99,False,0.3465065408171185,0.2777241805813234
W-corr,alpha_0.00,2025-05-20,5,99,False,0.041312283796457044,0.07419913419913418
W-corr,alpha_0.00,2025-05-20,20,99,False,-0.14339532263783866,-0.11035250463821891
W-corr,alpha_0.00,2025-05-27,5,99,False,-0.20843029643494151,-0.21179962894248608
W-corr,alpha_0.00,2025-05-27,20,99,False,-0.36252107124382404,-0.378169449598021
W-corr,alpha_0.00,2025-06-04,5,99,False,-0.08156093856760548,-0.025627705627705628
W-corr,alpha_0.00,2025-06-04,20,99,False,0.04030783259767889,0.07192331478045763
W-corr,alpha_0.00,2025-06-11,5,99,False,0.008108070345133982,-0.07789734075448361
W-corr,alpha_0.00,2025-06-11,20,99,False,0.012160658273800895,0.0613234384662956
W-corr,alpha_0.00,2025-06-18,5,99,False,-0.2985202409507366,-0.28338899196042056
W-corr,alpha_0.00,2025-06-18,20,99,False,-0.16168490964878512,-0.2109461966604824
W-corr,alpha_0.00,2025-06-25,5,99,False,-0.061435187640376296,-0.0025602968460111315
W-corr,alpha_0.00,2025-06-25,20,99,False,-0.15110093787986306,-0.1305256648113791
W-corr,alpha_0.00,2025-07-02,5,99,False,-0.1025949491177077,0.002325293753865182
W-corr,alpha_0.00,2025-07-02,20,99,False,-0.19694585514141819,-0.08958565244279529
W-corr,alpha_0.00,2025-07-09,5,99,False,-0.15057133741470186,-0.046827458256029686
W-corr,alpha_0.00,2025-07-09,20,99,False,-0.04145729033496836,0.03507730364873222
W-corr,alpha_0.00,2025-07-16,5,99,False,-0.13806401803489612,-0.08921459492888063
W-corr,alpha_0.00,2025-07-16,20,97,False,0.21375001839315397,-0.08392068167473173
W-corr,alpha_0.00,2025-07-23,5,99,False,0.14997519126077002,0.03924551638837353
W-corr,alpha_0.00,2025-07-23,20,97,False,0.14093707456044707,-0.061171891436987154
W-corr,alpha_0.00,2025-07-30,5,99,False,0.1481847044181293,0.062708719851577
W-corr,alpha_0.00,2025-07-30,20,97,False,0.10566160635780612,-0.09710972017673047
W-corr,alpha_0.00,2025-08-06,5,97,False,-0.013029469633757495,-0.1839233115926783
W-corr,alpha_0.00,2025-08-06,20,94,False,0.0406837486955383,0.04951052992811472
W-corr,alpha_0.00,2025-08-13,5,97,False,0.2309397223437263,0.37761676835682717
W-corr,alpha_0.00,2025-08-13,20,94,False,0.0682001200493689,0.19930643355127697
W-corr,alpha_0.00,2025-08-20,5,98,False,0.13534070107302065,0.04060593309488743
W-corr,alpha_0.00,2025-08-20,20,95,False,-0.06633960494560617,-0.04759238521836506
W-corr,alpha_0.00,2025-08-27,5,95,False,0.08464570062693112,0.04343505039193729
W-corr,alpha_0.00,2025-08-27,20,95,False,0.060645663875156755,0.055361142217245245
W-corr,alpha_0.00,2025-09-03,5,96,False,-0.025123776081026936,0.03555344546934346
W-corr,alpha_0.00,2025-09-03,20,94,False,0.0015557011390923924,0.07800455152981975
W-corr,alpha_0.00,2025-09-10,5,97,False,-0.009079478085829382,-0.019040605933094888
W-corr,alpha_0.00,2025-09-10,20,95,False,0.10227829178351093,0.13078107502799552
W-corr,alpha_0.00,2025-09-17,5,98,False,0.15756849320994198,-0.01841898896390796
W-corr,alpha_0.00,2025-09-17,20,96,False,0.27402647953922804,0.18228431904503528
W-corr,alpha_0.00,2025-09-24,5,96,False,0.09677818733448851,0.16249321758003257
W-corr,alpha_0.00,2025-09-24,20,96,False,0.09703966433356104,0.0339392295170917
W-corr,alpha_0.00,2025-10-09,5,96,False,-0.09182725230183664,-0.10633478024959306
W-corr,alpha_0.00,2025-10-09,20,96,False,-0.3876634220558375,-0.2633071079761259
W-corr,alpha_0.00,2025-10-16,5,97,False,0.11910803983320027,0.20501525352409006
W-corr,alpha_0.00,2025-10-16,20,97,False,0.38651576114425107,0.3978145381864085
W-corr,alpha_0.00,2025-10-23,5,98,False,-0.09005663594405917,0.05831723504772105
W-corr,alpha_0.00,2025-10-23,20,98,False,-0.13006958387100068,-0.10535610682886087
W-corr,alpha_0.00,2025-10-30,5,98,False,-0.18093979241892377,-0.1705908230208672
W-corr,alpha_0.00,2025-10-30,20,97,False,-0.030171302341966435,-0.14745949926362298
W-corr,alpha_0.00,2025-11-06,5,98,False,-0.3393650663653728,-0.3416470618237923
W-corr,alpha_0.00,2025-11-06,20,97,False,0.09863114652364405,-0.11847780349253101
W-corr,alpha_0.00,2025-11-13,5,98,False,-0.020649547931641195,0.003385421647571868
W-corr,alpha_0.00,2025-11-13,20,97,False,-0.06578403775756754,-0.08267147065011571
W-corr,alpha_0.00,2025-11-20,5,97,False,0.11390066356673195,0.056083000210393426
W-corr,alpha_0.00,2025-11-20,20,97,False,0.10641911849420488,0.07286187670944666
W-corr,alpha_0.00,2025-11-27,5,97,False,0.02752017607202264,0.06315747948664001
W-corr,alpha_0.00,2025-11-27,20,96,False,0.029344087476168436,0.031009224091155727
W-corr,alpha_0.00,2025-12-04,5,97,False,-0.12104522779789234,0.024879023774458234
W-corr,alpha_0.00,2025-12-04,20,95,False,-0.0830851960879431,0.018770996640537514
W-corr,alpha_0.00,2025-12-11,5,98,False,-0.15187388182891337,-0.14281888950519286
W-corr,alpha_0.00,2025-12-11,20,96,False,-0.13783914350813528,-0.12135105805751491
W-corr,alpha_0.00,2025-12-18,5,97,False,0.17668966327690658,0.1331264464548706
W-corr,alpha_0.00,2025-12-18,20,96,False,0.07552824422671321,0.015138361367335864
W-corr,alpha_0.00,2025-12-25,5,96,False,0.19801015594685084,0.14450623982637004
W-corr,alpha_0.00,2025-12-25,20,96,False,0.17122947202728533,0.07083559413998915
W-corr,alpha_0.00,2026-01-05,5,97,False,0.2980289327952661,0.23370765832106036
W-corr,alpha_0.00,2026-01-05,20,97,False,0.26595214163143754,0.04748316852514201
W-corr,alpha_0.00,2026-01-12,5,97,False,0.04425314755877687,0.0032084998948032815
W-corr,alpha_0.00,2026-01-12,20,97,False,0.0053842027522765035,0.04341994529770671
W-corr,alpha_0.00,2026-01-19,5,98,False,0.015934676349888727,-0.0662739322533137
W-corr,alpha_0.00,2026-01-19,20,98,False,0.14998585807162554,-0.06487130934848165
W-corr,alpha_0.00,2026-01-26,5,98,False,0.0665218330362436,-0.0553079713609905
W-corr,alpha_0.00,2026-01-26,20,98,False,0.2641124602201147,0.04710900292638142
W-corr,alpha_0.00,2026-02-02,5,98,False,0.1559084714005587,0.14971724397350317
W-corr,alpha_0.00,2026-02-02,20,98,False,0.11597455324892447,0.14121224872329438
W-corr,alpha_0.00,2026-02-09,5,98,False,0.18584833437598056,0.22308717301353528
W-corr,alpha_0.00,2026-02-09,20,98,False,0.04436366387337611,-0.08963397917742542
W-corr,alpha_0.00,2026-02-24,5,98,False,0.2605446520332053,0.019885367455323266
W-corr,alpha_0.00,2026-02-24,20,98,False,0.225377946968641,0.10600641381201026
W-corr,alpha_0.00,2026-03-03,5,98,False,0.025945935343886176,0.18359696268385517
W-corr,alpha_0.00,2026-03-03,20,98,False,-0.1161078193866975,-0.2340148805539085
W-corr,alpha_0.00,2026-03-10,5,98,False,-0.3056479548753474,-0.2570816517797372
W-corr,alpha_0.00,2026-03-10,20,98,False,0.010803952751609643,-0.03794094957570657
W-corr,alpha_0.00,2026-03-17,5,98,False,-0.22181072726133935,-0.277037150380302
W-corr,alpha_0.00,2026-03-17,20,98,False,-0.055407460101339644,0.07716338644173694
W-corr,alpha_0.00,2026-03-24,5,98,False,-0.12800313469931623,-0.0773163998495368
W-corr,alpha_0.00,2026-03-24,20,98,False,0.153190923727071,0.21330706603166097
W-corr,alpha_0.00,2026-03-31,5,98,False,0.2941916862988027,0.28512135875906125
W-corr,alpha_0.00,2026-03-31,20,98,False,0.004764336409510362,0.03563299734139203
W-corr,alpha_0.00,2026-04-08,5,98,False,-0.04687637885110913,0.0664651990130635
W-corr,alpha_0.00,2026-04-08,20,97,False,0.19398370007684893,0.2784557121817799
W-corr,alpha_0.00,2026-04-15,5,98,False,0.0805548924709054,0.13996263922626218
W-corr,alpha_0.00,2026-04-15,20,97,False,0.2200975294978598,0.23771828318956445
W-corr,alpha_0.00,2026-04-22,5,98,False,-0.3416532153986464,-0.18215608642707315
W-corr,alpha_0.00,2026-04-22,20,97,False,-0.1481667611534014,-0.19223385230380813
W-corr,alpha_0.00,2026-04-29,5,97,False,0.23821189982040128,0.23055175678518827
W-corr,alpha_0.00,2026-04-29,20,97,False,0.10745825357671936,0.13549337260677466
W-corr,alpha_0.00,2026-05-11,5,98,False,0.1328883008998322,0.1542566417382323
W-corr,alpha_0.00,2026-05-11,20,98,False,0.09261481270195461,0.12450828503847648
W-corr,alpha_0.00,2026-05-18,5,98,False,-0.05684188404563209,-0.14432352134855816
W-corr,alpha_0.00,2026-05-18,20,98,False,-0.005751710320777176,0.010768318573915036
W-corr,alpha_0.00,2026-05-25,5,98,False,0.1679489172848263,0.06489681158311496
W-corr,alpha_0.00,2026-05-25,20,98,False,-0.030231853473345487,0.0737843403528234
W-corr,alpha_0.00,2026-06-01,5,98,False,-0.04260343086957871,-0.02617166829243412
W-corr,alpha_0.00,2026-06-01,20,98,False,0.023059044463100555,0.13016978112707125
W-corr,alpha_0.00,2026-06-08,5,98,False,-0.17852477825676402,-0.23198745290056036
W-corr,alpha_0.00,2026-06-08,20,98,False,0.01300805187631518,-0.06698799482304636
W-corr,alpha_0.00,2026-06-15,5,98,False,0.15750379775583156,0.05065381354041147
W-corr,alpha_0.00,2026-06-15,20,98,False,0.19021373990108809,0.11660259230215045
W-corr,alpha_0.00,2026-06-23,5,98,False,-0.25461214002061544,-0.3410095059579596
W-corr,alpha_0.00,2026-06-23,20,98,False,0.016480408923822087,0.00867713533398364
W-corr,alpha_0.00,2026-06-30,5,98,False,0.21253217832492924,0.1788662981593762
W-corr,alpha_0.00,2026-06-30,20,98,False,0.2677695884738922,0.19484344815714477
W-corr,alpha_0.00,2026-07-07,5,98,False,0.07874988852011841,0.027102499856549927
W-corr,alpha_0.00,2026-07-07,20,98,False,0.252323116368883,0.1563223227435304
W-corr,alpha_0.00,2026-07-14,5,98,False,-0.16290815117521282,-0.23762344675452182
W-corr,alpha_0.00,2026-07-14,20,98,False,-0.11484585904960992,-0.09579276884136971
W-corr,alpha_0.00,2026-07-21,5,98,False,-0.173973156626115,-0.10394073280671218
W-corr,alpha_0.00,2026-07-21,20,98,False,0.13837423224738898,0.10526684900764427
W-corr,alpha_0.00,2026-07-28,5,98,False,-0.18809278376569888,-0.24527411714451475
W-corr,alpha_0.00,2026-07-28,20,98,False,0.0022937245564496034,0.011099847624148066
W-corr,alpha_0.00,2026-08-04,5,98,False,0.23410297651050543,0.16452129117813946
W-corr,alpha_0.00,2026-08-04,20,0,True,,
W-corr,alpha_0.00,2026-08-11,5,98,False,0.2851431685639748,0.3239740132229086
W-corr,alpha_0.00,2026-08-11,20,0,True,,
W-corr,alpha_0.00,2026-08-18,5,98,False,-0.24195120056931982,-0.19191069117431414
W-corr,alpha_0.00,2026-08-18,20,0,True,,
W-corr,alpha_0.00,2026-08-25,5,0,True,,
W-corr,alpha_0.00,2026-08-25,20,0,True,,
W-corr,alpha_0.05,2025-04-02,5,99,False,-0.024763628912138895,0.0070129870129870125
W-corr,alpha_0.05,2025-04-02,20,99,False,0.02428361676840779,0.055807050092764376
W-corr,alpha_0.05,2025-04-10,5,99,False,0.24640077875482266,0.2636487322201608
W-corr,alpha_0.05,2025-04-10,20,99,False,-0.33527254274840074,-0.36547928262213975
W-corr,alpha_0.05,2025-04-17,5,99,False,-0.09777886449904942,-0.05547309833024119
W-corr,alpha_0.05,2025-04-17,20,99,False,-0.3037754373352839,-0.21574520717377857
W-corr,alpha_0.05,2025-04-24,5,99,False,0.1362350233429902,0.19675943104514532
W-corr,alpha_0.05,2025-04-24,20,99,False,-0.17148497037954308,-0.14001236858379715
W-corr,alpha_0.05,2025-05-06,5,99,False,-0.19154448465774052,-0.15959183673469388
W-corr,alpha_0.05,2025-05-06,20,99,False,-0.2903442898963448,-0.27293753865182435
W-corr,alpha_0.05,2025-05-13,5,99,False,0.29436081545682585,0.1756833642547928
W-corr,alpha_0.05,2025-05-13,20,99,False,0.347922410422795,0.27865182436611
W-corr,alpha_0.05,2025-05-20,5,99,False,0.04110798711168467,0.07476808905380333
W-corr,alpha_0.05,2025-05-20,20,99,False,-0.14366319510759187,-0.10951144094001235
W-corr,alpha_0.05,2025-05-27,5,99,False,-0.2093102590168834,-0.20918985776128632
W-corr,alpha_0.05,2025-05-27,20,99,False,-0.36364643696680493,-0.3807792207792208
W-corr,alpha_0.05,2025-06-04,5,99,False,-0.07999741085272537,-0.0253308596165739
W-corr,alpha_0.05,2025-06-04,20,99,False,0.043088263902784585,0.07265306122448979
W-corr,alpha_0.05,2025-06-11,5,99,False,0.007996740105093538,-0.08189239332096475
W-corr,alpha_0.05,2025-06-11,20,99,False,0.01254757361117192,0.06009894867037724
W-corr,alpha_0.05,2025-06-18,5,99,False,-0.29739912408844665,-0.2793815708101422
W-corr,alpha_0.05,2025-06-18,20,99,False,-0.15997826146606958,-0.20801484230055658
W-corr,alpha_0.05,2025-06-25,5,99,False,-0.06226020959768955,-0.002325293753865182
W-corr,alpha_0.05,2025-06-25,20,99,False,-0.15055121826560094,-0.13087198515769943
W-corr,alpha_0.05,2025-07-02,5,99,False,-0.10260022456127098,0.0014718614718614716
W-corr,alpha_0.05,2025-07-02,20,99,False,-0.196872754263762,-0.09068645640074212
W-corr,alpha_0.05,2025-07-09,5,99,False,-0.14966609665723515,-0.05244279529993816
W-corr,alpha_0.05,2025-07-09,20,99,False,-0.045728981022829684,0.028299319727891157
W-corr,alpha_0.05,2025-07-16,5,99,False,-0.138602915184211,-0.09128014842300555
W-corr,alpha_0.05,2025-07-16,20,97,False,0.21621766592503894,-0.0784636019356196
W-corr,alpha_0.05,2025-07-23,5,99,False,0.1486894482641035,0.0432034632034632
W-corr,alpha_0.05,2025-07-23,20,97,False,0.13930298140390965,-0.0585945718493583
W-corr,alpha_0.05,2025-07-30,5,99,False,0.1499581044244636,0.0666295609152752
W-corr,alpha_0.05,2025-07-30,20,97,False,0.11234716662674361,-0.09177098674521353
W-corr,alpha_0.05,2025-08-06,5,97,False,-0.014359934447706583,-0.18610614348832313
W-corr,alpha_0.05,2025-08-06,20,94,False,0.04457993602261705,0.05081096701947043
W-corr,alpha_0.05,2025-08-13,5,97,False,0.2401588472369621,0.3834551861981906
W-corr,alpha_0.05,2025-08-13,20,94,False,0.07331487270997351,0.19908969403605098
W-corr,alpha_0.05,2025-08-20,5,98,False,0.1415712711672441,0.0445970328150004
W-corr,alpha_0.05,2025-08-20,20,95,False,-0.06444454928672934,-0.04728443449048153
W-corr,alpha_0.05,2025-08-27,5,95,False,0.08472044546359712,0.038731802911534156
W-corr,alpha_0.05,2025-08-27,20,95,False,0.061392546578241884,0.04918812989921613
W-corr,alpha_0.05,2025-09-03,5,96,False,-0.01655215485473723,0.048914812805208895
W-corr,alpha_0.05,2025-09-03,20,94,False,0.005489092206080121,0.09006971787739768
W-corr,alpha_0.05,2025-09-10,5,97,False,-0.010157897238744454,-0.013504628655585944
W-corr,alpha_0.05,2025-09-10,20,95,False,0.10319207002740793,0.13345464725643896
W-corr,alpha_0.05,2025-09-17,5,98,False,0.1531636367225369,-0.029066171923314777
W-corr,alpha_0.05,2025-09-17,20,96,False,0.2725002574728786,0.18431904503526858
W-corr,alpha_0.05,2025-09-24,5,96,False,0.10184559951107053,0.16330710797612588
W-corr,alpha_0.05,2025-09-24,20,96,False,0.09797269800416264,0.02883884970157352
W-corr,alpha_0.05,2025-10-09,5,96,False,-0.09764066196377433,-0.11285946825827455
W-corr,alpha_0.05,2025-10-09,20,96,False,-0.3886852791952656,-0.2664134563212154
W-corr,alpha_0.05,2025-10-16,5,97,False,0.1211133343670261,0.2038712392173364
W-corr,alpha_0.05,2025-10-16,20,97,False,0.3926112050218214,0.39580265095729006
W-corr,alpha_0.05,2025-10-23,5,98,False,-0.08739197821042669,0.06051042722618569
W-corr,alpha_0.05,2025-10-23,20,98,False,-0.1306232715588936,-0.10784257470560855
W-corr,alpha_0.05,2025-10-30,5,98,False,-0.18337973303328445,-0.17843276017060994
W-corr,alpha_0.05,2025-10-30,20,97,False,-0.03387429192114443,-0.15507311171891436
W-corr,alpha_0.05,2025-11-06,5,98,False,-0.3415586107426331,-0.34466907662783947
W-corr,alpha_0.05,2025-11-06,20,97,False,0.09538824166282281,-0.11853040185146223
W-corr,alpha_0.05,2025-11-13,5,98,False,-0.019389104070157686,0.005961147345536151
W-corr,alpha_0.05,2025-11-13,20,97,False,-0.06995310416453178,-0.08645855249316221
W-corr,alpha_0.05,2025-11-20,5,97,False,0.11215434548216187,0.0548337891857774
W-corr,alpha_0.05,2025-11-20,20,97,False,0.10526476141727206,0.07265148327372185
W-corr,alpha_0.05,2025-11-27,5,97,False,0.02727644325280592,0.056004102671996625
W-corr,alpha_0.05,2025-11-27,20,96,False,0.029408699752295833,0.02848616386326641
W-corr,alpha_0.05,2025-12-04,5,97,False,-0.11652323001841863,0.025391857774037446
W-corr,alpha_0.05,2025-12-04,20,95,False,-0.0785032559415031,0.02578387458006719
W-corr,alpha_0.05,2025-12-11,5,98,False,-0.15338589049508264,-0.14568789090144021
W-corr,alpha_0.05,2025-12-11,20,96,False,-0.13794486793580066,-0.12424036896364622
W-corr,alpha_0.05,2025-12-18,5,97,False,0.17639521712950515,0.1323637702503682
W-corr,alpha_0.05,2025-12-18,20,96,False,0.07668787189490493,0.013117200217037439
W-corr,alpha_0.05,2025-12-25,5,96,False,0.20418154215324813,0.1583016820401519
W-corr,alpha_0.05,2025-12-25,20,96,False,0.17453825847123838,0.07666847531199132
W-corr,alpha_0.05,2026-01-05,5,97,False,0.2988777607001579,0.23529875867872918
W-corr,alpha_0.05,2026-01-05,20,97,False,0.26647468997411594,0.044090574374079525
W-corr,alpha_0.05,2026-01-12,5,97,False,0.046685242408725375,0.003813381022512097
W-corr,alpha_0.05,2026-01-12,20,97,False,0.006682777419218797,0.043327898169577106
W-corr,alpha_0.05,2026-01-19,5,98,False,0.017227728946056557,-0.06986974733661036
W-corr,alpha_0.05,2026-01-19,20,98,False,0.14950291992160042,-0.06428475795191553
W-corr,alpha_0.05,2026-01-26,5,98,False,0.06846032270434389,-0.05060280907114485
W-corr,alpha_0.05,2026-01-26,20,98,False,0.2686001112694551,0.04714725627833138
W-corr,alpha_0.05,2026-02-02,5,98,False,0.1534796259365985,0.14985750626398633
W-corr,alpha_0.05,2026-02-02,20,98,False,0.11587168536146372,0.141964564644977
W-corr,alpha_0.05,2026-02-09,5,98,False,0.19095357221304454,0.22944998055454607
W-corr,alpha_0.05,2026-02-09,20,98,False,0.04529453042540583,-0.08891991660769276
W-corr,alpha_0.05,2026-02-24,5,98,False,0.2620500148475809,0.015664747623510507
W-corr,alpha_0.05,2026-02-24,20,98,False,0.22924089321435165,0.10654196073930977
W-corr,alpha_0.05,2026-03-03,5,98,False,0.025502669764497415,0.17974612525422537
W-corr,alpha_0.05,2026-03-03,20,98,False,-0.11552505543606284,-0.23421889843097496
W-corr,alpha_0.05,2026-03-10,5,98,False,-0.3093987951405905,-0.25621457580220464
W-corr,alpha_0.05,2026-03-10,20,98,False,0.011293940889333831,-0.03477867248117616
W-corr,alpha_0.05,2026-03-17,5,98,False,-0.22016630552084587,-0.27550701630230345
W-corr,alpha_0.05,2026-03-17,20,98,False,-0.055926702944606645,0.07632181269883773
W-corr,alpha_0.05,2026-03-24,5,98,False,-0.13010951185194375,-0.08180479314499933
W-corr,alpha_0.05,2026-03-24,20,98,False,0.1557086136032637,0.21501571575209277
W-corr,alpha_0.05,2026-03-31,5,98,False,0.2976731482007538,0.29263176685857095
W-corr,alpha_0.05,2026-03-31,20,98,False,0.007315193334212662,0.04015964398880451
W-corr,alpha_0.05,2026-04-08,5,98,False,-0.04256148337470578,0.06811009314691199
W-corr,alpha_0.05,2026-04-08,20,97,False,0.2007350017305766,0.28330791079318324
W-corr,alpha_0.05,2026-04-15,5,98,False,0.08261150339225246,0.14510133950487408
W-corr,alpha_0.05,2026-04-15,20,97,False,0.2253468834425523,0.24481906164527664
W-corr,alpha_0.05,2026-04-22,5,98,False,-0.33951137118863833,-0.18239835765608958
W-corr,alpha_0.05,2026-04-22,20,97,False,-0.14978589538173148,-0.19320692194403533
W-corr,alpha_0.05,2026-04-29,5,97,False,0.23987255161896734,0.2302230170418683
W-corr,alpha_0.05,2026-04-29,20,97,False,0.10775135495824356,0.1330212497370082
W-corr,alpha_0.05,2026-05-11,5,98,False,0.13721578283927366,0.15928058196099432
W-corr,alpha_0.05,2026-05-11,20,98,False,0.09333974724689026,0.12524784984284246
W-corr,alpha_0.05,2026-05-18,5,98,False,-0.05874685030497581,-0.15085209341468545
W-corr,alpha_0.05,2026-05-18,20,98,False,-0.007733159229064097,0.007363770250368188
W-corr,alpha_0.05,2026-05-25,5,98,False,0.16680809034571167,0.06573838532601418
W-corr,alpha_0.05,2026-05-25,20,98,False,-0.028811664070884688,0.07346556241990704
W-corr,alpha_0.05,2026-06-01,5,98,False,-0.044620995614214246,-0.0339753520902269
W-corr,alpha_0.05,2026-06-01,20,98,False,0.028103443389275607,0.13226096436700263
W-corr,alpha_0.05,2026-06-08,5,98,False,-0.18021350783951773,-0.2336195959170922
W-corr,alpha_0.05,2026-06-08,20,98,False,0.015600029499046947,-0.06952546716906069
W-corr,alpha_0.05,2026-06-15,5,98,False,0.1631164825438647,0.056544829740706015
W-corr,alpha_0.05,2026-06-15,20,98,False,0.1899624732917139,0.1150597071068352
W-corr,alpha_0.05,2026-06-23,5,98,False,-0.2614274104523507,-0.3470535355660539
W-corr,alpha_0.05,2026-06-23,20,98,False,0.016796220561617715,0.009939495948332473
W-corr,alpha_0.05,2026-06-30,5,98,False,0.21614829711170325,0.17843276017060994
W-corr,alpha_0.05,2026-06-30,20,98,False,0.27307211121518493,0.1963225777658767
W-corr,alpha_0.05,2026-07-07,5,98,False,0.07883371843308827,0.029078923040631432
W-corr,alpha_0.05,2026-07-07,20,98,False,0.2575600484066718,0.15833699927956185
W-corr,alpha_0.05,2026-07-14,5,98,False,-0.16761633462479986,-0.24118100848586854
W-corr,alpha_0.05,2026-07-14,20,98,False,-0.11855554187133927,-0.10011539761171571
W-corr,alpha_0.05,2026-07-21,5,98,False,-0.18048579007073168,-0.11131087861573868
W-corr,alpha_0.05,2026-07-21,20,98,False,0.13655816261065884,0.10119924258363137
W-corr,alpha_0.05,2026-07-28,5,98,False,-0.19147512299535654,-0.24838538976977853
W-corr,alpha_0.05,2026-07-28,20,98,False,0.004243224585277344,0.009008664384216665
W-corr,alpha_0.05,2026-08-04,5,98,False,0.243895023091633,0.1697620003952846
W-corr,alpha_0.05,2026-08-04,20,0,True,,
W-corr,alpha_0.05,2026-08-11,5,98,False,0.29139129482257037,0.3312293989760852
W-corr,alpha_0.05,2026-08-11,20,0,True,,
W-corr,alpha_0.05,2026-08-18,5,98,False,-0.25167168954142466,-0.20151228251375525
W-corr,alpha_0.05,2026-08-18,20,0,True,,
W-corr,alpha_0.05,2026-08-25,5,0,True,,
W-corr,alpha_0.05,2026-08-25,20,0,True,,
W-corr,alpha_0.20,2025-04-02,5,99,False,-0.026128465060115676,0.0042918985776128635
W-corr,alpha_0.20,2025-04-02,20,99,False,0.02049147324595762,0.054619666048237474
W-corr,alpha_0.20,2025-04-10,5,99,False,0.24091457408038763,0.2575757575757575
W-corr,alpha_0.20,2025-04-10,20,99,False,-0.34213621554086926,-0.36666666666666664
W-corr,alpha_0.20,2025-04-17,5,99,False,-0.09681409674259654,-0.05558441558441558
W-corr,alpha_0.20,2025-04-17,20,99,False,-0.31005925895850184,-0.22213976499690785
W-corr,alpha_0.20,2025-04-24,5,99,False,0.14444226699559573,0.2047742733457019
W-corr,alpha_0.20,2025-04-24,20,99,False,-0.18069332802206392,-0.14896722325293754
W-corr,alpha_0.20,2025-05-06,5,99,False,-0.20253718077011326,-0.1703772418058132
W-corr,alpha_0.20,2025-05-06,20,99,False,-0.30582953519109135,-0.2867408781694496
W-corr,alpha_0.20,2025-05-13,5,99,False,0.2955357203250487,0.18430426716141002
W-corr,alpha_0.20,2025-05-13,20,99,False,0.3529650100286447,0.2856771799628942
W-corr,alpha_0.20,2025-05-20,5,99,False,0.04033390905440341,0.07710575139146568
W-corr,alpha_0.20,2025-05-20,20,99,False,-0.14464651902450829,-0.11014223871366727
W-corr,alpha_0.20,2025-05-27,5,99,False,-0.21238896404586674,-0.2083982683982684
W-corr,alpha_0.20,2025-05-27,20,99,False,-0.3674941569150161,-0.3834013605442177
W-corr,alpha_0.20,2025-06-04,5,99,False,-0.07410960392061013,-0.020902906617192327
W-corr,alpha_0.20,2025-06-04,20,99,False,0.0534866366218382,0.08617192331478046
W-corr,alpha_0.20,2025-06-11,5,99,False,0.007576850241098801,-0.08199134199134199
W-corr,alpha_0.20,2025-06-11,20,99,False,0.014000900683018104,0.058589981447124295
W-corr,alpha_0.20,2025-06-18,5,99,False,-0.29297245137908956,-0.26794063079777364
W-corr,alpha_0.20,2025-06-18,20,99,False,-0.15351327575768783,-0.19913419913419914
W-corr,alpha_0.20,2025-06-25,5,99,False,-0.065334065334674,-0.0003339517625231911
W-corr,alpha_0.20,2025-06-25,20,99,False,-0.1484481725704357,-0.13072356215213357
W-corr,alpha_0.20,2025-07-02,5,99,False,-0.10259102454990883,-0.0011873840445269018
W-corr,alpha_0.20,2025-07-02,20,99,False,-0.1965452825127611,-0.08972170686456402
W-corr,alpha_0.20,2025-07-09,5,99,False,-0.14574320430875587,-0.05457019171304885
W-corr,alpha_0.20,2025-07-09,20,99,False,-0.06077444325310336,0.0028571428571428567
W-corr,alpha_0.20,2025-07-16,5,99,False,-0.14007842422520805,-0.1027334570191713
W-corr,alpha_0.20,2025-07-16,20,97,False,0.22446176280377178,-0.07405848937513149
W-corr,alpha_0.20,2025-07-23,5,99,False,0.1427755141043931,0.02541743970315399
W-corr,alpha_0.20,2025-07-23,20,97,False,0.13215842326536048,-0.07002156532716179
W-corr,alpha_0.20,2025-07-30,5,99,False,0.15598268521497038,0.07871366728509586
W-corr,alpha_0.20,2025-07-30,20,97,False,0.1365761683739048,-0.08539343572480537
W-corr,alpha_0.20,2025-08-06,5,97,False,-0.01920372708261458,-0.19751998737639384
W-corr,alpha_0.20,2025-08-06,20,94,False,0.05876265633623141,0.04962612433623523
W-corr,alpha_0.20,2025-08-13,5,97,False,0.2729412561364839,0.40358720807910786
W-corr,alpha_0.20,2025-08-13,20,94,False,0.09164628795316065,0.2009392045659791
W-corr,alpha_0.20,2025-08-20,5,98,False,0.16395790149335515,0.07632181269883773
W-corr,alpha_0.20,2025-08-20,20,95,False,-0.057111847167370514,-0.02374020156774916
W-corr,alpha_0.20,2025-08-27,5,95,False,0.08473742281271482,0.04038353863381859
W-corr,alpha_0.20,2025-08-27,20,95,False,0.06386916670204686,0.052659574468085106
W-corr,alpha_0.20,2025-09-03,5,96,False,0.014035006148484332,0.06475854584915898
W-corr,alpha_0.20,2025-09-03,20,94,False,0.019437893009268778,0.09557490156413682
W-corr,alpha_0.20,2025-09-10,5,97,False,-0.01397791221176603,-0.02192036608457816
W-corr,alpha_0.20,2025-09-10,20,95,False,0.10609604588930702,0.12196248600223965
W-corr,alpha_0.20,2025-09-17,5,98,False,0.13679796947462633,-0.048205599015613734
W-corr,alpha_0.20,2025-09-17,20,96,False,0.2662545305687822,0.1883884970157352
W-corr,alpha_0.20,2025-09-24,5,96,False,0.12024519246472429,0.17155453065653828
W-corr,alpha_0.20,2025-09-24,20,96,False,0.10112133387357963,0.026139446554530654
W-corr,alpha_0.20,2025-10-09,5,96,False,-0.1181346433110347,-0.1380358111774281
W-corr,alpha_0.20,2025-10-09,20,96,False,-0.3912670566969864,-0.28038524145415084
W-corr,alpha_0.20,2025-10-16,5,97,False,0.1279448172001735,0.22865821586366505
W-corr,alpha_0.20,2025-10-16,20,97,False,0.4133071584287354,0.4107668840732169
W-corr,alpha_0.20,2025-10-23,5,98,False,-0.07746004228048975,0.0699717562751436
W-corr,alpha_0.20,2025-10-23,20,98,False,-0.13218118248068123,-0.11993063392179738
W-corr,alpha_0.20,2025-10-30,5,98,False,-0.19153931718344247,-0.19713864927414262
W-corr,alpha_0.20,2025-10-30,20,97,False,-0.047099986096960526,-0.1804649694929518
W-corr,alpha_0.20,2025-11-06,5,98,False,-0.3482774250172724,-0.36147504925119056
W-corr,alpha_0.20,2025-11-06,20,97,False,0.08335068142981504,-0.13392857142857142
W-corr,alpha_0.20,2025-11-13,5,98,False,-0.014787267701439323,0.014886929467194563
W-corr,alpha_0.20,2025-11-13,20,97,False,-0.08475086339968274,-0.08850988849147905
W-corr,alpha_0.20,2025-11-20,5,97,False,0.10538648764481318,0.04832474226804123
W-corr,alpha_0.20,2025-11-20,20,97,False,0.10070394508306972,0.06502472122869765
W-corr,alpha_0.20,2025-11-27,5,97,False,0.026271103666077912,0.04435356616873553
W-corr,alpha_0.20,2025-11-27,20,96,False,0.029553468958365796,0.02373846988605535
W-corr,alpha_0.20,2025-12-04,5,97,False,-0.09968886916733884,0.04615505996212918
W-corr,alpha_0.20,2025-12-04,20,95,False,-0.06159723639366398,0.055417133258678614
W-corr,alpha_0.20,2025-12-11,5,98,False,-0.15870565776823606,-0.15217820961561757
W-corr,alpha_0.20,2025-12-11,20,96,False,-0.13807148847104472,-0.12726532826912643
W-corr,alpha_0.20,2025-12-18,5,97,False,0.17481027255310694,0.13007574163686092
W-corr,alpha_0.20,2025-12-18,20,96,False,0.08070798603495263,0.008898534997287032
W-corr,alpha_0.20,2025-12-25,5,96,False,0.22466319171660262,0.19168475311991318
W-corr,alpha_0.20,2025-12-25,20,96,False,0.18517151134003135,0.09643244709712424
W-corr,alpha_0.20,2026-01-05,5,97,False,0.30056710504111067,0.2507626762045024
W-corr,alpha_0.20,2026-01-05,20,97,False,0.2671302380268966,0.05472859246791499
W-corr,alpha_0.20,2026-01-12,5,97,False,0.05560538364519665,0.013228487271197138
W-corr,alpha_0.20,2026-01-12,20,97,False,0.011497081732866335,0.040421838838628224
W-corr,alpha_0.20,2026-01-19,5,98,False,0.021846530594532964,-0.08443152331223024
W-corr,alpha_0.20,2026-01-19,20,98,False,0.14717147110129156,-0.07219045068824155
W-corr,alpha_0.20,2026-01-26,5,98,False,0.07507378450216123,-0.04598690460251579
W-corr,alpha_0.20,2026-01-26,20,98,False,0.28341884544692936,0.055269718009040535
W-corr,alpha_0.20,2026-02-02,5,98,False,0.14406974561115762,0.13240122665748585
W-corr,alpha_0.20,2026-02-02,20,98,False,0.11511968054094611,0.13417363196450088
W-corr,alpha_0.20,2026-02-09,5,98,False,0.2082234396214473,0.23577453474360688
W-corr,alpha_0.20,2026-02-09,20,98,False,0.04840877416139113,-0.08789982722236034
W-corr,alpha_0.20,2026-02-24,5,98,False,0.26634768162083533,0.022371835332070968
W-corr,alpha_0.20,2026-02-24,20,98,False,0.24187629991078347,0.11764818392211616
W-corr,alpha_0.20,2026-03-03,5,98,False,0.023840312765330128,0.1641387576586398
W-corr,alpha_0.20,2026-03-03,20,98,False,-0.11298516405707736,-0.2383120070896212
W-corr,alpha_0.20,2026-03-10,5,98,False,-0.3217713182544282,-0.24966050150144406
W-corr,alpha_0.20,2026-03-10,20,98,False,0.013013201444254021,-0.024131489521769342
W-corr,alpha_0.20,2026-03-17,5,98,False,-0.21323763030751833,-0.2712098897665908
W-corr,alpha_0.20,2026-03-17,20,98,False,-0.05752081218935014,0.07736740431880341
W-corr,alpha_0.20,2026-03-24,5,98,False,-0.13751518922009673,-0.09277075403732252
W-corr,alpha_0.20,2026-03-24,20,98,False,0.16455993385494255,0.22436228474520076
W-corr,alpha_0.20,2026-03-31,5,98,False,0.31015640100809394,0.3010347531702465
W-corr,alpha_0.20,2026-03-31,20,98,False,0.016809643800527362,0.049659226389712395
W-corr,alpha_0.20,2026-04-08,5,98,False,-0.026907710547746752,0.0686711423088448
W-corr,alpha_0.20,2026-04-08,20,97,False,0.22453513625119467,0.2905927835051546
W-corr,alpha_0.20,2026-04-15,5,98,False,0.08988365348230386,0.15720214983837957
W-corr,alpha_0.20,2026-04-15,20,97,False,0.24387793578596478,0.2656480117820324
W-corr,alpha_0.20,2026-04-22,5,98,False,-0.33102218299233194,-0.1825641221812061
W-corr,alpha_0.20,2026-04-22,20,97,False,-0.1555765746971083,-0.19717809804334105
W-corr,alpha_0.20,2026-04-29,5,97,False,0.24574140458908272,0.24243898590363977
W-corr,alpha_0.20,2026-04-29,20,97,False,0.10871945799650791,0.13591415947822424
W-corr,alpha_0.20,2026-05-11,5,98,False,0.15298620805252677,0.1764563369865284
W-corr,alpha_0.20,2026-05-11,20,98,False,0.09590586411470585,0.1313428839202035
W-corr,alpha_0.20,2026-05-18,5,98,False,-0.06565068494024943,-0.15073733335883555
W-corr,alpha_0.20,2026-05-18,20,98,False,-0.014990591829452247,0.009136175557383214
W-corr,alpha_0.20,2026-05-25,5,98,False,0.16239360902414768,0.07015027191757676
W-corr,alpha_0.20,2026-05-25,20,98,False,-0.023478627334778054,0.07189717498995848
W-corr,alpha_0.20,2026-06-01,5,98,False,-0.05207134206301363,-0.05367582834445867
W-corr,alpha_0.20,2026-06-01,20,98,False,0.046895570121585156,0.14403024565027508
W-corr,alpha_0.20,2026-06-08,5,98,False,-0.185785773649332,-0.23393837385000857
W-corr,alpha_0.20,2026-06-08,20,98,False,0.025012141980642007,-0.06749803951571255
W-corr,alpha_0.20,2026-06-15,5,98,False,0.18249207799746847,0.07197368169385841
W-corr,alpha_0.20,2026-06-15,20,98,False,0.18858280512168174,0.11989238056984741
W-corr,alpha_0.20,2026-06-23,5,98,False,-0.28476039872137254,-0.3708853738308819
W-corr,alpha_0.20,2026-06-23,20,98,False,0.01785844897145563,0.014593653768911497
W-corr,alpha_0.20,2026-06-30,5,98,False,0.22850477740587471,0.19354283419084595
W-corr,alpha_0.20,2026-06-30,20,98,False,0.2913376278463894,0.21989939368437156
W-corr,alpha_0.20,2026-07-07,5,98,False,0.07888510896831102,0.016812348182009447
W-corr,alpha_0.20,2026-07-07,20,98,False,0.27547158464353605,0.16597491855223812
W-corr,alpha_0.20,2026-07-14,5,98,False,-0.18428805964113582,-0.2553730020593054
W-corr,alpha_0.20,2026-07-14,20,98,False,-0.1317343236726065,-0.11165515878328837
W-corr,alpha_0.20,2026-07-21,5,98,False,-0.2036625599535137,-0.12522234760820913
W-corr,alpha_0.20,2026-07-21,20,98,False,0.1295745302652013,0.09875102805883365
W-corr,alpha_0.20,2026-07-28,5,98,False,-0.2033019332283159,-0.2623733654661489
W-corr,alpha_0.20,2026-07-28,20,98,False,0.011367504748571327,0.007810059356451108
W-corr,alpha_0.20,2026-08-04,5,98,False,0.27859819741753544,0.2042282705022027
W-corr,alpha_0.20,2026-08-04,20,0,True,,
W-corr,alpha_0.20,2026-08-11,5,98,False,0.31286201092082616,0.3554692729950462
W-corr,alpha_0.20,2026-08-11,20,0,True,,
W-corr,alpha_0.20,2026-08-18,5,98,False,-0.28631444959732283,-0.22938622496796277
W-corr,alpha_0.20,2026-08-18,20,0,True,,
W-corr,alpha_0.20,2026-08-25,5,0,True,,
W-corr,alpha_0.20,2026-08-25,20,0,True,,
W-corr,alpha_0.60,2025-04-02,5,99,False,-0.032765573589698525,-0.008336425479282622
W-corr,alpha_0.60,2025-04-02,20,99,False,-0.0032768092299683546,0.047928262213976495
W-corr,alpha_0.60,2025-04-10,5,99,False,0.20894857399945183,0.22962275819418676
W-corr,alpha_0.60,2025-04-10,20,99,False,-0.3730404576466106,-0.3986023500309215
W-corr,alpha_0.60,2025-04-17,5,99,False,-0.0898253637150609,-0.027025355596784165
W-corr,alpha_0.60,2025-04-17,20,99,False,-0.3420753347818909,-0.2321830550401979
W-corr,alpha_0.60,2025-04-24,5,99,False,0.1859751573954726,0.2373160173160173
W-corr,alpha_0.60,2025-04-24,20,99,False,-0.2267746005196795,-0.18332714904143477
W-corr,alpha_0.60,2025-05-06,5,99,False,-0.2605029259610979,-0.2179468150896722
W-corr,alpha_0.60,2025-05-06,20,99,False,-0.38673326217054743,-0.3584539270253555
W-corr,alpha_0.60,2025-05-13,5,99,False,0.29637701345221895,0.2232529375386518
W-corr,alpha_0.60,2025-05-13,20,99,False,0.37545688490919465,0.31914656771799627
W-corr,alpha_0.60,2025-05-20,5,99,False,0.03517102094518901,0.06561533704390847
W-corr,alpha_0.60,2025-05-20,20,99,False,-0.1500424969194495,-0.13303648732220158
W-corr,alpha_0.60,2025-05-27,5,99,False,-0.22408930585290107,-0.19856524427952996
W-corr,alpha_0.60,2025-05-27,20,99,False,-0.37905865899214947,-0.3928880643166357
W-corr,alpha_0.60,2025-06-04,5,99,False,-0.03656928339718933,-0.0099443413729128
W-corr,alpha_0.60,2025-06-04,20,99,False,0.11724949053066175,0.13830550401978972
W-corr,alpha_0.60,2025-06-11,5,99,False,0.004845461686229993,-0.08118738404452688
W-corr,alpha_0.60,2025-06-11,20,99,False,0.023231996924929908,0.06716141001855287
W-corr,alpha_0.60,2025-06-18,5,99,False,-0.25939227110096846,-0.2373407544836116
W-corr,alpha_0.60,2025-06-18,20,99,False,-0.11227043765094952,-0.162708719851577
W-corr,alpha_0.60,2025-06-25,5,99,False,-0.08384722879534773,0.008460111317254174
W-corr,alpha_0.60,2025-06-25,20,99,False,-0.1338049927589385,-0.12326530612244899
W-corr,alpha_0.60,2025-07-02,5,99,False,-0.1015728693641367,-0.005306122448979591
W-corr,alpha_0.60,2025-07-02,20,99,False,-0.19273051452911671,-0.1032034632034632
W-corr,alpha_0.60,2025-07-09,5,99,False,-0.11514354585963968,-0.05849103277674706
W-corr,alpha_0.60,2025-07-09,20,99,False,-0.12229959638505397,-0.05050092764378478
W-corr,alpha_0.60,2025-07-16,5,99,False,-0.1353357685415737,-0.10711193568336425
W-corr,alpha_0.60,2025-07-16,20,97,False,0.24617675960457405,0.01101935619608668
W-corr,alpha_0.60,2025-07-23,5,99,False,0.08712368457856161,-0.02180581323438466
W-corr,alpha_0.60,2025-07-23,20,97,False,0.07243308969614234,-0.11229749631811486
W-corr,alpha_0.60,2025-07-30,5,99,False,0.17391610608105304,0.12086580086580087
W-corr,alpha_0.60,2025-07-30,20,97,False,0.25136122368128383,-0.07522880286135072
W-corr,alpha_0.60,2025-08-06,5,97,False,-0.04217419097920089,-0.22931569535030505
W-corr,alpha_0.60,2025-08-06,20,94,False,0.12595121420062713,0.12461799660441426
W-corr,alpha_0.60,2025-08-13,5,97,False,0.40623868389168577,0.45775036818851245
W-corr,alpha_0.60,2025-08-13,20,94,False,0.17091290902461667,0.2054473864826789
W-corr,alpha_0.60,2025-08-20,5,98,False,0.25726841555693614,0.2374576822294053
W-corr,alpha_0.60,2025-08-20,20,95,False,-0.01336186562082023,0.09078947368421053
W-corr,alpha_0.60,2025-08-27,5,95,False,0.07984188135847163,0.012681970884658457
W-corr,alpha_0.60,2025-08-27,20,95,False,0.07135136562333841,0.05772676371780515
W-corr,alpha_0.60,2025-09-03,5,96,False,0.1421232295606842,0.1413049376017363
W-corr,alpha_0.60,2025-09-03,20,94,False,0.07627954986195846,0.10781345952389552
W-corr,alpha_0.60,2025-09-10,5,97,False,-0.030491796384928507,0.03996160319798022
W-corr,alpha_0.60,2025-09-10,20,95,False,0.11187960410185949,0.14134938409854422
W-corr,alpha_0.60,2025-09-17,5,98,False,0.047600830975992395,-0.12031316744129701
W-corr,alpha_0.60,2025-09-17,20,96,False,0.21911361921129593,0.19582202930005424
W-corr,alpha_0.60,2025-09-24,5,96,False,0.20803216788735912,0.2266006511123169
W-corr,alpha_0.60,2025-09-24,20,96,False,0.10955406567134017,0.014704286489419426
W-corr,alpha_0.60,2025-10-09,5,96,False,-0.20622186342359292,-0.23623168746608791
W-corr,alpha_0.60,2025-10-09,20,96,False,-0.38093686307638336,-0.32022517634291914
W-corr,alpha_0.60,2025-10-16,5,97,False,0.15211065713913138,0.28568798653482014
W-corr,alpha_0.60,2025-10-16,20,97,False,0.48498502702654506,0.43772354302545763
W-corr,alpha_0.60,2025-10-23,5,98,False,-0.023882765652919396,0.14578989983997345
W-corr,alpha_0.60,2025-10-23,20,98,False,-0.12959981113729765,-0.15915307078782776
W-corr,alpha_0.60,2025-10-30,5,98,False,-0.21577791469827576,-0.2563930914446378
W-corr,alpha_0.60,2025-10-30,20,97,False,-0.1060992934842576,-0.27499737008205344
W-corr,alpha_0.60,2025-11-06,5,98,False,-0.35337792321794764,-0.4190845972878373
W-corr,alpha_0.60,2025-11-06,20,97,False,0.019748215610368984,-0.16703923837576265
W-corr,alpha_0.60,2025-11-13,5,98,False,0.008389939741851328,0.05344630823275889
W-corr,alpha_0.60,2025-11-13,20,97,False,-0.15007488136177044,-0.15502051335998315
W-corr,alpha_0.60,2025-11-20,5,97,False,0.060924415267529064,0.04607616242373238
W-corr,alpha_0.60,2025-11-20,20,97,False,0.06844617397230794,0.04172364822217546
W-corr,alpha_0.60,2025-11-27,5,97,False,0.017856774069543543,0.01487218598779718
W-corr,alpha_0.60,2025-11-27,20,96,False,0.027331261734722036,0.0049511665762344
W-corr,alpha_0.60,2025-12-04,5,97,False,-0.010464930211480702,0.09904270986745213
W-corr,alpha_0.60,2025-12-04,20,95,False,0.02443063746012088,0.14762038073908174
W-corr,alpha_0.60,2025-12-11,5,98,False,-0.17947781942938665,-0.14730728280065536
W-corr,alpha_0.60,2025-12-11,20,96,False,-0.13068399854780421,-0.14367878459034183
W-corr,alpha_0.60,2025-12-18,5,97,False,0.1538536795456612,0.12135756364401429
W-corr,alpha_0.60,2025-12-18,20,96,False,0.09530062001334971,0.024538795442213778
W-corr,alpha_0.60,2025-12-25,5,96,False,0.2880554853434157,0.31047205642973413
W-corr,alpha_0.60,2025-12-25,20,96,False,0.21206910873987303,0.19373304395008137
W-corr,alpha_0.60,2026-01-05,5,97,False,0.2775153195943052,0.3042552072375342
W-corr,alpha_0.60,2026-01-05,20,97,False,0.24262516539437887,0.08444666526404375
W-corr,alpha_0.60,2026-01-12,5,97,False,0.1004037420413427,0.04466915632232273
W-corr,alpha_0.60,2026-01-12,20,97,False,0.03721486190148512,0.03346570586997685
W-corr,alpha_0.60,2026-01-19,5,98,False,0.042076512128966764,-0.10966598448189022
W-corr,alpha_0.60,2026-01-19,20,98,False,0.12317431776667832,-0.0875172937028607
W-corr,alpha_0.60,2026-01-26,5,98,False,0.09799028682746413,-0.017360646226625608
W-corr,alpha_0.60,2026-01-26,20,98,False,0.32471632624757524,0.06701349705767967
W-corr,alpha_0.60,2026-02-02,5,98,False,0.08383219089710511,0.03011176354328048
W-corr,alpha_0.60,2026-02-02,20,98,False,0.10176153900544291,0.09208219370222315
W-corr,alpha_0.60,2026-02-09,5,98,False,0.2694680633533793,0.27930684926266663
W-corr,alpha_0.60,2026-02-09,20,98,False,0.05881635335836484,-0.0707623255487762
W-corr,alpha_0.60,2026-02-24,5,98,False,0.26786841036017256,0.04244209398848573
W-corr,alpha_0.60,2026-02-24,20,98,False,0.27937888740101546,0.1526372498390171
W-corr,alpha_0.60,2026-03-03,5,98,False,0.015176985172340595,0.10513933783447774
W-corr,alpha_0.60,2026-03-03,20,98,False,-0.09410597908248465,-0.21856052636612278
W-corr,alpha_0.60,2026-03-10,5,98,False,-0.3553275582335469,-0.2465874822281302
W-corr,alpha_0.60,2026-03-10,20,98,False,0.020036281513923,0.03142512862689593
W-corr,alpha_0.60,2026-03-17,5,98,False,-0.16218086674853371,-0.23447392077730808
W-corr,alpha_0.60,2026-03-17,20,98,False,-0.05927173103672793,0.06701349705767967
W-corr,alpha_0.60,2026-03-24,5,98,False,-0.16749948214207735,-0.13946534565091265
W-corr,alpha_0.60,2026-03-24,20,98,False,0.200384742067219,0.24999203055167704
W-corr,alpha_0.60,2026-03-31,5,98,False,0.36619591812948576,0.3243055422731417
W-corr,alpha_0.60,2026-03-31,20,98,False,0.07082345200486348,0.08128199733501647
W-corr,alpha_0.60,2026-04-08,5,98,False,0.050030527175747165,0.11629656548655075
W-corr,alpha_0.60,2026-04-08,20,97,False,0.32614060954287505,0.36734693877551017
W-corr,alpha_0.60,2026-04-15,5,98,False,0.12157209024859271,0.18692500430350203
W-corr,alpha_0.60,2026-04-15,20,97,False,0.32388220635440473,0.322441089837997
W-corr,alpha_0.60,2026-04-22,5,98,False,-0.2664484524637933,-0.17769319536624395
W-corr,alpha_0.60,2026-04-22,20,97,False,-0.18135899761508023,-0.22590995160950975
W-corr,alpha_0.60,2026-04-29,5,97,False,0.27098409236709864,0.259941089837997
W-corr,alpha_0.60,2026-04-29,20,97,False,0.11083858685781037,0.12588102251209762
W-corr,alpha_0.60,2026-05-11,5,98,False,0.23519814014772578,0.2337343559729421
W-corr,alpha_0.60,2026-05-11,20,98,False,0.10710340523357817,0.1607469604524096
W-corr,alpha_0.60,2026-05-18,5,98,False,-0.10023492498921922,-0.15717664760374625
W-corr,alpha_0.60,2026-05-18,20,98,False,-0.05346260053628434,-0.0013962473461737082
W-corr,alpha_0.60,2026-05-25,5,98,False,0.13091604603215198,0.07380984258745671
W-corr,alpha_0.60,2026-05-25,20,98,False,0.009279697386001283,0.07922906744703505
W-corr,alpha_0.60,2026-06-01,5,98,False,-0.09199274406554943,-0.09535923085260346
W-corr,alpha_0.60,2026-06-01,20,98,False,0.15287962329786012,0.20586041351873455
W-corr,alpha_0.60,2026-06-08,5,98,False,-0.198837190294258,-0.20243036296055442
W-corr,alpha_0.60,2026-06-08,20,98,False,0.07021982448786691,-0.018112962148308244
W-corr,alpha_0.60,2026-06-15,5,98,False,0.2590347526327955,0.15689612302277986
W-corr,alpha_0.60,2026-06-15,20,98,False,0.173233217921382,0.12920069621100547
W-corr,alpha_0.60,2026-06-23,5,98,False,-0.3673732687181777,-0.44438281404408053
W-corr,alpha_0.60,2026-06-23,20,98,False,0.021217944940805387,0.044533277228417135
W-corr,alpha_0.60,2026-06-30,5,98,False,0.2708184932086767,0.23374710709025875
W-corr,alpha_0.60,2026-06-30,20,98,False,0.3573716035523847,0.2999254059636975
W-corr,alpha_0.60,2026-07-07,5,98,False,0.07399734735973264,0.01472116494207805
W-corr,alpha_0.60,2026-07-07,20,98,False,0.3400890306642958,0.21529624033305916
W-corr,alpha_0.60,2026-07-14,5,98,False,-0.25408477379179917,-0.30090724199707997
W-corr,alpha_0.60,2026-07-14,20,98,False,-0.18799409677310916,-0.17242698391446548
W-corr,alpha_0.60,2026-07-21,5,98,False,-0.30566651904247377,-0.2528355297132911
W-corr,alpha_0.60,2026-07-21,20,98,False,0.08608661122954918,0.05727164342775535
W-corr,alpha_0.60,2026-07-28,5,98,False,-0.24901102748250842,-0.3267537567979394
W-corr,alpha_0.60,2026-07-28,20,98,False,0.047047443928362964,-0.016047281143010156
W-corr,alpha_0.60,2026-08-04,5,98,False,0.428699855260553,0.3686666794177839
W-corr,alpha_0.60,2026-08-04,20,0,True,,
W-corr,alpha_0.60,2026-08-11,5,98,False,0.3878551280700628,0.5016863352651275
W-corr,alpha_0.60,2026-08-11,20,0,True,,
W-corr,alpha_0.60,2026-08-18,5,98,False,-0.4390684356256667,-0.37692940343897624
W-corr,alpha_0.60,2026-08-18,20,0,True,,
W-corr,alpha_0.60,2026-08-25,5,0,True,,
W-corr,alpha_0.60,2026-08-25,20,0,True,,
W-corr,alpha_0.75,2025-04-02,5,99,False,-0.036104089101057966,-0.013172541743970315
W-corr,alpha_0.75,2025-04-02,20,99,False,-0.025735803902748967,0.05633889919604205
W-corr,alpha_0.75,2025-04-10,5,99,False,0.1783370224456425,0.21264069264069263
W-corr,alpha_0.75,2025-04-10,20,99,False,-0.39213644749805776,-0.41437229437229434
W-corr,alpha_0.75,2025-04-17,5,99,False,-0.08068377867656129,-0.00035868893011750154
W-corr,alpha_0.75,2025-04-17,20,99,False,-0.3656137973706308,-0.24792826221397649
W-corr,alpha_0.75,2025-04-24,5,99,False,0.21597527600289804,0.26862090290661716
W-corr,alpha_0.75,2025-04-24,20,99,False,-0.25923157093415505,-0.2101669758812616
W-corr,alpha_0.75,2025-05-06,5,99,False,-0.3018332785593789,-0.283426097711812
W-corr,alpha_0.75,2025-05-06,20,99,False,-0.4429807465552587,-0.4388991960420532
W-corr,alpha_0.75,2025-05-13,5,99,False,0.28657873559901925,0.2673469387755102
W-corr,alpha_0.75,2025-05-13,20,99,False,0.3847154795125676,0.3576252319109462
W-corr,alpha_0.75,2025-05-20,5,99,False,0.028548133382196927,0.0637600494743352
W-corr,alpha_0.75,2025-05-20,20,99,False,-0.1544606128758172,-0.14540507111935683
W-corr,alpha_0.75,2025-05-27,5,99,False,-0.22438682783300545,-0.2055534941249227
W-corr,alpha_0.75,2025-05-27,20,99,False,-0.3714725074836276,-0.39852813852813856
W-corr,alpha_0.75,2025-06-04,5,99,False,0.006389216061830351,0.01711811997526283
W-corr,alpha_0.75,2025-06-04,20,99,False,0.18518210609871627,0.19988868274582558
W-corr,alpha_0.75,2025-06-11,5,99,False,0.0014827778145078525,-0.06594928880643165
W-corr,alpha_0.75,2025-06-11,20,99,False,0.034089750721874715,0.07361781076066791
W-corr,alpha_0.75,2025-06-18,5,99,False,-0.2162387655663948,-0.19349412492269635
W-corr,alpha_0.75,2025-06-18,20,99,False,-0.06841734540732552,-0.09625231910946196
W-corr,alpha_0.75,2025-06-25,5,99,False,-0.10312015094451296,0.010414347557204698
W-corr,alpha_0.75,2025-06-25,20,99,False,-0.11425726103788031,-0.12378478664192949
W-corr,alpha_0.75,2025-07-02,5,99,False,-0.09867467642361002,-0.008509585652442796
W-corr,alpha_0.75,2025-07-02,20,99,False,-0.1852183413146994,-0.11576994434137292
W-corr,alpha_0.75,2025-07-09,5,99,False,-0.0879203917400595,-0.052727272727272734
W-corr,alpha_0.75,2025-07-09,20,99,False,-0.15123388435443808,-0.08620902906617192
W-corr,alpha_0.75,2025-07-16,5,99,False,-0.11996096501280112,-0.13666048237476808
W-corr,alpha_0.75,2025-07-16,20,97,False,0.23985105737417806,0.06111929307805596
W-corr,alpha_0.75,2025-07-23,5,99,False,0.03845990976021449,-0.028583797155225726
W-corr,alpha_0.75,2025-07-23,20,97,False,0.02360641274856599,-0.10864191037239637
W-corr,alpha_0.75,2025-07-30,5,99,False,0.17129143194291407,0.16524427952999382
W-corr,alpha_0.75,2025-07-30,20,97,False,0.3156441301965641,-0.06689196297075531
W-corr,alpha_0.75,2025-08-06,5,97,False,-0.05455713869160625,-0.21711287607826632
W-corr,alpha_0.75,2025-08-06,20,94,False,0.161986955824059,0.17309540150995195
W-corr,alpha_0.75,2025-08-13,5,97,False,0.4542780155759091,0.4872054491899852
W-corr,alpha_0.75,2025-08-13,20,94,False,0.20732311657310762,0.22067694975255575
W-corr,alpha_0.75,2025-08-20,5,98,False,0.2891884381182274,0.28929097412160737
W-corr,alpha_0.75,2025-08-20,20,95,False,0.017458845529701703,0.09832026875699888
W-corr,alpha_0.75,2025-08-27,5,95,False,0.07252599336642213,-0.018631019036954088
W-corr,alpha_0.75,2025-08-27,20,95,False,0.07254024281857692,0.04739641657334827
W-corr,alpha_0.75,2025-09-03,5,96,False,0.2029727804870804,0.20436787845903417
W-corr,alpha_0.75,2025-09-03,20,94,False,0.10216492031123912,0.15250514756348663
W-corr,alpha_0.75,2025-09-10,5,97,False,-0.03937998353223882,0.09391436987165999
W-corr,alpha_0.75,2025-09-10,20,95,False,0.1088067003178455,0.16375979843225083
W-corr,alpha_0.75,2025-09-17,5,98,False,-0.020206411431010044,-0.18364796715312176
W-corr,alpha_0.75,2025-09-17,20,96,False,0.17098228929419454,0.17664134563212155
W-corr,alpha_0.75,2025-09-24,5,96,False,0.2566262326024465,0.2712425393380358
W-corr,alpha_0.75,2025-09-24,20,96,False,0.10567288224342485,0.0011801410743353226
W-corr,alpha_0.75,2025-10-09,5,96,False,-0.2544676536292364,-0.30895279435702655
W-corr,alpha_0.75,2025-10-09,20,96,False,-0.35407852127744976,-0.3548155181768855
W-corr,alpha_0.75,2025-10-16,5,97,False,0.15998155218725474,0.3018882810856301
W-corr,alpha_0.75,2025-10-16,20,97,False,0.5064633125827478,0.44491636860929934
W-corr,alpha_0.75,2025-10-23,5,98,False,0.014692509741967204,0.18712902218056854
W-corr,alpha_0.75,2025-10-23,20,98,False,-0.11837136998829388,-0.16064495151387637
W-corr,alpha_0.75,2025-10-30,5,98,False,-0.217116347702482,-0.2800846674189825
W-corr,alpha_0.75,2025-10-30,20,97,False,-0.13853698679481916,-0.31731274984220487
W-corr,alpha_0.75,2025-11-06,5,98,False,-0.3313168840888812,-0.4359670766150883
W-corr,alpha_0.75,2025-11-06,20,97,False,-0.02475556090354032,-0.1687092362718283
W-corr,alpha_0.75,2025-11-13,5,98,False,0.02427342529075509,0.07290451325797423
W-corr,alpha_0.75,2025-11-13,20,97,False,-0.18661651686455738,-0.1991110877340627
W-corr,alpha_0.75,2025-11-20,5,97,False,0.019815791627870262,0.021617925520723755
W-corr,alpha_0.75,2025-11-20,20,97,False,0.0363605381017389,0.010979907426888279
W-corr,alpha_0.75,2025-11-27,5,97,False,0.008512586563954951,0.018014937933936458
W-corr,alpha_0.75,2025-11-27,20,96,False,0.0218677199740393,0.021432447097124253
W-corr,alpha_0.75,2025-12-04,5,97,False,0.05069863722738014,0.13893856511676836
W-corr,alpha_0.75,2025-12-04,20,95,False,0.08012376804879853,0.22721164613661815
W-corr,alpha_0.75,2025-12-11,5,98,False,-0.18313998638219864,-0.14756230514698848
W-corr,alpha_0.75,2025-12-11,20,96,False,-0.11324666759986377,-0.14293271839392296
W-corr,alpha_0.75,2025-12-18,5,97,False,0.1254479111336364,0.09825373448348411
W-corr,alpha_0.75,2025-12-18,20,96,False,0.09847168524532737,0.03262344004340749
W-corr,alpha_0.75,2025-12-25,5,96,False,0.30570193266827317,0.33703201302224634
W-corr,alpha_0.75,2025-12-25,20,96,False,0.21416186800484677,0.23524145415084102
W-corr,alpha_0.75,2026-01-05,5,97,False,0.23664472146073745,0.31527456343362087
W-corr,alpha_0.75,2026-01-05,20,97,False,0.2040342293811221,0.09228382074479274
W-corr,alpha_0.75,2026-01-12,5,97,False,0.12674051161615793,0.08827319587628865
W-corr,alpha_0.75,2026-01-12,20,97,False,0.054504173527692094,0.055294024826425404
W-corr,alpha_0.75,2026-01-19,5,98,False,0.052334791139633685,-0.12045342973178025
W-corr,alpha_0.75,2026-01-19,20,98,False,0.09687157233429697,-0.11164240766597172
W-corr,alpha_0.75,2026-01-26,5,98,False,0.10518430623068352,0.015027191757677765
W-corr,alpha_0.75,2026-01-26,20,98,False,0.32716330708524866,0.069550969403694
W-corr,alpha_0.75,2026-02-02,5,98,False,0.03135722989506972,-0.03400085432486021
W-corr,alpha_0.75,2026-02-02,20,98,False,0.08265467185532413,0.054134868567858256
W-corr,alpha_0.75,2026-02-09,5,98,False,0.2939879905586996,0.29801273836619935
W-corr,alpha_0.75,2026-02-09,20,98,False,0.062389433363292855,-0.06525384286798129
W-corr,alpha_0.75,2026-02-24,5,98,False,0.2567251330750244,0.03151438644811251
W-corr,alpha_0.75,2026-02-24,20,98,False,0.288560403202937,0.17348532665174785
W-corr,alpha_0.75,2026-03-03,5,98,False,0.009382002942832738,0.08587239956901223
W-corr,alpha_0.75,2026-03-03,20,98,False,-0.07820160009036858,-0.19783996072655863
W-corr,alpha_0.75,2026-03-10,5,98,False,-0.35365434743132734,-0.23342832915734238
W-corr,alpha_0.75,2026-03-10,20,98,False,0.02333193544349369,0.06516458504676471
W-corr,alpha_0.75,2026-03-17,5,98,False,-0.11824167565845618,-0.22460455597421722
W-corr,alpha_0.75,2026-03-17,20,98,False,-0.05582305169725241,0.03970060376540494
W-corr,alpha_0.75,2026-03-24,5,98,False,-0.17862335084718342,-0.16843588419435254
W-corr,alpha_0.75,2026-03-24,20,98,False,0.21365633676126067,0.26998578250419186
W-corr,alpha_0.75,2026-03-31,5,98,False,0.3890646688457384,0.36069723109487467
W-corr,alpha_0.75,2026-03-31,20,98,False,0.11510018466161588,0.11933133140791459
W-corr,alpha_0.75,2026-04-08,5,98,False,0.10149624753326307,0.16283814369234104
W-corr,alpha_0.75,2026-04-08,20,97,False,0.3791196147972169,0.41246318114874814
W-corr,alpha_0.75,2026-04-15,5,98,False,0.13858161467484734,0.18720552888446848
W-corr,alpha_0.75,2026-04-15,20,97,False,0.3659017586458159,0.35165947822427934
W-corr,alpha_0.75,2026-04-22,5,98,False,-0.18783571679500774,-0.14966623950423655
W-corr,alpha_0.75,2026-04-22,20,97,False,-0.1919520436267085,-0.25773195876288657
W-corr,alpha_0.75,2026-04-29,5,97,False,0.2819302330440444,0.259546602146013
W-corr,alpha_0.75,2026-04-29,20,97,False,0.10791155811613432,0.11821481169787501
W-corr,alpha_0.75,2026-05-11,5,98,False,0.2980683720432228,0.2634827126726979
W-corr,alpha_0.75,2026-05-11,20,98,False,0.11238490275359143,0.17958036072910888
W-corr,alpha_0.75,2026-05-18,5,98,False,-0.12434468657958417,-0.1899980235768159
W-corr,alpha_0.75,2026-05-18,20,98,False,-0.08328325724627778,-0.01710562388029251
W-corr,alpha_0.75,2026-05-25,5,98,False,0.09171024335909532,0.07736740431880341
W-corr,alpha_0.75,2026-05-25,20,98,False,0.04221395213056079,0.07405211381647316
W-corr,alpha_0.75,2026-06-01,5,98,False,-0.11976708783985768,-0.13289852023283538
W-corr,alpha_0.75,2026-06-01,20,98,False,0.23511091091979297,0.2857079101556273
W-corr,alpha_0.75,2026-06-08,5,98,False,-0.19170387110292522,-0.1594208442514775
W-corr,alpha_0.75,2026-06-08,20,98,False,0.09711948770239069,0.03494443700629267
W-corr,alpha_0.75,2026-06-15,5,98,False,0.29694727276306004,0.21896856212025573
W-corr,alpha_0.75,2026-06-15,20,98,False,0.15625761567944027,0.13892979872361313
W-corr,alpha_0.75,2026-06-23,5,98,False,-0.3942806658356771,-0.4863594922505084
W-corr,alpha_0.75,2026-06-23,20,98,False,0.02187403342592551,0.06696249258841305
W-corr,alpha_0.75,2026-06-30,5,98,False,0.28042776286388643,0.24634521099911377
W-corr,alpha_0.75,2026-06-30,20,98,False,0.3770928364305417,0.33686539283004674
W-corr,alpha_0.75,2026-07-07,5,98,False,0.06644728971635323,0.024297254046885854
W-corr,alpha_0.75,2026-07-07,20,98,False,0.3628868238323878,0.2546079350203061
W-corr,alpha_0.75,2026-07-14,5,98,False,-0.28428098261899615,-0.31603006713463266
W-corr,alpha_0.75,2026-07-14,20,98,False,-0.21372015505861888,-0.2084488903340155
W-corr,alpha_0.75,2026-07-21,5,98,False,-0.35877835828054405,-0.3470662866833706
W-corr,alpha_0.75,2026-07-21,20,98,False,0.04820829308622235,0.028046082537982388
W-corr,alpha_0.75,2026-07-28,5,98,False,-0.26328338934717044,-0.37515699813196124
W-corr,alpha_0.75,2026-07-28,20,98,False,0.0700941692758487,-0.049276692870212746
W-corr,alpha_0.75,2026-08-04,5,98,False,0.5062912863301856,0.48055773387143047
W-corr,alpha_0.75,2026-08-04,20,0,True,,
W-corr,alpha_0.75,2026-08-11,5,98,False,0.4068438408534529,0.5645493436362361
W-corr,alpha_0.75,2026-08-11,20,0,True,,
W-corr,alpha_0.75,2026-08-18,5,98,False,-0.5178893057204454,-0.48058323610606374
W-corr,alpha_0.75,2026-08-18,20,0,True,,
W-corr,alpha_0.75,2026-08-25,5,0,True,,
W-corr,alpha_0.75,2026-08-25,20,0,True,,
W-corr,b0_alpha_0.40,2025-04-02,5,99,False,-0.028753447661148478,-0.0036858379715522566
W-corr,b0_alpha_0.40,2025-04-02,20,99,False,0.012383566797937682,0.047816944959802106
W-corr,b0_alpha_0.40,2025-04-10,5,99,False,0.22966312481405504,0.24552875695732837
W-corr,b0_alpha_0.40,2025-04-10,20,99,False,-0.3546133279337997,-0.3828324056895485
W-corr,b0_alpha_0.40,2025-04-17,5,99,False,-0.0946276999365534,-0.04442795299938156
W-corr,b0_alpha_0.40,2025-04-17,20,99,False,-0.32218732246882864,-0.22238713667285095
W-corr,b0_alpha_0.40,2025-04-24,5,99,False,0.16026250293694452,0.21918367346938772
W-corr,b0_alpha_0.40,2025-04-24,20,99,False,-0.19835802251647158,-0.16283240568954854
W-corr,b0_alpha_0.40,2025-05-06,5,99,False,-0.22423160980879853,-0.18839826839826837
W-corr,b0_alpha_0.40,2025-05-06,20,99,False,-0.3362753503742214,-0.31278911564625844
W-corr,b0_alpha_0.40,2025-05-13,5,99,False,0.29701990072412204,0.19228200371057516
W-corr,b0_alpha_0.40,2025-05-13,20,99,False,0.3622354920888182,0.2949659863945578
W-corr,b0_alpha_0.40,2025-05-20,5,99,False,0.0386603173060341,0.0687569573283859
W-corr,b0_alpha_0.40,2025-05-20,20,99,False,-0.14660878988541284,-0.11863945578231291
W-corr,b0_alpha_0.40,2025-05-27,5,99,False,-0.21774587213029756,-0.20426716141001855
W-corr,b0_alpha_0.40,2025-05-27,20,99,False,-0.3737153745469181,-0.39376623376623376
W-corr,b0_alpha_0.40,2025-06-04,5,99,False,-0.061593383806690265,-0.014730983302411873
W-corr,b0_alpha_0.40,2025-06-04,20,99,False,0.07522326303616512,0.111713048855906
W-corr,b0_alpha_0.40,2025-06-11,5,99,False,0.006678928483765497,-0.0815460729746444
W-corr,b0_alpha_0.40,2025-06-11,20,99,False,0.017077671513630602,0.06202844774273346
W-corr,b0_alpha_0.40,2025-06-18,5,99,False,-0.2826391544465179,-0.2530983302411874
W-corr,b0_alpha_0.40,2025-06-18,20,99,False,-0.1396684453251895,-0.18484848484848487
W-corr,b0_alpha_0.40,2025-06-25,5,99,False,-0.07170503731580605,0.0024366110080395794
W-corr,b0_alpha_0.40,2025-06-25,20,99,False,-0.14380456204382416,-0.13226963512677797
W-corr,b0_alpha_0.40,2025-07-02,5,99,False,-0.10242742238247272,-0.008967223252937537
W-corr,b0_alpha_0.40,2025-07-02,20,99,False,-0.19559029976570325,-0.09711811997526285
W-corr,b0_alpha_0.40,2025-07-09,5,99,False,-0.1357644542451153,-0.05673469387755102
W-corr,b0_alpha_0.40,2025-07-09,20,99,False,-0.08733143880748348,-0.022820037105751388
W-corr,b0_alpha_0.40,2025-07-16,5,99,False,-0.140696119313521,-0.10686456400742114
W-corr,b0_alpha_0.40,2025-07-16,20,97,False,0.23688700480105715,-0.046825689038502
W-corr,b0_alpha_0.40,2025-07-23,5,99,False,0.12585923925751272,0.004959802102659245
W-corr,b0_alpha_0.40,2025-07-23,20,97,False,0.11316096895048944,-0.0786871449610772
W-corr,b0_alpha_0.40,2025-07-30,5,99,False,0.16551468590174967,0.09010513296227582
W-corr,b0_alpha_0.40,2025-07-30,20,97,False,0.18255882151555194,-0.08334209972648852
W-corr,b0_alpha_0.40,2025-08-06,5,97,False,-0.028446388930574662,-0.20439722280664843
W-corr,b0_alpha_0.40,2025-08-06,20,94,False,0.08581596062956998,0.07004298667051981
W-corr,b0_alpha_0.40,2025-08-13,5,97,False,0.33156140618206115,0.4231800967809804
W-corr,b0_alpha_0.40,2025-08-13,20,94,False,0.12518762194780864,0.20447928331466966
W-corr,b0_alpha_0.40,2025-08-20,5,98,False,0.20476481641169078,0.13607354844468245
W-corr,b0_alpha_0.40,2025-08-20,20,95,False,-0.04127580242969314,0.025503919372900332
W-corr,b0_alpha_0.40,2025-08-27,5,95,False,0.08375099769360468,0.03258678611422172
W-corr,b0_alpha_0.40,2025-08-27,20,95,False,0.06765923857835243,0.057516797312430014
W-corr,b0_alpha_0.40,2025-09-03,5,96,False,0.06903721781840017,0.09777536625067824
W-corr,b0_alpha_0.40,2025-09-03,20,94,False,0.044172566516921564,0.08671748004190297
W-corr,b0_alpha_0.40,2025-09-10,5,97,False,-0.020867007384609733,-0.0006706290763728171
W-corr,b0_alpha_0.40,2025-09-10,20,95,False,0.10994800885683091,0.12715565509518478
W-corr,b0_alpha_0.40,2025-09-17,5,98,False,0.10378708316454194,-0.07108110348169257
W-corr,b0_alpha_0.40,2025-09-17,20,96,False,0.2511910212740847,0.19066739012479653
W-corr,b0_alpha_0.40,2025-09-24,5,96,False,0.155317802723312,0.1962832338578405
W-corr,b0_alpha_0.40,2025-09-24,20,96,False,0.10597253005748042,0.03259631036353771
W-corr,b0_alpha_0.40,2025-10-09,5,96,False,-0.15485685387254547,-0.17559685295713512
W-corr,b0_alpha_0.40,2025-10-09,20,96,False,-0.39159691971160204,-0.29464188822571896
W-corr,b0_alpha_0.40,2025-10-16,5,97,False,0.13916272768799967,0.2502498422049232
W-corr,b0_alpha_0.40,2025-10-16,20,97,False,0.44698619465950934,0.41986640016831467
W-corr,b0_alpha_0.40,2025-10-23,5,98,False,-0.05741382136360971,0.09895504593590013
W-corr,b0_alpha_0.40,2025-10-23,20,98,False,-0.1331960338640153,-0.13180192414360306
W-corr,b0_alpha_0.40,2025-10-30,5,98,False,-0.20412220427120262,-0.22930971826406285
W-corr,b0_alpha_0.40,2025-10-30,20,97,False,-0.07137775608219962,-0.2224516095097833
W-corr,b0_alpha_0.40,2025-11-06,5,98,False,-0.3557483830620724,-0.38556190986235167
W-corr,b0_alpha_0.40,2025-11-06,20,97,False,0.0592929865021114,-0.14377761413843887
W-corr,b0_alpha_0.40,2025-11-13,5,98,False,-0.005860898968855838,0.031361373040312654
W-corr,b0_alpha_0.40,2025-11-13,20,97,False,-0.1116602923024765,-0.11192930780559644
W-corr,b0_alpha_0.40,2025-11-20,5,97,False,0.09039824460384552,0.04806175047338522
W-corr,b0_alpha_0.40,2025-11-20,20,97,False,0.090207904792047,0.060106774668630326
W-corr,b0_alpha_0.40,2025-11-27,5,97,False,0.02374401523130691,0.038278455712181775
W-corr,b0_alpha_0.40,2025-11-27,20,96,False,0.029358092308083644,0.020293000542593597
W-corr,b0_alpha_0.40,2025-12-04,5,97,False,-0.06590176454395072,0.07526825163054912
W-corr,b0_alpha_0.40,2025-12-04,20,95,False,-0.028338352745796654,0.09377099664053752
W-corr,b0_alpha_0.40,2025-12-11,5,98,False,-0.16806048916585029,-0.15225471631951748
W-corr,b0_alpha_0.40,2025-12-11,20,96,False,-0.13701864027205962,-0.13026315789473683
W-corr,b0_alpha_0.40,2025-12-18,5,97,False,0.1693895431189987,0.13220597517357457
W-corr,b0_alpha_0.40,2025-12-18,20,96,False,0.08751078315325145,0.021554530656538253
W-corr,b0_alpha_0.40,2025-12-25,5,96,False,0.2560485440522698,0.2511937059142702
W-corr,b0_alpha_0.40,2025-12-25,20,96,False,0.20008537049376057,0.13194519804666305
W-corr,b0_alpha_0.40,2026-01-05,5,97,False,0.2976679979732934,0.2676335998316852
W-corr,b0_alpha_0.40,2026-01-05,20,97,False,0.26293831379636234,0.05746370713233746
W-corr,b0_alpha_0.40,2026-01-12,5,97,False,0.07303487597863367,0.021420681674731747
W-corr,b0_alpha_0.40,2026-01-12,20,97,False,0.021160426929517646,0.030796339154218387
W-corr,b0_alpha_0.40,2026-01-19,5,98,False,0.03028941387689329,-0.09112585990347404
W-corr,b0_alpha_0.40,2026-01-19,20,98,False,0.1402262533386482,-0.06731952387327939
W-corr,b0_alpha_0.40,2026-01-26,5,98,False,0.08587183788693631,-0.03549273505090883
W-corr,b0_alpha_0.40,2026-01-26,20,98,False,0.3055075198829887,0.06327741968389979
W-corr,b0_alpha_0.40,2026-02-02,5,98,False,0.12338203602129656,0.09648132917646908
W-corr,b0_alpha_0.40,2026-02-02,20,98,False,0.11192221092160458,0.12841012693737286
W-corr,b0_alpha_0.40,2026-02-09,5,98,False,0.2363140833686846,0.2641967752424306
W-corr,b0_alpha_0.40,2026-02-09,20,98,False,0.05333558117243693,-0.08128199733501647
W-corr,b0_alpha_0.40,2026-02-24,5,98,False,0.2702546351459418,0.0234939336559366
W-corr,b0_alpha_0.40,2026-02-24,20,98,False,0.2607602476487147,0.13639232637759882
W-corr,b0_alpha_0.40,2026-03-03,5,98,False,0.020509366477284182,0.1346964277744837
W-corr,b0_alpha_0.40,2026-03-03,20,98,False,-0.10663373693715567,-0.23409138725780845
W-corr,b0_alpha_0.40,2026-03-10,5,98,False,-0.3401382983859789,-0.24787534507711234
W-corr,b0_alpha_0.40,2026-03-10,20,98,False,0.016038137268760466,0.0058846406416362225
W-corr,b0_alpha_0.40,2026-03-17,5,98,False,-0.19624913957754453,-0.25176443585869207
W-corr,b0_alpha_0.40,2026-03-17,20,98,False,-0.05934415211334748,0.07340180683332376
W-corr,b0_alpha_0.40,2026-03-24,5,98,False,-0.15058994461513056,-0.11338931073835344
W-corr,b0_alpha_0.40,2026-03-24,20,98,False,0.18018473870006943,0.23886030513423734
W-corr,b0_alpha_0.40,2026-03-31,5,98,False,0.3333235174375963,0.30876193026413934
W-corr,b0_alpha_0.40,2026-03-31,20,98,False,0.03623054330629033,0.06582764314723076
W-corr,b0_alpha_0.40,2026-04-08,5,98,False,0.003058596124601217,0.07929282303361831
W-corr,b0_alpha_0.40,2026-04-08,20,97,False,0.2671364241135893,0.3119345676414895
W-corr,b0_alpha_0.40,2026-04-15,5,98,False,0.10301985799202837,0.1647125579378893
W-corr,b0_alpha_0.40,2026-04-15,20,97,False,0.2772136939313771,0.28830475489164736
W-corr,b0_alpha_0.40,2026-04-22,5,98,False,-0.311088478616121,-0.17956760961179222
W-corr,b0_alpha_0.40,2026-04-22,20,97,False,-0.16626764688274787,-0.20642225962549965
W-corr,b0_alpha_0.40,2026-04-29,5,97,False,0.2563290709856157,0.24608142225962548
W-corr,b0_alpha_0.40,2026-04-29,20,97,False,0.11012951240298657,0.1284320429202609
W-corr,b0_alpha_0.40,2026-05-11,5,98,False,0.18380202621068623,0.1971769026260926
W-corr,b0_alpha_0.40,2026-05-11,20,98,False,0.10055815744025155,0.14924545263278693
W-corr,b0_alpha_0.40,2026-05-18,5,98,False,-0.07892877912950502,-0.14760055849893844
W-corr,b0_alpha_0.40,2026-05-18,20,98,False,-0.029309882435306682,0.010985087568298172
W-corr,b0_alpha_0.40,2026-05-25,5,98,False,0.15245528440751002,0.0690409247110278
W-corr,b0_alpha_0.40,2026-05-25,20,98,False,-0.012267166926020371,0.07104285012974261
W-corr,b0_alpha_0.40,2026-06-01,5,98,False,-0.06697088338097164,-0.0757352613022716
W-corr,b0_alpha_0.40,2026-06-01,20,98,False,0.08531199296595773,0.1631569216252574
W-corr,b0_alpha_0.40,2026-06-08,5,98,False,-0.19387074136607432,-0.22691250820853173
W-corr,b0_alpha_0.40,2026-06-08,20,98,False,0.04296132235670744,-0.046216424714215575
W-corr,b0_alpha_0.40,2026-06-15,5,98,False,0.2156706034968736,0.10497357330936122
W-corr,b0_alpha_0.40,2026-06-15,20,98,False,0.18414347380090573,0.1241895071055601
W-corr,b0_alpha_0.40,2026-06-23,5,98,False,-0.3232481890064752,-0.4109748866744448
W-corr,b0_alpha_0.40,2026-06-23,20,98,False,0.019528152853319096,0.02615891717511747
W-corr,b0_alpha_0.40,2026-06-30,5,98,False,0.2487266302587481,0.21105011826661307
W-corr,b0_alpha_0.40,2026-06-30,20,98,False,0.3219036826440833,0.2482323763619787
W-corr,b0_alpha_0.40,2026-07-07,5,98,False,0.07794693386758103,0.01729689064004233
W-corr,b0_alpha_0.40,2026-07-07,20,98,False,0.3051479211820756,0.19106911743141491
W-corr,b0_alpha_0.40,2026-07-14,5,98,False,-0.2141715124634471,-0.26984552021370867
W-corr,b0_alpha_0.40,2026-07-14,20,98,False,-0.15555673446009188,-0.1418243023544938
W-corr,b0_alpha_0.40,2026-07-21,5,98,False,-0.24593933572040885,-0.17422489145611383
W-corr,b0_alpha_0.40,2026-07-21,20,98,False,0.11446437600309733,0.08403623867541392
W-corr,b0_alpha_0.40,2026-07-28,5,98,False,-0.22381271131590877,-0.2836294780330126
W-corr,b0_alpha_0.40,2026-07-28,20,98,False,0.025196638065074183,0.0019572965081065224
W-corr,b0_alpha_0.40,2026-08-04,5,98,False,0.34130036029856453,0.26607118948797887
W-corr,b0_alpha_0.40,2026-08-04,20,0,True,,
W-corr,b0_alpha_0.40,2026-08-11,5,98,False,0.3483743866734905,0.40269941153593575
W-corr,b0_alpha_0.40,2026-08-11,20,0,True,,
W-corr,b0_alpha_0.40,2026-08-18,5,98,False,-0.3496415699709491,-0.28207384172038075
W-corr,b0_alpha_0.40,2026-08-18,20,0,True,,
W-corr,b0_alpha_0.40,2026-08-25,5,0,True,,
W-corr,b0_alpha_0.40,2026-08-25,20,0,True,,
W-corr,gate_V1,2025-04-02,5,99,False,-0.028753447661148478,-0.0036858379715522566
W-corr,gate_V1,2025-04-02,20,99,False,0.012383566797937682,0.047816944959802106
W-corr,gate_V1,2025-04-10,5,99,False,0.22966312481405504,0.24552875695732837
W-corr,gate_V1,2025-04-10,20,99,False,-0.3546133279337997,-0.3828324056895485
W-corr,gate_V1,2025-04-17,5,99,False,-0.0946276999365534,-0.04442795299938156
W-corr,gate_V1,2025-04-17,20,99,False,-0.32218732246882864,-0.22238713667285095
W-corr,gate_V1,2025-04-24,5,99,False,0.16026250293694452,0.21918367346938772
W-corr,gate_V1,2025-04-24,20,99,False,-0.19835802251647158,-0.16283240568954854
W-corr,gate_V1,2025-05-06,5,99,False,-0.22423160980879853,-0.18839826839826837
W-corr,gate_V1,2025-05-06,20,99,False,-0.3362753503742214,-0.31278911564625844
W-corr,gate_V1,2025-05-13,5,99,False,0.29701990072412204,0.19228200371057516
W-corr,gate_V1,2025-05-13,20,99,False,0.3622354920888182,0.2949659863945578
W-corr,gate_V1,2025-05-20,5,99,False,0.0386603173060341,0.0687569573283859
W-corr,gate_V1,2025-05-20,20,99,False,-0.14660878988541284,-0.11863945578231291
W-corr,gate_V1,2025-05-27,5,99,False,-0.21774587213029756,-0.20426716141001855
W-corr,gate_V1,2025-05-27,20,99,False,-0.3737153745469181,-0.39376623376623376
W-corr,gate_V1,2025-06-04,5,99,False,-0.061593383806690265,-0.014730983302411873
W-corr,gate_V1,2025-06-04,20,99,False,0.07522326303616512,0.111713048855906
W-corr,gate_V1,2025-06-11,5,99,False,0.006678928483765497,-0.0815460729746444
W-corr,gate_V1,2025-06-11,20,99,False,0.017077671513630602,0.06202844774273346
W-corr,gate_V1,2025-06-18,5,99,False,-0.2826391544465179,-0.2530983302411874
W-corr,gate_V1,2025-06-18,20,99,False,-0.1396684453251895,-0.18484848484848487
W-corr,gate_V1,2025-06-25,5,99,False,-0.07170503731580605,0.0024366110080395794
W-corr,gate_V1,2025-06-25,20,99,False,-0.14380456204382416,-0.13226963512677797
W-corr,gate_V1,2025-07-02,5,99,False,-0.10242742238247272,-0.008967223252937537
W-corr,gate_V1,2025-07-02,20,99,False,-0.19559029976570325,-0.09711811997526285
W-corr,gate_V1,2025-07-09,5,99,False,-0.1357644542451153,-0.05673469387755102
W-corr,gate_V1,2025-07-09,20,99,False,-0.08733143880748348,-0.022820037105751388
W-corr,gate_V1,2025-07-16,5,99,False,-0.140696119313521,-0.10686456400742114
W-corr,gate_V1,2025-07-16,20,97,False,0.23688700480105715,-0.046825689038502
W-corr,gate_V1,2025-07-23,5,99,False,0.12585923925751272,0.004959802102659245
W-corr,gate_V1,2025-07-23,20,97,False,0.11316096895048944,-0.0786871449610772
W-corr,gate_V1,2025-07-30,5,99,False,0.16551468590174967,0.09010513296227582
W-corr,gate_V1,2025-07-30,20,97,False,0.18255882151555194,-0.08334209972648852
W-corr,gate_V1,2025-08-06,5,97,False,-0.028446388930574662,-0.20439722280664843
W-corr,gate_V1,2025-08-06,20,94,False,0.08581596062956998,0.07004298667051981
W-corr,gate_V1,2025-08-13,5,97,False,0.33156140618206115,0.4231800967809804
W-corr,gate_V1,2025-08-13,20,94,False,0.12518762194780864,0.20447928331466966
W-corr,gate_V1,2025-08-20,5,98,False,0.20476481641169078,0.13607354844468245
W-corr,gate_V1,2025-08-20,20,95,False,-0.04127580242969314,0.025503919372900332
W-corr,gate_V1,2025-08-27,5,95,False,0.08375099769360468,0.03258678611422172
W-corr,gate_V1,2025-08-27,20,95,False,0.06765923857835243,0.057516797312430014
W-corr,gate_V1,2025-09-03,5,96,False,0.06903721781840017,0.09777536625067824
W-corr,gate_V1,2025-09-03,20,94,False,0.044172566516921564,0.08671748004190297
W-corr,gate_V1,2025-09-10,5,97,False,-0.020867007384609733,-0.0006706290763728171
W-corr,gate_V1,2025-09-10,20,95,False,0.10994800885683091,0.12715565509518478
W-corr,gate_V1,2025-09-17,5,98,False,0.10378708316454194,-0.07108110348169257
W-corr,gate_V1,2025-09-17,20,96,False,0.2511910212740847,0.19066739012479653
W-corr,gate_V1,2025-09-24,5,96,False,0.155317802723312,0.1962832338578405
W-corr,gate_V1,2025-09-24,20,96,False,0.10597253005748042,0.03259631036353771
W-corr,gate_V1,2025-10-09,5,96,False,-0.15485685387254547,-0.17559685295713512
W-corr,gate_V1,2025-10-09,20,96,False,-0.39159691971160204,-0.29464188822571896
W-corr,gate_V1,2025-10-16,5,97,False,0.13916272768799967,0.2502498422049232
W-corr,gate_V1,2025-10-16,20,97,False,0.44698619465950934,0.41986640016831467
W-corr,gate_V1,2025-10-23,5,98,False,-0.05741382136360971,0.09895504593590013
W-corr,gate_V1,2025-10-23,20,98,False,-0.1331960338640153,-0.13180192414360306
W-corr,gate_V1,2025-10-30,5,98,False,-0.20412220427120262,-0.22930971826406285
W-corr,gate_V1,2025-10-30,20,97,False,-0.07137775608219962,-0.2224516095097833
W-corr,gate_V1,2025-11-06,5,98,False,-0.3557483830620724,-0.38556190986235167
W-corr,gate_V1,2025-11-06,20,97,False,0.0592929865021114,-0.14377761413843887
W-corr,gate_V1,2025-11-13,5,98,False,-0.005860898968855838,0.031361373040312654
W-corr,gate_V1,2025-11-13,20,97,False,-0.1116602923024765,-0.11192930780559644
W-corr,gate_V1,2025-11-20,5,97,False,0.09039824460384552,0.04806175047338522
W-corr,gate_V1,2025-11-20,20,97,False,0.090207904792047,0.060106774668630326
W-corr,gate_V1,2025-11-27,5,97,False,0.02374401523130691,0.038278455712181775
W-corr,gate_V1,2025-11-27,20,96,False,0.029358092308083644,0.020293000542593597
W-corr,gate_V1,2025-12-04,5,97,False,-0.06590176454395072,0.07526825163054912
W-corr,gate_V1,2025-12-04,20,95,False,-0.028338352745796654,0.09377099664053752
W-corr,gate_V1,2025-12-11,5,98,False,-0.16806048916585029,-0.15225471631951748
W-corr,gate_V1,2025-12-11,20,96,False,-0.13701864027205962,-0.13026315789473683
W-corr,gate_V1,2025-12-18,5,97,False,0.1693895431189987,0.13220597517357457
W-corr,gate_V1,2025-12-18,20,96,False,0.08751078315325145,0.021554530656538253
W-corr,gate_V1,2025-12-25,5,96,False,0.2560485440522698,0.2511937059142702
W-corr,gate_V1,2025-12-25,20,96,False,0.20008537049376057,0.13194519804666305
W-corr,gate_V1,2026-01-05,5,97,False,0.2976679979732934,0.2676335998316852
W-corr,gate_V1,2026-01-05,20,97,False,0.26293831379636234,0.05746370713233746
W-corr,gate_V1,2026-01-12,5,97,False,0.07303487597863367,0.021420681674731747
W-corr,gate_V1,2026-01-12,20,97,False,0.021160426929517646,0.030796339154218387
W-corr,gate_V1,2026-01-19,5,98,False,0.03028941387689329,-0.09112585990347404
W-corr,gate_V1,2026-01-19,20,98,False,0.1402262533386482,-0.06731952387327939
W-corr,gate_V1,2026-01-26,5,98,False,0.08587183788693631,-0.03549273505090883
W-corr,gate_V1,2026-01-26,20,98,False,0.3055075198829887,0.06327741968389979
W-corr,gate_V1,2026-02-02,5,98,False,0.12338203602129656,0.09648132917646908
W-corr,gate_V1,2026-02-02,20,98,False,0.11192221092160458,0.12841012693737286
W-corr,gate_V1,2026-02-09,5,98,False,0.2363140833686846,0.2641967752424306
W-corr,gate_V1,2026-02-09,20,98,False,0.05333558117243693,-0.08128199733501647
W-corr,gate_V1,2026-02-24,5,98,False,0.2702546351459418,0.0234939336559366
W-corr,gate_V1,2026-02-24,20,98,False,0.2607602476487147,0.13639232637759882
W-corr,gate_V1,2026-03-03,5,98,False,0.020509366477284182,0.1346964277744837
W-corr,gate_V1,2026-03-03,20,98,False,-0.10663373693715567,-0.23409138725780845
W-corr,gate_V1,2026-03-10,5,98,False,-0.3401382983859789,-0.24787534507711234
W-corr,gate_V1,2026-03-10,20,98,False,0.016038137268760466,0.0058846406416362225
W-corr,gate_V1,2026-03-17,5,98,False,-0.19624913957754453,-0.25176443585869207
W-corr,gate_V1,2026-03-17,20,98,False,-0.05934415211334748,0.07340180683332376
W-corr,gate_V1,2026-03-24,5,98,False,-0.15058994461513056,-0.11338931073835344
W-corr,gate_V1,2026-03-24,20,98,False,0.18018473870006943,0.23886030513423734
W-corr,gate_V1,2026-03-31,5,98,False,0.3333235174375963,0.30876193026413934
W-corr,gate_V1,2026-03-31,20,98,False,0.03623054330629033,0.06582764314723076
W-corr,gate_V1,2026-04-08,5,98,False,0.003058596124601217,0.07929282303361831
W-corr,gate_V1,2026-04-08,20,97,False,0.2671364241135893,0.3119345676414895
W-corr,gate_V1,2026-04-15,5,98,False,0.10301985799202837,0.1647125579378893
W-corr,gate_V1,2026-04-15,20,97,False,0.2772136939313771,0.28830475489164736
W-corr,gate_V1,2026-04-22,5,98,False,-0.311088478616121,-0.17956760961179222
W-corr,gate_V1,2026-04-22,20,97,False,-0.16626764688274787,-0.20642225962549965
W-corr,gate_V1,2026-04-29,5,97,False,0.2563290709856157,0.24608142225962548
W-corr,gate_V1,2026-04-29,20,97,False,0.11012951240298657,0.1284320429202609
W-corr,gate_V1,2026-05-11,5,98,False,0.18380202621068623,0.1971769026260926
W-corr,gate_V1,2026-05-11,20,98,False,0.10055815744025155,0.14924545263278693
W-corr,gate_V1,2026-05-18,5,98,False,-0.07892877912950502,-0.14760055849893844
W-corr,gate_V1,2026-05-18,20,98,False,-0.029309882435306682,0.010985087568298172
W-corr,gate_V1,2026-05-25,5,98,False,0.15245528440751002,0.0690409247110278
W-corr,gate_V1,2026-05-25,20,98,False,-0.012267166926020371,0.07104285012974261
W-corr,gate_V1,2026-06-01,5,98,False,-0.06697088338097164,-0.0757352613022716
W-corr,gate_V1,2026-06-01,20,98,False,0.08531199296595773,0.1631569216252574
W-corr,gate_V1,2026-06-08,5,98,False,-0.19387074136607432,-0.22691250820853173
W-corr,gate_V1,2026-06-08,20,98,False,0.04296132235670744,-0.046216424714215575
W-corr,gate_V1,2026-06-15,5,98,False,0.2156706034968736,0.10497357330936122
W-corr,gate_V1,2026-06-15,20,98,False,0.18414347380090573,0.1241895071055601
W-corr,gate_V1,2026-06-23,5,98,False,-0.3232481890064752,-0.4109748866744448
W-corr,gate_V1,2026-06-23,20,98,False,0.019528152853319096,0.02615891717511747
W-corr,gate_V1,2026-06-30,5,98,False,0.2487266302587481,0.21105011826661307
W-corr,gate_V1,2026-06-30,20,98,False,0.3219036826440833,0.2482323763619787
W-corr,gate_V1,2026-07-07,5,98,False,0.07794693386758103,0.01729689064004233
W-corr,gate_V1,2026-07-07,20,98,False,0.3051479211820756,0.19106911743141491
W-corr,gate_V1,2026-07-14,5,98,False,-0.2141715124634471,-0.26984552021370867
W-corr,gate_V1,2026-07-14,20,98,False,-0.15555673446009188,-0.1418243023544938
W-corr,gate_V1,2026-07-21,5,98,False,-0.24593933572040885,-0.17422489145611383
W-corr,gate_V1,2026-07-21,20,98,False,0.11446437600309733,0.08403623867541392
W-corr,gate_V1,2026-07-28,5,98,False,-0.22381271131590877,-0.2836294780330126
W-corr,gate_V1,2026-07-28,20,98,False,0.025196638065074183,0.0019572965081065224
W-corr,gate_V1,2026-08-04,5,98,False,0.34130036029856453,0.26607118948797887
W-corr,gate_V1,2026-08-04,20,0,True,,
W-corr,gate_V1,2026-08-11,5,98,False,0.3483743866734905,0.40269941153593575
W-corr,gate_V1,2026-08-11,20,0,True,,
W-corr,gate_V1,2026-08-18,5,98,False,-0.3496415699709491,-0.28207384172038075
W-corr,gate_V1,2026-08-18,20,0,True,,
W-corr,gate_V1,2026-08-25,5,0,True,,
W-corr,gate_V1,2026-08-25,20,0,True,,
W-corr,gate_V2,2025-04-02,5,99,False,-0.028753447661148478,-0.0036858379715522566
W-corr,gate_V2,2025-04-02,20,99,False,0.012383566797937682,0.047816944959802106
W-corr,gate_V2,2025-04-10,5,99,False,0.22966312481405504,0.24552875695732837
W-corr,gate_V2,2025-04-10,20,99,False,-0.3546133279337997,-0.3828324056895485
W-corr,gate_V2,2025-04-17,5,99,False,-0.0946276999365534,-0.04442795299938156
W-corr,gate_V2,2025-04-17,20,99,False,-0.32218732246882864,-0.22238713667285095
W-corr,gate_V2,2025-04-24,5,99,False,0.16026250293694452,0.21918367346938772
W-corr,gate_V2,2025-04-24,20,99,False,-0.19835802251647158,-0.16283240568954854
W-corr,gate_V2,2025-05-06,5,99,False,-0.22423160980879853,-0.18839826839826837
W-corr,gate_V2,2025-05-06,20,99,False,-0.3362753503742214,-0.31278911564625844
W-corr,gate_V2,2025-05-13,5,99,False,0.29701990072412204,0.19228200371057516
W-corr,gate_V2,2025-05-13,20,99,False,0.3622354920888182,0.2949659863945578
W-corr,gate_V2,2025-05-20,5,99,False,0.0386603173060341,0.0687569573283859
W-corr,gate_V2,2025-05-20,20,99,False,-0.14660878988541284,-0.11863945578231291
W-corr,gate_V2,2025-05-27,5,99,False,-0.21774587213029756,-0.20426716141001855
W-corr,gate_V2,2025-05-27,20,99,False,-0.3737153745469181,-0.39376623376623376
W-corr,gate_V2,2025-06-04,5,99,False,-0.061593383806690265,-0.014730983302411873
W-corr,gate_V2,2025-06-04,20,99,False,0.07522326303616512,0.111713048855906
W-corr,gate_V2,2025-06-11,5,99,False,0.006678928483765497,-0.0815460729746444
W-corr,gate_V2,2025-06-11,20,99,False,0.017077671513630602,0.06202844774273346
W-corr,gate_V2,2025-06-18,5,99,False,-0.2826391544465179,-0.2530983302411874
W-corr,gate_V2,2025-06-18,20,99,False,-0.1396684453251895,-0.18484848484848487
W-corr,gate_V2,2025-06-25,5,99,False,-0.07170503731580605,0.0024366110080395794
W-corr,gate_V2,2025-06-25,20,99,False,-0.14380456204382416,-0.13226963512677797
W-corr,gate_V2,2025-07-02,5,99,False,-0.10242742238247272,-0.008967223252937537
W-corr,gate_V2,2025-07-02,20,99,False,-0.19559029976570325,-0.09711811997526285
W-corr,gate_V2,2025-07-09,5,99,False,-0.1357644542451153,-0.05673469387755102
W-corr,gate_V2,2025-07-09,20,99,False,-0.08733143880748348,-0.022820037105751388
W-corr,gate_V2,2025-07-16,5,99,False,-0.140696119313521,-0.10686456400742114
W-corr,gate_V2,2025-07-16,20,97,False,0.23688700480105715,-0.046825689038502
W-corr,gate_V2,2025-07-23,5,99,False,0.12585923925751272,0.004959802102659245
W-corr,gate_V2,2025-07-23,20,97,False,0.11316096895048944,-0.0786871449610772
W-corr,gate_V2,2025-07-30,5,99,False,0.16551468590174967,0.09010513296227582
W-corr,gate_V2,2025-07-30,20,97,False,0.18255882151555194,-0.08334209972648852
W-corr,gate_V2,2025-08-06,5,97,False,-0.028446388930574662,-0.20439722280664843
W-corr,gate_V2,2025-08-06,20,94,False,0.08581596062956998,0.07004298667051981
W-corr,gate_V2,2025-08-13,5,97,False,0.33156140618206115,0.4231800967809804
W-corr,gate_V2,2025-08-13,20,94,False,0.12518762194780864,0.20447928331466966
W-corr,gate_V2,2025-08-20,5,98,False,0.20476481641169078,0.13607354844468245
W-corr,gate_V2,2025-08-20,20,95,False,-0.04127580242969314,0.025503919372900332
W-corr,gate_V2,2025-08-27,5,95,False,0.08375099769360468,0.03258678611422172
W-corr,gate_V2,2025-08-27,20,95,False,0.06765923857835243,0.057516797312430014
W-corr,gate_V2,2025-09-03,5,96,False,0.06903721781840017,0.09777536625067824
W-corr,gate_V2,2025-09-03,20,94,False,0.044172566516921564,0.08671748004190297
W-corr,gate_V2,2025-09-10,5,97,False,-0.020867007384609733,-0.0006706290763728171
W-corr,gate_V2,2025-09-10,20,95,False,0.10994800885683091,0.12715565509518478
W-corr,gate_V2,2025-09-17,5,98,False,0.10378708316454194,-0.07108110348169257
W-corr,gate_V2,2025-09-17,20,96,False,0.2511910212740847,0.19066739012479653
W-corr,gate_V2,2025-09-24,5,96,False,0.155317802723312,0.1962832338578405
W-corr,gate_V2,2025-09-24,20,96,False,0.10597253005748042,0.03259631036353771
W-corr,gate_V2,2025-10-09,5,96,False,-0.15485685387254547,-0.17559685295713512
W-corr,gate_V2,2025-10-09,20,96,False,-0.39159691971160204,-0.29464188822571896
W-corr,gate_V2,2025-10-16,5,97,False,0.13916272768799967,0.2502498422049232
W-corr,gate_V2,2025-10-16,20,97,False,0.44698619465950934,0.41986640016831467
W-corr,gate_V2,2025-10-23,5,98,False,-0.05741382136360971,0.09895504593590013
W-corr,gate_V2,2025-10-23,20,98,False,-0.1331960338640153,-0.13180192414360306
W-corr,gate_V2,2025-10-30,5,98,False,-0.20412220427120262,-0.22930971826406285
W-corr,gate_V2,2025-10-30,20,97,False,-0.07137775608219962,-0.2224516095097833
W-corr,gate_V2,2025-11-06,5,98,False,-0.3557483830620724,-0.38556190986235167
W-corr,gate_V2,2025-11-06,20,97,False,0.0592929865021114,-0.14377761413843887
W-corr,gate_V2,2025-11-13,5,98,False,-0.005860898968855838,0.031361373040312654
W-corr,gate_V2,2025-11-13,20,97,False,-0.1116602923024765,-0.11192930780559644
W-corr,gate_V2,2025-11-20,5,97,False,0.09039824460384552,0.04806175047338522
W-corr,gate_V2,2025-11-20,20,97,False,0.090207904792047,0.060106774668630326
W-corr,gate_V2,2025-11-27,5,97,False,0.02374401523130691,0.038278455712181775
W-corr,gate_V2,2025-11-27,20,96,False,0.029358092308083644,0.020293000542593597
W-corr,gate_V2,2025-12-04,5,97,False,-0.06590176454395072,0.07526825163054912
W-corr,gate_V2,2025-12-04,20,95,False,-0.028338352745796654,0.09377099664053752
W-corr,gate_V2,2025-12-11,5,98,False,-0.16806048916585029,-0.15225471631951748
W-corr,gate_V2,2025-12-11,20,96,False,-0.13701864027205962,-0.13026315789473683
W-corr,gate_V2,2025-12-18,5,97,False,0.1693895431189987,0.13220597517357457
W-corr,gate_V2,2025-12-18,20,96,False,0.08751078315325145,0.021554530656538253
W-corr,gate_V2,2025-12-25,5,96,False,0.2560485440522698,0.2511937059142702
W-corr,gate_V2,2025-12-25,20,96,False,0.20008537049376057,0.13194519804666305
W-corr,gate_V2,2026-01-05,5,97,False,0.2976679979732934,0.2676335998316852
W-corr,gate_V2,2026-01-05,20,97,False,0.26293831379636234,0.05746370713233746
W-corr,gate_V2,2026-01-12,5,97,False,0.07303487597863367,0.021420681674731747
W-corr,gate_V2,2026-01-12,20,97,False,0.021160426929517646,0.030796339154218387
W-corr,gate_V2,2026-01-19,5,98,False,0.03028941387689329,-0.09112585990347404
W-corr,gate_V2,2026-01-19,20,98,False,0.1402262533386482,-0.06731952387327939
W-corr,gate_V2,2026-01-26,5,98,False,0.08587183788693631,-0.03549273505090883
W-corr,gate_V2,2026-01-26,20,98,False,0.3055075198829887,0.06327741968389979
W-corr,gate_V2,2026-02-02,5,98,False,0.12338203602129656,0.09648132917646908
W-corr,gate_V2,2026-02-02,20,98,False,0.11192221092160458,0.12841012693737286
W-corr,gate_V2,2026-02-09,5,98,False,0.2363140833686846,0.2641967752424306
W-corr,gate_V2,2026-02-09,20,98,False,0.05333558117243693,-0.08128199733501647
W-corr,gate_V2,2026-02-24,5,98,False,0.2702546351459418,0.0234939336559366
W-corr,gate_V2,2026-02-24,20,98,False,0.2607602476487147,0.13639232637759882
W-corr,gate_V2,2026-03-03,5,98,False,0.020509366477284182,0.1346964277744837
W-corr,gate_V2,2026-03-03,20,98,False,-0.10663373693715567,-0.23409138725780845
W-corr,gate_V2,2026-03-10,5,98,False,-0.3401382983859789,-0.24787534507711234
W-corr,gate_V2,2026-03-10,20,98,False,0.016038137268760466,0.0058846406416362225
W-corr,gate_V2,2026-03-17,5,98,False,-0.19624913957754453,-0.25176443585869207
W-corr,gate_V2,2026-03-17,20,98,False,-0.05934415211334748,0.07340180683332376
W-corr,gate_V2,2026-03-24,5,98,False,-0.15058994461513056,-0.11338931073835344
W-corr,gate_V2,2026-03-24,20,98,False,0.18018473870006943,0.23886030513423734
W-corr,gate_V2,2026-03-31,5,98,False,0.3333235174375963,0.30876193026413934
W-corr,gate_V2,2026-03-31,20,98,False,0.03623054330629033,0.06582764314723076
W-corr,gate_V2,2026-04-08,5,98,False,0.003058596124601217,0.07929282303361831
W-corr,gate_V2,2026-04-08,20,97,False,0.2671364241135893,0.3119345676414895
W-corr,gate_V2,2026-04-15,5,98,False,0.10301985799202837,0.1647125579378893
W-corr,gate_V2,2026-04-15,20,97,False,0.2772136939313771,0.28830475489164736
W-corr,gate_V2,2026-04-22,5,98,False,-0.311088478616121,-0.17956760961179222
W-corr,gate_V2,2026-04-22,20,97,False,-0.16626764688274787,-0.20642225962549965
W-corr,gate_V2,2026-04-29,5,97,False,0.2563290709856157,0.24608142225962548
W-corr,gate_V2,2026-04-29,20,97,False,0.11012951240298657,0.1284320429202609
W-corr,gate_V2,2026-05-11,5,98,False,0.18380202621068623,0.1971769026260926
W-corr,gate_V2,2026-05-11,20,98,False,0.10055815744025155,0.14924545263278693
W-corr,gate_V2,2026-05-18,5,98,False,-0.07892877912950502,-0.14760055849893844
W-corr,gate_V2,2026-05-18,20,98,False,-0.029309882435306682,0.010985087568298172
W-corr,gate_V2,2026-05-25,5,98,False,0.15245528440751002,0.0690409247110278
W-corr,gate_V2,2026-05-25,20,98,False,-0.012267166926020371,0.07104285012974261
W-corr,gate_V2,2026-06-01,5,98,False,-0.06697088338097164,-0.0757352613022716
W-corr,gate_V2,2026-06-01,20,98,False,0.08531199296595773,0.1631569216252574
W-corr,gate_V2,2026-06-08,5,98,False,-0.19387074136607432,-0.22691250820853173
W-corr,gate_V2,2026-06-08,20,98,False,0.04296132235670744,-0.046216424714215575
W-corr,gate_V2,2026-06-15,5,98,False,0.2156706034968736,0.10497357330936122
W-corr,gate_V2,2026-06-15,20,98,False,0.18414347380090573,0.1241895071055601
W-corr,gate_V2,2026-06-23,5,98,False,-0.3232481890064752,-0.4109748866744448
W-corr,gate_V2,2026-06-23,20,98,False,0.019528152853319096,0.02615891717511747
W-corr,gate_V2,2026-06-30,5,98,False,0.2487266302587481,0.21105011826661307
W-corr,gate_V2,2026-06-30,20,98,False,0.3219036826440833,0.2482323763619787
W-corr,gate_V2,2026-07-07,5,98,False,0.07794693386758103,0.01729689064004233
W-corr,gate_V2,2026-07-07,20,98,False,0.3051479211820756,0.19106911743141491
W-corr,gate_V2,2026-07-14,5,98,False,-0.2141715124634471,-0.26984552021370867
W-corr,gate_V2,2026-07-14,20,98,False,-0.15555673446009188,-0.1418243023544938
W-corr,gate_V2,2026-07-21,5,98,False,-0.24593933572040885,-0.17422489145611383
W-corr,gate_V2,2026-07-21,20,98,False,0.11446437600309733,0.08403623867541392
W-corr,gate_V2,2026-07-28,5,98,False,-0.22381271131590877,-0.2836294780330126
W-corr,gate_V2,2026-07-28,20,98,False,0.025196638065074183,0.0019572965081065224
W-corr,gate_V2,2026-08-04,5,98,False,0.34130036029856453,0.26607118948797887
W-corr,gate_V2,2026-08-04,20,0,True,,
W-corr,gate_V2,2026-08-11,5,98,False,0.3483743866734905,0.40269941153593575
W-corr,gate_V2,2026-08-11,20,0,True,,
W-corr,gate_V2,2026-08-18,5,98,False,-0.3496415699709491,-0.28207384172038075
W-corr,gate_V2,2026-08-18,20,0,True,,
W-corr,gate_V2,2026-08-25,5,0,True,,
W-corr,gate_V2,2026-08-25,20,0,True,,
W-corr,gate_V3,2025-04-02,5,99,False,-0.028753447661148478,-0.0036858379715522566
W-corr,gate_V3,2025-04-02,20,99,False,0.012383566797937682,0.047816944959802106
W-corr,gate_V3,2025-04-10,5,99,False,0.22966312481405504,0.24552875695732837
W-corr,gate_V3,2025-04-10,20,99,False,-0.3546133279337997,-0.3828324056895485
W-corr,gate_V3,2025-04-17,5,99,False,-0.0946276999365534,-0.04442795299938156
W-corr,gate_V3,2025-04-17,20,99,False,-0.32218732246882864,-0.22238713667285095
W-corr,gate_V3,2025-04-24,5,99,False,0.16026250293694452,0.21918367346938772
W-corr,gate_V3,2025-04-24,20,99,False,-0.19835802251647158,-0.16283240568954854
W-corr,gate_V3,2025-05-06,5,99,False,-0.22423160980879853,-0.18839826839826837
W-corr,gate_V3,2025-05-06,20,99,False,-0.3362753503742214,-0.31278911564625844
W-corr,gate_V3,2025-05-13,5,99,False,0.29701990072412204,0.19228200371057516
W-corr,gate_V3,2025-05-13,20,99,False,0.3622354920888182,0.2949659863945578
W-corr,gate_V3,2025-05-20,5,99,False,0.0386603173060341,0.0687569573283859
W-corr,gate_V3,2025-05-20,20,99,False,-0.14660878988541284,-0.11863945578231291
W-corr,gate_V3,2025-05-27,5,99,False,-0.21774587213029756,-0.20426716141001855
W-corr,gate_V3,2025-05-27,20,99,False,-0.3737153745469181,-0.39376623376623376
W-corr,gate_V3,2025-06-04,5,99,False,-0.061593383806690265,-0.014730983302411873
W-corr,gate_V3,2025-06-04,20,99,False,0.07522326303616512,0.111713048855906
W-corr,gate_V3,2025-06-11,5,99,False,0.006678928483765497,-0.0815460729746444
W-corr,gate_V3,2025-06-11,20,99,False,0.017077671513630602,0.06202844774273346
W-corr,gate_V3,2025-06-18,5,99,False,-0.2826391544465179,-0.2530983302411874
W-corr,gate_V3,2025-06-18,20,99,False,-0.1396684453251895,-0.18484848484848487
W-corr,gate_V3,2025-06-25,5,99,False,-0.07170503731580605,0.0024366110080395794
W-corr,gate_V3,2025-06-25,20,99,False,-0.14380456204382416,-0.13226963512677797
W-corr,gate_V3,2025-07-02,5,99,False,-0.10242742238247272,-0.008967223252937537
W-corr,gate_V3,2025-07-02,20,99,False,-0.19559029976570325,-0.09711811997526285
W-corr,gate_V3,2025-07-09,5,99,False,-0.1357644542451153,-0.05673469387755102
W-corr,gate_V3,2025-07-09,20,99,False,-0.08733143880748348,-0.022820037105751388
W-corr,gate_V3,2025-07-16,5,99,False,-0.140696119313521,-0.10686456400742114
W-corr,gate_V3,2025-07-16,20,97,False,0.23688700480105715,-0.046825689038502
W-corr,gate_V3,2025-07-23,5,99,False,0.12585923925751272,0.004959802102659245
W-corr,gate_V3,2025-07-23,20,97,False,0.11316096895048944,-0.0786871449610772
W-corr,gate_V3,2025-07-30,5,99,False,0.16551468590174967,0.09010513296227582
W-corr,gate_V3,2025-07-30,20,97,False,0.18255882151555194,-0.08334209972648852
W-corr,gate_V3,2025-08-06,5,97,False,-0.028446388930574662,-0.20439722280664843
W-corr,gate_V3,2025-08-06,20,94,False,0.08581596062956998,0.07004298667051981
W-corr,gate_V3,2025-08-13,5,97,False,0.33156140618206115,0.4231800967809804
W-corr,gate_V3,2025-08-13,20,94,False,0.12518762194780864,0.20447928331466966
W-corr,gate_V3,2025-08-20,5,98,False,0.20476481641169078,0.13607354844468245
W-corr,gate_V3,2025-08-20,20,95,False,-0.04127580242969314,0.025503919372900332
W-corr,gate_V3,2025-08-27,5,95,False,0.08375099769360468,0.03258678611422172
W-corr,gate_V3,2025-08-27,20,95,False,0.06765923857835243,0.057516797312430014
W-corr,gate_V3,2025-09-03,5,96,False,0.06903721781840017,0.09777536625067824
W-corr,gate_V3,2025-09-03,20,94,False,0.044172566516921564,0.08671748004190297
W-corr,gate_V3,2025-09-10,5,97,False,-0.020867007384609733,-0.0006706290763728171
W-corr,gate_V3,2025-09-10,20,95,False,0.10994800885683091,0.12715565509518478
W-corr,gate_V3,2025-09-17,5,98,False,0.10378708316454194,-0.07108110348169257
W-corr,gate_V3,2025-09-17,20,96,False,0.2511910212740847,0.19066739012479653
W-corr,gate_V3,2025-09-24,5,96,False,0.155317802723312,0.1962832338578405
W-corr,gate_V3,2025-09-24,20,96,False,0.10597253005748042,0.03259631036353771
W-corr,gate_V3,2025-10-09,5,96,False,-0.15485685387254547,-0.17559685295713512
W-corr,gate_V3,2025-10-09,20,96,False,-0.39159691971160204,-0.29464188822571896
W-corr,gate_V3,2025-10-16,5,97,False,0.13916272768799967,0.2502498422049232
W-corr,gate_V3,2025-10-16,20,97,False,0.44698619465950934,0.41986640016831467
W-corr,gate_V3,2025-10-23,5,98,False,-0.05741382136360971,0.09895504593590013
W-corr,gate_V3,2025-10-23,20,98,False,-0.1331960338640153,-0.13180192414360306
W-corr,gate_V3,2025-10-30,5,98,False,-0.20412220427120262,-0.22930971826406285
W-corr,gate_V3,2025-10-30,20,97,False,-0.07137775608219962,-0.2224516095097833
W-corr,gate_V3,2025-11-06,5,98,False,-0.3557483830620724,-0.38556190986235167
W-corr,gate_V3,2025-11-06,20,97,False,0.0592929865021114,-0.14377761413843887
W-corr,gate_V3,2025-11-13,5,98,False,-0.005860898968855838,0.031361373040312654
W-corr,gate_V3,2025-11-13,20,97,False,-0.1116602923024765,-0.11192930780559644
W-corr,gate_V3,2025-11-20,5,97,False,0.09039824460384552,0.04806175047338522
W-corr,gate_V3,2025-11-20,20,97,False,0.090207904792047,0.060106774668630326
W-corr,gate_V3,2025-11-27,5,97,False,0.02374401523130691,0.038278455712181775
W-corr,gate_V3,2025-11-27,20,96,False,0.029358092308083644,0.020293000542593597
W-corr,gate_V3,2025-12-04,5,97,False,-0.06590176454395072,0.07526825163054912
W-corr,gate_V3,2025-12-04,20,95,False,-0.028338352745796654,0.09377099664053752
W-corr,gate_V3,2025-12-11,5,98,False,-0.16806048916585029,-0.15225471631951748
W-corr,gate_V3,2025-12-11,20,96,False,-0.13701864027205962,-0.13026315789473683
W-corr,gate_V3,2025-12-18,5,97,False,0.1693895431189987,0.13220597517357457
W-corr,gate_V3,2025-12-18,20,96,False,0.08751078315325145,0.021554530656538253
W-corr,gate_V3,2025-12-25,5,96,False,0.2560485440522698,0.2511937059142702
W-corr,gate_V3,2025-12-25,20,96,False,0.20008537049376057,0.13194519804666305
W-corr,gate_V3,2026-01-05,5,97,False,0.2976679979732934,0.2676335998316852
W-corr,gate_V3,2026-01-05,20,97,False,0.26293831379636234,0.05746370713233746
W-corr,gate_V3,2026-01-12,5,97,False,0.07303487597863367,0.021420681674731747
W-corr,gate_V3,2026-01-12,20,97,False,0.021160426929517646,0.030796339154218387
W-corr,gate_V3,2026-01-19,5,98,False,0.03028941387689329,-0.09112585990347404
W-corr,gate_V3,2026-01-19,20,98,False,0.1402262533386482,-0.06731952387327939
W-corr,gate_V3,2026-01-26,5,98,False,0.08587183788693631,-0.03549273505090883
W-corr,gate_V3,2026-01-26,20,98,False,0.3055075198829887,0.06327741968389979
W-corr,gate_V3,2026-02-02,5,98,False,0.12338203602129656,0.09648132917646908
W-corr,gate_V3,2026-02-02,20,98,False,0.11192221092160458,0.12841012693737286
W-corr,gate_V3,2026-02-09,5,98,False,0.2363140833686846,0.2641967752424306
W-corr,gate_V3,2026-02-09,20,98,False,0.05333558117243693,-0.08128199733501647
W-corr,gate_V3,2026-02-24,5,98,False,0.2702546351459418,0.0234939336559366
W-corr,gate_V3,2026-02-24,20,98,False,0.2607602476487147,0.13639232637759882
W-corr,gate_V3,2026-03-03,5,98,False,0.020509366477284182,0.1346964277744837
W-corr,gate_V3,2026-03-03,20,98,False,-0.10663373693715567,-0.23409138725780845
W-corr,gate_V3,2026-03-10,5,98,False,-0.3401382983859789,-0.24787534507711234
W-corr,gate_V3,2026-03-10,20,98,False,0.016038137268760466,0.0058846406416362225
W-corr,gate_V3,2026-03-17,5,98,False,-0.19624913957754453,-0.25176443585869207
W-corr,gate_V3,2026-03-17,20,98,False,-0.05934415211334748,0.07340180683332376
W-corr,gate_V3,2026-03-24,5,98,False,-0.15058994461513056,-0.11338931073835344
W-corr,gate_V3,2026-03-24,20,98,False,0.18018473870006943,0.23886030513423734
W-corr,gate_V3,2026-03-31,5,98,False,0.3333235174375963,0.30876193026413934
W-corr,gate_V3,2026-03-31,20,98,False,0.03623054330629033,0.06582764314723076
W-corr,gate_V3,2026-04-08,5,98,False,0.003058596124601217,0.07929282303361831
W-corr,gate_V3,2026-04-08,20,97,False,0.2671364241135893,0.3119345676414895
W-corr,gate_V3,2026-04-15,5,98,False,0.10301985799202837,0.1647125579378893
W-corr,gate_V3,2026-04-15,20,97,False,0.2772136939313771,0.28830475489164736
W-corr,gate_V3,2026-04-22,5,98,False,-0.311088478616121,-0.17956760961179222
W-corr,gate_V3,2026-04-22,20,97,False,-0.16626764688274787,-0.20642225962549965
W-corr,gate_V3,2026-04-29,5,97,False,0.2563290709856157,0.24608142225962548
W-corr,gate_V3,2026-04-29,20,97,False,0.11012951240298657,0.1284320429202609
W-corr,gate_V3,2026-05-11,5,98,False,0.18380202621068623,0.1971769026260926
W-corr,gate_V3,2026-05-11,20,98,False,0.10055815744025155,0.14924545263278693
W-corr,gate_V3,2026-05-18,5,98,False,-0.07892877912950502,-0.14760055849893844
W-corr,gate_V3,2026-05-18,20,98,False,-0.029309882435306682,0.010985087568298172
W-corr,gate_V3,2026-05-25,5,98,False,0.15245528440751002,0.0690409247110278
W-corr,gate_V3,2026-05-25,20,98,False,-0.012267166926020371,0.07104285012974261
W-corr,gate_V3,2026-06-01,5,98,False,-0.06697088338097164,-0.0757352613022716
W-corr,gate_V3,2026-06-01,20,98,False,0.08531199296595773,0.1631569216252574
W-corr,gate_V3,2026-06-08,5,98,False,-0.19387074136607432,-0.22691250820853173
W-corr,gate_V3,2026-06-08,20,98,False,0.04296132235670744,-0.046216424714215575
W-corr,gate_V3,2026-06-15,5,98,False,0.2156706034968736,0.10497357330936122
W-corr,gate_V3,2026-06-15,20,98,False,0.18414347380090573,0.1241895071055601
W-corr,gate_V3,2026-06-23,5,98,False,-0.3232481890064752,-0.4109748866744448
W-corr,gate_V3,2026-06-23,20,98,False,0.019528152853319096,0.02615891717511747
W-corr,gate_V3,2026-06-30,5,98,False,0.2487266302587481,0.21105011826661307
W-corr,gate_V3,2026-06-30,20,98,False,0.3219036826440833,0.2482323763619787
W-corr,gate_V3,2026-07-07,5,98,False,0.07794693386758103,0.01729689064004233
W-corr,gate_V3,2026-07-07,20,98,False,0.3051479211820756,0.19106911743141491
W-corr,gate_V3,2026-07-14,5,98,False,-0.2141715124634471,-0.26984552021370867
W-corr,gate_V3,2026-07-14,20,98,False,-0.15555673446009188,-0.1418243023544938
W-corr,gate_V3,2026-07-21,5,98,False,-0.24593933572040885,-0.17422489145611383
W-corr,gate_V3,2026-07-21,20,98,False,0.11446437600309733,0.08403623867541392
W-corr,gate_V3,2026-07-28,5,98,False,-0.22381271131590877,-0.2836294780330126
W-corr,gate_V3,2026-07-28,20,98,False,0.025196638065074183,0.0019572965081065224
W-corr,gate_V3,2026-08-04,5,98,False,0.34130036029856453,0.26607118948797887
W-corr,gate_V3,2026-08-04,20,0,True,,
W-corr,gate_V3,2026-08-11,5,98,False,0.3483743866734905,0.40269941153593575
W-corr,gate_V3,2026-08-11,20,0,True,,
W-corr,gate_V3,2026-08-18,5,98,False,-0.3496415699709491,-0.28207384172038075
W-corr,gate_V3,2026-08-18,20,0,True,,
W-corr,gate_V3,2026-08-25,5,0,True,,
W-corr,gate_V3,2026-08-25,20,0,True,,
W-ind,alpha_0.00,2025-04-02,5,99,False,-0.024388403337327186,0.007359307359307359
W-ind,alpha_0.00,2025-04-02,20,99,False,0.025283669632571268,0.05459492888064316
W-ind,alpha_0.00,2025-04-10,5,99,False,0.24787653601944046,0.2608534322820037
W-ind,alpha_0.00,2025-04-10,20,99,False,-0.3333277480251488,-0.3658256029684601
W-ind,alpha_0.00,2025-04-17,5,99,False,-0.09802733924804236,-0.05762523191094619
W-ind,alpha_0.00,2025-04-17,20,99,False,-0.30204030178477836,-0.21678416821273963
W-ind,alpha_0.00,2025-04-24,5,99,False,0.13396981325626142,0.19564625850340137
W-ind,alpha_0.00,2025-04-24,20,99,False,-0.16893857849950444,-0.13918367346938776
W-ind,alpha_0.00,2025-05-06,5,99,False,-0.18854404153204793,-0.15729128014842303
W-ind,alpha_0.00,2025-05-06,20,99,False,-0.28611151750550917,-0.2699072356215213
W-ind,alpha_0.00,2025-05-13,5,99,False,0.2939943622244675,0.17361781076066787
W-ind,alpha_0.00,2025-05-13,20,99,False,0.3465065408171185,0.2777241805813234
W-ind,alpha_0.00,2025-05-20,5,99,False,0.041312283796457044,0.07419913419913418
W-ind,alpha_0.00,2025-05-20,20,99,False,-0.14339532263783866,-0.11035250463821891
W-ind,alpha_0.00,2025-05-27,5,99,False,-0.20843029643494151,-0.21179962894248608
W-ind,alpha_0.00,2025-05-27,20,99,False,-0.36252107124382404,-0.378169449598021
W-ind,alpha_0.00,2025-06-04,5,99,False,-0.08156093856760548,-0.025627705627705628
W-ind,alpha_0.00,2025-06-04,20,99,False,0.04030783259767889,0.07192331478045763
W-ind,alpha_0.00,2025-06-11,5,99,False,0.008108070345133982,-0.07789734075448361
W-ind,alpha_0.00,2025-06-11,20,99,False,0.012160658273800895,0.0613234384662956
W-ind,alpha_0.00,2025-06-18,5,99,False,-0.2985202409507366,-0.28338899196042056
W-ind,alpha_0.00,2025-06-18,20,99,False,-0.16168490964878512,-0.2109461966604824
W-ind,alpha_0.00,2025-06-25,5,99,False,-0.061435187640376296,-0.0025602968460111315
W-ind,alpha_0.00,2025-06-25,20,99,False,-0.15110093787986306,-0.1305256648113791
W-ind,alpha_0.00,2025-07-02,5,99,False,-0.1025949491177077,0.002325293753865182
W-ind,alpha_0.00,2025-07-02,20,99,False,-0.19694585514141819,-0.08958565244279529
W-ind,alpha_0.00,2025-07-09,5,99,False,-0.15057133741470186,-0.046827458256029686
W-ind,alpha_0.00,2025-07-09,20,99,False,-0.04145729033496836,0.03507730364873222
W-ind,alpha_0.00,2025-07-16,5,99,False,-0.13806401803489612,-0.08921459492888063
W-ind,alpha_0.00,2025-07-16,20,97,False,0.21375001839315397,-0.08392068167473173
W-ind,alpha_0.00,2025-07-23,5,99,False,0.14997519126077002,0.03924551638837353
W-ind,alpha_0.00,2025-07-23,20,97,False,0.14093707456044707,-0.061171891436987154
W-ind,alpha_0.00,2025-07-30,5,99,False,0.1481847044181293,0.062708719851577
W-ind,alpha_0.00,2025-07-30,20,97,False,0.10566160635780612,-0.09710972017673047
W-ind,alpha_0.00,2025-08-06,5,97,False,-0.013029469633757495,-0.1839233115926783
W-ind,alpha_0.00,2025-08-06,20,94,False,0.0406837486955383,0.04951052992811472
W-ind,alpha_0.00,2025-08-13,5,97,False,0.2309397223437263,0.37761676835682717
W-ind,alpha_0.00,2025-08-13,20,94,False,0.0682001200493689,0.19930643355127697
W-ind,alpha_0.00,2025-08-20,5,98,False,0.13534070107302065,0.04060593309488743
W-ind,alpha_0.00,2025-08-20,20,95,False,-0.06633960494560617,-0.04759238521836506
W-ind,alpha_0.00,2025-08-27,5,95,False,0.08464570062693112,0.04343505039193729
W-ind,alpha_0.00,2025-08-27,20,95,False,0.060645663875156755,0.055361142217245245
W-ind,alpha_0.00,2025-09-03,5,96,False,-0.025123776081026936,0.03555344546934346
W-ind,alpha_0.00,2025-09-03,20,94,False,0.0015557011390923924,0.07800455152981975
W-ind,alpha_0.00,2025-09-10,5,97,False,-0.009079478085829382,-0.019040605933094888
W-ind,alpha_0.00,2025-09-10,20,95,False,0.10227829178351093,0.13078107502799552
W-ind,alpha_0.00,2025-09-17,5,98,False,0.15756849320994198,-0.01841898896390796
W-ind,alpha_0.00,2025-09-17,20,96,False,0.27402647953922804,0.18228431904503528
W-ind,alpha_0.00,2025-09-24,5,96,False,0.09677818733448851,0.16249321758003257
W-ind,alpha_0.00,2025-09-24,20,96,False,0.09703966433356104,0.0339392295170917
W-ind,alpha_0.00,2025-10-09,5,96,False,-0.09182725230183664,-0.10633478024959306
W-ind,alpha_0.00,2025-10-09,20,96,False,-0.3876634220558375,-0.2633071079761259
W-ind,alpha_0.00,2025-10-16,5,97,False,0.11910803983320027,0.20501525352409006
W-ind,alpha_0.00,2025-10-16,20,97,False,0.38651576114425107,0.3978145381864085
W-ind,alpha_0.00,2025-10-23,5,98,False,-0.09005663594405917,0.05831723504772105
W-ind,alpha_0.00,2025-10-23,20,98,False,-0.13006958387100068,-0.10535610682886087
W-ind,alpha_0.00,2025-10-30,5,98,False,-0.18093979241892377,-0.1705908230208672
W-ind,alpha_0.00,2025-10-30,20,97,False,-0.030171302341966435,-0.14745949926362298
W-ind,alpha_0.00,2025-11-06,5,98,False,-0.3393650663653728,-0.3416470618237923
W-ind,alpha_0.00,2025-11-06,20,97,False,0.09863114652364405,-0.11847780349253101
W-ind,alpha_0.00,2025-11-13,5,98,False,-0.020649547931641195,0.003385421647571868
W-ind,alpha_0.00,2025-11-13,20,97,False,-0.06578403775756754,-0.08267147065011571
W-ind,alpha_0.00,2025-11-20,5,97,False,0.11390066356673195,0.056083000210393426
W-ind,alpha_0.00,2025-11-20,20,97,False,0.10641911849420488,0.07286187670944666
W-ind,alpha_0.00,2025-11-27,5,97,False,0.02752017607202264,0.06315747948664001
W-ind,alpha_0.00,2025-11-27,20,96,False,0.029344087476168436,0.031009224091155727
W-ind,alpha_0.00,2025-12-04,5,97,False,-0.12104522779789234,0.024879023774458234
W-ind,alpha_0.00,2025-12-04,20,95,False,-0.0830851960879431,0.018770996640537514
W-ind,alpha_0.00,2025-12-11,5,98,False,-0.15187388182891337,-0.14281888950519286
W-ind,alpha_0.00,2025-12-11,20,96,False,-0.13783914350813528,-0.12135105805751491
W-ind,alpha_0.00,2025-12-18,5,97,False,0.17668966327690658,0.1331264464548706
W-ind,alpha_0.00,2025-12-18,20,96,False,0.07552824422671321,0.015138361367335864
W-ind,alpha_0.00,2025-12-25,5,96,False,0.19801015594685084,0.14450623982637004
W-ind,alpha_0.00,2025-12-25,20,96,False,0.17122947202728533,0.07083559413998915
W-ind,alpha_0.00,2026-01-05,5,97,False,0.2980289327952661,0.23370765832106036
W-ind,alpha_0.00,2026-01-05,20,97,False,0.26595214163143754,0.04748316852514201
W-ind,alpha_0.00,2026-01-12,5,97,False,0.04425314755877687,0.0032084998948032815
W-ind,alpha_0.00,2026-01-12,20,97,False,0.0053842027522765035,0.04341994529770671
W-ind,alpha_0.00,2026-01-19,5,98,False,0.015934676349888727,-0.0662739322533137
W-ind,alpha_0.00,2026-01-19,20,98,False,0.14998585807162554,-0.06487130934848165
W-ind,alpha_0.00,2026-01-26,5,98,False,0.0665218330362436,-0.0553079713609905
W-ind,alpha_0.00,2026-01-26,20,98,False,0.2641124602201147,0.04710900292638142
W-ind,alpha_0.00,2026-02-02,5,98,False,0.1559084714005587,0.14971724397350317
W-ind,alpha_0.00,2026-02-02,20,98,False,0.11597455324892447,0.14121224872329438
W-ind,alpha_0.00,2026-02-09,5,98,False,0.18584833437598056,0.22308717301353528
W-ind,alpha_0.00,2026-02-09,20,98,False,0.04436366387337611,-0.08963397917742542
W-ind,alpha_0.00,2026-02-24,5,98,False,0.2605446520332053,0.019885367455323266
W-ind,alpha_0.00,2026-02-24,20,98,False,0.225377946968641,0.10600641381201026
W-ind,alpha_0.00,2026-03-03,5,98,False,0.025945935343886176,0.18359696268385517
W-ind,alpha_0.00,2026-03-03,20,98,False,-0.1161078193866975,-0.2340148805539085
W-ind,alpha_0.00,2026-03-10,5,98,False,-0.3056479548753474,-0.2570816517797372
W-ind,alpha_0.00,2026-03-10,20,98,False,0.010803952751609643,-0.03794094957570657
W-ind,alpha_0.00,2026-03-17,5,98,False,-0.22181072726133935,-0.277037150380302
W-ind,alpha_0.00,2026-03-17,20,98,False,-0.055407460101339644,0.07716338644173694
W-ind,alpha_0.00,2026-03-24,5,98,False,-0.12800313469931623,-0.0773163998495368
W-ind,alpha_0.00,2026-03-24,20,98,False,0.153190923727071,0.21330706603166097
W-ind,alpha_0.00,2026-03-31,5,98,False,0.2941916862988027,0.28512135875906125
W-ind,alpha_0.00,2026-03-31,20,98,False,0.004764336409510362,0.03563299734139203
W-ind,alpha_0.00,2026-04-08,5,98,False,-0.04687637885110913,0.0664651990130635
W-ind,alpha_0.00,2026-04-08,20,97,False,0.19398370007684893,0.2784557121817799
W-ind,alpha_0.00,2026-04-15,5,98,False,0.0805548924709054,0.13996263922626218
W-ind,alpha_0.00,2026-04-15,20,97,False,0.2200975294978598,0.23771828318956445
W-ind,alpha_0.00,2026-04-22,5,98,False,-0.3416532153986464,-0.18215608642707315
W-ind,alpha_0.00,2026-04-22,20,97,False,-0.1481667611534014,-0.19223385230380813
W-ind,alpha_0.00,2026-04-29,5,97,False,0.23821189982040128,0.23055175678518827
W-ind,alpha_0.00,2026-04-29,20,97,False,0.10745825357671936,0.13549337260677466
W-ind,alpha_0.00,2026-05-11,5,98,False,0.1328883008998322,0.1542566417382323
W-ind,alpha_0.00,2026-05-11,20,98,False,0.09261481270195461,0.12450828503847648
W-ind,alpha_0.00,2026-05-18,5,98,False,-0.05684188404563209,-0.14432352134855816
W-ind,alpha_0.00,2026-05-18,20,98,False,-0.005751710320777176,0.010768318573915036
W-ind,alpha_0.00,2026-05-25,5,98,False,0.1679489172848263,0.06489681158311496
W-ind,alpha_0.00,2026-05-25,20,98,False,-0.030231853473345487,0.0737843403528234
W-ind,alpha_0.00,2026-06-01,5,98,False,-0.04260343086957871,-0.02617166829243412
W-ind,alpha_0.00,2026-06-01,20,98,False,0.023059044463100555,0.13016978112707125
W-ind,alpha_0.00,2026-06-08,5,98,False,-0.17852477825676402,-0.23198745290056036
W-ind,alpha_0.00,2026-06-08,20,98,False,0.01300805187631518,-0.06698799482304636
W-ind,alpha_0.00,2026-06-15,5,98,False,0.15750379775583156,0.05065381354041147
W-ind,alpha_0.00,2026-06-15,20,98,False,0.19021373990108809,0.11660259230215045
W-ind,alpha_0.00,2026-06-23,5,98,False,-0.25461214002061544,-0.3410095059579596
W-ind,alpha_0.00,2026-06-23,20,98,False,0.016480408923822087,0.00867713533398364
W-ind,alpha_0.00,2026-06-30,5,98,False,0.21253217832492924,0.1788662981593762
W-ind,alpha_0.00,2026-06-30,20,98,False,0.2677695884738922,0.19484344815714477
W-ind,alpha_0.00,2026-07-07,5,98,False,0.07874988852011841,0.027102499856549927
W-ind,alpha_0.00,2026-07-07,20,98,False,0.252323116368883,0.1563223227435304
W-ind,alpha_0.00,2026-07-14,5,98,False,-0.16290815117521282,-0.23762344675452182
W-ind,alpha_0.00,2026-07-14,20,98,False,-0.11484585904960992,-0.09579276884136971
W-ind,alpha_0.00,2026-07-21,5,98,False,-0.173973156626115,-0.10394073280671218
W-ind,alpha_0.00,2026-07-21,20,98,False,0.13837423224738898,0.10526684900764427
W-ind,alpha_0.00,2026-07-28,5,98,False,-0.18809278376569888,-0.24527411714451475
W-ind,alpha_0.00,2026-07-28,20,98,False,0.0022937245564496034,0.011099847624148066
W-ind,alpha_0.00,2026-08-04,5,98,False,0.23410297651050543,0.16452129117813946
W-ind,alpha_0.00,2026-08-04,20,0,True,,
W-ind,alpha_0.00,2026-08-11,5,98,False,0.2851431685639748,0.3239740132229086
W-ind,alpha_0.00,2026-08-11,20,0,True,,
W-ind,alpha_0.00,2026-08-18,5,98,False,-0.24195120056931982,-0.19191069117431414
W-ind,alpha_0.00,2026-08-18,20,0,True,,
W-ind,alpha_0.00,2026-08-25,5,0,True,,
W-ind,alpha_0.00,2026-08-25,20,0,True,,
W-ind,alpha_0.05,2025-04-02,5,99,False,-0.02439027607912462,0.007359307359307359
W-ind,alpha_0.05,2025-04-02,20,99,False,0.02528311964683542,0.05459492888064316
W-ind,alpha_0.05,2025-04-10,5,99,False,0.24787717426149775,0.2608534322820037
W-ind,alpha_0.05,2025-04-10,20,99,False,-0.33332851262177987,-0.3658256029684601
W-ind,alpha_0.05,2025-04-17,5,99,False,-0.0980288456918915,-0.05762523191094619
W-ind,alpha_0.05,2025-04-17,20,99,False,-0.3020402986257541,-0.21678416821273963
W-ind,alpha_0.05,2025-04-24,5,99,False,0.1339692101525123,0.19564625850340137
W-ind,alpha_0.05,2025-04-24,20,99,False,-0.16893583317819244,-0.13918367346938776
W-ind,alpha_0.05,2025-05-06,5,99,False,-0.18854259109136454,-0.15729128014842303
W-ind,alpha_0.05,2025-05-06,20,99,False,-0.28611044838661076,-0.2699072356215213
W-ind,alpha_0.05,2025-05-13,5,99,False,0.2939930118099893,0.17361781076066787
W-ind,alpha_0.05,2025-05-13,20,99,False,0.3465055870695993,0.2777241805813234
W-ind,alpha_0.05,2025-05-20,5,99,False,0.041312241608822305,0.07419913419913418
W-ind,alpha_0.05,2025-05-20,20,99,False,-0.14339763182568668,-0.11035250463821891
W-ind,alpha_0.05,2025-05-27,5,99,False,-0.20843017937590966,-0.21179962894248608
W-ind,alpha_0.05,2025-05-27,20,99,False,-0.3625214253038684,-0.378169449598021
W-ind,alpha_0.05,2025-06-04,5,99,False,-0.0815610247325561,-0.025627705627705628
W-ind,alpha_0.05,2025-06-04,20,99,False,0.04030815188667785,0.07192331478045763
W-ind,alpha_0.05,2025-06-11,5,99,False,0.00810823486610279,-0.07789734075448361
W-ind,alpha_0.05,2025-06-11,20,99,False,0.012160537271399038,0.0613234384662956
W-ind,alpha_0.05,2025-06-18,5,99,False,-0.29852171265034594,-0.28338899196042056
W-ind,alpha_0.05,2025-06-18,20,99,False,-0.16168561380037477,-0.2109461966604824
W-ind,alpha_0.05,2025-06-25,5,99,False,-0.061435110181004664,-0.0025602968460111315
W-ind,alpha_0.05,2025-06-25,20,99,False,-0.15110250055129923,-0.1305256648113791
W-ind,alpha_0.05,2025-07-02,5,99,False,-0.10259669661529572,0.002325293753865182
W-ind,alpha_0.05,2025-07-02,20,99,False,-0.19694706429095055,-0.08958565244279529
W-ind,alpha_0.05,2025-07-09,5,99,False,-0.15057194736424728,-0.046827458256029686
W-ind,alpha_0.05,2025-07-09,20,99,False,-0.0414567514830342,0.03507730364873222
W-ind,alpha_0.05,2025-07-16,5,99,False,-0.13806370359723333,-0.08921459492888063
W-ind,alpha_0.05,2025-07-16,20,97,False,0.2137523414053686,-0.08392068167473173
W-ind,alpha_0.05,2025-07-23,5,99,False,0.1499764978329495,0.03924551638837353
W-ind,alpha_0.05,2025-07-23,20,97,False,0.14093831886334465,-0.061171891436987154
W-ind,alpha_0.05,2025-07-30,5,99,False,0.14818514419581091,0.062708719851577
W-ind,alpha_0.05,2025-07-30,20,97,False,0.10566357041914774,-0.09710972017673047
W-ind,alpha_0.05,2025-08-06,5,97,False,-0.01302882078851576,-0.1839233115926783
W-ind,alpha_0.05,2025-08-06,20,94,False,0.04068528875625137,0.04951052992811472
W-ind,alpha_0.05,2025-08-13,5,97,False,0.23094724385978407,0.37761676835682717
W-ind,alpha_0.05,2025-08-13,20,94,False,0.06820635141049927,0.19930643355127697
W-ind,alpha_0.05,2025-08-20,5,98,False,0.13534541614180168,0.04060593309488743
W-ind,alpha_0.05,2025-08-20,20,95,False,-0.06634053873479011,-0.04759238521836506
W-ind,alpha_0.05,2025-08-27,5,95,False,0.08464668046882708,0.04326707726763718
W-ind,alpha_0.05,2025-08-27,20,95,False,0.06064732929091076,0.05512318029115342
W-ind,alpha_0.05,2025-09-03,5,96,False,-0.025123776081026932,0.03555344546934346
W-ind,alpha_0.05,2025-09-03,20,94,False,0.0015557011390924128,0.07800455152981975
W-ind,alpha_0.05,2025-09-10,5,97,False,-0.00908044975762207,-0.019040605933094888
W-ind,alpha_0.05,2025-09-10,20,95,False,0.10227902228802616,0.13078107502799552
W-ind,alpha_0.05,2025-09-17,5,98,False,0.15757303184553106,-0.01841898896390796
W-ind,alpha_0.05,2025-09-17,20,96,False,0.2740309575371442,0.18228431904503528
W-ind,alpha_0.05,2025-09-24,5,96,False,0.09677948492373037,0.16249321758003257
W-ind,alpha_0.05,2025-09-24,20,96,False,0.09704188088050747,0.0339392295170917
W-ind,alpha_0.05,2025-10-09,5,96,False,-0.09182725230183662,-0.10633478024959306
W-ind,alpha_0.05,2025-10-09,20,96,False,-0.38766342205583754,-0.2633071079761259
W-ind,alpha_0.05,2025-10-16,5,97,False,0.1191078545691898,0.20501525352409006
W-ind,alpha_0.05,2025-10-16,20,97,False,0.386518630524475,0.3978145381864085
W-ind,alpha_0.05,2025-10-23,5,98,False,-0.09005923787037988,0.05831723504772105
W-ind,alpha_0.05,2025-10-23,20,98,False,-0.1300682045419867,-0.10535610682886087
W-ind,alpha_0.05,2025-10-30,5,98,False,-0.18093970361775624,-0.1705908230208672
W-ind,alpha_0.05,2025-10-30,20,97,False,-0.030170275700025947,-0.14745949926362298
W-ind,alpha_0.05,2025-11-06,5,98,False,-0.3393662368071405,-0.3416470618237923
W-ind,alpha_0.05,2025-11-06,20,97,False,0.09863588976605216,-0.11847780349253101
W-ind,alpha_0.05,2025-11-13,5,98,False,-0.020648066848924767,0.003385421647571868
W-ind,alpha_0.05,2025-11-13,20,97,False,-0.06578242223097108,-0.08267147065011571
W-ind,alpha_0.05,2025-11-20,5,97,False,0.11389863885783034,0.056083000210393426
W-ind,alpha_0.05,2025-11-20,20,97,False,0.1064210987696277,0.07286187670944666
W-ind,alpha_0.05,2025-11-27,5,97,False,0.027519939981598466,0.06315747948664001
W-ind,alpha_0.05,2025-11-27,20,96,False,0.029344681065797917,0.031009224091155727
W-ind,alpha_0.05,2025-12-04,5,97,False,-0.1210482647575237,0.024879023774458234
W-ind,alpha_0.05,2025-12-04,20,95,False,-0.0830867987433465,0.018770996640537514
W-ind,alpha_0.05,2025-12-11,5,98,False,-0.151872957237042,-0.14281888950519286
W-ind,alpha_0.05,2025-12-11,20,96,False,-0.13784085840588395,-0.12135105805751491
W-ind,alpha_0.05,2025-12-18,5,97,False,0.17668777787462372,0.1331264464548706
W-ind,alpha_0.05,2025-12-18,20,96,False,0.0755272491814252,0.015138361367335864
W-ind,alpha_0.05,2025-12-25,5,96,False,0.19801103749856655,0.14450623982637004
W-ind,alpha_0.05,2025-12-25,20,96,False,0.1712296917144761,0.07083559413998915
W-ind,alpha_0.05,2026-01-05,5,97,False,0.29802978141403974,0.23370765832106036
W-ind,alpha_0.05,2026-01-05,20,97,False,0.265954939900343,0.04748316852514201
W-ind,alpha_0.05,2026-01-12,5,97,False,0.0442560066343024,0.0032084998948032815
W-ind,alpha_0.05,2026-01-12,20,97,False,0.00538562655553916,0.04341994529770671
W-ind,alpha_0.05,2026-01-19,5,98,False,0.01593307992211537,-0.0662739322533137
W-ind,alpha_0.05,2026-01-19,20,98,False,0.14998485375607468,-0.06487130934848165
W-ind,alpha_0.05,2026-01-26,5,98,False,0.06651854731848392,-0.05539722918220708
W-ind,alpha_0.05,2026-01-26,20,98,False,0.26410785453130264,0.047529789797831026
W-ind,alpha_0.05,2026-02-02,5,98,False,0.1559079507317181,0.14971724397350317
W-ind,alpha_0.05,2026-02-02,20,98,False,0.1159721391313891,0.14121224872329438
W-ind,alpha_0.05,2026-02-09,5,98,False,0.18584570447824722,0.22308717301353528
W-ind,alpha_0.05,2026-02-09,20,98,False,0.04436555387821753,-0.08963397917742542
W-ind,alpha_0.05,2026-02-24,5,98,False,0.2605386516644461,0.019885367455323266
W-ind,alpha_0.05,2026-02-24,20,98,False,0.2253740571957989,0.10600641381201026
W-ind,alpha_0.05,2026-03-03,5,98,False,0.02595029434802117,0.18359696268385517
W-ind,alpha_0.05,2026-03-03,20,98,False,-0.11610609171214824,-0.2340148805539085
W-ind,alpha_0.05,2026-03-10,5,98,False,-0.30564835618489167,-0.2570816517797372
W-ind,alpha_0.05,2026-03-10,20,98,False,0.010802470080820603,-0.03794094957570657
W-ind,alpha_0.05,2026-03-17,5,98,False,-0.22181266742579997,-0.277037150380302
W-ind,alpha_0.05,2026-03-17,20,98,False,-0.05541079421946308,0.07716338644173694
W-ind,alpha_0.05,2026-03-24,5,98,False,-0.1280005188828141,-0.0773163998495368
W-ind,alpha_0.05,2026-03-24,20,98,False,0.15319494778151105,0.21330706603166097
W-ind,alpha_0.05,2026-03-31,5,98,False,0.2941905172595975,0.28512135875906125
W-ind,alpha_0.05,2026-03-31,20,98,False,0.004764676572064436,0.03563299734139203
W-ind,alpha_0.05,2026-04-08,5,98,False,-0.046875311307150114,0.0664651990130635
W-ind,alpha_0.05,2026-04-08,20,97,False,0.19398768810541203,0.2784557121817799
W-ind,alpha_0.05,2026-04-15,5,98,False,0.08055645448044323,0.13996263922626218
W-ind,alpha_0.05,2026-04-15,20,97,False,0.22010119969274392,0.23771828318956445
W-ind,alpha_0.05,2026-04-22,5,98,False,-0.3416558507440496,-0.1823346020695063
W-ind,alpha_0.05,2026-04-22,20,97,False,-0.1481678202693987,-0.19194456132968646
W-ind,alpha_0.05,2026-04-29,5,97,False,0.2382145428428243,0.23055175678518827
W-ind,alpha_0.05,2026-04-29,20,97,False,0.10746136460920655,0.13549337260677466
W-ind,alpha_0.05,2026-05-11,5,98,False,0.13288848602895773,0.1542566417382323
W-ind,alpha_0.05,2026-05-11,20,98,False,0.0926161420594541,0.12450828503847648
W-ind,alpha_0.05,2026-05-18,5,98,False,-0.056841966090612116,-0.14432352134855816
W-ind,alpha_0.05,2026-05-18,20,98,False,-0.00575020448476494,0.010768318573915036
W-ind,alpha_0.05,2026-05-25,5,98,False,0.16795103489613025,0.06489681158311496
W-ind,alpha_0.05,2026-05-25,20,98,False,-0.030231008626877356,0.0737843403528234
W-ind,alpha_0.05,2026-06-01,5,98,False,-0.04260418594260504,-0.02617166829243412
W-ind,alpha_0.05,2026-06-01,20,98,False,0.02305974248075786,0.13016978112707125
W-ind,alpha_0.05,2026-06-08,5,98,False,-0.17852551141240885,-0.23198745290056036
W-ind,alpha_0.05,2026-06-08,20,98,False,0.013009471859542668,-0.06698799482304636
W-ind,alpha_0.05,2026-06-15,5,98,False,0.15750552228500186,0.05065381354041147
W-ind,alpha_0.05,2026-06-15,20,98,False,0.19021939411949404,0.11660259230215045
W-ind,alpha_0.05,2026-06-23,5,98,False,-0.25461471476529945,-0.3410095059579596
W-ind,alpha_0.05,2026-06-23,20,98,False,0.01648180563022721,0.00867713533398364
W-ind,alpha_0.05,2026-06-30,5,98,False,0.2125355357441,0.1788662981593762
W-ind,alpha_0.05,2026-06-30,20,98,False,0.2677741228860611,0.19484344815714477
W-ind,alpha_0.05,2026-07-07,5,98,False,0.07875455551213395,0.027102499856549927
W-ind,alpha_0.05,2026-07-07,20,98,False,0.2523288922887815,0.1563223227435304
W-ind,alpha_0.05,2026-07-14,5,98,False,-0.16291214052344927,-0.23762344675452182
W-ind,alpha_0.05,2026-07-14,20,98,False,-0.1148497010048564,-0.09579276884136971
W-ind,alpha_0.05,2026-07-21,5,98,False,-0.17397533264681883,-0.10394073280671218
W-ind,alpha_0.05,2026-07-21,20,98,False,0.13837546313411625,0.10526684900764427
W-ind,alpha_0.05,2026-07-28,5,98,False,-0.18809587217494525,-0.24527411714451475
W-ind,alpha_0.05,2026-07-28,20,98,False,0.0022957268071529353,0.011099847624148066
W-ind,alpha_0.05,2026-08-04,5,98,False,0.234104724236818,0.16452129117813946
W-ind,alpha_0.05,2026-08-04,20,0,True,,
W-ind,alpha_0.05,2026-08-11,5,98,False,0.285145462564266,0.3239740132229086
W-ind,alpha_0.05,2026-08-11,20,0,True,,
W-ind,alpha_0.05,2026-08-18,5,98,False,-0.24195456917414052,-0.19191069117431414
W-ind,alpha_0.05,2026-08-18,20,0,True,,
W-ind,alpha_0.05,2026-08-25,5,0,True,,
W-ind,alpha_0.05,2026-08-25,20,0,True,,
W-ind,alpha_0.20,2025-04-02,5,99,False,-0.024397335266876704,0.007359307359307359
W-ind,alpha_0.20,2025-04-02,20,99,False,0.02528104647248805,0.05459492888064316
W-ind,alpha_0.20,2025-04-10,5,99,False,0.2478795797785343,0.2608534322820037
W-ind,alpha_0.20,2025-04-10,20,99,False,-0.33333139432585385,-0.3658256029684601
W-ind,alpha_0.20,2025-04-17,5,99,False,-0.09803452402466165,-0.05762523191094619
W-ind,alpha_0.20,2025-04-17,20,99,False,-0.30204028637749747,-0.21678416821273963
W-ind,alpha_0.20,2025-04-24,5,99,False,0.1339669366194768,0.19564625850340137
W-ind,alpha_0.20,2025-04-24,20,99,False,-0.16892548452949385,-0.13918367346938776
W-ind,alpha_0.20,2025-05-06,5,99,False,-0.18853712349790835,-0.15729128014842303
W-ind,alpha_0.20,2025-05-06,20,99,False,-0.28610641806573833,-0.2699072356215213
W-ind,alpha_0.20,2025-05-13,5,99,False,0.2939879211324832,0.17361781076066787
W-ind,alpha_0.20,2025-05-13,20,99,False,0.34650199156916517,0.2777241805813234
W-ind,alpha_0.20,2025-05-20,5,99,False,0.041312082538984815,0.07419913419913418
W-ind,alpha_0.20,2025-05-20,20,99,False,-0.14340633598204827,-0.11035250463821891
W-ind,alpha_0.20,2025-05-27,5,99,False,-0.2084297379056477,-0.21179962894248608
W-ind,alpha_0.20,2025-05-27,20,99,False,-0.362522759500084,-0.378169449598021
W-ind,alpha_0.20,2025-06-04,5,99,False,-0.0815613494394583,-0.025627705627705628
W-ind,alpha_0.20,2025-06-04,20,99,False,0.04030935539223192,0.07192331478045763
W-ind,alpha_0.20,2025-06-11,5,99,False,0.008108855003959166,-0.07789734075448361
W-ind,alpha_0.20,2025-06-11,20,99,False,0.012160081150271139,0.0613234384662956
W-ind,alpha_0.20,2025-06-18,5,99,False,-0.2985272597913171,-0.28338899196042056
W-ind,alpha_0.20,2025-06-18,20,99,False,-0.16168826787246096,-0.2109461966604824
W-ind,alpha_0.20,2025-06-25,5,99,False,-0.06143481813334313,-0.0025602968460111315
W-ind,alpha_0.20,2025-06-25,20,99,False,-0.15110839082814306,-0.1305256648113791
W-ind,alpha_0.20,2025-07-02,5,99,False,-0.10260328361415148,0.002325293753865182
W-ind,alpha_0.20,2025-07-02,20,99,False,-0.19695162190610535,-0.08958565244279529
W-ind,alpha_0.20,2025-07-09,5,99,False,-0.15057424635892022,-0.046827458256029686
W-ind,alpha_0.20,2025-07-09,20,99,False,-0.04145472026955879,0.03507730364873222
W-ind,alpha_0.20,2025-07-16,5,99,False,-0.1380625181980912,-0.08941249226963513
W-ind,alpha_0.20,2025-07-16,20,97,False,0.21376109755410982,-0.08338154849568694
W-ind,alpha_0.20,2025-07-23,5,99,False,0.14998142275721252,0.03924551638837353
W-ind,alpha_0.20,2025-07-23,20,97,False,0.1409430090739286,-0.061171891436987154
W-ind,alpha_0.20,2025-07-30,5,99,False,0.14818680174268303,0.062708719851577
W-ind,alpha_0.20,2025-07-30,20,97,False,0.10567097370285543,-0.09710972017673047
W-ind,alpha_0.20,2025-08-06,5,97,False,-0.013026374979973486,-0.1839233115926783
W-ind,alpha_0.20,2025-08-06,20,94,False,0.04069109390424385,0.04951052992811472
W-ind,alpha_0.20,2025-08-13,5,97,False,0.2309755976203266,0.37761676835682717
W-ind,alpha_0.20,2025-08-13,20,94,False,0.06822984348007811,0.19930643355127697
W-ind,alpha_0.20,2025-08-20,5,98,False,0.13536318978811318,0.04060593309488743
W-ind,alpha_0.20,2025-08-20,20,95,False,-0.06634405857284209,-0.04759238521836506
W-ind,alpha_0.20,2025-08-27,5,95,False,0.08465037365207079,0.04326707726763718
W-ind,alpha_0.20,2025-08-27,20,95,False,0.06065360688421144,0.05512318029115342
W-ind,alpha_0.20,2025-09-03,5,96,False,-0.02512377608102695,0.03555344546934346
W-ind,alpha_0.20,2025-09-03,20,94,False,0.0015557011390923924,0.07800455152981975
W-ind,alpha_0.20,2025-09-10,5,97,False,-0.009084112769289939,-0.019882179675994108
W-ind,alpha_0.20,2025-09-10,20,95,False,0.10228177603460469,0.130025195968645
W-ind,alpha_0.20,2025-09-17,5,98,False,0.1575901398787503,-0.01841898896390796
W-ind,alpha_0.20,2025-09-17,20,96,False,0.274047836494506,0.18228431904503528
W-ind,alpha_0.20,2025-09-24,5,96,False,0.09678437579982488,0.16249321758003257
W-ind,alpha_0.20,2025-09-24,20,96,False,0.09705023578882384,0.0339392295170917
W-ind,alpha_0.20,2025-10-09,5,96,False,-0.0918272523018366,-0.10633478024959306
W-ind,alpha_0.20,2025-10-09,20,96,False,-0.38766342205583754,-0.2633071079761259
W-ind,alpha_0.20,2025-10-16,5,97,False,0.11910715602044226,0.20501525352409006
W-ind,alpha_0.20,2025-10-16,20,97,False,0.3865294470634276,0.3978145381864085
W-ind,alpha_0.20,2025-10-23,5,98,False,-0.09006904549271155,0.05831723504772105
W-ind,alpha_0.20,2025-10-23,20,98,False,-0.13006300458075074,-0.10535610682886087
W-ind,alpha_0.20,2025-10-30,5,98,False,-0.1809393680244786,-0.1705908230208672
W-ind,alpha_0.20,2025-10-30,20,97,False,-0.0301664055156808,-0.14745949926362298
W-ind,alpha_0.20,2025-11-06,5,98,False,-0.33937064732085537,-0.3416470618237923
W-ind,alpha_0.20,2025-11-06,20,97,False,0.09865376932005132,-0.11847780349253101
W-ind,alpha_0.20,2025-11-13,5,98,False,-0.020642483962603268,0.003385421647571868
W-ind,alpha_0.20,2025-11-13,20,97,False,-0.06577633239496165,-0.08267147065011571
W-ind,alpha_0.20,2025-11-20,5,97,False,0.11389100624549155,0.056083000210393426
W-ind,alpha_0.20,2025-11-20,20,97,False,0.10642856297687783,0.07286187670944666
W-ind,alpha_0.20,2025-11-27,5,97,False,0.027519049927318472,0.06315747948664001
W-ind,alpha_0.20,2025-11-27,20,96,False,0.029346918761851373,0.031009224091155727
W-ind,alpha_0.20,2025-12-04,5,97,False,-0.121059713195251,0.024879023774458234
W-ind,alpha_0.20,2025-12-04,20,95,False,-0.08309284026540564,0.018770996640537514
W-ind,alpha_0.20,2025-12-11,5,98,False,-0.1518694713262713,-0.14281888950519286
W-ind,alpha_0.20,2025-12-11,20,96,False,-0.13784732215670703,-0.12135105805751491
W-ind,alpha_0.20,2025-12-18,5,97,False,0.17668067003782997,0.1331264464548706
W-ind,alpha_0.20,2025-12-18,20,96,False,0.07552349799358415,0.015138361367335864
W-ind,alpha_0.20,2025-12-25,5,96,False,0.19801436059935207,0.14450623982637004
W-ind,alpha_0.20,2025-12-25,20,96,False,0.17123051970180644,0.07083559413998915
W-ind,alpha_0.20,2026-01-05,5,97,False,0.29803298018949453,0.23370765832106036
W-ind,alpha_0.20,2026-01-05,20,97,False,0.2659654884521879,0.04748316852514201
W-ind,alpha_0.20,2026-01-12,5,97,False,0.04426678482024581,0.0032084998948032815
W-ind,alpha_0.20,2026-01-12,20,97,False,0.005390994050882928,0.04341994529770671
W-ind,alpha_0.20,2026-01-19,5,98,False,0.015927061891742183,-0.0662739322533137
W-ind,alpha_0.20,2026-01-19,20,98,False,0.14998106714391923,-0.06487130934848165
W-ind,alpha_0.20,2026-01-26,5,98,False,0.06650616123084138,-0.05539722918220708
W-ind,alpha_0.20,2026-01-26,20,98,False,0.2640904917952995,0.047529789797831026
W-ind,alpha_0.20,2026-02-02,5,98,False,0.15590598739361639,0.14971724397350317
W-ind,alpha_0.20,2026-02-02,20,98,False,0.11596303857448079,0.14121224872329438
W-ind,alpha_0.20,2026-02-09,5,98,False,0.18583579024425712,0.22308717301353528
W-ind,alpha_0.20,2026-02-09,20,98,False,0.044372678092594514,-0.08963397917742542
W-ind,alpha_0.20,2026-02-24,5,98,False,0.26051603073507046,0.019885367455323266
W-ind,alpha_0.20,2026-02-24,20,98,False,0.22535939279668157,0.10600641381201026
W-ind,alpha_0.20,2026-03-03,5,98,False,0.025966726462184987,0.18359696268385517
W-ind,alpha_0.20,2026-03-03,20,98,False,-0.11609957833422709,-0.2340148805539085
W-ind,alpha_0.20,2026-03-10,5,98,False,-0.3056498675382509,-0.25646959814853776
W-ind,alpha_0.20,2026-03-10,20,98,False,0.010796880955134812,-0.03757116717352358
W-ind,alpha_0.20,2026-03-17,5,98,False,-0.22181998015688673,-0.277037150380302
W-ind,alpha_0.20,2026-03-17,20,98,False,-0.0554233624702997,0.07716338644173694
W-ind,alpha_0.20,2026-03-24,5,98,False,-0.12799065752683564,-0.0773163998495368
W-ind,alpha_0.20,2026-03-24,20,98,False,0.153210116406288,0.21330706603166097
W-ind,alpha_0.20,2026-03-31,5,98,False,0.29418610902747316,0.28512135875906125
W-ind,alpha_0.20,2026-03-31,20,98,False,0.004765958837566602,0.03563299734139203
W-ind,alpha_0.20,2026-04-08,5,98,False,-0.04687128676998306,0.0664651990130635
W-ind,alpha_0.20,2026-04-08,20,97,False,0.19400272089160633,0.2784557121817799
W-ind,alpha_0.20,2026-04-15,5,98,False,0.08056234225450619,0.13996263922626218
W-ind,alpha_0.20,2026-04-15,20,97,False,0.2201150338300742,0.23771828318956445
W-ind,alpha_0.20,2026-04-22,5,98,False,-0.341665783275705,-0.1823346020695063
W-ind,alpha_0.20,2026-04-22,20,97,False,-0.14817181199567225,-0.19194456132968646
W-ind,alpha_0.20,2026-04-29,5,97,False,0.238224504768553,0.23055175678518827
W-ind,alpha_0.20,2026-04-29,20,97,False,0.10747309129387696,0.13549337260677466
W-ind,alpha_0.20,2026-05-11,5,98,False,0.13288918330980784,0.1542566417382323
W-ind,alpha_0.20,2026-05-11,20,98,False,0.09262115269878178,0.12450828503847648
W-ind,alpha_0.20,2026-05-18,5,98,False,-0.05684227510439518,-0.14437452581782478
W-ind,alpha_0.20,2026-05-18,20,98,False,-0.005744528089612737,0.010730065221965073
W-ind,alpha_0.20,2026-05-25,5,98,False,0.16795901651822237,0.06489681158311496
W-ind,alpha_0.20,2026-05-25,20,98,False,-0.03022782388229401,0.0737843403528234
W-ind,alpha_0.20,2026-06-01,5,98,False,-0.04260703214227358,-0.02617166829243412
W-ind,alpha_0.20,2026-06-01,20,98,False,0.023062373689296242,0.13016978112707125
W-ind,alpha_0.20,2026-06-08,5,98,False,-0.17852827428247517,-0.23198745290056036
W-ind,alpha_0.20,2026-06-08,20,98,False,0.013014824556749694,-0.06698799482304636
W-ind,alpha_0.20,2026-06-15,5,98,False,0.15751202242603887,0.05065381354041147
W-ind,alpha_0.20,2026-06-15,20,98,False,0.19024070768254528,0.11660259230215045
W-ind,alpha_0.20,2026-06-23,5,98,False,-0.2546244192087885,-0.3410095059579596
W-ind,alpha_0.20,2026-06-23,20,98,False,0.016487070443290074,0.00867713533398364
W-ind,alpha_0.20,2026-06-30,5,98,False,0.21254819068439346,0.1788662981593762
W-ind,alpha_0.20,2026-06-30,20,98,False,0.2677912142852667,0.19484344815714477
W-ind,alpha_0.20,2026-07-07,5,98,False,0.07877214782228996,0.027230011029716474
W-ind,alpha_0.20,2026-07-07,20,98,False,0.2523506640027874,0.15683236743619658
W-ind,alpha_0.20,2026-07-14,5,98,False,-0.16292717831530906,-0.23762344675452182
W-ind,alpha_0.20,2026-07-14,20,98,False,-0.11486418339736192,-0.09579276884136971
W-ind,alpha_0.20,2026-07-21,5,98,False,-0.1739835344758152,-0.10394073280671218
W-ind,alpha_0.20,2026-07-21,20,98,False,0.13838010239989829,0.10526684900764427
W-ind,alpha_0.20,2026-07-28,5,98,False,-0.18810751326839767,-0.24527411714451475
W-ind,alpha_0.20,2026-07-28,20,98,False,0.0023032744003460962,0.011099847624148066
W-ind,alpha_0.20,2026-08-04,5,98,False,0.2341113113288464,0.16452129117813946
W-ind,alpha_0.20,2026-08-04,20,0,True,,
W-ind,alpha_0.20,2026-08-11,5,98,False,0.2851541086433259,0.3239740132229086
W-ind,alpha_0.20,2026-08-11,20,0,True,,
W-ind,alpha_0.20,2026-08-18,5,98,False,-0.24196726609621,-0.19191069117431414
W-ind,alpha_0.20,2026-08-18,20,0,True,,
W-ind,alpha_0.20,2026-08-25,5,0,True,,
W-ind,alpha_0.20,2026-08-25,20,0,True,,
W-ind,alpha_0.60,2025-04-02,5,99,False,-0.02444342096572744,0.007359307359307359
W-ind,alpha_0.60,2025-04-02,20,99,False,0.02526751041100858,0.05459492888064316
W-ind,alpha_0.60,2025-04-10,5,99,False,0.24789527254848356,0.2608534322820037
W-ind,alpha_0.60,2025-04-10,20,99,False,-0.3333501920260725,-0.3658256029684601
W-ind,alpha_0.60,2025-04-17,5,99,False,-0.09807159031318978,-0.05762523191094619
W-ind,alpha_0.60,2025-04-17,20,99,False,-0.30204019318863795,-0.21678416821273963
W-ind,alpha_0.60,2025-04-24,5,99,False,0.13395208733436748,0.19564625850340137
W-ind,alpha_0.60,2025-04-24,20,99,False,-0.16885791106077172,-0.13918367346938776
W-ind,alpha_0.60,2025-05-06,5,99,False,-0.18850141898127662,-0.15729128014842303
W-ind,alpha_0.60,2025-05-06,20,99,False,-0.2860800929729704,-0.2699072356215213
W-ind,alpha_0.60,2025-05-13,5,99,False,0.29395467237261735,0.17361781076066787
W-ind,alpha_0.60,2025-05-13,20,99,False,0.3464785026607403,0.2777241805813234
W-ind,alpha_0.60,2025-05-20,5,99,False,0.041311042266312874,0.07470624613481756
W-ind,alpha_0.60,2025-05-20,20,99,False,-0.14346315348527816,-0.11022881880024737
W-ind,alpha_0.60,2025-05-27,5,99,False,-0.20842684710849155,-0.21179962894248608
W-ind,alpha_0.60,2025-05-27,20,99,False,-0.3625314537644165,-0.378169449598021
W-ind,alpha_0.60,2025-06-04,5,99,False,-0.08156346591057832,-0.025627705627705628
W-ind,alpha_0.60,2025-06-04,20,99,False,0.04031721107700921,0.07192331478045763
W-ind,alpha_0.60,2025-06-11,5,99,False,0.008112903009669926,-0.07789734075448361
W-ind,alpha_0.60,2025-06-11,20,99,False,0.012157102994768845,0.0613234384662956
W-ind,alpha_0.60,2025-06-18,5,99,False,-0.29856346083983315,-0.28338899196042056
W-ind,alpha_0.60,2025-06-18,20,99,False,-0.16170558771571758,-0.2109461966604824
W-ind,alpha_0.60,2025-06-25,5,99,False,-0.061432908820079936,-0.0025602968460111315
W-ind,alpha_0.60,2025-06-25,20,99,False,-0.15114684069202403,-0.1305256648113791
W-ind,alpha_0.60,2025-07-02,5,99,False,-0.10264628320890279,0.0016821273964131107
W-ind,alpha_0.60,2025-07-02,20,99,False,-0.1969813683384244,-0.08938775510204082
W-ind,alpha_0.60,2025-07-09,5,99,False,-0.15058924853791938,-0.04672850958565244
W-ind,alpha_0.60,2025-07-09,20,99,False,-0.04144145786399107,0.0354978354978355
W-ind,alpha_0.60,2025-07-16,5,99,False,-0.13805477371303487,-0.08941249226963513
W-ind,alpha_0.60,2025-07-16,20,97,False,0.21381824991529,-0.08338154849568694
W-ind,alpha_0.60,2025-07-23,5,99,False,0.15001357027488024,0.039406307977736546
W-ind,alpha_0.60,2025-07-23,20,97,False,0.14097362452824996,-0.060737954975804746
W-ind,alpha_0.60,2025-07-30,5,99,False,0.14819761643589302,0.062708719851577
W-ind,alpha_0.60,2025-07-30,20,97,False,0.10571930086619684,-0.09710972017673047
W-ind,alpha_0.60,2025-08-06,5,97,False,-0.013010406605764543,-0.18344992636229748
W-ind,alpha_0.60,2025-08-06,20,94,False,0.040728991927205686,0.05016074847379258
W-ind,alpha_0.60,2025-08-13,5,97,False,0.2311607763584669,0.37726172943404157
W-ind,alpha_0.60,2025-08-13,20,94,False,0.06838334008294478,0.19903189683199077
W-ind,alpha_0.60,2025-08-20,5,98,False,0.13547924304669295,0.04026165292733775
W-ind,alpha_0.60,2025-08-20,20,95,False,-0.06636703678186816,-0.04850223964165734
W-ind,alpha_0.60,2025-08-27,5,95,False,0.08467447391814135,0.04326707726763718
W-ind,alpha_0.60,2025-08-27,20,95,False,0.060694586408363164,0.05512318029115342
W-ind,alpha_0.60,2025-09-03,5,96,False,-0.02512377608102695,0.03555344546934346
W-ind,alpha_0.60,2025-09-03,20,94,False,0.00155570113909246,0.07800455152981975
W-ind,alpha_0.60,2025-09-10,5,97,False,-0.009108040360386323,-0.019882179675994108
W-ind,alpha_0.60,2025-09-10,20,95,False,0.10229975975784282,0.130025195968645
W-ind,alpha_0.60,2025-09-17,5,98,False,0.1577018259929913,-0.018776020248774297
W-ind,alpha_0.60,2025-09-17,20,96,False,0.27415800743599844,0.1816603364080304
W-ind,alpha_0.60,2025-09-24,5,96,False,0.09681629374265441,0.1622897449810092
W-ind,alpha_0.60,2025-09-24,20,96,False,0.09710477152601492,0.03469886055344547
W-ind,alpha_0.60,2025-10-09,5,96,False,-0.09182725230183664,-0.10633478024959306
W-ind,alpha_0.60,2025-10-09,20,96,False,-0.3876634220558375,-0.2633071079761259
W-ind,alpha_0.60,2025-10-16,5,97,False,0.11910258750964554,0.20501525352409006
W-ind,alpha_0.60,2025-10-16,20,97,False,0.3866000851481234,0.3978145381864085
W-ind,alpha_0.60,2025-10-23,5,98,False,-0.09013306715674593,0.05831723504772105
W-ind,alpha_0.60,2025-10-23,20,98,False,-0.13002903101915378,-0.10535610682886087
W-ind,alpha_0.60,2025-10-30,5,98,False,-0.18093714358777652,-0.1705908230208672
W-ind,alpha_0.60,2025-10-30,20,97,False,-0.030141126731511734,-0.14745949926362298
W-ind,alpha_0.60,2025-11-06,5,98,False,-0.3393993869634794,-0.3416470618237923
W-ind,alpha_0.60,2025-11-06,20,97,False,0.0987705026864137,-0.11847780349253101
W-ind,alpha_0.60,2025-11-13,5,98,False,-0.020606034938838426,0.003385421647571868
W-ind,alpha_0.60,2025-11-13,20,97,False,-0.06573656710193353,-0.08267147065011571
W-ind,alpha_0.60,2025-11-20,5,97,False,0.1138411539016819,0.056083000210393426
W-ind,alpha_0.60,2025-11-20,20,97,False,0.10647728031418728,0.07286187670944666
W-ind,alpha_0.60,2025-11-27,5,97,False,0.02751323435136054,0.06315747948664001
W-ind,alpha_0.60,2025-11-27,20,96,False,0.029361535095886244,0.031009224091155727
W-ind,alpha_0.60,2025-12-04,5,97,False,-0.12113448510173587,0.024879023774458234
W-ind,alpha_0.60,2025-12-04,20,95,False,-0.08313229804818394,0.018770996640537514
W-ind,alpha_0.60,2025-12-11,5,98,False,-0.1518466857971256,-0.14281888950519286
W-ind,alpha_0.60,2025-12-11,20,96,False,-0.13788950294476865,-0.12135105805751491
W-ind,alpha_0.60,2025-12-18,5,97,False,0.17663423075900445,0.1331264464548706
W-ind,alpha_0.60,2025-12-18,20,96,False,0.0754989919890195,0.015138361367335864
W-ind,alpha_0.60,2025-12-25,5,96,False,0.19803606097618393,0.14450623982637004
W-ind,alpha_0.60,2025-12-25,20,96,False,0.1712359208977019,0.07083559413998915
W-ind,alpha_0.60,2026-01-05,5,97,False,0.2980538616592298,0.23370765832106036
W-ind,alpha_0.60,2026-01-05,20,97,False,0.26603437943283037,0.04748316852514201
W-ind,alpha_0.60,2026-01-12,5,97,False,0.0443371915719934,0.0032084998948032815
W-ind,alpha_0.60,2026-01-12,20,97,False,0.005426057136216014,0.04341994529770671
W-ind,alpha_0.60,2026-01-19,5,98,False,0.015887758141760588,-0.0662739322533137
W-ind,alpha_0.60,2026-01-19,20,98,False,0.14995631118821845,-0.06487130934848165
W-ind,alpha_0.60,2026-01-26,5,98,False,0.06642526904481355,-0.05409661521590829
W-ind,alpha_0.60,2026-01-26,20,98,False,0.2639770670924322,0.04909817722777957
W-ind,alpha_0.60,2026-02-02,5,98,False,0.15589314228533305,0.14971724397350317
W-ind,alpha_0.60,2026-02-02,20,98,False,0.11590359921994002,0.14121224872329438
W-ind,alpha_0.60,2026-02-09,5,98,False,0.18577102691187317,0.22308717301353528
W-ind,alpha_0.60,2026-02-09,20,98,False,0.04441918654506687,-0.08963397917742542
W-ind,alpha_0.60,2026-02-24,5,98,False,0.26036823797940173,0.019898118572639928
W-ind,alpha_0.60,2026-02-24,20,98,False,0.22526357376516895,0.10605741828127688
W-ind,alpha_0.60,2026-03-03,5,98,False,0.026074046145586487,0.18359696268385517
W-ind,alpha_0.60,2026-03-03,20,98,False,-0.11605701659001011,-0.2340148805539085
W-ind,alpha_0.60,2026-03-10,5,98,False,-0.30565968154979145,-0.2563675892100045
W-ind,alpha_0.60,2026-03-10,20,98,False,0.010760381360435828,-0.03862950991080593
W-ind,alpha_0.60,2026-03-17,5,98,False,-0.22186769767677703,-0.2767693769166523
W-ind,alpha_0.60,2026-03-17,20,98,False,-0.05550543305617218,0.07711238197247032
W-ind,alpha_0.60,2026-03-24,5,98,False,-0.12792623160884134,-0.07704862638588705
W-ind,alpha_0.60,2026-03-24,20,98,False,0.1533091518061259,0.2129117813948447
W-ind,alpha_0.60,2026-03-31,5,98,False,0.2941572674802681,0.28512135875906125
W-ind,alpha_0.60,2026-03-31,20,98,False,0.004774331746224072,0.03563299734139203
W-ind,alpha_0.60,2026-04-08,5,98,False,-0.04684499348898863,0.0664651990130635
W-ind,alpha_0.60,2026-04-08,20,97,False,0.1941008678685399,0.2784557121817799
W-ind,alpha_0.60,2026-04-15,5,98,False,0.08060077546539703,0.13996263922626218
W-ind,alpha_0.60,2026-04-15,20,97,False,0.22020533239241186,0.23771828318956445
W-ind,alpha_0.60,2026-04-22,5,98,False,-0.341730579142404,-0.1823346020695063
W-ind,alpha_0.60,2026-04-22,20,97,False,-0.14819785056896734,-0.19194456132968646
W-ind,alpha_0.60,2026-04-29,5,97,False,0.23828951025292214,0.23055175678518827
W-ind,alpha_0.60,2026-04-29,20,97,False,0.10754964216490305,0.13549337260677466
W-ind,alpha_0.60,2026-05-11,5,98,False,0.1328937140285907,0.1542566417382323
W-ind,alpha_0.60,2026-05-11,20,98,False,0.09265385308366046,0.12450828503847648
W-ind,alpha_0.60,2026-05-18,5,98,False,-0.05684428278193811,-0.14437452581782478
W-ind,alpha_0.60,2026-05-18,20,98,False,-0.0057074607196110514,0.010730065221965073
W-ind,alpha_0.60,2026-05-25,5,98,False,0.16801110150848347,0.06493506493506493
W-ind,alpha_0.60,2026-05-25,20,98,False,-0.030207026680682564,0.07386084705672333
W-ind,alpha_0.60,2026-06-01,5,98,False,-0.04262561335915112,-0.02617166829243412
W-ind,alpha_0.60,2026-06-01,20,98,False,0.023079554284719816,0.13016978112707125
W-ind,alpha_0.60,2026-06-08,5,98,False,-0.17854628376338744,-0.23184719061007716
W-ind,alpha_0.60,2026-06-08,20,98,False,0.013049775525641063,-0.06643969677843019
W-ind,alpha_0.60,2026-06-15,5,98,False,0.15755444408343552,0.050092764378478656
W-ind,alpha_0.60,2026-06-15,20,98,False,0.19037986529351233,0.11656433895020049
W-ind,alpha_0.60,2026-06-23,5,98,False,-0.2546877393284957,-0.3410095059579596
W-ind,alpha_0.60,2026-06-23,20,98,False,0.016521442086441827,0.00867713533398364
W-ind,alpha_0.60,2026-06-30,5,98,False,0.2126307828330582,0.1788662981593762
W-ind,alpha_0.60,2026-06-30,20,98,False,0.26790276406630664,0.19484344815714477
W-ind,alpha_0.60,2026-07-07,5,98,False,0.07888701282014533,0.02799507806871577
W-ind,alpha_0.60,2026-07-07,20,98,False,0.2524927894996333,0.1577887012349457
W-ind,alpha_0.60,2026-07-14,5,98,False,-0.1630253591882297,-0.23762344675452182
W-ind,alpha_0.60,2026-07-14,20,98,False,-0.11495874573645981,-0.09579276884136971
W-ind,alpha_0.60,2026-07-21,5,98,False,-0.17403705847853046,-0.10264011884041338
W-ind,alpha_0.60,2026-07-21,20,98,False,0.13841037074879814,0.10655471185662642
W-ind,alpha_0.60,2026-07-28,5,98,False,-0.1881834931457002,-0.24527411714451475
W-ind,alpha_0.60,2026-07-28,20,98,False,0.002352557544389001,0.011099847624148066
W-ind,alpha_0.60,2026-08-04,5,98,False,0.23415428165193616,0.16452129117813946
W-ind,alpha_0.60,2026-08-04,20,0,True,,
W-ind,alpha_0.60,2026-08-11,5,98,False,0.2852105147736533,0.3239740132229086
W-ind,alpha_0.60,2026-08-11,20,0,True,,
W-ind,alpha_0.60,2026-08-18,5,98,False,-0.24205012526216574,-0.19239523363234698
W-ind,alpha_0.60,2026-08-18,20,0,True,,
W-ind,alpha_0.60,2026-08-25,5,0,True,,
W-ind,alpha_0.60,2026-08-25,20,0,True,,
W-ind,alpha_0.75,2025-04-02,5,99,False,-0.024502068071493036,0.007359307359307359
W-ind,alpha_0.75,2025-04-02,20,99,False,0.025250281354531664,0.05459492888064316
W-ind,alpha_0.75,2025-04-10,5,99,False,0.24791521361235785,0.2608534322820037
W-ind,alpha_0.75,2025-04-10,20,99,False,-0.3333740746849889,-0.3658256029684601
W-ind,alpha_0.75,2025-04-17,5,99,False,-0.09811874823794417,-0.05786023500309215
W-ind,alpha_0.75,2025-04-17,20,99,False,-0.3020400414305302,-0.21706864564007416
W-ind,alpha_0.75,2025-04-24,5,99,False,0.1339331740978716,0.19578231292517007
W-ind,alpha_0.75,2025-04-24,20,99,False,-0.16877188768111118,-0.1389239332096475
W-ind,alpha_0.75,2025-05-06,5,99,False,-0.1884559588038349,-0.15729128014842303
W-ind,alpha_0.75,2025-05-06,20,99,False,-0.2860465592832851,-0.2699072356215213
W-ind,alpha_0.75,2025-05-13,5,99,False,0.2939123249426884,0.17361781076066787
W-ind,alpha_0.75,2025-05-13,20,99,False,0.34644857185673134,0.2777241805813234
W-ind,alpha_0.75,2025-05-20,5,99,False,0.04130971396186393,0.07508967223252937
W-ind,alpha_0.75,2025-05-20,20,99,False,-0.14353543915550906,-0.11076066790352504
W-ind,alpha_0.75,2025-05-27,5,99,False,-0.20842314663664538,-0.21179962894248608
W-ind,alpha_0.75,2025-05-27,20,99,False,-0.36254247768674386,-0.378169449598021
W-ind,alpha_0.75,2025-06-04,5,99,False,-0.08156615081155785,-0.025627705627705628
W-ind,alpha_0.75,2025-06-04,20,99,False,0.04032720453083014,0.07192331478045763
W-ind,alpha_0.75,2025-06-11,5,99,False,0.008118052996197408,-0.07781076066790352
W-ind,alpha_0.75,2025-06-11,20,99,False,0.012153312136299176,0.06147186147186146
W-ind,alpha_0.75,2025-06-18,5,99,False,-0.2986094957255651,-0.28338899196042056
W-ind,alpha_0.75,2025-06-18,20,99,False,-0.16172761033800864,-0.2109461966604824
W-ind,alpha_0.75,2025-06-25,5,99,False,-0.06143047234820742,-0.0025602968460111315
W-ind,alpha_0.75,2025-06-25,20,99,False,-0.15119575906652416,-0.1305256648113791
W-ind,alpha_0.75,2025-07-02,5,99,False,-0.10270099443282298,0.0010884353741496598
W-ind,alpha_0.75,2025-07-02,20,99,False,-0.1970192030222219,-0.08972170686456402
W-ind,alpha_0.75,2025-07-09,5,99,False,-0.15060832290296702,-0.04672850958565244
W-ind,alpha_0.75,2025-07-09,20,99,False,-0.04142457634008025,0.0354978354978355
W-ind,alpha_0.75,2025-07-16,5,99,False,-0.13804490419663637,-0.08832405689548546
W-ind,alpha_0.75,2025-07-16,20,97,False,0.2138909502506403,-0.08306595834209972
W-ind,alpha_0.75,2025-07-23,5,99,False,0.15005446831940816,0.039406307977736546
W-ind,alpha_0.75,2025-07-23,20,97,False,0.14101257356781816,-0.060737954975804746
W-ind,alpha_0.75,2025-07-30,5,99,False,0.14821136241708754,0.062708719851577
W-ind,alpha_0.75,2025-07-30,20,97,False,0.10578078795598507,-0.09710972017673047
W-ind,alpha_0.75,2025-08-06,5,97,False,-0.012990083320040237,-0.18344992636229748
W-ind,alpha_0.75,2025-08-06,20,94,False,0.04077721788115243,0.05016074847379258
W-ind,alpha_0.75,2025-08-13,5,97,False,0.23139660874872298,0.37594677046076164
W-ind,alpha_0.75,2025-08-13,20,94,False,0.06857899923656291,0.1979626485568761
W-ind,alpha_0.75,2025-08-20,5,98,False,0.13562697487809838,0.04032540851392103
W-ind,alpha_0.75,2025-08-20,20,95,False,-0.06639627564490128,-0.0488521836506159
W-ind,alpha_0.75,2025-08-27,5,95,False,0.08470511654997327,0.04326707726763718
W-ind,alpha_0.75,2025-08-27,20,95,False,0.060746726599679696,0.05512318029115342
W-ind,alpha_0.75,2025-09-03,5,96,False,-0.02512377608102696,0.03555344546934346
W-ind,alpha_0.75,2025-09-03,20,94,False,0.0015557011390925175,0.07800455152981975
W-ind,alpha_0.75,2025-09-10,5,97,False,-0.009138524273439455,-0.019882179675994108
W-ind,alpha_0.75,2025-09-10,20,95,False,0.10232266021252022,0.130025195968645
W-ind,alpha_0.75,2025-09-17,5,98,False,0.15784394588153644,-0.018776020248774297
W-ind,alpha_0.75,2025-09-17,20,96,False,0.2742981498136961,0.1816603364080304
W-ind,alpha_0.75,2025-09-24,5,96,False,0.0968568813084951,0.1616928920238741
W-ind,alpha_0.75,2025-09-24,20,96,False,0.09717414914786945,0.035173629951166574
W-ind,alpha_0.75,2025-10-09,5,96,False,-0.09182725230183654,-0.10633478024959306
W-ind,alpha_0.75,2025-10-09,20,96,False,-0.38766342205583737,-0.2633071079761259
W-ind,alpha_0.75,2025-10-16,5,97,False,0.1190967535332005,0.20501525352409006
W-ind,alpha_0.75,2025-10-16,20,97,False,0.38669003355712356,0.3978145381864085
W-ind,alpha_0.75,2025-10-23,5,98,False,-0.09021452107692254,0.05831723504772105
W-ind,alpha_0.75,2025-10-23,20,98,False,-0.1299857327826309,-0.10535610682886087
W-ind,alpha_0.75,2025-10-30,5,98,False,-0.18093422867275225,-0.1698257559818679
W-ind,alpha_0.75,2025-10-30,20,97,False,-0.03010892670182318,-0.14705186198190617
W-ind,alpha_0.75,2025-11-06,5,98,False,-0.33943582382098325,-0.3416470618237923
W-ind,alpha_0.75,2025-11-06,20,97,False,0.09891907164522913,-0.11847780349253101
W-ind,alpha_0.75,2025-11-13,5,98,False,-0.020559647861780005,0.003385421647571868
W-ind,alpha_0.75,2025-11-13,20,97,False,-0.06568594314608908,-0.08267147065011571
W-ind,alpha_0.75,2025-11-20,5,97,False,0.11377765567579656,0.054860088365243
W-ind,alpha_0.75,2025-11-20,20,97,False,0.10653924490796719,0.07323006522196508
W-ind,alpha_0.75,2025-11-27,5,97,False,0.027505821380094633,0.06315747948664001
W-ind,alpha_0.75,2025-11-27,20,96,False,0.029380154432562502,0.031009224091155727
W-ind,alpha_0.75,2025-12-04,5,97,False,-0.12122971541923733,0.024879023774458234
W-ind,alpha_0.75,2025-12-04,20,95,False,-0.08318255056122754,0.018770996640537514
W-ind,alpha_0.75,2025-12-11,5,98,False,-0.15181761980714822,-0.14256386715885977
W-ind,alpha_0.75,2025-12-11,20,96,False,-0.1379431365494184,-0.12106619641888226
W-ind,alpha_0.75,2025-12-18,5,97,False,0.1765750434649043,0.13245581737849776
W-ind,alpha_0.75,2025-12-18,20,96,False,0.07546776512706496,0.014989148128052089
W-ind,alpha_0.75,2025-12-25,5,96,False,0.1980636902028329,0.14450623982637004
W-ind,alpha_0.75,2025-12-25,20,96,False,0.17124278346173974,0.07083559413998915
W-ind,alpha_0.75,2026-01-05,5,97,False,0.29808043055706474,0.23370765832106036
W-ind,alpha_0.75,2026-01-05,20,97,False,0.2661221106848894,0.04748316852514201
W-ind,alpha_0.75,2026-01-12,5,97,False,0.04442689349231609,0.0032084998948032815
W-ind,alpha_0.75,2026-01-12,20,97,False,0.005470731350223514,0.04341994529770671
W-ind,alpha_0.75,2026-01-19,5,98,False,0.015837703358395832,-0.06601890990698059
W-ind,alpha_0.75,2026-01-19,20,98,False,0.1499247193104569,-0.06471829594068179
W-ind,alpha_0.75,2026-01-26,5,98,False,0.06632225321319475,-0.05359932164055875
W-ind,alpha_0.75,2026-01-26,20,98,False,0.26383254454024196,0.04918743504899616
W-ind,alpha_0.75,2026-02-02,5,98,False,0.15587672700893318,0.14920719928083698
W-ind,alpha_0.75,2026-02-02,20,98,False,0.11582789191411648,0.14098272861159458
W-ind,alpha_0.75,2026-02-09,5,98,False,0.18568851461017225,0.22278114619793554
W-ind,alpha_0.75,2026-02-09,20,98,False,0.04447836715170001,-0.08999101046229176
W-ind,alpha_0.75,2026-02-24,5,98,False,0.26017987904304113,0.019898118572639928
W-ind,alpha_0.75,2026-02-24,20,98,False,0.22514142949312457,0.10605741828127688
W-ind,alpha_0.75,2026-03-03,5,98,False,0.026210725674662167,0.18359696268385517
W-ind,alpha_0.75,2026-03-03,20,98,False,-0.1160027551633509,-0.2340148805539085
W-ind,alpha_0.75,2026-03-10,5,98,False,-0.3056720379275858,-0.2564313447965878
W-ind,alpha_0.75,2026-03-10,20,98,False,0.010713905251332296,-0.03958584370955505
W-ind,alpha_0.75,2026-03-17,5,98,False,-0.22192836246580275,-0.2767693769166523
W-ind,alpha_0.75,2026-03-17,20,98,False,-0.05560992124142407,0.07711238197247032
W-ind,alpha_0.75,2026-03-24,5,98,False,-0.12784412905143985,-0.07721439091100356
W-ind,alpha_0.75,2026-03-24,20,98,False,0.153435199553703,0.21394462189749372
W-ind,alpha_0.75,2026-03-31,5,98,False,0.29412040771218095,0.28512135875906125
W-ind,alpha_0.75,2026-03-31,20,98,False,0.004784991025148207,0.03563299734139203
W-ind,alpha_0.75,2026-04-08,5,98,False,-0.04681148533524903,0.06631218560526365
W-ind,alpha_0.75,2026-04-08,20,97,False,0.1942257809928833,0.2784557121817799
W-ind,alpha_0.75,2026-04-15,5,98,False,0.08064967180574978,0.13996263922626218
W-ind,alpha_0.75,2026-04-15,20,97,False,0.22032020002410077,0.23771828318956445
W-ind,alpha_0.75,2026-04-22,5,98,False,-0.34181291472432235,-0.1823346020695063
W-ind,alpha_0.75,2026-04-22,20,97,False,-0.1482309329172312,-0.19194456132968646
W-ind,alpha_0.75,2026-04-29,5,97,False,0.2383721570552227,0.23055175678518827
W-ind,alpha_0.75,2026-04-29,20,97,False,0.10764704198135584,0.13549337260677466
W-ind,alpha_0.75,2026-05-11,5,98,False,0.13289942582261505,0.1542566417382323
W-ind,alpha_0.75,2026-05-11,20,98,False,0.09269543779443136,0.12450828503847648
W-ind,alpha_0.75,2026-05-18,5,98,False,-0.05684681330914575,-0.14406849900222504
W-ind,alpha_0.75,2026-05-18,20,98,False,-0.005660267001792238,0.010934083099031553
W-ind,alpha_0.75,2026-05-25,5,98,False,0.16807732589857535,0.06418274901338229
W-ind,alpha_0.75,2026-05-25,20,98,False,-0.030180546603101852,0.07395010487793992
W-ind,alpha_0.75,2026-06-01,5,98,False,-0.0426492588719361,-0.02617166829243412
W-ind,alpha_0.75,2026-06-01,20,98,False,0.023101424806448015,0.13016978112707125
W-ind,alpha_0.75,2026-06-08,5,98,False,-0.1785691321249476,-0.23184719061007716
W-ind,alpha_0.75,2026-06-08,20,98,False,0.013094268080722261,-0.06643969677843019
W-ind,alpha_0.75,2026-06-15,5,98,False,0.15760839242413008,0.050092764378478656
W-ind,alpha_0.75,2026-06-15,20,98,False,0.19055698412618463,0.11656433895020049
W-ind,alpha_0.75,2026-06-23,5,98,False,-0.25476823038785956,-0.3410095059579596
W-ind,alpha_0.75,2026-06-23,20,98,False,0.016565183424566362,0.00867713533398364
W-ind,alpha_0.75,2026-06-30,5,98,False,0.21273582337854133,0.1788662981593762
W-ind,alpha_0.75,2026-06-30,20,98,False,0.2680446408958798,0.19484344815714477
W-ind,alpha_0.75,2026-07-07,5,98,False,0.07903322145751192,0.028046082537982388
W-ind,alpha_0.75,2026-07-07,20,98,False,0.25267362710044144,0.15812023028517871
W-ind,alpha_0.75,2026-07-14,5,98,False,-0.16315031851574033,-0.2369986420060058
W-ind,alpha_0.75,2026-07-14,20,98,False,-0.11507911876874319,-0.09533372861797014
W-ind,alpha_0.75,2026-07-21,5,98,False,-0.1741051175771274,-0.10264011884041338
W-ind,alpha_0.75,2026-07-21,20,98,False,0.13844884161856377,0.10655471185662642
W-ind,alpha_0.75,2026-07-28,5,98,False,-0.18828013567149676,-0.24422852552454904
W-ind,alpha_0.75,2026-07-28,20,98,False,0.002415295911604004,0.011775656841930772
W-ind,alpha_0.75,2026-08-04,5,98,False,0.23420888064544873,0.1623663523516248
W-ind,alpha_0.75,2026-08-04,20,0,True,,
W-ind,alpha_0.75,2026-08-11,5,98,False,0.28528219601713856,0.3240632710441252
W-ind,alpha_0.75,2026-08-11,20,0,True,,
W-ind,alpha_0.75,2026-08-18,5,98,False,-0.24215548792482186,-0.19239523363234698
W-ind,alpha_0.75,2026-08-18,20,0,True,,
W-ind,alpha_0.75,2026-08-25,5,0,True,,
W-ind,alpha_0.75,2026-08-25,20,0,True,,
W-ind,b0_alpha_0.40,2025-04-02,5,99,False,-0.02441242940066413,0.007359307359307359
W-ind,b0_alpha_0.40,2025-04-02,20,99,False,0.025276613366992527,0.05459492888064316
W-ind,b0_alpha_0.40,2025-04-10,5,99,False,0.24788472173520773,0.2608534322820037
W-ind,b0_alpha_0.40,2025-04-10,20,99,False,-0.3333375539530159,-0.3658256029684601
W-ind,b0_alpha_0.40,2025-04-17,5,99,False,-0.09804666495965553,-0.05762523191094619
W-ind,b0_alpha_0.40,2025-04-17,20,99,False,-0.30204025838217674,-0.21678416821273963
W-ind,b0_alpha_0.40,2025-04-24,5,99,False,0.13396207439376823,0.19564625850340137
W-ind,b0_alpha_0.40,2025-04-24,20,99,False,-0.16890335506414175,-0.13918367346938776
W-ind,b0_alpha_0.40,2025-05-06,5,99,False,-0.18852543125514765,-0.15729128014842303
W-ind,b0_alpha_0.40,2025-05-06,20,99,False,-0.2860977985211882,-0.2699072356215213
W-ind,b0_alpha_0.40,2025-05-13,5,99,False,0.29397703414825854,0.17361781076066787
W-ind,b0_alpha_0.40,2025-05-13,20,99,False,0.34649430142362914,0.2777241805813234
W-ind,b0_alpha_0.40,2025-05-20,5,99,False,0.041311742167455215,0.07419913419913418
W-ind,b0_alpha_0.40,2025-05-20,20,99,False,-0.14342494642928888,-0.11035250463821891
W-ind,b0_alpha_0.40,2025-05-27,5,99,False,-0.20842879275876788,-0.21179962894248608
W-ind,b0_alpha_0.40,2025-05-27,20,99,False,-0.3625256101280807,-0.378169449598021
W-ind,b0_alpha_0.40,2025-06-04,5,99,False,-0.08156204327612689,-0.025627705627705628
W-ind,b0_alpha_0.40,2025-06-04,20,99,False,0.040311928571799584,0.07192331478045763
W-ind,b0_alpha_0.40,2025-06-11,5,99,False,0.008110180923863172,-0.07789734075448361
W-ind,b0_alpha_0.40,2025-06-11,20,99,False,0.012159105808357815,0.0613234384662956
W-ind,b0_alpha_0.40,2025-06-18,5,99,False,-0.29853911901294394,-0.28338899196042056
W-ind,b0_alpha_0.40,2025-06-18,20,99,False,-0.16169394189515435,-0.2109461966604824
W-ind,b0_alpha_0.40,2025-06-25,5,99,False,-0.0614341933025821,-0.0025602968460111315
W-ind,b0_alpha_0.40,2025-06-25,20,99,False,-0.15112098493434753,-0.1305256648113791
W-ind,b0_alpha_0.40,2025-07-02,5,99,False,-0.10261736763303657,0.002325293753865182
W-ind,b0_alpha_0.40,2025-07-02,20,99,False,-0.19696136604598113,-0.08958565244279529
W-ind,b0_alpha_0.40,2025-07-09,5,99,False,-0.15057916120729012,-0.046827458256029686
W-ind,b0_alpha_0.40,2025-07-09,20,99,False,-0.041450376847024455,0.03507730364873222
W-ind,b0_alpha_0.40,2025-07-16,5,99,False,-0.1380599827773715,-0.08941249226963513
W-ind,b0_alpha_0.40,2025-07-16,20,97,False,0.21377981854840405,-0.08338154849568694
W-ind,b0_alpha_0.40,2025-07-23,5,99,False,0.14999195271250793,0.03924551638837353
W-ind,b0_alpha_0.40,2025-07-23,20,97,False,0.1409530371937175,-0.061171891436987154
W-ind,b0_alpha_0.40,2025-07-30,5,99,False,0.14819034505671,0.062708719851577
W-ind,b0_alpha_0.40,2025-07-30,20,97,False,0.10568680291471134,-0.09710972017673047
W-ind,b0_alpha_0.40,2025-08-06,5,97,False,-0.013021145155768871,-0.1839233115926783
W-ind,b0_alpha_0.40,2025-08-06,20,94,False,0.04070350652097779,0.04951052992811472
W-ind,b0_alpha_0.40,2025-08-13,5,97,False,0.23103623419266744,0.3770513359983168
W-ind,b0_alpha_0.40,2025-08-13,20,94,False,0.06828009246949548,0.1977892569446953
W-ind,b0_alpha_0.40,2025-08-20,5,98,False,0.13540119638012715,0.04100121773170374
W-ind,b0_alpha_0.40,2025-08-20,20,95,False,-0.06635158465064807,-0.04757838745800672
W-ind,b0_alpha_0.40,2025-08-27,5,95,False,0.08465826906718764,0.04326707726763718
W-ind,b0_alpha_0.40,2025-08-27,20,95,False,0.0606670293078338,0.05512318029115342
W-ind,b0_alpha_0.40,2025-09-03,5,96,False,-0.02512377608102689,0.03555344546934346
W-ind,b0_alpha_0.40,2025-09-03,20,94,False,0.001555701139092434,0.07800455152981975
W-ind,b0_alpha_0.40,2025-09-10,5,97,False,-0.009091946987046177,-0.019882179675994108
W-ind,b0_alpha_0.40,2025-09-10,20,95,False,0.1022876649802015,0.130025195968645
W-ind,b0_alpha_0.40,2025-09-17,5,98,False,0.15762672027645433,-0.01841898896390796
W-ind,b0_alpha_0.40,2025-09-17,20,96,False,0.2740839243934159,0.18228431904503528
W-ind,b0_alpha_0.40,2025-09-24,5,96,False,0.09679483195748084,0.1622897449810092
W-ind,b0_alpha_0.40,2025-09-24,20,96,False,0.09706809923244245,0.03469886055344547
W-ind,b0_alpha_0.40,2025-10-09,5,96,False,-0.09182725230183662,-0.10633478024959306
W-ind,b0_alpha_0.40,2025-10-09,20,96,False,-0.38766342205583765,-0.2633071079761259
W-ind,b0_alpha_0.40,2025-10-16,5,97,False,0.11910566126660353,0.20501525352409006
W-ind,b0_alpha_0.40,2025-10-16,20,97,False,0.38655257834990614,0.3978145381864085
W-ind,b0_alpha_0.40,2025-10-23,5,98,False,-0.0900900154292136,0.05831723504772105
W-ind,b0_alpha_0.40,2025-10-23,20,98,False,-0.13005188237414544,-0.10535610682886087
W-ind,b0_alpha_0.40,2025-10-30,5,98,False,-0.18093864587466427,-0.1705908230208672
W-ind,b0_alpha_0.40,2025-10-30,20,97,False,-0.03015812849677357,-0.14745949926362298
W-ind,b0_alpha_0.40,2025-11-06,5,98,False,-0.3393800705863281,-0.3416470618237923
W-ind,b0_alpha_0.40,2025-11-06,20,97,False,0.09869200082275241,-0.11847780349253101
W-ind,b0_alpha_0.40,2025-11-13,5,98,False,-0.020630546314014953,0.003385421647571868
W-ind,b0_alpha_0.40,2025-11-13,20,97,False,-0.06576330986396328,-0.08267147065011571
W-ind,b0_alpha_0.40,2025-11-20,5,97,False,0.11387468285227918,0.056083000210393426
W-ind,b0_alpha_0.40,2025-11-20,20,97,False,0.10644452142511153,0.07286187670944666
W-ind,b0_alpha_0.40,2025-11-27,5,97,False,0.027517146124403258,0.06315747948664001
W-ind,b0_alpha_0.40,2025-11-27,20,96,False,0.02935170449764715,0.031009224091155727
W-ind,b0_alpha_0.40,2025-12-04,5,97,False,-0.12108419678183989,0.024879023774458234
W-ind,b0_alpha_0.40,2025-12-04,20,95,False,-0.08310576056880475,0.018770996640537514
W-ind,b0_alpha_0.40,2025-12-11,5,98,False,-0.151862013859809,-0.14281888950519286
W-ind,b0_alpha_0.40,2025-12-11,20,96,False,-0.13786114070769726,-0.12135105805751491
W-ind,b0_alpha_0.40,2025-12-18,5,97,False,0.17666546696988278,0.1331264464548706
W-ind,b0_alpha_0.40,2025-12-18,20,96,False,0.07551547485821453,0.015138361367335864
W-ind,b0_alpha_0.40,2025-12-25,5,96,False,0.19802146690381744,0.14450623982637004
W-ind,b0_alpha_0.40,2025-12-25,20,96,False,0.17123228953955083,0.07083559413998915
W-ind,b0_alpha_0.40,2026-01-05,5,97,False,0.2980398196685779,0.23370765832106036
W-ind,b0_alpha_0.40,2026-01-05,20,97,False,0.2659880470548611,0.04748316852514201
W-ind,b0_alpha_0.40,2026-01-12,5,97,False,0.04428983669895337,0.0032084998948032815
W-ind,b0_alpha_0.40,2026-01-12,20,97,False,0.00540247390635691,0.04341994529770671
W-ind,b0_alpha_0.40,2026-01-19,5,98,False,0.01591419190949874,-0.0662739322533137
W-ind,b0_alpha_0.40,2026-01-19,20,98,False,0.14997296571361746,-0.06487130934848165
W-ind,b0_alpha_0.40,2026-01-26,5,98,False,0.06647967289184398,-0.05539722918220708
W-ind,b0_alpha_0.40,2026-01-26,20,98,False,0.2640533564437964,0.047529789797831026
W-ind,b0_alpha_0.40,2026-02-02,5,98,False,0.15590178557847906,0.14971724397350317
W-ind,b0_alpha_0.40,2026-02-02,20,98,False,0.11594357589658517,0.14121224872329438
W-ind,b0_alpha_0.40,2026-02-09,5,98,False,0.18581458611541904,0.22308717301353528
W-ind,b0_alpha_0.40,2026-02-09,20,98,False,0.04438791102680391,-0.08963397917742542
W-ind,b0_alpha_0.40,2026-02-24,5,98,False,0.2604676467109968,0.019885367455323266
W-ind,b0_alpha_0.40,2026-02-24,20,98,False,0.22532802568802102,0.10600641381201026
W-ind,b0_alpha_0.40,2026-03-03,5,98,False,0.02600186791006885,0.18359696268385517
W-ind,b0_alpha_0.40,2026-03-03,20,98,False,-0.11608564589424789,-0.2340148805539085
W-ind,b0_alpha_0.40,2026-03-10,5,98,False,-0.30565309194393664,-0.2566353626736542
W-ind,b0_alpha_0.40,2026-03-10,20,98,False,0.010784928622399555,-0.03788994510643994
W-ind,b0_alpha_0.40,2026-03-17,5,98,False,-0.22183561322714768,-0.27668011909543566
W-ind,b0_alpha_0.40,2026-03-17,20,98,False,-0.05545023883483811,0.07707412862052036
W-ind,b0_alpha_0.40,2026-03-24,5,98,False,-0.1279695653996659,-0.0773163998495368
W-ind,b0_alpha_0.40,2026-03-24,20,98,False,0.1532425513665894,0.21330706603166097
W-ind,b0_alpha_0.40,2026-03-31,5,98,False,0.29417667469892006,0.28512135875906125
W-ind,b0_alpha_0.40,2026-03-31,20,98,False,0.004768700839025035,0.03563299734139203
W-ind,b0_alpha_0.40,2026-04-08,5,98,False,-0.04686267878086463,0.0664651990130635
W-ind,b0_alpha_0.40,2026-04-08,20,97,False,0.19403486517965393,0.2784557121817799
W-ind,b0_alpha_0.40,2026-04-15,5,98,False,0.08057493096721563,0.13996263922626218
W-ind,b0_alpha_0.40,2026-04-15,20,97,False,0.22014461198710528,0.23771828318956445
W-ind,b0_alpha_0.40,2026-04-22,5,98,False,-0.34168701466397744,-0.1823346020695063
W-ind,b0_alpha_0.40,2026-04-22,20,97,False,-0.14818034429946117,-0.19194456132968646
W-ind,b0_alpha_0.40,2026-04-29,5,97,False,0.23824580142668608,0.23055175678518827
W-ind,b0_alpha_0.40,2026-04-29,20,97,False,0.10749816470909222,0.13549337260677466
W-ind,b0_alpha_0.40,2026-05-11,5,98,False,0.13289067132412838,0.1542566417382323
W-ind,b0_alpha_0.40,2026-05-11,20,98,False,0.09263186501516994,0.12450828503847648
W-ind,b0_alpha_0.40,2026-05-18,5,98,False,-0.056842934520200096,-0.14437452581782478
W-ind,b0_alpha_0.40,2026-05-18,20,98,False,-0.00573238942272127,0.010730065221965073
W-ind,b0_alpha_0.40,2026-05-25,5,98,False,0.16797607991317087,0.06489681158311496
W-ind,b0_alpha_0.40,2026-05-25,20,98,False,-0.030221013403792123,0.0737843403528234
W-ind,b0_alpha_0.40,2026-06-01,5,98,False,-0.04261311794335701,-0.02617166829243412
W-ind,b0_alpha_0.40,2026-06-01,20,98,False,0.023068000192316668,0.13016978112707125
W-ind,b0_alpha_0.40,2026-06-08,5,98,False,-0.17853417812229672,-0.23198745290056036
W-ind,b0_alpha_0.40,2026-06-08,20,98,False,0.013026270654721369,-0.06698799482304636
W-ind,b0_alpha_0.40,2026-06-15,5,98,False,0.15752591923843867,0.050092764378478656
W-ind,b0_alpha_0.40,2026-06-15,20,98,False,0.190286282610703,0.11656433895020049
W-ind,b0_alpha_0.40,2026-06-23,5,98,False,-0.25464516471080895,-0.3410095059579596
W-ind,b0_alpha_0.40,2026-06-23,20,98,False,0.0164983278638065,0.00867713533398364
W-ind,b0_alpha_0.40,2026-06-30,5,98,False,0.21257524635123737,0.1788662981593762
W-ind,b0_alpha_0.40,2026-06-30,20,98,False,0.26782775532866515,0.19484344815714477
W-ind,b0_alpha_0.40,2026-07-07,5,98,False,0.07880976607405316,0.027230011029716474
W-ind,b0_alpha_0.40,2026-07-07,20,98,False,0.2523972154022975,0.15683236743619658
W-ind,b0_alpha_0.40,2026-07-14,5,98,False,-0.16295933347244496,-0.23762344675452182
W-ind,b0_alpha_0.40,2026-07-14,20,98,False,-0.11489515199184276,-0.09579276884136971
W-ind,b0_alpha_0.40,2026-07-21,5,98,False,-0.17400106891417763,-0.103060905711863
W-ind,b0_alpha_0.40,2026-07-21,20,98,False,0.13839001960755232,0.10561112917519397
W-ind,b0_alpha_0.40,2026-07-28,5,98,False,-0.18813240200325412,-0.24527411714451475
W-ind,b0_alpha_0.40,2026-07-28,20,98,False,0.002319414071201058,0.011099847624148066
W-ind,b0_alpha_0.40,2026-08-04,5,98,False,0.23412539146822245,0.16452129117813946
W-ind,b0_alpha_0.40,2026-08-04,20,0,True,,
W-ind,b0_alpha_0.40,2026-08-11,5,98,False,0.28517259051171373,0.3239740132229086
W-ind,b0_alpha_0.40,2026-08-11,20,0,True,,
W-ind,b0_alpha_0.40,2026-08-18,5,98,False,-0.24199441056537205,-0.19191069117431414
W-ind,b0_alpha_0.40,2026-08-18,20,0,True,,
W-ind,b0_alpha_0.40,2026-08-25,5,0,True,,
W-ind,b0_alpha_0.40,2026-08-25,20,0,True,,
W-ind,gate_V1,2025-04-02,5,99,False,-0.02441242940066413,0.007359307359307359
W-ind,gate_V1,2025-04-02,20,99,False,0.025276613366992527,0.05459492888064316
W-ind,gate_V1,2025-04-10,5,99,False,0.24788472173520773,0.2608534322820037
W-ind,gate_V1,2025-04-10,20,99,False,-0.3333375539530159,-0.3658256029684601
W-ind,gate_V1,2025-04-17,5,99,False,-0.09804666495965553,-0.05762523191094619
W-ind,gate_V1,2025-04-17,20,99,False,-0.30204025838217674,-0.21678416821273963
W-ind,gate_V1,2025-04-24,5,99,False,0.13396207439376823,0.19564625850340137
W-ind,gate_V1,2025-04-24,20,99,False,-0.16890335506414175,-0.13918367346938776
W-ind,gate_V1,2025-05-06,5,99,False,-0.18852543125514765,-0.15729128014842303
W-ind,gate_V1,2025-05-06,20,99,False,-0.2860977985211882,-0.2699072356215213
W-ind,gate_V1,2025-05-13,5,99,False,0.29397703414825854,0.17361781076066787
W-ind,gate_V1,2025-05-13,20,99,False,0.34649430142362914,0.2777241805813234
W-ind,gate_V1,2025-05-20,5,99,False,0.041311742167455215,0.07419913419913418
W-ind,gate_V1,2025-05-20,20,99,False,-0.14342494642928888,-0.11035250463821891
W-ind,gate_V1,2025-05-27,5,99,False,-0.20842879275876788,-0.21179962894248608
W-ind,gate_V1,2025-05-27,20,99,False,-0.3625256101280807,-0.378169449598021
W-ind,gate_V1,2025-06-04,5,99,False,-0.08156204327612689,-0.025627705627705628
W-ind,gate_V1,2025-06-04,20,99,False,0.040311928571799584,0.07192331478045763
W-ind,gate_V1,2025-06-11,5,99,False,0.008110180923863172,-0.07789734075448361
W-ind,gate_V1,2025-06-11,20,99,False,0.012159105808357815,0.0613234384662956
W-ind,gate_V1,2025-06-18,5,99,False,-0.29853911901294394,-0.28338899196042056
W-ind,gate_V1,2025-06-18,20,99,False,-0.16169394189515435,-0.2109461966604824
W-ind,gate_V1,2025-06-25,5,99,False,-0.0614341933025821,-0.0025602968460111315
W-ind,gate_V1,2025-06-25,20,99,False,-0.15112098493434753,-0.1305256648113791
W-ind,gate_V1,2025-07-02,5,99,False,-0.10261736763303657,0.002325293753865182
W-ind,gate_V1,2025-07-02,20,99,False,-0.19696136604598113,-0.08958565244279529
W-ind,gate_V1,2025-07-09,5,99,False,-0.15057916120729012,-0.046827458256029686
W-ind,gate_V1,2025-07-09,20,99,False,-0.041450376847024455,0.03507730364873222
W-ind,gate_V1,2025-07-16,5,99,False,-0.1380599827773715,-0.08941249226963513
W-ind,gate_V1,2025-07-16,20,97,False,0.21377981854840405,-0.08338154849568694
W-ind,gate_V1,2025-07-23,5,99,False,0.14999195271250793,0.03924551638837353
W-ind,gate_V1,2025-07-23,20,97,False,0.1409530371937175,-0.061171891436987154
W-ind,gate_V1,2025-07-30,5,99,False,0.14819034505671,0.062708719851577
W-ind,gate_V1,2025-07-30,20,97,False,0.10568680291471134,-0.09710972017673047
W-ind,gate_V1,2025-08-06,5,97,False,-0.013021145155768871,-0.1839233115926783
W-ind,gate_V1,2025-08-06,20,94,False,0.04070350652097779,0.04951052992811472
W-ind,gate_V1,2025-08-13,5,97,False,0.23103623419266744,0.3770513359983168
W-ind,gate_V1,2025-08-13,20,94,False,0.06828009246949548,0.1977892569446953
W-ind,gate_V1,2025-08-20,5,98,False,0.13540119638012715,0.04100121773170374
W-ind,gate_V1,2025-08-20,20,95,False,-0.06635158465064807,-0.04757838745800672
W-ind,gate_V1,2025-08-27,5,95,False,0.08465826906718764,0.04326707726763718
W-ind,gate_V1,2025-08-27,20,95,False,0.0606670293078338,0.05512318029115342
W-ind,gate_V1,2025-09-03,5,96,False,-0.02512377608102689,0.03555344546934346
W-ind,gate_V1,2025-09-03,20,94,False,0.001555701139092434,0.07800455152981975
W-ind,gate_V1,2025-09-10,5,97,False,-0.009091946987046177,-0.019882179675994108
W-ind,gate_V1,2025-09-10,20,95,False,0.1022876649802015,0.130025195968645
W-ind,gate_V1,2025-09-17,5,98,False,0.15762672027645433,-0.01841898896390796
W-ind,gate_V1,2025-09-17,20,96,False,0.2740839243934159,0.18228431904503528
W-ind,gate_V1,2025-09-24,5,96,False,0.09679483195748084,0.1622897449810092
W-ind,gate_V1,2025-09-24,20,96,False,0.09706809923244245,0.03469886055344547
W-ind,gate_V1,2025-10-09,5,96,False,-0.09182725230183662,-0.10633478024959306
W-ind,gate_V1,2025-10-09,20,96,False,-0.38766342205583765,-0.2633071079761259
W-ind,gate_V1,2025-10-16,5,97,False,0.11910566126660353,0.20501525352409006
W-ind,gate_V1,2025-10-16,20,97,False,0.38655257834990614,0.3978145381864085
W-ind,gate_V1,2025-10-23,5,98,False,-0.0900900154292136,0.05831723504772105
W-ind,gate_V1,2025-10-23,20,98,False,-0.13005188237414544,-0.10535610682886087
W-ind,gate_V1,2025-10-30,5,98,False,-0.18093864587466427,-0.1705908230208672
W-ind,gate_V1,2025-10-30,20,97,False,-0.03015812849677357,-0.14745949926362298
W-ind,gate_V1,2025-11-06,5,98,False,-0.3393800705863281,-0.3416470618237923
W-ind,gate_V1,2025-11-06,20,97,False,0.09869200082275241,-0.11847780349253101
W-ind,gate_V1,2025-11-13,5,98,False,-0.020630546314014953,0.003385421647571868
W-ind,gate_V1,2025-11-13,20,97,False,-0.06576330986396328,-0.08267147065011571
W-ind,gate_V1,2025-11-20,5,97,False,0.11387468285227918,0.056083000210393426
W-ind,gate_V1,2025-11-20,20,97,False,0.10644452142511153,0.07286187670944666
W-ind,gate_V1,2025-11-27,5,97,False,0.027517146124403258,0.06315747948664001
W-ind,gate_V1,2025-11-27,20,96,False,0.02935170449764715,0.031009224091155727
W-ind,gate_V1,2025-12-04,5,97,False,-0.12108419678183989,0.024879023774458234
W-ind,gate_V1,2025-12-04,20,95,False,-0.08310576056880475,0.018770996640537514
W-ind,gate_V1,2025-12-11,5,98,False,-0.151862013859809,-0.14281888950519286
W-ind,gate_V1,2025-12-11,20,96,False,-0.13786114070769726,-0.12135105805751491
W-ind,gate_V1,2025-12-18,5,97,False,0.17666546696988278,0.1331264464548706
W-ind,gate_V1,2025-12-18,20,96,False,0.07551547485821453,0.015138361367335864
W-ind,gate_V1,2025-12-25,5,96,False,0.19802146690381744,0.14450623982637004
W-ind,gate_V1,2025-12-25,20,96,False,0.17123228953955083,0.07083559413998915
W-ind,gate_V1,2026-01-05,5,97,False,0.2980398196685779,0.23370765832106036
W-ind,gate_V1,2026-01-05,20,97,False,0.2659880470548611,0.04748316852514201
W-ind,gate_V1,2026-01-12,5,97,False,0.04428983669895337,0.0032084998948032815
W-ind,gate_V1,2026-01-12,20,97,False,0.00540247390635691,0.04341994529770671
W-ind,gate_V1,2026-01-19,5,98,False,0.01591419190949874,-0.0662739322533137
W-ind,gate_V1,2026-01-19,20,98,False,0.14997296571361746,-0.06487130934848165
W-ind,gate_V1,2026-01-26,5,98,False,0.06647967289184398,-0.05539722918220708
W-ind,gate_V1,2026-01-26,20,98,False,0.2640533564437964,0.047529789797831026
W-ind,gate_V1,2026-02-02,5,98,False,0.15590178557847906,0.14971724397350317
W-ind,gate_V1,2026-02-02,20,98,False,0.11594357589658517,0.14121224872329438
W-ind,gate_V1,2026-02-09,5,98,False,0.18581458611541904,0.22308717301353528
W-ind,gate_V1,2026-02-09,20,98,False,0.04438791102680391,-0.08963397917742542
W-ind,gate_V1,2026-02-24,5,98,False,0.2604676467109968,0.019885367455323266
W-ind,gate_V1,2026-02-24,20,98,False,0.22532802568802102,0.10600641381201026
W-ind,gate_V1,2026-03-03,5,98,False,0.02600186791006885,0.18359696268385517
W-ind,gate_V1,2026-03-03,20,98,False,-0.11608564589424789,-0.2340148805539085
W-ind,gate_V1,2026-03-10,5,98,False,-0.30565309194393664,-0.2566353626736542
W-ind,gate_V1,2026-03-10,20,98,False,0.010784928622399555,-0.03788994510643994
W-ind,gate_V1,2026-03-17,5,98,False,-0.22183561322714768,-0.27668011909543566
W-ind,gate_V1,2026-03-17,20,98,False,-0.05545023883483811,0.07707412862052036
W-ind,gate_V1,2026-03-24,5,98,False,-0.1279695653996659,-0.0773163998495368
W-ind,gate_V1,2026-03-24,20,98,False,0.1532425513665894,0.21330706603166097
W-ind,gate_V1,2026-03-31,5,98,False,0.29417667469892006,0.28512135875906125
W-ind,gate_V1,2026-03-31,20,98,False,0.004768700839025035,0.03563299734139203
W-ind,gate_V1,2026-04-08,5,98,False,-0.04686267878086463,0.0664651990130635
W-ind,gate_V1,2026-04-08,20,97,False,0.19403486517965393,0.2784557121817799
W-ind,gate_V1,2026-04-15,5,98,False,0.08057493096721563,0.13996263922626218
W-ind,gate_V1,2026-04-15,20,97,False,0.22014461198710528,0.23771828318956445
W-ind,gate_V1,2026-04-22,5,98,False,-0.34168701466397744,-0.1823346020695063
W-ind,gate_V1,2026-04-22,20,97,False,-0.14818034429946117,-0.19194456132968646
W-ind,gate_V1,2026-04-29,5,97,False,0.23824580142668608,0.23055175678518827
W-ind,gate_V1,2026-04-29,20,97,False,0.10749816470909222,0.13549337260677466
W-ind,gate_V1,2026-05-11,5,98,False,0.13289067132412838,0.1542566417382323
W-ind,gate_V1,2026-05-11,20,98,False,0.09263186501516994,0.12450828503847648
W-ind,gate_V1,2026-05-18,5,98,False,-0.056842934520200096,-0.14437452581782478
W-ind,gate_V1,2026-05-18,20,98,False,-0.00573238942272127,0.010730065221965073
W-ind,gate_V1,2026-05-25,5,98,False,0.16797607991317087,0.06489681158311496
W-ind,gate_V1,2026-05-25,20,98,False,-0.030221013403792123,0.0737843403528234
W-ind,gate_V1,2026-06-01,5,98,False,-0.04261311794335701,-0.02617166829243412
W-ind,gate_V1,2026-06-01,20,98,False,0.023068000192316668,0.13016978112707125
W-ind,gate_V1,2026-06-08,5,98,False,-0.17853417812229672,-0.23198745290056036
W-ind,gate_V1,2026-06-08,20,98,False,0.013026270654721369,-0.06698799482304636
W-ind,gate_V1,2026-06-15,5,98,False,0.15752591923843867,0.050092764378478656
W-ind,gate_V1,2026-06-15,20,98,False,0.190286282610703,0.11656433895020049
W-ind,gate_V1,2026-06-23,5,98,False,-0.25464516471080895,-0.3410095059579596
W-ind,gate_V1,2026-06-23,20,98,False,0.0164983278638065,0.00867713533398364
W-ind,gate_V1,2026-06-30,5,98,False,0.21257524635123737,0.1788662981593762
W-ind,gate_V1,2026-06-30,20,98,False,0.26782775532866515,0.19484344815714477
W-ind,gate_V1,2026-07-07,5,98,False,0.07880976607405316,0.027230011029716474
W-ind,gate_V1,2026-07-07,20,98,False,0.2523972154022975,0.15683236743619658
W-ind,gate_V1,2026-07-14,5,98,False,-0.16295933347244496,-0.23762344675452182
W-ind,gate_V1,2026-07-14,20,98,False,-0.11489515199184276,-0.09579276884136971
W-ind,gate_V1,2026-07-21,5,98,False,-0.17400106891417763,-0.103060905711863
W-ind,gate_V1,2026-07-21,20,98,False,0.13839001960755232,0.10561112917519397
W-ind,gate_V1,2026-07-28,5,98,False,-0.18813240200325412,-0.24527411714451475
W-ind,gate_V1,2026-07-28,20,98,False,0.002319414071201058,0.011099847624148066
W-ind,gate_V1,2026-08-04,5,98,False,0.23412539146822245,0.16452129117813946
W-ind,gate_V1,2026-08-04,20,0,True,,
W-ind,gate_V1,2026-08-11,5,98,False,0.28517259051171373,0.3239740132229086
W-ind,gate_V1,2026-08-11,20,0,True,,
W-ind,gate_V1,2026-08-18,5,98,False,-0.24199441056537205,-0.19191069117431414
W-ind,gate_V1,2026-08-18,20,0,True,,
W-ind,gate_V1,2026-08-25,5,0,True,,
W-ind,gate_V1,2026-08-25,20,0,True,,
W-ind,gate_V2,2025-04-02,5,99,False,-0.02441242940066413,0.007359307359307359
W-ind,gate_V2,2025-04-02,20,99,False,0.025276613366992527,0.05459492888064316
W-ind,gate_V2,2025-04-10,5,99,False,0.24788472173520773,0.2608534322820037
W-ind,gate_V2,2025-04-10,20,99,False,-0.3333375539530159,-0.3658256029684601
W-ind,gate_V2,2025-04-17,5,99,False,-0.09804666495965553,-0.05762523191094619
W-ind,gate_V2,2025-04-17,20,99,False,-0.30204025838217674,-0.21678416821273963
W-ind,gate_V2,2025-04-24,5,99,False,0.13396207439376823,0.19564625850340137
W-ind,gate_V2,2025-04-24,20,99,False,-0.16890335506414175,-0.13918367346938776
W-ind,gate_V2,2025-05-06,5,99,False,-0.18852543125514765,-0.15729128014842303
W-ind,gate_V2,2025-05-06,20,99,False,-0.2860977985211882,-0.2699072356215213
W-ind,gate_V2,2025-05-13,5,99,False,0.29397703414825854,0.17361781076066787
W-ind,gate_V2,2025-05-13,20,99,False,0.34649430142362914,0.2777241805813234
W-ind,gate_V2,2025-05-20,5,99,False,0.041311742167455215,0.07419913419913418
W-ind,gate_V2,2025-05-20,20,99,False,-0.14342494642928888,-0.11035250463821891
W-ind,gate_V2,2025-05-27,5,99,False,-0.20842879275876788,-0.21179962894248608
W-ind,gate_V2,2025-05-27,20,99,False,-0.3625256101280807,-0.378169449598021
W-ind,gate_V2,2025-06-04,5,99,False,-0.08156204327612689,-0.025627705627705628
W-ind,gate_V2,2025-06-04,20,99,False,0.040311928571799584,0.07192331478045763
W-ind,gate_V2,2025-06-11,5,99,False,0.008110180923863172,-0.07789734075448361
W-ind,gate_V2,2025-06-11,20,99,False,0.012159105808357815,0.0613234384662956
W-ind,gate_V2,2025-06-18,5,99,False,-0.29853911901294394,-0.28338899196042056
W-ind,gate_V2,2025-06-18,20,99,False,-0.16169394189515435,-0.2109461966604824
W-ind,gate_V2,2025-06-25,5,99,False,-0.0614341933025821,-0.0025602968460111315
W-ind,gate_V2,2025-06-25,20,99,False,-0.15112098493434753,-0.1305256648113791
W-ind,gate_V2,2025-07-02,5,99,False,-0.10261736763303657,0.002325293753865182
W-ind,gate_V2,2025-07-02,20,99,False,-0.19696136604598113,-0.08958565244279529
W-ind,gate_V2,2025-07-09,5,99,False,-0.15057916120729012,-0.046827458256029686
W-ind,gate_V2,2025-07-09,20,99,False,-0.041450376847024455,0.03507730364873222
W-ind,gate_V2,2025-07-16,5,99,False,-0.1380599827773715,-0.08941249226963513
W-ind,gate_V2,2025-07-16,20,97,False,0.21377981854840405,-0.08338154849568694
W-ind,gate_V2,2025-07-23,5,99,False,0.14999195271250793,0.03924551638837353
W-ind,gate_V2,2025-07-23,20,97,False,0.1409530371937175,-0.061171891436987154
W-ind,gate_V2,2025-07-30,5,99,False,0.14819034505671,0.062708719851577
W-ind,gate_V2,2025-07-30,20,97,False,0.10568680291471134,-0.09710972017673047
W-ind,gate_V2,2025-08-06,5,97,False,-0.013021145155768871,-0.1839233115926783
W-ind,gate_V2,2025-08-06,20,94,False,0.04070350652097779,0.04951052992811472
W-ind,gate_V2,2025-08-13,5,97,False,0.23103623419266744,0.3770513359983168
W-ind,gate_V2,2025-08-13,20,94,False,0.06828009246949548,0.1977892569446953
W-ind,gate_V2,2025-08-20,5,98,False,0.13540119638012715,0.04100121773170374
W-ind,gate_V2,2025-08-20,20,95,False,-0.06635158465064807,-0.04757838745800672
W-ind,gate_V2,2025-08-27,5,95,False,0.08465826906718764,0.04326707726763718
W-ind,gate_V2,2025-08-27,20,95,False,0.0606670293078338,0.05512318029115342
W-ind,gate_V2,2025-09-03,5,96,False,-0.02512377608102689,0.03555344546934346
W-ind,gate_V2,2025-09-03,20,94,False,0.001555701139092434,0.07800455152981975
W-ind,gate_V2,2025-09-10,5,97,False,-0.009091946987046177,-0.019882179675994108
W-ind,gate_V2,2025-09-10,20,95,False,0.1022876649802015,0.130025195968645
W-ind,gate_V2,2025-09-17,5,98,False,0.15762672027645433,-0.01841898896390796
W-ind,gate_V2,2025-09-17,20,96,False,0.2740839243934159,0.18228431904503528
W-ind,gate_V2,2025-09-24,5,96,False,0.09679483195748084,0.1622897449810092
W-ind,gate_V2,2025-09-24,20,96,False,0.09706809923244245,0.03469886055344547
W-ind,gate_V2,2025-10-09,5,96,False,-0.09182725230183662,-0.10633478024959306
W-ind,gate_V2,2025-10-09,20,96,False,-0.38766342205583765,-0.2633071079761259
W-ind,gate_V2,2025-10-16,5,97,False,0.11910566126660353,0.20501525352409006
W-ind,gate_V2,2025-10-16,20,97,False,0.38655257834990614,0.3978145381864085
W-ind,gate_V2,2025-10-23,5,98,False,-0.0900900154292136,0.05831723504772105
W-ind,gate_V2,2025-10-23,20,98,False,-0.13005188237414544,-0.10535610682886087
W-ind,gate_V2,2025-10-30,5,98,False,-0.18093864587466427,-0.1705908230208672
W-ind,gate_V2,2025-10-30,20,97,False,-0.03015812849677357,-0.14745949926362298
W-ind,gate_V2,2025-11-06,5,98,False,-0.3393800705863281,-0.3416470618237923
W-ind,gate_V2,2025-11-06,20,97,False,0.09869200082275241,-0.11847780349253101
W-ind,gate_V2,2025-11-13,5,98,False,-0.020630546314014953,0.003385421647571868
W-ind,gate_V2,2025-11-13,20,97,False,-0.06576330986396328,-0.08267147065011571
W-ind,gate_V2,2025-11-20,5,97,False,0.11387468285227918,0.056083000210393426
W-ind,gate_V2,2025-11-20,20,97,False,0.10644452142511153,0.07286187670944666
W-ind,gate_V2,2025-11-27,5,97,False,0.027517146124403258,0.06315747948664001
W-ind,gate_V2,2025-11-27,20,96,False,0.02935170449764715,0.031009224091155727
W-ind,gate_V2,2025-12-04,5,97,False,-0.12108419678183989,0.024879023774458234
W-ind,gate_V2,2025-12-04,20,95,False,-0.08310576056880475,0.018770996640537514
W-ind,gate_V2,2025-12-11,5,98,False,-0.151862013859809,-0.14281888950519286
W-ind,gate_V2,2025-12-11,20,96,False,-0.13786114070769726,-0.12135105805751491
W-ind,gate_V2,2025-12-18,5,97,False,0.17666546696988278,0.1331264464548706
W-ind,gate_V2,2025-12-18,20,96,False,0.07551547485821453,0.015138361367335864
W-ind,gate_V2,2025-12-25,5,96,False,0.19802146690381744,0.14450623982637004
W-ind,gate_V2,2025-12-25,20,96,False,0.17123228953955083,0.07083559413998915
W-ind,gate_V2,2026-01-05,5,97,False,0.2980398196685779,0.23370765832106036
W-ind,gate_V2,2026-01-05,20,97,False,0.2659880470548611,0.04748316852514201
W-ind,gate_V2,2026-01-12,5,97,False,0.04428983669895337,0.0032084998948032815
W-ind,gate_V2,2026-01-12,20,97,False,0.00540247390635691,0.04341994529770671
W-ind,gate_V2,2026-01-19,5,98,False,0.01591419190949874,-0.0662739322533137
W-ind,gate_V2,2026-01-19,20,98,False,0.14997296571361746,-0.06487130934848165
W-ind,gate_V2,2026-01-26,5,98,False,0.06647967289184398,-0.05539722918220708
W-ind,gate_V2,2026-01-26,20,98,False,0.2640533564437964,0.047529789797831026
W-ind,gate_V2,2026-02-02,5,98,False,0.15590178557847906,0.14971724397350317
W-ind,gate_V2,2026-02-02,20,98,False,0.11594357589658517,0.14121224872329438
W-ind,gate_V2,2026-02-09,5,98,False,0.18581458611541904,0.22308717301353528
W-ind,gate_V2,2026-02-09,20,98,False,0.04438791102680391,-0.08963397917742542
W-ind,gate_V2,2026-02-24,5,98,False,0.2604676467109968,0.019885367455323266
W-ind,gate_V2,2026-02-24,20,98,False,0.22532802568802102,0.10600641381201026
W-ind,gate_V2,2026-03-03,5,98,False,0.02600186791006885,0.18359696268385517
W-ind,gate_V2,2026-03-03,20,98,False,-0.11608564589424789,-0.2340148805539085
W-ind,gate_V2,2026-03-10,5,98,False,-0.30565309194393664,-0.2566353626736542
W-ind,gate_V2,2026-03-10,20,98,False,0.010784928622399555,-0.03788994510643994
W-ind,gate_V2,2026-03-17,5,98,False,-0.22183561322714768,-0.27668011909543566
W-ind,gate_V2,2026-03-17,20,98,False,-0.05545023883483811,0.07707412862052036
W-ind,gate_V2,2026-03-24,5,98,False,-0.1279695653996659,-0.0773163998495368
W-ind,gate_V2,2026-03-24,20,98,False,0.1532425513665894,0.21330706603166097
W-ind,gate_V2,2026-03-31,5,98,False,0.29417667469892006,0.28512135875906125
W-ind,gate_V2,2026-03-31,20,98,False,0.004768700839025035,0.03563299734139203
W-ind,gate_V2,2026-04-08,5,98,False,-0.04686267878086463,0.0664651990130635
W-ind,gate_V2,2026-04-08,20,97,False,0.19403486517965393,0.2784557121817799
W-ind,gate_V2,2026-04-15,5,98,False,0.08057493096721563,0.13996263922626218
W-ind,gate_V2,2026-04-15,20,97,False,0.22014461198710528,0.23771828318956445
W-ind,gate_V2,2026-04-22,5,98,False,-0.34168701466397744,-0.1823346020695063
W-ind,gate_V2,2026-04-22,20,97,False,-0.14818034429946117,-0.19194456132968646
W-ind,gate_V2,2026-04-29,5,97,False,0.23824580142668608,0.23055175678518827
W-ind,gate_V2,2026-04-29,20,97,False,0.10749816470909222,0.13549337260677466
W-ind,gate_V2,2026-05-11,5,98,False,0.13289067132412838,0.1542566417382323
W-ind,gate_V2,2026-05-11,20,98,False,0.09263186501516994,0.12450828503847648
W-ind,gate_V2,2026-05-18,5,98,False,-0.056842934520200096,-0.14437452581782478
W-ind,gate_V2,2026-05-18,20,98,False,-0.00573238942272127,0.010730065221965073
W-ind,gate_V2,2026-05-25,5,98,False,0.16797607991317087,0.06489681158311496
W-ind,gate_V2,2026-05-25,20,98,False,-0.030221013403792123,0.0737843403528234
W-ind,gate_V2,2026-06-01,5,98,False,-0.04261311794335701,-0.02617166829243412
W-ind,gate_V2,2026-06-01,20,98,False,0.023068000192316668,0.13016978112707125
W-ind,gate_V2,2026-06-08,5,98,False,-0.17853417812229672,-0.23198745290056036
W-ind,gate_V2,2026-06-08,20,98,False,0.013026270654721369,-0.06698799482304636
W-ind,gate_V2,2026-06-15,5,98,False,0.15752591923843867,0.050092764378478656
W-ind,gate_V2,2026-06-15,20,98,False,0.190286282610703,0.11656433895020049
W-ind,gate_V2,2026-06-23,5,98,False,-0.25464516471080895,-0.3410095059579596
W-ind,gate_V2,2026-06-23,20,98,False,0.0164983278638065,0.00867713533398364
W-ind,gate_V2,2026-06-30,5,98,False,0.21257524635123737,0.1788662981593762
W-ind,gate_V2,2026-06-30,20,98,False,0.26782775532866515,0.19484344815714477
W-ind,gate_V2,2026-07-07,5,98,False,0.07880976607405316,0.027230011029716474
W-ind,gate_V2,2026-07-07,20,98,False,0.2523972154022975,0.15683236743619658
W-ind,gate_V2,2026-07-14,5,98,False,-0.16295933347244496,-0.23762344675452182
W-ind,gate_V2,2026-07-14,20,98,False,-0.11489515199184276,-0.09579276884136971
W-ind,gate_V2,2026-07-21,5,98,False,-0.17400106891417763,-0.103060905711863
W-ind,gate_V2,2026-07-21,20,98,False,0.13839001960755232,0.10561112917519397
W-ind,gate_V2,2026-07-28,5,98,False,-0.18813240200325412,-0.24527411714451475
W-ind,gate_V2,2026-07-28,20,98,False,0.002319414071201058,0.011099847624148066
W-ind,gate_V2,2026-08-04,5,98,False,0.23412539146822245,0.16452129117813946
W-ind,gate_V2,2026-08-04,20,0,True,,
W-ind,gate_V2,2026-08-11,5,98,False,0.28517259051171373,0.3239740132229086
W-ind,gate_V2,2026-08-11,20,0,True,,
W-ind,gate_V2,2026-08-18,5,98,False,-0.24199441056537205,-0.19191069117431414
W-ind,gate_V2,2026-08-18,20,0,True,,
W-ind,gate_V2,2026-08-25,5,0,True,,
W-ind,gate_V2,2026-08-25,20,0,True,,
W-ind,gate_V3,2025-04-02,5,99,False,-0.02441242940066413,0.007359307359307359
W-ind,gate_V3,2025-04-02,20,99,False,0.025276613366992527,0.05459492888064316
W-ind,gate_V3,2025-04-10,5,99,False,0.24788472173520773,0.2608534322820037
W-ind,gate_V3,2025-04-10,20,99,False,-0.3333375539530159,-0.3658256029684601
W-ind,gate_V3,2025-04-17,5,99,False,-0.09804666495965553,-0.05762523191094619
W-ind,gate_V3,2025-04-17,20,99,False,-0.30204025838217674,-0.21678416821273963
W-ind,gate_V3,2025-04-24,5,99,False,0.13396207439376823,0.19564625850340137
W-ind,gate_V3,2025-04-24,20,99,False,-0.16890335506414175,-0.13918367346938776
W-ind,gate_V3,2025-05-06,5,99,False,-0.18852543125514765,-0.15729128014842303
W-ind,gate_V3,2025-05-06,20,99,False,-0.2860977985211882,-0.2699072356215213
W-ind,gate_V3,2025-05-13,5,99,False,0.29397703414825854,0.17361781076066787
W-ind,gate_V3,2025-05-13,20,99,False,0.34649430142362914,0.2777241805813234
W-ind,gate_V3,2025-05-20,5,99,False,0.041311742167455215,0.07419913419913418
W-ind,gate_V3,2025-05-20,20,99,False,-0.14342494642928888,-0.11035250463821891
W-ind,gate_V3,2025-05-27,5,99,False,-0.20842879275876788,-0.21179962894248608
W-ind,gate_V3,2025-05-27,20,99,False,-0.3625256101280807,-0.378169449598021
W-ind,gate_V3,2025-06-04,5,99,False,-0.08156204327612689,-0.025627705627705628
W-ind,gate_V3,2025-06-04,20,99,False,0.040311928571799584,0.07192331478045763
W-ind,gate_V3,2025-06-11,5,99,False,0.008110180923863172,-0.07789734075448361
W-ind,gate_V3,2025-06-11,20,99,False,0.012159105808357815,0.0613234384662956
W-ind,gate_V3,2025-06-18,5,99,False,-0.29853911901294394,-0.28338899196042056
W-ind,gate_V3,2025-06-18,20,99,False,-0.16169394189515435,-0.2109461966604824
W-ind,gate_V3,2025-06-25,5,99,False,-0.0614341933025821,-0.0025602968460111315
W-ind,gate_V3,2025-06-25,20,99,False,-0.15112098493434753,-0.1305256648113791
W-ind,gate_V3,2025-07-02,5,99,False,-0.10261736763303657,0.002325293753865182
W-ind,gate_V3,2025-07-02,20,99,False,-0.19696136604598113,-0.08958565244279529
W-ind,gate_V3,2025-07-09,5,99,False,-0.15057916120729012,-0.046827458256029686
W-ind,gate_V3,2025-07-09,20,99,False,-0.041450376847024455,0.03507730364873222
W-ind,gate_V3,2025-07-16,5,99,False,-0.1380599827773715,-0.08941249226963513
W-ind,gate_V3,2025-07-16,20,97,False,0.21377981854840405,-0.08338154849568694
W-ind,gate_V3,2025-07-23,5,99,False,0.14999195271250793,0.03924551638837353
W-ind,gate_V3,2025-07-23,20,97,False,0.1409530371937175,-0.061171891436987154
W-ind,gate_V3,2025-07-30,5,99,False,0.14819034505671,0.062708719851577
W-ind,gate_V3,2025-07-30,20,97,False,0.10568680291471134,-0.09710972017673047
W-ind,gate_V3,2025-08-06,5,97,False,-0.013021145155768871,-0.1839233115926783
W-ind,gate_V3,2025-08-06,20,94,False,0.04070350652097779,0.04951052992811472
W-ind,gate_V3,2025-08-13,5,97,False,0.23103623419266744,0.3770513359983168
W-ind,gate_V3,2025-08-13,20,94,False,0.06828009246949548,0.1977892569446953
W-ind,gate_V3,2025-08-20,5,98,False,0.13540119638012715,0.04100121773170374
W-ind,gate_V3,2025-08-20,20,95,False,-0.06635158465064807,-0.04757838745800672
W-ind,gate_V3,2025-08-27,5,95,False,0.08465826906718764,0.04326707726763718
W-ind,gate_V3,2025-08-27,20,95,False,0.0606670293078338,0.05512318029115342
W-ind,gate_V3,2025-09-03,5,96,False,-0.02512377608102689,0.03555344546934346
W-ind,gate_V3,2025-09-03,20,94,False,0.001555701139092434,0.07800455152981975
W-ind,gate_V3,2025-09-10,5,97,False,-0.009091946987046177,-0.019882179675994108
W-ind,gate_V3,2025-09-10,20,95,False,0.1022876649802015,0.130025195968645
W-ind,gate_V3,2025-09-17,5,98,False,0.15762672027645433,-0.01841898896390796
W-ind,gate_V3,2025-09-17,20,96,False,0.2740839243934159,0.18228431904503528
W-ind,gate_V3,2025-09-24,5,96,False,0.09679483195748084,0.1622897449810092
W-ind,gate_V3,2025-09-24,20,96,False,0.09706809923244245,0.03469886055344547
W-ind,gate_V3,2025-10-09,5,96,False,-0.09182725230183662,-0.10633478024959306
W-ind,gate_V3,2025-10-09,20,96,False,-0.38766342205583765,-0.2633071079761259
W-ind,gate_V3,2025-10-16,5,97,False,0.11910566126660353,0.20501525352409006
W-ind,gate_V3,2025-10-16,20,97,False,0.38655257834990614,0.3978145381864085
W-ind,gate_V3,2025-10-23,5,98,False,-0.0900900154292136,0.05831723504772105
W-ind,gate_V3,2025-10-23,20,98,False,-0.13005188237414544,-0.10535610682886087
W-ind,gate_V3,2025-10-30,5,98,False,-0.18093864587466427,-0.1705908230208672
W-ind,gate_V3,2025-10-30,20,97,False,-0.03015812849677357,-0.14745949926362298
W-ind,gate_V3,2025-11-06,5,98,False,-0.3393800705863281,-0.3416470618237923
W-ind,gate_V3,2025-11-06,20,97,False,0.09869200082275241,-0.11847780349253101
W-ind,gate_V3,2025-11-13,5,98,False,-0.020630546314014953,0.003385421647571868
W-ind,gate_V3,2025-11-13,20,97,False,-0.06576330986396328,-0.08267147065011571
W-ind,gate_V3,2025-11-20,5,97,False,0.11387468285227918,0.056083000210393426
W-ind,gate_V3,2025-11-20,20,97,False,0.10644452142511153,0.07286187670944666
W-ind,gate_V3,2025-11-27,5,97,False,0.027517146124403258,0.06315747948664001
W-ind,gate_V3,2025-11-27,20,96,False,0.02935170449764715,0.031009224091155727
W-ind,gate_V3,2025-12-04,5,97,False,-0.12108419678183989,0.024879023774458234
W-ind,gate_V3,2025-12-04,20,95,False,-0.08310576056880475,0.018770996640537514
W-ind,gate_V3,2025-12-11,5,98,False,-0.151862013859809,-0.14281888950519286
W-ind,gate_V3,2025-12-11,20,96,False,-0.13786114070769726,-0.12135105805751491
W-ind,gate_V3,2025-12-18,5,97,False,0.17666546696988278,0.1331264464548706
W-ind,gate_V3,2025-12-18,20,96,False,0.07551547485821453,0.015138361367335864
W-ind,gate_V3,2025-12-25,5,96,False,0.19802146690381744,0.14450623982637004
W-ind,gate_V3,2025-12-25,20,96,False,0.17123228953955083,0.07083559413998915
W-ind,gate_V3,2026-01-05,5,97,False,0.2980398196685779,0.23370765832106036
W-ind,gate_V3,2026-01-05,20,97,False,0.2659880470548611,0.04748316852514201
W-ind,gate_V3,2026-01-12,5,97,False,0.04428983669895337,0.0032084998948032815
W-ind,gate_V3,2026-01-12,20,97,False,0.00540247390635691,0.04341994529770671
W-ind,gate_V3,2026-01-19,5,98,False,0.01591419190949874,-0.0662739322533137
W-ind,gate_V3,2026-01-19,20,98,False,0.14997296571361746,-0.06487130934848165
W-ind,gate_V3,2026-01-26,5,98,False,0.06647967289184398,-0.05539722918220708
W-ind,gate_V3,2026-01-26,20,98,False,0.2640533564437964,0.047529789797831026
W-ind,gate_V3,2026-02-02,5,98,False,0.15590178557847906,0.14971724397350317
W-ind,gate_V3,2026-02-02,20,98,False,0.11594357589658517,0.14121224872329438
W-ind,gate_V3,2026-02-09,5,98,False,0.18581458611541904,0.22308717301353528
W-ind,gate_V3,2026-02-09,20,98,False,0.04438791102680391,-0.08963397917742542
W-ind,gate_V3,2026-02-24,5,98,False,0.2604676467109968,0.019885367455323266
W-ind,gate_V3,2026-02-24,20,98,False,0.22532802568802102,0.10600641381201026
W-ind,gate_V3,2026-03-03,5,98,False,0.02600186791006885,0.18359696268385517
W-ind,gate_V3,2026-03-03,20,98,False,-0.11608564589424789,-0.2340148805539085
W-ind,gate_V3,2026-03-10,5,98,False,-0.30565309194393664,-0.2566353626736542
W-ind,gate_V3,2026-03-10,20,98,False,0.010784928622399555,-0.03788994510643994
W-ind,gate_V3,2026-03-17,5,98,False,-0.22183561322714768,-0.27668011909543566
W-ind,gate_V3,2026-03-17,20,98,False,-0.05545023883483811,0.07707412862052036
W-ind,gate_V3,2026-03-24,5,98,False,-0.1279695653996659,-0.0773163998495368
W-ind,gate_V3,2026-03-24,20,98,False,0.1532425513665894,0.21330706603166097
W-ind,gate_V3,2026-03-31,5,98,False,0.29417667469892006,0.28512135875906125
W-ind,gate_V3,2026-03-31,20,98,False,0.004768700839025035,0.03563299734139203
W-ind,gate_V3,2026-04-08,5,98,False,-0.04686267878086463,0.0664651990130635
W-ind,gate_V3,2026-04-08,20,97,False,0.19403486517965393,0.2784557121817799
W-ind,gate_V3,2026-04-15,5,98,False,0.08057493096721563,0.13996263922626218
W-ind,gate_V3,2026-04-15,20,97,False,0.22014461198710528,0.23771828318956445
W-ind,gate_V3,2026-04-22,5,98,False,-0.34168701466397744,-0.1823346020695063
W-ind,gate_V3,2026-04-22,20,97,False,-0.14818034429946117,-0.19194456132968646
W-ind,gate_V3,2026-04-29,5,97,False,0.23824580142668608,0.23055175678518827
W-ind,gate_V3,2026-04-29,20,97,False,0.10749816470909222,0.13549337260677466
W-ind,gate_V3,2026-05-11,5,98,False,0.13289067132412838,0.1542566417382323
W-ind,gate_V3,2026-05-11,20,98,False,0.09263186501516994,0.12450828503847648
W-ind,gate_V3,2026-05-18,5,98,False,-0.056842934520200096,-0.14437452581782478
W-ind,gate_V3,2026-05-18,20,98,False,-0.00573238942272127,0.010730065221965073
W-ind,gate_V3,2026-05-25,5,98,False,0.16797607991317087,0.06489681158311496
W-ind,gate_V3,2026-05-25,20,98,False,-0.030221013403792123,0.0737843403528234
W-ind,gate_V3,2026-06-01,5,98,False,-0.04261311794335701,-0.02617166829243412
W-ind,gate_V3,2026-06-01,20,98,False,0.023068000192316668,0.13016978112707125
W-ind,gate_V3,2026-06-08,5,98,False,-0.17853417812229672,-0.23198745290056036
W-ind,gate_V3,2026-06-08,20,98,False,0.013026270654721369,-0.06698799482304636
W-ind,gate_V3,2026-06-15,5,98,False,0.15752591923843867,0.050092764378478656
W-ind,gate_V3,2026-06-15,20,98,False,0.190286282610703,0.11656433895020049
W-ind,gate_V3,2026-06-23,5,98,False,-0.25464516471080895,-0.3410095059579596
W-ind,gate_V3,2026-06-23,20,98,False,0.0164983278638065,0.00867713533398364
W-ind,gate_V3,2026-06-30,5,98,False,0.21257524635123737,0.1788662981593762
W-ind,gate_V3,2026-06-30,20,98,False,0.26782775532866515,0.19484344815714477
W-ind,gate_V3,2026-07-07,5,98,False,0.07880976607405316,0.027230011029716474
W-ind,gate_V3,2026-07-07,20,98,False,0.2523972154022975,0.15683236743619658
W-ind,gate_V3,2026-07-14,5,98,False,-0.16295933347244496,-0.23762344675452182
W-ind,gate_V3,2026-07-14,20,98,False,-0.11489515199184276,-0.09579276884136971
W-ind,gate_V3,2026-07-21,5,98,False,-0.17400106891417763,-0.103060905711863
W-ind,gate_V3,2026-07-21,20,98,False,0.13839001960755232,0.10561112917519397
W-ind,gate_V3,2026-07-28,5,98,False,-0.18813240200325412,-0.24527411714451475
W-ind,gate_V3,2026-07-28,20,98,False,0.002319414071201058,0.011099847624148066
W-ind,gate_V3,2026-08-04,5,98,False,0.23412539146822245,0.16452129117813946
W-ind,gate_V3,2026-08-04,20,0,True,,
W-ind,gate_V3,2026-08-11,5,98,False,0.28517259051171373,0.3239740132229086
W-ind,gate_V3,2026-08-11,20,0,True,,
W-ind,gate_V3,2026-08-18,5,98,False,-0.24199441056537205,-0.19191069117431414
W-ind,gate_V3,2026-08-18,20,0,True,,
W-ind,gate_V3,2026-08-25,5,0,True,,
W-ind,gate_V3,2026-08-25,20,0,True,,
W-ind,placebo_node_permutation,2025-04-02,5,99,False,-0.03560625042333399,0.0017439703153988868
W-ind,placebo_node_permutation,2025-04-02,20,99,False,0.024221805238390626,0.05854050711193568
W-ind,placebo_node_permutation,2025-04-10,5,99,False,0.24408198155577251,0.2616202844774273
W-ind,placebo_node_permutation,2025-04-10,20,99,False,-0.3392346396964941,-0.36895485466914035
W-ind,placebo_node_permutation,2025-04-17,5,99,False,-0.07408546719496525,-0.03363017934446506
W-ind,placebo_node_permutation,2025-04-17,20,99,False,-0.275940400338347,-0.16758194186765615
W-ind,placebo_node_permutation,2025-04-24,5,99,False,0.13658690892659175,0.2051329622758194
W-ind,placebo_node_permutation,2025-04-24,20,99,False,-0.16357223368791093,-0.12589981447124302
W-ind,placebo_node_permutation,2025-05-06,5,99,False,-0.1821692800956013,-0.14752009894867038
W-ind,placebo_node_permutation,2025-05-06,20,99,False,-0.2827261297550962,-0.26018552875695733
W-ind,placebo_node_permutation,2025-05-13,5,99,False,0.2894125795717011,0.17290043290043292
W-ind,placebo_node_permutation,2025-05-13,20,99,False,0.33776404924681513,0.2661842918985776
W-ind,placebo_node_permutation,2025-05-20,5,99,False,0.03954919117086307,0.07092145949288806
W-ind,placebo_node_permutation,2025-05-20,20,99,False,-0.14503822454492757,-0.109165120593692
W-ind,placebo_node_permutation,2025-05-27,5,99,False,-0.2092144235031754,-0.21280148423005565
W-ind,placebo_node_permutation,2025-05-27,20,99,False,-0.35403737019764586,-0.36926406926406924
W-ind,placebo_node_permutation,2025-06-04,5,99,False,-0.07677500077768062,-0.028299319727891157
W-ind,placebo_node_permutation,2025-06-04,20,99,False,0.047779118181515215,0.07611626468769325
W-ind,placebo_node_permutation,2025-06-11,5,99,False,0.007294737168339323,-0.07533704390847247
W-ind,placebo_node_permutation,2025-06-11,20,99,False,0.008974092186900463,0.06504638218923933
W-ind,placebo_node_permutation,2025-06-18,5,99,False,-0.2956204782619813,-0.2747557204700062
W-ind,placebo_node_permutation,2025-06-18,20,99,False,-0.16674095391352942,-0.21303648732220162
W-ind,placebo_node_permutation,2025-06-25,5,99,False,-0.0694242691129253,-0.009931972789115645
W-ind,placebo_node_permutation,2025-06-25,20,99,False,-0.1621759126105135,-0.13954236239950527
W-ind,placebo_node_permutation,2025-07-02,5,99,False,-0.10399481891036046,-0.02045763760049474
W-ind,placebo_node_permutation,2025-07-02,20,99,False,-0.2133241515128255,-0.12769325912183055
W-ind,placebo_node_permutation,2025-07-09,5,99,False,-0.15088832333787836,-0.048534322820037105
W-ind,placebo_node_permutation,2025-07-09,20,99,False,-0.040071038679416374,0.0359678416821274
W-ind,placebo_node_permutation,2025-07-16,5,99,False,-0.13202331996068578,-0.09006802721088435
W-ind,placebo_node_permutation,2025-07-16,20,97,False,0.21888158281574194,-0.08154060593309488
W-ind,placebo_node_permutation,2025-07-23,5,99,False,0.16239806430963258,0.05699443413729127
W-ind,placebo_node_permutation,2025-07-23,20,97,False,0.14987753967713446,-0.03755522827687775
W-ind,placebo_node_permutation,2025-07-30,5,99,False,0.14686471657405742,0.06383426097711813
W-ind,placebo_node_permutation,2025-07-30,20,97,False,0.10607702005526919,-0.09475594361455923
W-ind,placebo_node_permutation,2025-08-06,5,97,False,-0.012265148675690871,-0.1812539448769198
W-ind,placebo_node_permutation,2025-08-06,20,94,False,0.03968521632706963,0.04974171874435574
W-ind,placebo_node_permutation,2025-08-13,5,97,False,0.22742616202340493,0.3786950347149169
W-ind,placebo_node_permutation,2025-08-13,20,94,False,0.0623083737857264,0.19972546328071383
W-ind,placebo_node_permutation,2025-08-20,5,98,False,0.13963099342506483,0.04559161996569949
W-ind,placebo_node_permutation,2025-08-20,20,95,False,-0.062402835774016036,-0.04220324748040313
W-ind,placebo_node_permutation,2025-08-27,5,95,False,0.07649608749003578,0.048614221724524086
W-ind,placebo_node_permutation,2025-08-27,20,95,False,0.0625669081821964,0.06244400895856663
W-ind,placebo_node_permutation,2025-09-03,5,96,False,-0.01892930541007957,0.046459576776994034
W-ind,placebo_node_permutation,2025-09-03,20,94,False,0.006596582696253443,0.08628400101145108
W-ind,placebo_node_permutation,2025-09-10,5,97,False,-0.0019450087770948496,-0.012531559015358717
W-ind,placebo_node_permutation,2025-09-10,20,95,False,0.10025280463997958,0.12540593505039194
W-ind,placebo_node_permutation,2025-09-17,5,98,False,0.15490417258708236,-0.02470528980101881
W-ind,placebo_node_permutation,2025-09-17,20,96,False,0.27188518974473275,0.17586814975583287
W-ind,placebo_node_permutation,2025-09-24,5,96,False,0.0950494417415518,0.15522246337493215
W-ind,placebo_node_permutation,2025-09-24,20,96,False,0.09742931804113235,0.030602278893109063
W-ind,placebo_node_permutation,2025-10-09,5,96,False,-0.08899387662950543,-0.1056836679327184
W-ind,placebo_node_permutation,2025-10-09,20,96,False,-0.3817090297708728,-0.261706456863809
W-ind,placebo_node_permutation,2025-10-16,5,97,False,0.11898351778959229,0.2038449400378708
W-ind,placebo_node_permutation,2025-10-16,20,97,False,0.38648996687828363,0.3952635177782453
W-ind,placebo_node_permutation,2025-10-23,5,98,False,-0.08534469905630815,0.052655738959126286
W-ind,placebo_node_permutation,2025-10-23,20,98,False,-0.12777340851261945,-0.11120886967720545
W-ind,placebo_node_permutation,2025-10-30,5,98,False,-0.18076036071653862,-0.1665742210661209
W-ind,placebo_node_permutation,2025-10-30,20,97,False,-0.034941239621867154,-0.14816957710919418
W-ind,placebo_node_permutation,2025-11-06,5,98,False,-0.34515134304440553,-0.3670472875185687
W-ind,placebo_node_permutation,2025-11-06,20,97,False,0.10408503792468761,-0.1251577950767936
W-ind,placebo_node_permutation,2025-11-13,5,98,False,-0.02460635634231885,0.007300014663784912
W-ind,placebo_node_permutation,2025-11-13,20,97,False,-0.06886779476261169,-0.08300021039343572
W-ind,placebo_node_permutation,2025-11-20,5,97,False,0.11128425161442021,0.05366347569955817
W-ind,placebo_node_permutation,2025-11-20,20,97,False,0.10473232195791608,0.06628708184304649
W-ind,placebo_node_permutation,2025-11-27,5,97,False,0.022661215323875633,0.04911371765200926
W-ind,placebo_node_permutation,2025-11-27,20,96,False,0.02272037034398897,0.0187194791101465
W-ind,placebo_node_permutation,2025-12-04,5,97,False,-0.12789788651853704,0.030651693667157583
W-ind,placebo_node_permutation,2025-12-04,20,95,False,-0.08603195470697637,0.02872340425531915
W-ind,placebo_node_permutation,2025-12-11,5,98,False,-0.15171643904435606,-0.1442215124100249
W-ind,placebo_node_permutation,2025-12-11,20,96,False,-0.1371198553839942,-0.11865165491047205
W-ind,placebo_node_permutation,2025-12-18,5,97,False,0.1740644897760866,0.1297864506627393
W-ind,placebo_node_permutation,2025-12-18,20,96,False,0.0827160579844105,0.040830168204015194
W-ind,placebo_node_permutation,2025-12-25,5,96,False,0.1983321728196773,0.1460255018990776
W-ind,placebo_node_permutation,2025-12-25,20,96,False,0.173766675172491,0.07577319587628865
W-ind,placebo_node_permutation,2026-01-05,5,97,False,0.2935619836473984,0.2307752998106459
W-ind,placebo_node_permutation,2026-01-05,20,97,False,0.2679715403055898,0.049810645907847666
W-ind,placebo_node_permutation,2026-01-12,5,97,False,0.04699835940368347,-0.0017620450241952448
W-ind,placebo_node_permutation,2026-01-12,20,97,False,0.00019841072988321327,0.031322322743530404
W-ind,placebo_node_permutation,2026-01-19,5,98,False,-0.004364920316984504,-0.08355169621738105
W-ind,placebo_node_permutation,2026-01-19,20,98,False,0.13924104715830246,-0.05628980739437292
W-ind,placebo_node_permutation,2026-01-26,5,98,False,0.0734390329167638,-0.04246759622311904
W-ind,placebo_node_permutation,2026-01-26,20,98,False,0.26704691590938834,0.05081957806552799
W-ind,placebo_node_permutation,2026-02-02,5,98,False,0.1596705092616005,0.15499620654259827
W-ind,placebo_node_permutation,2026-02-02,20,98,False,0.1163214300701007,0.144846317158541
W-ind,placebo_node_permutation,2026-02-09,5,98,False,0.18674510683355408,0.2288761802752966
W-ind,placebo_node_permutation,2026-02-09,20,98,False,0.045598845939462875,-0.08302890040739819
W-ind,placebo_node_permutation,2026-02-24,5,98,False,0.264291817937068,0.03233045795637842
W-ind,placebo_node_permutation,2026-02-24,20,98,False,0.2273624607498546,0.11559525403413473
W-ind,placebo_node_permutation,2026-03-03,5,98,False,0.01822073659798997,0.19299453614622977
W-ind,placebo_node_permutation,2026-03-03,20,98,False,-0.11991330190477892,-0.20791334340671602
W-ind,placebo_node_permutation,2026-03-10,5,98,False,-0.30488036974607285,-0.25884130596943555
W-ind,placebo_node_permutation,2026-03-10,20,98,False,0.01078765170284181,-0.041141480022186934
W-ind,placebo_node_permutation,2026-03-17,5,98,False,-0.22204539966905099,-0.2763485900452027
W-ind,placebo_node_permutation,2026-03-17,20,98,False,-0.052709578979266626,0.07861701381583559
W-ind,placebo_node_permutation,2026-03-24,5,98,False,-0.13227151349722993,-0.08508183029537962
W-ind,placebo_node_permutation,2026-03-24,20,98,False,0.150587643232773,0.2178847171483401
W-ind,placebo_node_permutation,2026-03-31,5,98,False,0.2943624381256747,0.2755452696542534
W-ind,placebo_node_permutation,2026-03-31,20,98,False,0.007016899406477822,0.032674738123928106
W-ind,placebo_node_permutation,2026-04-08,5,98,False,-0.04658522208242911,0.06601890990698059
W-ind,placebo_node_permutation,2026-04-08,20,97,False,0.19350390285768873,0.27718020197769827
W-ind,placebo_node_permutation,2026-04-15,5,98,False,0.08037132958725081,0.13755267805341442
W-ind,placebo_node_permutation,2026-04-15,20,97,False,0.21925793151240933,0.24020355564906373
W-ind,placebo_node_permutation,2026-04-22,5,98,False,-0.3455607759297349,-0.18814911156590092
W-ind,placebo_node_permutation,2026-04-22,20,97,False,-0.14542261515990654,-0.19917683568272668
W-ind,placebo_node_permutation,2026-04-29,5,97,False,0.2367614675269776,0.21285240900483904
W-ind,placebo_node_permutation,2026-04-29,20,97,False,0.10627226341665433,0.13626919840100987
W-ind,placebo_node_permutation,2026-05-11,5,98,False,0.12675941194218804,0.17667310598091154
W-ind,placebo_node_permutation,2026-05-11,20,98,False,0.08941637567179252,0.13505345905935007
W-ind,placebo_node_permutation,2026-05-18,5,98,False,-0.057089675263890846,-0.14816160766087125
W-ind,placebo_node_permutation,2026-05-18,20,98,False,-0.006008016989666099,0.010704562987331764
W-ind,placebo_node_permutation,2026-05-25,5,98,False,0.16739547962323045,0.06150501437688477
W-ind,placebo_node_permutation,2026-05-25,20,98,False,-0.03039162791629572,0.07466416744767258
W-ind,placebo_node_permutation,2026-06-01,5,98,False,-0.04472082580080142,-0.030902332816913076
W-ind,placebo_node_permutation,2026-06-01,20,98,False,0.021662634332080533,0.13087109257948726
W-ind,placebo_node_permutation,2026-06-08,5,98,False,-0.17756115855373517,-0.24056895485466911
W-ind,placebo_node_permutation,2026-06-08,20,98,False,0.011357780620747849,-0.08107797945794999
W-ind,placebo_node_permutation,2026-06-15,5,98,False,0.1574259660334616,0.04783581661343074
W-ind,placebo_node_permutation,2026-06-15,20,98,False,0.19001900440043706,0.11633481883850072
W-ind,placebo_node_permutation,2026-06-23,5,98,False,-0.25481690130330753,-0.34288392020350783
W-ind,placebo_node_permutation,2026-06-23,20,98,False,0.018391706209154556,0.018916282539257496
W-ind,placebo_node_permutation,2026-06-30,5,98,False,0.2108698615989567,0.17450541603708022
W-ind,placebo_node_permutation,2026-06-30,20,98,False,0.26811081374230983,0.20017341519550647
W-ind,placebo_node_permutation,2026-07-07,5,98,False,0.080107211847686,0.044609783932317064
W-ind,placebo_node_permutation,2026-07-07,20,98,False,0.25419080825342055,0.17079484089793368
W-ind,placebo_node_permutation,2026-07-14,5,98,False,-0.162140163828211,-0.2427748981504504
W-ind,placebo_node_permutation,2026-07-14,20,98,False,-0.11458443780846997,-0.10005164202513243
W-ind,placebo_node_permutation,2026-07-21,5,98,False,-0.1735776238711025,-0.10114823811436476
W-ind,placebo_node_permutation,2026-07-21,20,98,False,0.13873333797552448,0.11834949537453217
W-ind,placebo_node_permutation,2026-07-28,5,98,False,-0.17852871804860856,-0.24690626016104658
W-ind,placebo_node_permutation,2026-07-28,20,98,False,0.005125420871643818,0.00810333505473417
W-ind,placebo_node_permutation,2026-08-04,5,98,False,0.2362044043074496,0.16746679927828673
W-ind,placebo_node_permutation,2026-08-04,20,0,True,,
W-ind,placebo_node_permutation,2026-08-11,5,98,False,0.2845744767184072,0.31905208193867984
W-ind,placebo_node_permutation,2026-08-11,20,0,True,,
W-ind,placebo_node_permutation,2026-08-18,5,98,False,-0.23697901261294724,-0.19206370458211394
W-ind,placebo_node_permutation,2026-08-18,20,0,True,,
W-ind,placebo_node_permutation,2026-08-25,5,0,True,,
W-ind,placebo_node_permutation,2026-08-25,20,0,True,,
