code,name,sub_industry,sector,cohort_key,feature_source,llm_summary,dim_000,dim_001,dim_002,dim_003,dim_004,dim_005,dim_006,dim_007,dim_008,dim_009,dim_010,dim_011,dim_012,dim_013,dim_014,dim_015,dim_016,dim_017,dim_018,dim_019,dim_020,dim_021,dim_022,dim_023,dim_024,dim_025,dim_026,dim_027,dim_028,dim_029,dim_030,dim_031,dim_032,dim_033,dim_034,dim_035,dim_036,dim_037,dim_038,dim_039,dim_040,dim_041,dim_042,dim_043,dim_044,dim_045,dim_046,dim_047,dim_048,dim_049,dim_050,dim_051,dim_052,dim_053,dim_054,dim_055,dim_056,dim_057,dim_058,dim_059,dim_060,dim_061,dim_062,dim_063,dim_064,dim_065,dim_066,dim_067,dim_068,dim_069,dim_070,dim_071,dim_072,dim_073,dim_074,dim_075,dim_076,dim_077,dim_078,dim_079,dim_080,dim_081,dim_082,dim_083,dim_084,dim_085,dim_086,dim_087,dim_088,dim_089,dim_090,dim_091,dim_092,dim_093,dim_094,dim_095,dim_096,dim_097,dim_098,dim_099,dim_100,dim_101,dim_102,dim_103,dim_104,dim_105,dim_106,dim_107,dim_108,dim_109,dim_110,dim_111,dim_112,dim_113,dim_114,dim_115,dim_116,dim_117,dim_118,dim_119,dim_120,dim_121,dim_122,dim_123,dim_124,dim_125,dim_126,dim_127,dim_128,dim_129,dim_130,dim_131,dim_132,dim_133,dim_134,dim_135,dim_136,dim_137,dim_138,dim_139,dim_140,dim_141,dim_142,dim_143,dim_144,dim_145,dim_146,dim_147,dim_148,dim_149,dim_150,dim_151,dim_152,dim_153,dim_154,dim_155,dim_156,dim_157,dim_158,dim_159,dim_160,dim_161,dim_162,dim_163,dim_164,dim_165,dim_166,dim_167,dim_168,dim_169,dim_170,dim_171,dim_172,dim_173,dim_174,dim_175,dim_176,dim_177,dim_178,dim_179,dim_180,dim_181,dim_182,dim_183,dim_184,dim_185,dim_186,dim_187,dim_188,dim_189,dim_190,dim_191,dim_192,dim_193,dim_194,dim_195,dim_196,dim_197,dim_198,dim_199,dim_200,dim_201,dim_202,dim_203,dim_204,dim_205,dim_206,dim_207,dim_208,dim_209,dim_210,dim_211,dim_212,dim_213,dim_214,dim_215,dim_216,dim_217,dim_218,dim_219,dim_220,dim_221,dim_222,dim_223,dim_224,dim_225,dim_226,dim_227,dim_228,dim_229,dim_230,dim_231,dim_232,dim_233,dim_234,dim_235,dim_236,dim_237,dim_238,dim_239,dim_240,dim_241,dim_242,dim_243,dim_244,dim_245,dim_246,dim_247,dim_248,dim_249,dim_250,dim_251,dim_252,dim_253,dim_254,dim_255,dim_256,dim_257,dim_258,dim_259,dim_260,dim_261,dim_262,dim_263,dim_264,dim_265,dim_266,dim_267,dim_268,dim_269,dim_270,dim_271,dim_272,dim_273,dim_274,dim_275,dim_276,dim_277,dim_278,dim_279,dim_280,dim_281,dim_282,dim_283,dim_284,dim_285,dim_286,dim_287,dim_288,dim_289,dim_290,dim_291,dim_292,dim_293,dim_294,dim_295,dim_296,dim_297,dim_298,dim_299,dim_300,dim_301,dim_302,dim_303,dim_304,dim_305,dim_306,dim_307,dim_308,dim_309,dim_310,dim_311,dim_312,dim_313,dim_314,dim_315,dim_316,dim_317,dim_318,dim_319,dim_320,dim_321,dim_322,dim_323,dim_324,dim_325,dim_326,dim_327,dim_328,dim_329,dim_330,dim_331,dim_332,dim_333,dim_334,dim_335,dim_336,dim_337,dim_338,dim_339,dim_340,dim_341,dim_342,dim_343,dim_344,dim_345,dim_346,dim_347,dim_348,dim_349,dim_350,dim_351,dim_352,dim_353,dim_354,dim_355,dim_356,dim_357,dim_358,dim_359,dim_360,dim_361,dim_362,dim_363,dim_364,dim_365,dim_366,dim_367,dim_368,dim_369,dim_370,dim_371,dim_372,dim_373,dim_374,dim_375,dim_376,dim_377,dim_378,dim_379,dim_380,dim_381,dim_382,dim_383,dim_384,dim_385,dim_386,dim_387,dim_388,dim_389,dim_390,dim_391,dim_392,dim_393,dim_394,dim_395,dim_396,dim_397,dim_398,dim_399,dim_400,dim_401,dim_402,dim_403,dim_404,dim_405,dim_406,dim_407,dim_408,dim_409,dim_410,dim_411,dim_412,dim_413,dim_414,dim_415,dim_416,dim_417,dim_418,dim_419,dim_420,dim_421,dim_422,dim_423,dim_424,dim_425,dim_426,dim_427,dim_428,dim_429,dim_430,dim_431,dim_432,dim_433,dim_434,dim_435,dim_436,dim_437,dim_438,dim_439,dim_440,dim_441,dim_442,dim_443,dim_444,dim_445,dim_446,dim_447,dim_448,dim_449,dim_450,dim_451,dim_452,dim_453,dim_454,dim_455,dim_456,dim_457,dim_458,dim_459,dim_460,dim_461,dim_462,dim_463,dim_464,dim_465,dim_466,dim_467,dim_468,dim_469,dim_470,dim_471,dim_472,dim_473,dim_474,dim_475,dim_476,dim_477,dim_478,dim_479,dim_480,dim_481,dim_482,dim_483,dim_484,dim_485,dim_486,dim_487,dim_488,dim_489,dim_490,dim_491,dim_492,dim_493,dim_494,dim_495,dim_496,dim_497,dim_498,dim_499,dim_500,dim_501,dim_502,dim_503,dim_504,dim_505,dim_506,dim_507,dim_508,dim_509,dim_510,dim_511,dim_512,dim_513,dim_514,dim_515,dim_516,dim_517,dim_518,dim_519,dim_520,dim_521,dim_522,dim_523,dim_524,dim_525,dim_526,dim_527,dim_528,dim_529,dim_530,dim_531,dim_532,dim_533,dim_534,dim_535,dim_536,dim_537,dim_538,dim_539,dim_540,dim_541,dim_542,dim_543,dim_544,dim_545,dim_546,dim_547,dim_548,dim_549,dim_550,dim_551,dim_552,dim_553,dim_554,dim_555,dim_556,dim_557,dim_558,dim_559,dim_560,dim_561,dim_562,dim_563,dim_564,dim_565,dim_566,dim_567,dim_568,dim_569,dim_570,dim_571,dim_572,dim_573,dim_574,dim_575,dim_576,dim_577,dim_578,dim_579,dim_580,dim_581,dim_582,dim_583,dim_584,dim_585,dim_586,dim_587,dim_588,dim_589,dim_590,dim_591,dim_592,dim_593,dim_594,dim_595,dim_596,dim_597,dim_598,dim_599,dim_600,dim_601,dim_602,dim_603,dim_604,dim_605,dim_606,dim_607,dim_608,dim_609,dim_610,dim_611,dim_612,dim_613,dim_614,dim_615,dim_616,dim_617,dim_618,dim_619,dim_620,dim_621,dim_622,dim_623,dim_624,dim_625,dim_626,dim_627,dim_628,dim_629,dim_630,dim_631,dim_632,dim_633,dim_634,dim_635,dim_636,dim_637,dim_638,dim_639,dim_640,dim_641,dim_642,dim_643,dim_644,dim_645,dim_646,dim_647,dim_648,dim_649,dim_650,dim_651,dim_652,dim_653,dim_654,dim_655,dim_656,dim_657,dim_658,dim_659,dim_660,dim_661,dim_662,dim_663,dim_664,dim_665,dim_666,dim_667,dim_668,dim_669,dim_670,dim_671,dim_672,dim_673,dim_674,dim_675,dim_676,dim_677,dim_678,dim_679,dim_680,dim_681,dim_682,dim_683,dim_684,dim_685,dim_686,dim_687,dim_688,dim_689,dim_690,dim_691,dim_692,dim_693,dim_694,dim_695,dim_696,dim_697,dim_698,dim_699,dim_700,dim_701,dim_702,dim_703,dim_704,dim_705,dim_706,dim_707,dim_708,dim_709,dim_710,dim_711,dim_712,dim_713,dim_714,dim_715,dim_716,dim_717,dim_718,dim_719,dim_720,dim_721,dim_722,dim_723,dim_724,dim_725,dim_726,dim_727,dim_728,dim_729,dim_730,dim_731,dim_732,dim_733,dim_734,dim_735,dim_736,dim_737,dim_738,dim_739,dim_740,dim_741,dim_742,dim_743,dim_744,dim_745,dim_746,dim_747,dim_748,dim_749,dim_750,dim_751,dim_752,dim_753,dim_754,dim_755,dim_756,dim_757,dim_758,dim_759,dim_760,dim_761,dim_762,dim_763,dim_764,dim_765,dim_766,dim_767
600900,长江电力,绿电与清洁公用,defensive,student_B,llm_deepseek_extracted,"1. 机构博弈筹码流动：机构席位活跃，北向资金流入，筹码集中度提升，短线博弈偏多。  
2. 业绩弹性与技术壁垒：低Be...",-0.047457899898290634,0.0,0.0,0.0,-0.047457899898290634,0.0,0.0,0.0,0.0,0.0,0.0,0.0,0.0,0.047457899898290634,0.0,0.0,0.0,0.0,0.0,0.0,0.0,0.0,0.0,0.0,0.0,0.0,0.0,0.0,0.047457899898290634,0.0,-0.047457899898290634,0.0,0.047457899898290634,0.0,0.0,0.0,0.0,0.0,0.0,0.0,0.0,0.0,-0.047457899898290634,0.0,0.0,0.0,0.0,0.0,0.0,0.0,0.047457899898290634,0.09491579979658127,0.0,0.047457899898290634,0.09491579979658127,0.0,0.0,0.0,0.0,0.0,0.0,0.0,0.0,0.0,-0.09491579979658127,-0.047457899898290634,0.0,0.0,0.0,0.0,0.0,0.0,0.0,0.0,-0.047457899898290634,0.0,0.0,-0.09491579979658127,0.0,-0.047457899898290634,0.0,0.0,0.0,0.0,-0.047457899898290634,0.0,0.0,-0.047457899898290634,0.0,0.0,0.0,0.0,0.047457899898290634,0.0,0.0,0.0,0.0,0.047457899898290634,0.047457899898290634,0.0,0.047457899898290634,0.0,0.0,0.0,0.0,0.0,0.0,-0.047457899898290634,0.047457899898290634,-0.047457899898290634,-0.09491579979658127,0.0,0.0,0.0,0.0,0.0,0.0,0.0,0.0,0.047457899898290634,0.047457899898290634,0.0,-0.09491579979658127,-0.047457899898290634,-0.09491579979658127,0.0,0.1423736959695816,0.0,0.0,0.0,0.0,0.047457899898290634,0.047457899898290634,0.0,0.0,-0.047457899898290634,0.0,0.0,0.0,0.0,0.0,0.0,0.0,0.0,0.0,0.0,0.047457899898290634,0.0,0.0,0.0,0.0,-0.047457899898290634,0.0,0.0,0.0,0.0,0.0,0.0,0.0,0.0,0.0,0.0,0.09491579979658127,0.047457899898290634,0.0,0.0,0.0,0.0,0.0,0.0,-0.09491579979658127,-0.047457899898290634,0.0,0.0,0.0,-0.047457899898290634,0.0,0.0,0.0,0.0,0.047457899898290634,0.0,0.0,0.0,0.0,0.0,0.047457899898290634,-0.047457899898290634,-0.047457899898290634,0.0,0.0,-0.047457899898290634,0.0,-0.047457899898290634,-0.047457899898290634,0.0,0.0,0.0,0.0,0.0,0.0,0.0,0.0,-0.047457899898290634,0.0,0.0,0.0,0.09491579979658127,-0.047457899898290634,0.0,0.047457899898290634,0.0,-0.047457899898290634,0.0,0.0,0.047457899898290634,0.09491579979658127,0.0,0.0,-0.09491579979658127,-0.047457899898290634,0.047457899898290634,0.0,0.0,-0.047457899898290634,0.0,0.0,-0.047457899898290634,0.0,0.09491579979658127,0.09491579979658127,0.0,0.0,0.0,0.0,0.0,-0.047457899898290634,0.0,0.0,0.0,0.047457899898290634,0.0,-0.047457899898290634,0.0,-0.047457899898290634,0.1423736959695816,-0.047457899898290634,-0.047457899898290634,0.047457899898290634,0.0,0.0,-0.047457899898290634,0.0,0.047457899898290634,-0.047457899898290634,0.0,0.0,0.0,-0.047457899898290634,0.0,0.0,0.0,0.0,0.0,0.0,0.0,0.0,0.0,0.0,0.0,0.0,0.0,0.0,0.0,-0.047457899898290634,-0.09491579979658127,0.0,-0.047457899898290634,0.0,0.0,0.0,0.0,0.0,0.0,0.0,0.0,0.0,0.0,-0.047457899898290634,0.0,0.0,0.0,0.0,0.0,0.0,-0.047457899898290634,0.047457899898290634,0.0,0.0,0.047457899898290634,0.0,0.0,0.047457899898290634,0.0,0.0,0.0,0.0,-0.047457899898290634,0.0,0.0,0.0,0.0,0.0,0.0,-0.047457899898290634,0.0,0.0,0.09491579979658127,0.0,0.047457899898290634,0.0,-0.047457899898290634,-0.047457899898290634,0.0,0.0,0.0,-0.047457899898290634,0.0,0.0,0.0,0.0,0.0,0.0,0.0,0.0,0.0,0.0,0.0,0.0,0.0,0.0,0.0,0.0,0.0,-0.047457899898290634,0.0,-0.047457899898290634,0.0,0.0,0.0,0.0,-0.047457899898290634,0.0,0.0,-0.047457899898290634,-0.047457899898290634,0.047457899898290634,0.047457899898290634,-0.047457899898290634,0.0,-0.047457899898290634,0.047457899898290634,0.0,0.0,0.0,0.0,0.0,-0.047457899898290634,0.0,0.0,0.0,-0.09491579979658127,0.0,-0.047457899898290634,0.0,0.0,0.0,0.0,0.0,0.0,-0.047457899898290634,0.0,0.0,0.0,0.0,-0.047457899898290634,0.0,0.0,0.0,0.047457899898290634,0.0,0.047457899898290634,0.0,0.0,0.0,0.0,0.0,0.0,0.0,-0.09491579979658127,-0.047457899898290634,0.0,0.0,0.0,0.0,-0.047457899898290634,-0.09491579979658127,0.0,-0.047457899898290634,0.0,0.0,0.0,0.0,0.0,0.0,0.0,0.0,0.0,0.047457899898290634,0.0,0.0,-0.047457899898290634,0.0,0.0,0.0,0.0,0.0,0.047457899898290634,0.0,0.0,0.0,0.1423736959695816,-0.09491579979658127,0.0,0.0,0.0,0.0,0.0,0.0,-0.047457899898290634,0.0,0.047457899898290634,0.0,0.0,0.0,0.0,0.0,0.0,0.0,0.0,-0.047457899898290634,0.0,0.0,0.0,-0.047457899898290634,0.0,0.0,0.0,-0.047457899898290634,0.0,0.0,0.0,0.0,0.0,0.0,-0.047457899898290634,0.047457899898290634,0.0,0.047457899898290634,0.0,0.0,0.0,0.0,0.0,0.047457899898290634,0.047457899898290634,0.0,0.0,0.0,-0.047457899898290634,0.0,0.0,0.0,0.0,0.0,0.0,0.047457899898290634,0.0,0.047457899898290634,0.047457899898290634,0.0,0.0,0.0,0.0,0.0,0.047457899898290634,0.0,0.0,0.0,0.0,-0.047457899898290634,0.0,0.0,0.047457899898290634,0.0,0.0,0.0,0.047457899898290634,0.0,-0.09491579979658127,0.0,0.09491579979658127,0.0,0.0,0.0,-0.09491579979658127,-0.047457899898290634,-0.09491579979658127,0.0,0.0,0.0,0.0,0.0,-0.047457899898290634,-0.33220529556274414,0.047457899898290634,-0.047457899898290634,0.0,0.0,0.0,0.0,0.0,0.09491579979658127,0.047457899898290634,-0.047457899898290634,0.0,0.0,0.0,0.0,0.0,-0.09491579979658127,0.0,0.0,0.047457899898290634,-0.047457899898290634,0.0,0.0,0.0,0.0,0.047457899898290634,0.0,0.0,0.0,0.0,0.047457899898290634,0.0,0.0,0.1423736959695816,0.0,0.0,-0.1423736959695816,0.0,0.0,0.0,0.0,0.047457899898290634,-0.047457899898290634,-0.047457899898290634,0.0,0.0,-0.047457899898290634,0.0,0.0,-0.047457899898290634,0.0,0.0,0.0,0.0,0.047457899898290634,0.0,0.0,0.0,0.0,0.0,0.0,0.0,0.047457899898290634,0.047457899898290634,0.047457899898290634,0.047457899898290634,-0.047457899898290634,0.0,0.0,0.0,0.0,0.0,0.0,0.0,-0.047457899898290634,0.0,0.0,0.0,-0.047457899898290634,-0.047457899898290634,0.0,0.0,0.0,0.047457899898290634,0.0,0.047457899898290634,0.047457899898290634,0.0,0.047457899898290634,0.0,-0.047457899898290634,0.0,0.0,0.0,0.0,0.047457899898290634,0.0,-0.09491579979658127,-0.047457899898290634,-0.047457899898290634,0.0,-0.047457899898290634,0.0,0.0,0.047457899898290634,0.047457899898290634,0.0,-0.09491579979658127,0.0,0.0,0.047457899898290634,-0.047457899898290634,0.0,0.0,0.0,0.0,0.0,0.0,0.0,-0.047457899898290634,0.0,0.0,0.047457899898290634,0.0,0.0,-0.047457899898290634,0.0,-0.09491579979658127,0.0,0.047457899898290634,0.0,0.0,0.0,-0.047457899898290634,0.047457899898290634,0.0,0.0,0.0,0.0,0.0,0.047457899898290634,0.0,0.0,0.0,0.0,0.047457899898290634,0.0,0.0,0.0,0.0,0.0,0.0,-0.09491579979658127,0.0,0.0,0.0,0.0,0.09491579979658127,-0.047457899898290634,0.0,0.0,0.0,0.0,0.0,0.0,0.0,0.047457899898290634,0.0,-0.047457899898290634,0.0,0.047457899898290634,0.0,0.09491579979658127,0.0,0.0,0.0,0.0,0.0,0.047457899898290634,0.0,-0.18983159959316254,0.0,0.0,0.0,0.0,0.0,-0.047457899898290634,0.0,-0.047457899898290634,0.0,0.0,0.0,0.0,0.0,0.0,0.09491579979658127,0.0,0.047457899898290634,-0.047457899898290634,0.0,0.0,0.0,0.0,-0.047457899898290634,0.0,0.1423736959695816,-0.047457899898290634,0.0,0.0,0.0,0.0,0.047457899898290634,0.0,-0.09491579979658127,0.0,-0.09491579979658127,-0.047457899898290634,0.0,0.1423736959695816,-0.047457899898290634,0.0,0.0,0.0,0.0,0.0,0.0,0.0,-0.047457899898290634,0.0,0.0,0.0,0.0,0.0,0.0,0.0,0.0,-0.047457899898290634,0.0,0.047457899898290634,0.0,0.0,0.047457899898290634,0.047457899898290634,0.0
601985,中国核电,绿电与清洁公用,defensive,student_B,llm_deepseek_extracted,"1. 机构博弈筹码流动：北向资金活跃，机构席位交易频繁，筹码流动性增强。  
2. 业绩弹性与技术壁垒：产能回升支撑业绩...",-0.049690403044223785,-0.049690403044223785,0.0,0.0,-0.049690403044223785,0.0,0.0,0.0,0.0,0.0,0.0,0.0,0.049690403044223785,0.049690403044223785,0.0,0.0,0.0,0.0,0.049690403044223785,0.0,0.0,0.0,0.0,0.0,0.0,0.0,-0.049690403044223785,0.0,0.0,0.0,0.049690403044223785,0.0,0.0,0.0,0.0,0.0,0.0,0.0,0.049690403044223785,0.0,0.0,0.0,-0.049690403044223785,0.0,0.0,0.0,0.0,0.0,0.0,0.0,0.049690403044223785,0.0,0.0,0.049690403044223785,0.0,0.0,0.0,0.0,0.0,0.0,0.0,0.0,0.0,0.0,-0.09938080608844757,-0.049690403044223785,0.0,0.0,0.049690403044223785,0.0,0.0,0.0,0.0,0.0,-0.049690403044223785,0.0,0.0,-0.049690403044223785,0.0,0.0,0.0,0.0,0.0,0.0,0.0,0.0,0.0,-0.09938080608844757,0.0,0.0,0.0,0.0,0.049690403044223785,0.0,0.0,0.0,0.0,0.0,0.0,0.0,0.0,0.0,0.0,0.0,0.0,0.0,0.0,-0.14907120168209076,0.049690403044223785,-0.049690403044223785,-0.09938080608844757,0.0,0.0,0.0,0.0,0.049690403044223785,0.0,0.049690403044223785,0.0,0.049690403044223785,0.049690403044223785,0.0,-0.09938080608844757,0.0,-0.049690403044223785,0.0,0.14907120168209076,0.0,0.0,0.0,0.0,0.049690403044223785,0.049690403044223785,-0.049690403044223785,0.0,-0.049690403044223785,0.0,0.0,0.0,0.0,0.0,0.0,0.0,-0.049690403044223785,0.0,0.0,0.0,0.0,0.0,0.0,0.0,-0.049690403044223785,0.0,0.0,0.0,-0.049690403044223785,0.0,0.0,0.0,0.0,0.049690403044223785,0.0,0.09938080608844757,0.049690403044223785,0.049690403044223785,0.0,0.0,0.0,0.0,0.0,-0.09938080608844757,-0.049690403044223785,0.049690403044223785,0.0,0.0,-0.049690403044223785,0.049690403044223785,0.0,-0.049690403044223785,0.0,0.09938080608844757,0.0,0.0,0.0,0.0,0.0,0.049690403044223785,0.0,-0.049690403044223785,0.0,0.0,0.0,0.0,0.0,0.0,0.0,-0.049690403044223785,0.0,0.0,0.0,0.0,0.0,0.0,0.0,0.0,0.0,0.0,0.09938080608844757,0.0,0.0,0.0,0.049690403044223785,0.0,0.0,0.0,0.049690403044223785,0.049690403044223785,0.0,0.0,-0.19876161217689514,-0.049690403044223785,0.0,0.0,-0.049690403044223785,-0.049690403044223785,0.0,0.0,-0.049690403044223785,-0.049690403044223785,0.049690403044223785,0.09938080608844757,0.049690403044223785,0.0,0.0,0.0,0.0,0.0,0.0,0.0,0.0,0.0,0.0,0.049690403044223785,0.0,0.0,0.09938080608844757,0.049690403044223785,-0.09938080608844757,0.0,0.049690403044223785,0.0,0.0,0.0,0.09938080608844757,0.0,0.0,0.0,0.0,0.0,0.0,0.0,0.0,0.0,-0.049690403044223785,0.0,0.0,0.0,0.0,0.0,0.0,0.0,0.0,0.0,0.049690403044223785,-0.049690403044223785,-0.09938080608844757,0.0,-0.09938080608844757,-0.049690403044223785,0.0,0.0,0.0,0.0,-0.049690403044223785,0.0,0.0,0.0,0.0,-0.049690403044223785,0.0,0.0,0.0,0.0,0.049690403044223785,0.0,0.0,0.0,0.0,0.0,0.049690403044223785,0.0,0.0,0.0,0.0,-0.049690403044223785,0.0,0.0,-0.049690403044223785,0.0,0.0,0.0,0.0,0.0,0.0,-0.049690403044223785,0.0,0.0,0.09938080608844757,0.0,0.049690403044223785,0.0,0.0,0.0,0.0,0.0,0.0,0.0,0.0,0.0,0.0,0.0,0.0,0.0,0.0,0.0,0.0,0.0,0.0,0.0,-0.049690403044223785,0.0,-0.049690403044223785,0.0,0.0,-0.09938080608844757,0.0,-0.049690403044223785,0.049690403044223785,0.0,0.049690403044223785,0.0,0.0,0.0,-0.09938080608844757,-0.049690403044223785,-0.049690403044223785,0.049690403044223785,0.0,0.0,0.0,-0.09938080608844757,0.049690403044223785,0.0,0.0,0.0,0.0,0.0,0.0,0.0,0.0,0.0,-0.09938080608844757,-0.049690403044223785,-0.049690403044223785,0.0,0.0,0.0,0.0,0.0,0.0,-0.049690403044223785,0.0,0.0,0.049690403044223785,0.0,-0.049690403044223785,0.0,-0.049690403044223785,0.0,0.049690403044223785,0.0,0.049690403044223785,0.0,0.0,0.0,0.0,0.0,0.0,0.0,-0.09938080608844757,0.0,0.0,0.0,0.0,0.0,0.0,-0.09938080608844757,0.049690403044223785,-0.049690403044223785,0.0,0.0,0.0,0.0,0.0,0.0,0.0,0.0,0.0,0.049690403044223785,0.0,-0.049690403044223785,-0.049690403044223785,0.0,0.0,-0.049690403044223785,0.0,0.049690403044223785,0.0,0.0,0.0,-0.049690403044223785,0.14907120168209076,0.0,0.0,-0.049690403044223785,0.0,0.0,0.0,0.0,0.0,0.0,0.049690403044223785,0.049690403044223785,0.0,0.0,0.0,0.0,0.049690403044223785,0.0,0.0,-0.09938080608844757,0.0,0.0,0.0,0.0,0.0,0.0,0.0,0.0,0.0,0.0,0.0,0.0,0.0,0.0,-0.09938080608844757,0.049690403044223785,-0.049690403044223785,0.0,0.0,0.0,0.0,0.0,0.0,-0.049690403044223785,0.0,0.0,0.0,-0.049690403044223785,-0.049690403044223785,0.0,0.0,0.0,0.0,0.0,0.0,0.0,0.0,0.0,0.0,0.0,0.0,-0.049690403044223785,0.0,0.0,0.0,0.0,-0.049690403044223785,0.0,0.0,0.0,0.0,0.0,0.09938080608844757,0.0,0.0,0.0,0.049690403044223785,0.0,0.0,0.0,0.049690403044223785,0.0,0.0,0.0,-0.09938080608844757,0.0,-0.09938080608844757,0.0,0.0,0.0,0.0,0.0,0.0,-0.24845200777053833,-0.049690403044223785,-0.049690403044223785,0.0,0.0,0.0,0.0,0.0,0.09938080608844757,0.0,-0.049690403044223785,0.0,0.0,0.0,0.0,0.0,-0.049690403044223785,-0.049690403044223785,0.049690403044223785,0.049690403044223785,-0.049690403044223785,0.0,0.049690403044223785,0.0,0.0,0.0,0.0,0.0,0.0,-0.049690403044223785,0.0,0.0,-0.049690403044223785,0.14907120168209076,0.0,-0.049690403044223785,-0.09938080608844757,0.0,0.0,0.0,0.0,0.0,0.0,0.0,0.049690403044223785,0.0,0.0,0.049690403044223785,0.0,0.0,0.0,0.049690403044223785,0.0,0.0,0.0,0.0,0.0,0.0,0.0,0.0,0.0,0.0,0.0,0.09938080608844757,0.0,0.0,0.0,0.0,0.0,0.0,0.0,0.0,0.0,0.0,-0.049690403044223785,0.0,0.0,0.0,0.0,-0.049690403044223785,0.0,-0.049690403044223785,0.0,0.049690403044223785,-0.049690403044223785,0.0,0.0,0.0,0.0,0.0,-0.049690403044223785,0.0,0.0,0.0,0.0,0.049690403044223785,0.0,-0.09938080608844757,-0.049690403044223785,-0.049690403044223785,0.0,-0.09938080608844757,0.0,0.0,0.049690403044223785,0.049690403044223785,0.0,-0.049690403044223785,0.0,0.0,0.0,-0.049690403044223785,0.0,0.0,0.0,-0.049690403044223785,0.0,0.0,0.049690403044223785,0.049690403044223785,0.0,0.0,0.049690403044223785,0.0,0.0,-0.049690403044223785,0.0,-0.09938080608844757,0.0,0.049690403044223785,0.0,0.0,0.0,0.0,0.0,0.0,-0.049690403044223785,0.0,0.0,0.0,0.0,0.0,-0.049690403044223785,-0.049690403044223785,0.0,0.049690403044223785,0.0,0.0,0.049690403044223785,0.0,0.0,0.0,-0.09938080608844757,0.0,0.0,0.0,0.049690403044223785,0.09938080608844757,0.0,0.0,0.0,0.0,0.049690403044223785,0.0,0.0,0.0,0.0,0.0,0.0,0.0,0.0,0.0,0.049690403044223785,0.0,0.0,0.0,0.0,0.0,0.0,0.0,-0.09938080608844757,0.0,0.0,0.0,0.0,0.0,0.0,0.0,-0.049690403044223785,0.0,0.0,0.0,0.0,0.0,0.0,0.14907120168209076,0.0,0.09938080608844757,0.0,0.0,0.0,0.0,0.0,0.0,0.0,0.09938080608844757,-0.049690403044223785,0.0,-0.049690403044223785,0.0,0.0,0.0,0.0,-0.049690403044223785,0.0,-0.049690403044223785,-0.049690403044223785,-0.049690403044223785,0.09938080608844757,-0.049690403044223785,0.0,0.0,0.0,0.0,0.0,0.0,0.0,-0.049690403044223785,0.0,0.0,0.0,0.0,0.0,0.0,-0.049690403044223785,0.0,0.0,0.09938080608844757,0.049690403044223785,0.0,0.0,0.0,0.049690403044223785,-0.09938080608844757
600905,三峡能源,绿电与清洁公用,growth,student_B,llm_deepseek_extracted,"1. 机构席位活跃，北向资金流入，筹码博弈偏多。  
2. 产能回升+研发交付，业绩弹性中等，壁垒一般。  
3. 多空...",-0.0707106813788414,0.0,0.0,0.0,0.0,0.0,0.0,0.0,0.0,0.0,0.0707106813788414,0.0,0.0707106813788414,0.0707106813788414,0.0,0.0,0.0,0.0,0.0,0.0,0.0,0.0,0.0,0.0,0.0,0.0,0.0,0.0,0.0,0.0,0.0,0.0,0.0707106813788414,0.0,0.0,0.0,0.0,0.0,0.0,0.0,0.0,0.0,-0.0707106813788414,0.0,0.0,0.0,0.0,0.0,0.0,0.0,0.0707106813788414,0.0707106813788414,0.0,0.0707106813788414,0.0707106813788414,0.0,0.0,0.0,0.0707106813788414,0.0,0.0,0.0,0.0,0.0,-0.0707106813788414,-0.0707106813788414,0.0,0.0,0.0,0.0,0.0,0.0,0.0,0.0,-0.0707106813788414,0.0,0.0,0.0,0.0,0.0,0.0,0.0,0.0,0.0,-0.0707106813788414,0.0,0.0,-0.0707106813788414,0.0,0.0,0.0,0.0707106813788414,0.0,0.0,0.0,0.0,0.0,0.0,0.0,0.0,0.0,0.0,0.0,0.0,0.0,0.0,0.0,-0.0707106813788414,0.0,0.0,-0.0707106813788414,0.0,0.0,0.0,0.0,0.0707106813788414,0.0,0.0,0.0,0.0,0.0,0.0,0.0,0.0,-0.0707106813788414,0.0,0.1414213627576828,0.0,0.0,0.0,0.0,0.0707106813788414,0.0707106813788414,0.0,0.0,-0.0707106813788414,0.0,0.0,0.0,0.0,0.0,0.0,0.0,0.0,0.0,0.0,0.0,0.0,0.0,0.0,0.0,0.0,0.0,0.0,0.0,0.0,0.0,0.0,0.0,0.0,0.0,0.0,0.1414213627576828,-0.0707106813788414,0.0,0.0,0.0,0.0,0.0,0.0,-0.0707106813788414,-0.0707106813788414,0.0,0.0,0.0,0.0,0.0707106813788414,0.0,-0.0707106813788414,0.0,0.0,0.0,0.0,0.0,0.0,0.0,0.0,0.0,-0.0707106813788414,0.0707106813788414,0.0,0.0,0.0,0.0,0.0707106813788414,0.0,0.0,0.0,0.0,0.0,0.0707106813788414,0.0,0.0,0.0,0.0,0.0,0.0,0.0707106813788414,0.0,0.0,0.0,0.0,-0.0707106813788414,0.0,0.0,0.0707106813788414,0.0707106813788414,0.0,0.0,0.0,-0.0707106813788414,0.0,0.0,0.0,0.0,0.0,0.0,-0.0707106813788414,0.0,0.0707106813788414,0.0707106813788414,0.0707106813788414,0.0,0.0,0.0,0.0,-0.0707106813788414,0.0,0.0,0.0,0.0707106813788414,0.0,0.0,0.0,-0.0707106813788414,0.1414213627576828,0.0,-0.0707106813788414,0.0,0.0,0.0,0.0,0.0,0.1414213627576828,0.0,0.0,0.0,0.0,0.0,0.0,0.0,0.0,0.0,0.0,0.0,0.0,0.0,0.0,-0.0707106813788414,0.0,0.0,0.0,0.0,0.0,-0.0707106813788414,-0.0707106813788414,0.0,0.0,0.0,0.0,0.0,0.0,0.0,-0.0707106813788414,0.0707106813788414,0.0,0.0,0.0,-0.0707106813788414,0.0,0.0,0.0,0.0,0.0,0.0,0.0,0.0,0.0,0.0,0.0707106813788414,0.0,0.0,0.0707106813788414,0.0,-0.0707106813788414,0.0,0.0,-0.0707106813788414,0.0,0.0,0.0,0.0,0.0,0.0,-0.0707106813788414,0.0,0.0,0.0707106813788414,0.0,0.0,0.0,-0.0707106813788414,0.0707106813788414,0.0,0.0,0.0,0.0,0.0,0.0,0.0,0.0,0.0,0.0,0.0,0.0,0.0,0.0,0.0,0.0,0.0,0.0707106813788414,0.0,0.0,-0.0707106813788414,0.0,0.0,0.0,0.0,0.0,0.0,0.0,-0.0707106813788414,0.0,0.0,0.0,-0.0707106813788414,0.0707106813788414,0.0,0.0,0.0,-0.0707106813788414,0.0,0.0,0.0,0.0,0.0,0.0,0.0,0.0,0.0,0.0,-0.0707106813788414,0.0,0.0,0.0,0.0,0.0,0.0,0.0,0.0,-0.0707106813788414,0.0,0.0,0.0,0.0,-0.0707106813788414,0.0,0.0707106813788414,0.0,0.0,0.0,0.0,0.0,0.0,0.0,0.0,0.0,0.0,0.0,0.0,-0.0707106813788414,0.0,0.0,0.0707106813788414,0.0,0.0,0.0,0.0,-0.0707106813788414,0.0,0.0,0.0,0.0,0.0,0.0,0.0,0.0,0.0,0.0,0.0,0.0,0.0,0.0,0.0,0.0,0.0,0.0,0.0707106813788414,0.0,0.0,0.0,0.2828427255153656,0.0,0.0,0.0,0.0,0.0,0.0,-0.0707106813788414,0.0,0.0,0.0,0.1414213627576828,0.0,0.0,0.0,0.0,0.0707106813788414,0.0,0.0,0.0,0.0,0.0,0.0,0.0,0.0,0.0707106813788414,0.0,0.0,0.0,0.0,0.0,0.0,0.0,0.0,0.0707106813788414,0.0,-0.0707106813788414,0.0707106813788414,0.0,0.0,0.0,0.0,0.0,0.0707106813788414,0.0707106813788414,0.0,0.0,0.0,-0.0707106813788414,0.0,0.0,0.0,0.0,0.0,0.0,0.0,0.0707106813788414,0.0,0.0,0.0,0.0,0.0707106813788414,0.0,0.0,0.0,0.0,-0.0707106813788414,0.0,0.0,-0.0707106813788414,0.0,0.0,0.0707106813788414,-0.0707106813788414,0.0,0.0,0.0,0.0,-0.0707106813788414,0.0,0.0707106813788414,0.0,0.0,0.0,-0.0707106813788414,0.0,0.0,0.0,0.0,0.0,0.0,0.0,0.0,-0.2828427255153656,0.0,-0.0707106813788414,0.0,0.0,0.0,0.0,0.0,0.1414213627576828,0.0,-0.0707106813788414,0.0,0.0,0.0707106813788414,0.0,0.0,0.0,-0.0707106813788414,0.0,0.0707106813788414,-0.0707106813788414,0.0,0.0,0.0,0.0,0.0,0.0,0.0,0.0,0.0,0.0,0.0,0.0,0.2121320366859436,0.0,0.0,-0.0707106813788414,0.0,0.0,0.0,0.0,0.0,0.0,-0.0707106813788414,0.0707106813788414,0.0,0.0,0.0,0.0,0.0,0.0,0.0,0.0,0.0707106813788414,0.0,0.0,0.0,0.0,0.0,0.0,0.0,0.0707106813788414,0.0,0.0,0.0,0.0,-0.0707106813788414,0.0,0.0,0.0,0.0,0.0,0.0,0.0,-0.0707106813788414,0.0,0.0,0.0,0.0,-0.0707106813788414,0.0,0.0,0.0,0.0707106813788414,0.0,0.0,0.0,0.0,0.0,0.0,0.0,0.0,0.0,0.0,0.0,0.0,0.0,-0.0707106813788414,0.0,0.0,0.0,0.0,0.0,0.0,0.0,0.0,0.0,-0.0707106813788414,0.0,0.0,0.0707106813788414,0.0,0.0,0.0,0.0,0.0707106813788414,0.0707106813788414,0.0,-0.0707106813788414,0.0,-0.0707106813788414,0.0,0.0,0.0,0.0,0.0,0.0,0.0,0.0,0.0707106813788414,0.0,0.0,0.0,0.0,0.0,0.0,0.0,0.0,0.0,0.0,0.0,0.0,0.0,0.0,0.0,0.0707106813788414,0.0,0.0,0.0,0.0,0.0,0.0,0.0,0.0,0.0,0.0,0.0,0.1414213627576828,0.0,0.0,0.0,0.0,0.0707106813788414,0.0,0.0,0.0,0.0,0.0,0.0,0.0,0.0,0.0,0.0707106813788414,0.0,0.0,0.0,0.0,0.0,0.0,0.0,-0.0707106813788414,0.0,0.0,0.0,0.0,0.0,0.0,0.0,-0.0707106813788414,0.0,0.0,0.0,0.0,0.0,0.0,0.0707106813788414,0.0,0.0,0.0,0.0,0.0,0.0,0.0,0.0,0.0,0.0707106813788414,0.0,0.0,0.0,0.0,0.0,0.0707106813788414,0.0,0.0,0.0,0.0,0.0,0.0,0.1414213627576828,-0.0707106813788414,0.0,0.0,0.0,0.0,0.0,0.0,0.0,-0.0707106813788414,0.0,0.0,0.0,0.0,0.0,0.0,0.0,0.0,-0.0707106813788414,0.0,0.0707106813788414,0.0,0.0,0.0,0.0,0.0
600886,国投电力,绿电与清洁公用,defensive,student_B,llm_deepseek_extracted,"1. 机构博弈筹码流动：北向资金活跃，机构席位增持，筹码集中度提升。  
2. 业绩弹性与技术壁垒：产能回升，研发交付推...",-0.051571059972047806,0.0,0.0,0.0,0.0,0.0,0.0,0.0,0.0,0.0,0.051571059972047806,0.0,0.051571059972047806,0.051571059972047806,0.0,0.0,0.0,0.0,0.0,0.0,0.0,0.0,0.0,0.0,0.0,0.0,0.0,0.0,0.0,0.0,0.0,0.0,0.0,0.0,0.0,0.051571059972047806,0.0,0.0,0.051571059972047806,0.0,0.0,0.0,-0.051571059972047806,0.0,0.0,0.0,0.0,-0.051571059972047806,0.051571059972047806,0.0,0.051571059972047806,0.10314211994409561,0.051571059972047806,0.051571059972047806,0.0,0.0,0.0,0.0,0.0,0.051571059972047806,0.0,0.0,0.0,0.0,-0.10314211994409561,-0.051571059972047806,0.0,0.0,0.0,0.0,0.0,0.0,0.0,-0.051571059972047806,0.0,-0.051571059972047806,0.0,-0.051571059972047806,0.0,0.0,0.0,0.0,0.0,0.0,0.0,-0.051571059972047806,0.0,-0.10314211994409561,0.0,0.0,0.0,0.0,0.051571059972047806,0.0,0.0,0.0,0.0,0.051571059972047806,0.0,0.0,0.0,0.0,0.0,0.0,0.0,0.0,0.0,-0.10314211994409561,0.051571059972047806,0.0,-0.051571059972047806,0.0,0.0,0.0,0.0,0.051571059972047806,0.0,0.051571059972047806,0.0,0.051571059972047806,0.0,0.0,-0.051571059972047806,0.0,-0.10314211994409561,0.0,0.15471318364143372,0.0,0.0,0.0,0.0,0.051571059972047806,0.051571059972047806,-0.051571059972047806,0.0,-0.10314211994409561,0.0,0.0,0.0,0.0,0.0,0.0,0.0,0.0,0.0,-0.051571059972047806,0.051571059972047806,0.0,0.0,0.0,0.0,0.0,0.0,0.0,0.0,0.0,0.0,0.0,0.0,0.0,0.0,0.0,0.10314211994409561,0.0,0.0,0.0,0.0,0.0,0.0,0.0,-0.10314211994409561,-0.051571059972047806,0.0,0.0,0.0,-0.051571059972047806,0.051571059972047806,0.0,-0.051571059972047806,0.0,0.051571059972047806,0.0,0.0,0.0,0.0,0.0,0.0,0.0,-0.051571059972047806,0.0,0.0,0.0,0.0,-0.051571059972047806,0.0,0.0,0.0,0.0,0.0,0.0,0.051571059972047806,0.0,0.0,0.0,0.0,0.0,0.0,0.10314211994409561,0.0,0.0,0.0,0.051571059972047806,0.0,0.0,-0.051571059972047806,0.051571059972047806,0.051571059972047806,0.0,0.0,-0.10314211994409561,-0.051571059972047806,0.0,0.0,-0.051571059972047806,-0.051571059972047806,0.0,0.0,-0.051571059972047806,0.0,0.051571059972047806,0.10314211994409561,0.051571059972047806,0.0,0.0,0.0,0.0,-0.051571059972047806,0.0,0.0,0.0,0.0,0.0,0.051571059972047806,0.0,0.0,0.10314211994409561,0.0,-0.051571059972047806,0.051571059972047806,0.0,0.0,0.0,0.0,0.10314211994409561,-0.051571059972047806,0.0,0.0,0.0,-0.051571059972047806,0.0,0.0,0.0,0.0,-0.051571059972047806,0.0,0.0,0.0,0.0,0.0,0.0,0.051571059972047806,0.0,0.0,0.051571059972047806,-0.051571059972047806,-0.051571059972047806,0.0,-0.051571059972047806,-0.051571059972047806,0.0,0.0,0.0,0.0,-0.10314211994409561,0.0,0.0,0.0,0.0,-0.10314211994409561,0.0,0.0,0.0,0.0,0.051571059972047806,0.0,0.0,0.0,0.0,0.0,0.051571059972047806,0.0,0.0,0.051571059972047806,0.0,-0.051571059972047806,0.0,0.0,-0.051571059972047806,0.0,0.0,0.0,0.0,0.0,0.0,-0.051571059972047806,0.0,0.0,0.10314211994409561,0.0,0.051571059972047806,0.0,0.0,0.0,0.0,0.0,0.0,-0.051571059972047806,0.0,0.0,0.0,0.051571059972047806,0.0,0.0,0.0,0.0,0.0,0.0,0.0,0.0,0.051571059972047806,0.0,-0.051571059972047806,0.0,0.0,-0.051571059972047806,0.0,-0.051571059972047806,0.0,0.0,0.051571059972047806,0.0,0.0,0.0,-0.051571059972047806,-0.10314211994409561,-0.051571059972047806,0.051571059972047806,0.0,0.0,0.0,-0.10314211994409561,0.051571059972047806,0.0,0.0,0.0,0.0,0.0,0.0,0.0,0.0,0.0,-0.10314211994409561,-0.051571059972047806,-0.051571059972047806,0.0,0.0,0.0,0.0,0.0,0.0,-0.051571059972047806,0.0,0.0,0.051571059972047806,-0.051571059972047806,-0.051571059972047806,0.0,0.0,0.0,0.051571059972047806,0.0,0.0,0.0,0.0,0.0,0.0,0.0,0.0,0.0,-0.15471318364143372,0.0,0.0,0.0,0.0,0.0,0.0,-0.051571059972047806,0.0,-0.051571059972047806,0.0,0.0,0.0,0.0,0.0,0.0,0.0,-0.051571059972047806,0.051571059972047806,0.051571059972047806,0.0,0.0,0.0,0.0,0.0,0.0,0.0,0.0,0.0,-0.051571059972047806,0.0,0.0,0.15471318364143372,-0.051571059972047806,0.0,0.0,0.0,0.0,0.0,0.0,0.0,0.0,0.0,0.0,0.0,0.0,0.0,0.0,0.051571059972047806,0.0,0.0,-0.051571059972047806,0.0,0.0,0.0,0.0,0.0,0.0,0.0,0.0,0.0,0.0,0.0,0.0,0.0,0.0,-0.051571059972047806,0.0,-0.051571059972047806,0.0,0.0,-0.051571059972047806,0.0,0.0,0.0,0.051571059972047806,0.10314211994409561,0.0,0.0,0.0,-0.051571059972047806,0.0,0.0,0.0,0.0,0.0,0.0,0.0,0.0,0.051571059972047806,0.0,0.0,0.0,0.0,0.0,-0.051571059972047806,0.0,0.0,-0.051571059972047806,0.0,0.0,-0.051571059972047806,0.0,0.0,0.051571059972047806,0.0,0.0,0.0,0.051571059972047806,0.0,-0.051571059972047806,0.0,0.051571059972047806,0.0,0.0,0.0,-0.10314211994409561,0.0,-0.10314211994409561,0.0,-0.051571059972047806,0.0,0.0,0.0,0.051571059972047806,-0.30942636728286743,0.0,-0.051571059972047806,0.0,0.0,0.0,0.0,0.0,0.10314211994409561,0.0,-0.051571059972047806,0.0,0.0,0.0,0.0,0.0,-0.10314211994409561,-0.051571059972047806,0.0,0.051571059972047806,-0.051571059972047806,0.0,0.051571059972047806,0.0,0.0,0.0,0.0,0.0,0.0,0.0,0.0,0.0,-0.051571059972047806,0.15471318364143372,0.0,0.0,-0.10314211994409561,0.0,0.0,0.0,0.0,0.051571059972047806,-0.051571059972047806,0.0,0.051571059972047806,0.0,0.0,0.0,-0.051571059972047806,0.0,0.0,0.051571059972047806,0.0,0.0,0.051571059972047806,0.0,0.0,0.0,0.051571059972047806,0.0,0.0,0.0,0.0,0.0,0.0,0.0,0.0,0.0,0.0,0.0,0.0,0.0,0.0,0.0,-0.051571059972047806,0.0,0.051571059972047806,0.0,0.0,-0.051571059972047806,0.0,0.0,0.0,0.051571059972047806,-0.051571059972047806,0.051571059972047806,0.0,0.0,0.0,0.0,-0.051571059972047806,0.0,0.0,0.0,0.0,0.051571059972047806,0.0,-0.15471318364143372,-0.051571059972047806,0.0,0.0,-0.051571059972047806,0.0,0.0,0.051571059972047806,0.0,0.0,-0.051571059972047806,0.0,0.051571059972047806,0.0,-0.051571059972047806,0.0,0.0,0.0,-0.051571059972047806,0.0,0.0,0.0,0.051571059972047806,0.0,0.0,0.0,0.0,0.0,-0.051571059972047806,-0.051571059972047806,-0.051571059972047806,0.0,0.051571059972047806,0.0,0.0,0.0,-0.051571059972047806,0.0,0.0,-0.051571059972047806,0.0,0.0,0.0,0.0,0.0,0.0,0.0,0.0,0.051571059972047806,0.0,0.0,-0.051571059972047806,0.0,0.0,0.0,0.0,0.0,0.0,0.0,0.0,0.10314211994409561,0.0,0.0,0.0,0.0,0.051571059972047806,0.0,0.0,0.0,0.051571059972047806,0.0,-0.051571059972047806,0.0,0.051571059972047806,0.0,0.051571059972047806,0.0,0.0,0.0,0.0,0.0,0.051571059972047806,0.0,-0.10314211994409561,0.051571059972047806,0.0,-0.051571059972047806,0.0,0.051571059972047806,0.0,0.0,-0.051571059972047806,0.0,0.0,0.0,0.0,0.0,0.0,0.051571059972047806,0.0,0.051571059972047806,-0.051571059972047806,0.0,0.0,0.0,0.0,0.0,-0.051571059972047806,0.15471318364143372,-0.051571059972047806,0.0,-0.051571059972047806,0.0,0.0,0.0,0.0,-0.051571059972047806,0.0,-0.051571059972047806,-0.051571059972047806,0.0,0.10314211994409561,-0.051571059972047806,0.0,0.0,0.0,0.051571059972047806,0.0,0.0,0.0,-0.051571059972047806,0.0,0.0,0.0,0.0,0.0,0.0,-0.051571059972047806,0.0,0.0,0.051571059972047806,0.051571059972047806,0.0,0.0,0.0,0.0,0.0
600011,华能国际,绿电与清洁公用,growth,student_B,llm_deepseek_extracted,"1. 机构席位活跃，北向资金流动频繁，筹码博弈加剧，短线波动或放大。  
2. 产能回升叠加研发交付，业绩弹性增强；绿电...",-0.04805693030357361,-0.04805693030357361,0.0,-0.04805693030357361,-0.04805693030357361,0.0,0.0,0.0,0.0,0.0,0.0,0.0,0.09611386060714722,0.04805693030357361,0.0,0.0,0.0,0.0,0.0,0.04805693030357361,0.0,0.0,0.0,0.0,0.0,0.0,0.0,0.0,-0.04805693030357361,0.0,0.0,0.0,0.04805693030357361,-0.04805693030357361,0.0,0.0,0.0,0.0,0.0,0.0,0.0,0.0,-0.04805693030357361,0.0,0.0,-0.04805693030357361,0.0,0.0,0.0,0.0,0.04805693030357361,0.04805693030357361,0.0,0.04805693030357361,0.04805693030357361,0.0,0.0,0.0,0.04805693030357361,0.0,0.0,0.0,0.0,0.0,0.0,-0.04805693030357361,0.0,0.0,-0.04805693030357361,0.0,0.0,0.0,0.0,0.0,0.0,0.0,0.0,-0.04805693030357361,0.0,0.0,0.0,0.0,0.0,0.0,0.0,0.0,0.0,-0.04805693030357361,-0.04805693030357361,0.0,0.0,0.0,0.0,0.0,0.0,0.0,0.0,0.0,0.0,0.04805693030357361,0.0,0.0,0.0,0.0,0.0,0.0,0.0,-0.04805693030357361,0.0,0.0,-0.04805693030357361,0.0,-0.04805693030357361,0.0,0.0,0.04805693030357361,0.0,0.04805693030357361,0.04805693030357361,0.09611386060714722,0.04805693030357361,0.04805693030357361,-0.04805693030357361,0.0,-0.04805693030357361,0.0,0.09611386060714722,0.0,0.04805693030357361,0.0,0.0,0.04805693030357361,0.09611386060714722,-0.04805693030357361,0.0,-0.04805693030357361,-0.04805693030357361,0.0,0.0,0.0,0.0,0.0,0.0,0.0,0.0,0.0,0.04805693030357361,0.0,0.0,0.0,0.0,-0.09611386060714722,0.0,0.0,0.0,0.0,0.0,0.0,0.0,0.0,0.0,0.0,0.09611386060714722,0.0,0.04805693030357361,-0.04805693030357361,0.0,0.0,0.0,0.04805693030357361,-0.04805693030357361,-0.04805693030357361,0.0,0.0,0.0,0.0,0.04805693030357361,0.0,-0.04805693030357361,0.0,0.04805693030357361,0.0,0.0,0.0,0.0,0.0,0.0,0.0,0.0,0.0,0.0,0.0,0.0,0.0,0.0,-0.04805693030357361,0.0,0.0,0.0,0.0,0.04805693030357361,0.0,0.0,0.0,0.0,0.0,0.0,0.04805693030357361,0.0,-0.04805693030357361,-0.04805693030357361,0.04805693030357361,0.0,0.04805693030357361,0.0,0.04805693030357361,0.14417079091072083,0.0,0.04805693030357361,-0.04805693030357361,0.0,-0.04805693030357361,0.0,0.09611386060714722,0.0,0.0,0.0,-0.04805693030357361,0.0,0.04805693030357361,0.04805693030357361,0.04805693030357361,0.0,0.04805693030357361,0.0,0.0,-0.04805693030357361,0.04805693030357361,0.0,-0.04805693030357361,0.0,0.0,0.0,0.0,-0.04805693030357361,0.19222772121429443,-0.04805693030357361,-0.04805693030357361,0.0,0.0,0.0,-0.04805693030357361,0.0,0.09611386060714722,0.0,0.0,0.0,0.0,0.04805693030357361,0.0,0.0,0.0,0.0,0.0,0.0,0.0,0.0,0.0,0.0,0.0,0.0,0.04805693030357361,0.0,0.04805693030357361,0.0,-0.04805693030357361,0.0,0.0,0.0,0.0,0.0,0.0,0.0,-0.04805693030357361,0.04805693030357361,0.0,-0.09611386060714722,0.0,-0.04805693030357361,0.0,0.0,0.0,0.0,-0.04805693030357361,0.0,0.0,0.0,0.0,0.0,0.04805693030357361,0.09611386060714722,0.0,0.04805693030357361,0.0,-0.04805693030357361,0.0,0.0,-0.04805693030357361,0.0,0.0,0.0,0.0,0.0,0.0,-0.04805693030357361,0.0,0.0,0.04805693030357361,0.0,0.0,0.0,-0.04805693030357361,0.0,0.0,0.0,0.0,-0.04805693030357361,0.0,0.0,0.04805693030357361,-0.04805693030357361,0.0,0.0,0.0,0.0,0.0,0.0,0.0,0.0,0.04805693030357361,0.04805693030357361,0.0,0.0,0.0,-0.09611386060714722,0.0,0.0,0.0,0.0,0.04805693030357361,0.0,-0.04805693030357361,0.0,0.0,-0.04805693030357361,-0.04805693030357361,0.04805693030357361,0.0,0.0,0.0,-0.04805693030357361,0.0,0.0,0.0,0.0,0.0,0.0,0.0,0.0,0.0,-0.04805693030357361,-0.04805693030357361,-0.04805693030357361,0.0,0.0,0.0,0.0,0.0,0.0,0.0,-0.04805693030357361,0.0,0.0,0.09611386060714722,0.0,-0.04805693030357361,0.0,0.0,0.0,0.0,0.0,0.0,0.0,0.0,0.0,0.0,0.0,0.0,0.0,0.0,0.0,0.0,0.0,0.0,0.0,0.0,-0.04805693030357361,0.0,-0.04805693030357361,0.0,0.0,0.0,0.0,0.0,0.0,-0.04805693030357361,0.0,0.0,0.04805693030357361,0.0,0.0,0.0,0.0,0.0,0.04805693030357361,0.0,0.0,0.0,0.0,0.0,0.0,0.24028465151786804,0.0,0.0,0.0,0.04805693030357361,0.0,0.0,-0.04805693030357361,0.0,-0.04805693030357361,0.04805693030357361,0.04805693030357361,0.0,0.0,0.0,0.0,0.04805693030357361,0.0,0.0,0.0,0.0,0.0,0.0,-0.04805693030357361,0.0,0.04805693030357361,0.09611386060714722,0.0,0.0,0.0,0.04805693030357361,0.0,0.0,0.0,0.0,0.04805693030357361,-0.04805693030357361,0.04805693030357361,0.0,0.04805693030357361,0.0,0.0,0.0,-0.04805693030357361,-0.04805693030357361,0.0,-0.09611386060714722,0.0,-0.04805693030357361,0.0,0.0,0.04805693030357361,0.0,0.0,0.0,0.0,0.04805693030357361,0.0,0.0,0.0,0.0,0.0,0.0,0.0,0.04805693030357361,0.0,-0.04805693030357361,0.0,0.0,-0.04805693030357361,0.0,0.0,0.0,-0.04805693030357361,-0.09611386060714722,0.0,0.0,0.0,-0.04805693030357361,0.0,0.04805693030357361,0.0,0.0,0.0,-0.04805693030357361,0.0,-0.04805693030357361,0.0,0.0,0.0,-0.04805693030357361,0.0,0.0,-0.38445544242858887,0.0,-0.04805693030357361,0.0,0.0,0.0,0.0,0.0,0.09611386060714722,0.0,-0.04805693030357361,0.0,0.0,0.04805693030357361,0.0,0.04805693030357361,0.0,-0.04805693030357361,0.09611386060714722,0.04805693030357361,0.0,0.0,0.0,0.0,0.0,-0.04805693030357361,0.0,0.0,0.0,-0.04805693030357361,0.0,0.0,0.0,0.14417079091072083,0.0,0.0,-0.04805693030357361,0.0,0.0,0.0,0.0,0.0,0.0,0.0,0.09611386060714722,0.0,0.04805693030357361,-0.04805693030357361,0.0,0.0,0.0,0.0,0.0,0.0,0.0,0.0,0.0,-0.04805693030357361,0.0,0.0,0.0,0.0,0.0,0.04805693030357361,0.0,0.0,0.0,0.0,0.0,0.0,0.0,0.0,0.0,0.04805693030357361,-0.04805693030357361,0.0,0.0,0.0,0.0,-0.04805693030357361,-0.04805693030357361,-0.04805693030357361,0.0,0.09611386060714722,-0.09611386060714722,0.0,0.0,0.0,0.04805693030357361,0.0,0.0,0.0,0.0,0.0,-0.04805693030357361,0.0,0.0,0.0,0.0,0.0,0.0,-0.09611386060714722,0.0,0.0,0.04805693030357361,0.0,0.0,-0.04805693030357361,0.0,0.0,0.04805693030357361,0.0,0.0,0.0,0.0,0.0,0.04805693030357361,0.0,-0.04805693030357361,-0.04805693030357361,-0.04805693030357361,0.0,0.0,0.0,0.0,0.0,0.0,0.0,-0.04805693030357361,0.04805693030357361,0.04805693030357361,0.0,0.0,0.0,0.0,0.0,-0.04805693030357361,0.0,0.0,-0.04805693030357361,0.0,0.0,0.0,-0.04805693030357361,0.0,0.04805693030357361,0.0,-0.04805693030357361,-0.04805693030357361,0.0,0.0,0.0,-0.09611386060714722,0.0,0.0,0.0,0.0,0.09611386060714722,-0.04805693030357361,0.0,-0.04805693030357361,0.0,0.04805693030357361,0.0,0.0,0.0,0.0,0.0,0.0,0.0,0.0,0.0,0.14417079091072083,0.0,0.0,0.0,0.0,0.0,0.0,0.0,-0.14417079091072083,0.0,0.0,0.0,0.0,0.0,0.0,-0.04805693030357361,-0.04805693030357361,0.0,0.0,0.0,0.0,-0.04805693030357361,0.0,0.09611386060714722,-0.04805693030357361,0.0,-0.09611386060714722,0.0,0.0,0.0,0.0,0.0,0.0,0.04805693030357361,-0.04805693030357361,-0.04805693030357361,0.0,0.0,0.0,0.04805693030357361,0.0,-0.04805693030357361,0.0,-0.04805693030357361,0.0,0.0,0.09611386060714722,-0.04805693030357361,0.0,0.0,0.0,0.0,0.0,0.0,0.0,0.0,0.0,0.0,0.0,0.04805693030357361,0.0,0.0,0.04805693030357361,0.04805693030357361,0.0,0.0,0.04805693030357361,0.0,0.0,0.0,0.04805693030357361,0.04805693030357361
600795,国电电力,绿电与清洁公用,defensive,student_B,llm_deepseek_extracted,"1. 机构博弈筹码流动：北向资金活跃，机构席位博弈中性偏多，筹码流动温和。  
2. 业绩弹性与技术壁垒：产能景气回升，...",-0.046726930886507034,0.0,0.0,0.0,0.0,0.0,0.0,0.0,0.0,0.0,0.046726930886507034,0.0,0.046726930886507034,0.046726930886507034,0.0,0.0,0.0,0.0,0.0,0.0,0.0,0.0,0.0,0.0,0.0,0.0,0.0,0.0,0.0,0.0,0.0,0.046726930886507034,0.0,0.0,0.0,0.0,0.0,0.0,0.046726930886507034,0.0,0.0,0.0,-0.046726930886507034,0.0,0.0,0.0,0.0,0.0,0.046726930886507034,0.0,0.046726930886507034,0.09345386177301407,0.046726930886507034,0.046726930886507034,0.0,0.0,0.0,0.0,0.046726930886507034,0.0,0.0,0.0,0.0,0.0,-0.046726930886507034,-0.046726930886507034,0.0,0.0,0.0,0.0,0.0,0.0,0.0,0.046726930886507034,0.0,0.0,0.0,-0.046726930886507034,0.0,0.0,0.0,0.0,0.0,0.0,0.0,0.0,0.0,-0.046726930886507034,0.0,0.0,0.0,0.0,0.046726930886507034,0.0,0.0,0.0,0.0,0.0,0.0,0.0,0.0,0.0,-0.046726930886507034,0.0,0.0,0.0,0.0,-0.1401807963848114,0.046726930886507034,0.0,-0.09345386177301407,0.0,0.0,0.0,0.0,0.046726930886507034,0.0,0.0,0.0,0.046726930886507034,0.0,0.0,-0.046726930886507034,0.0,-0.046726930886507034,0.0,0.046726930886507034,0.046726930886507034,0.0,0.0,0.0,0.046726930886507034,0.046726930886507034,-0.046726930886507034,0.0,-0.09345386177301407,0.0,-0.046726930886507034,0.0,0.0,0.0,0.0,0.0,0.0,0.0,-0.046726930886507034,0.0,0.046726930886507034,0.0,0.0,0.0,0.0,0.0,0.0,0.0,0.0,0.0,0.0,0.0,0.0,0.0,0.0,0.1401807963848114,0.0,0.0,0.0,-0.046726930886507034,0.0,0.046726930886507034,0.0,-0.09345386177301407,0.0,0.0,0.0,0.0,-0.046726930886507034,0.046726930886507034,0.0,-0.046726930886507034,0.0,0.09345386177301407,0.0,0.0,0.0,0.0,0.0,0.0,0.0,-0.09345386177301407,0.0,0.0,-0.046726930886507034,0.0,-0.046726930886507034,0.0,0.0,0.0,0.0,0.0,0.0,0.046726930886507034,0.0,0.0,0.0,0.0,0.0,0.0,0.09345386177301407,0.0,0.0,0.046726930886507034,0.0,0.0,0.0,0.0,0.046726930886507034,0.046726930886507034,0.0,0.0,-0.1401807963848114,-0.046726930886507034,0.0,0.0,-0.046726930886507034,-0.046726930886507034,0.0,0.0,-0.09345386177301407,0.0,0.046726930886507034,0.046726930886507034,0.046726930886507034,0.0,0.0,0.0,0.0,-0.09345386177301407,0.0,0.0,0.0,0.0,0.0,0.046726930886507034,0.0,0.0,0.1401807963848114,0.0,-0.046726930886507034,0.0,0.046726930886507034,0.0,0.0,0.0,0.046726930886507034,0.0,0.0,0.0,0.0,0.0,0.0,0.0,0.0,-0.046726930886507034,-0.046726930886507034,-0.046726930886507034,0.0,0.0,0.0,0.0,0.0,0.09345386177301407,0.0,0.0,0.0,-0.046726930886507034,-0.09345386177301407,0.0,0.0,-0.046726930886507034,0.0,0.0,0.0,0.0,-0.046726930886507034,0.0,0.0,0.0,0.0,-0.046726930886507034,0.0,0.0,0.0,0.0,0.0,0.0,0.0,-0.046726930886507034,0.0,0.0,0.046726930886507034,0.0,0.0,0.046726930886507034,0.0,0.0,0.0,0.0,-0.046726930886507034,0.0,0.0,0.046726930886507034,0.0,0.0,0.046726930886507034,-0.046726930886507034,0.0,0.0,0.09345386177301407,-0.046726930886507034,0.046726930886507034,0.0,-0.046726930886507034,0.0,0.0,0.0,0.0,-0.046726930886507034,0.0,0.0,0.0,0.0,0.0,0.0,0.0,0.0,0.0,0.0,0.0,0.0,-0.046726930886507034,0.0,-0.046726930886507034,0.0,0.0,-0.09345386177301407,0.0,-0.046726930886507034,0.0,0.0,0.0,0.0,0.0,0.0,-0.09345386177301407,-0.1401807963848114,-0.046726930886507034,0.046726930886507034,0.0,-0.046726930886507034,0.0,-0.1401807963848114,0.0,0.0,0.0,0.0,0.0,0.0,0.0,0.0,0.0,0.0,-0.09345386177301407,0.0,-0.046726930886507034,0.0,0.0,0.0,0.0,0.0,0.0,-0.046726930886507034,0.0,0.0,0.0,0.0,-0.046726930886507034,0.0,0.0,0.0,0.046726930886507034,0.0,0.046726930886507034,0.0,0.0,0.0,0.0,0.0,0.0,0.0,-0.1401807963848114,0.0,0.0,0.0,0.0,0.0,0.0,-0.046726930886507034,0.0,-0.046726930886507034,0.0,0.0,0.0,0.0,0.0,0.0,0.0,0.0,0.046726930886507034,0.046726930886507034,0.0,0.0,0.0,0.0,0.0,0.0,0.0,0.0,0.046726930886507034,-0.046726930886507034,0.0,0.0,0.1401807963848114,-0.046726930886507034,0.0,0.0,0.0,0.0,0.0,-0.046726930886507034,0.0,0.0,0.0,0.09345386177301407,0.0,0.0,0.0,0.0,0.046726930886507034,0.0,0.0,0.0,0.0,0.0,0.0,0.0,0.0,0.0,0.0,0.0,0.046726930886507034,0.0,0.0,0.0,0.0,0.0,0.046726930886507034,0.0,-0.046726930886507034,0.046726930886507034,0.0,-0.046726930886507034,0.0,0.0,0.0,0.0,0.09345386177301407,0.0,0.0,0.0,-0.046726930886507034,0.0,0.0,0.0,0.0,0.0,0.0,0.0,0.0,0.0,0.0,0.0,0.0,0.0,0.0,0.0,0.0,0.0,-0.046726930886507034,0.0,0.046726930886507034,-0.046726930886507034,0.0,0.0,0.09345386177301407,0.0,0.0,0.0,0.0,0.0,-0.046726930886507034,0.0,0.046726930886507034,0.0,0.0,0.0,-0.09345386177301407,0.0,-0.09345386177301407,-0.046726930886507034,0.0,0.0,0.0,0.0,0.046726930886507034,-0.2803615927696228,0.0,-0.046726930886507034,0.046726930886507034,0.0,0.0,0.0,0.0,0.1401807963848114,0.0,-0.046726930886507034,0.0,0.0,0.0,0.0,0.0,-0.09345386177301407,-0.046726930886507034,0.046726930886507034,0.046726930886507034,-0.09345386177301407,0.0,0.046726930886507034,0.0,0.0,0.046726930886507034,0.0,0.0,0.0,0.0,0.0,0.0,-0.046726930886507034,0.1401807963848114,0.0,0.0,-0.1401807963848114,0.0,0.0,0.0,0.0,0.0,0.0,0.0,0.046726930886507034,0.0,0.046726930886507034,0.0,0.0,-0.046726930886507034,0.0,0.046726930886507034,0.0,0.0,0.046726930886507034,0.0,0.0,0.0,0.0,0.0,0.0,0.0,0.0,0.0,0.0,0.0,0.0,-0.046726930886507034,0.0,0.046726930886507034,0.0,0.0,0.0,0.0,-0.046726930886507034,0.0,0.046726930886507034,0.0,0.0,-0.046726930886507034,0.0,0.0,0.0,0.09345386177301407,0.0,0.0,0.0,0.0,0.0,0.0,-0.046726930886507034,0.0,0.0,0.0,0.0,0.046726930886507034,-0.046726930886507034,-0.1401807963848114,0.0,0.0,0.0,-0.09345386177301407,0.0,0.0,0.046726930886507034,0.0,0.0,-0.09345386177301407,0.0,0.046726930886507034,0.0,-0.046726930886507034,-0.046726930886507034,0.0,-0.046726930886507034,-0.046726930886507034,0.0,0.0,0.0,0.09345386177301407,0.0,0.0,0.046726930886507034,0.0,0.0,-0.046726930886507034,-0.046726930886507034,0.0,0.0,0.09345386177301407,0.0,0.0,0.0,0.0,0.0,0.0,-0.046726930886507034,0.0,0.046726930886507034,0.0,0.0,0.0,0.0,0.0,0.0,0.046726930886507034,0.0,0.0,-0.046726930886507034,0.0,0.0,0.0,0.0,0.0,0.0,0.0,0.0,0.09345386177301407,0.0,0.0,0.0,0.0,0.09345386177301407,0.046726930886507034,0.0,0.0,0.0,0.0,-0.046726930886507034,0.0,0.046726930886507034,0.0,0.046726930886507034,0.0,0.0,0.0,0.0,0.0,0.046726930886507034,0.0,-0.1401807963848114,0.046726930886507034,0.0,0.0,0.0,0.046726930886507034,0.0,0.0,-0.046726930886507034,0.0,0.0,0.0,0.0,0.0,0.0,0.09345386177301407,0.0,0.0,0.0,0.0,0.046726930886507034,0.0,0.0,0.0,-0.046726930886507034,0.1401807963848114,-0.09345386177301407,-0.046726930886507034,-0.046726930886507034,0.0,0.0,0.0,0.0,-0.046726930886507034,0.0,-0.046726930886507034,0.0,-0.046726930886507034,0.1401807963848114,-0.046726930886507034,0.0,0.0,-0.046726930886507034,0.046726930886507034,0.0,0.0,0.0,-0.046726930886507034,0.0,0.0,0.0,-0.046726930886507034,0.0,0.046726930886507034,-0.046726930886507034,0.0,0.0,0.046726930886507034,0.046726930886507034,0.0,0.0,0.0,0.0,0.0
001289,龙源电力,绿电与清洁公用,growth,student_B,llm_deepseek_extracted,机构博弈：北向与机构席位活跃，筹码流动偏多，短线分歧但承接力强。业绩弹性：产能回升叠加研发交付，绿电景气支撑盈利修复，B...,-0.05976143106818199,0.0,0.0,0.05976143106818199,0.0,0.0,0.0,0.0,0.0,0.0,0.0,0.0,0.05976143106818199,0.0,-0.05976143106818199,0.0,0.0,0.0,0.0,0.0,0.0,0.0,0.0,0.0,0.0,-0.05976143106818199,0.0,0.0,0.0,0.0,0.0,-0.05976143106818199,0.0,0.05976143106818199,0.0,0.0,-0.05976143106818199,0.0,0.05976143106818199,0.0,0.0,0.0,0.0,0.0,0.0,0.0,0.0,0.0,0.0,0.0,0.0,0.05976143106818199,0.0,0.05976143106818199,0.0,0.0,0.0,0.0,0.0,0.0,0.0,0.0,0.0,0.0,-0.05976143106818199,-0.05976143106818199,0.0,0.0,0.0,0.0,0.0,0.0,0.0,0.0,0.0,0.0,-0.05976143106818199,0.0,0.0,0.0,0.0,0.0,0.0,0.0,0.0,0.0,0.0,0.0,0.0,0.0,0.0,0.11952286213636398,0.0,0.0,0.0,0.0,0.0,0.0,0.0,0.0,0.0,0.0,0.0,0.0,0.0,0.0,0.0,-0.11952286213636398,0.05976143106818199,0.05976143106818199,-0.05976143106818199,0.0,0.0,0.0,0.0,0.05976143106818199,0.0,0.0,0.0,0.0,0.05976143106818199,0.0,-0.05976143106818199,0.0,-0.05976143106818199,0.0,0.05976143106818199,0.0,0.0,0.0,0.05976143106818199,0.05976143106818199,0.11952286213636398,0.0,0.0,-0.05976143106818199,0.0,0.0,0.0,0.0,0.0,0.0,0.0,-0.05976143106818199,0.0,0.0,0.0,0.0,0.0,0.0,0.0,-0.05976143106818199,0.0,0.0,0.0,0.0,0.0,0.0,0.0,0.0,0.0,0.0,0.05976143106818199,0.05976143106818199,0.0,-0.05976143106818199,0.0,0.0,0.0,0.05976143106818199,-0.11952286213636398,-0.05976143106818199,0.0,0.0,0.0,0.0,0.05976143106818199,0.0,-0.05976143106818199,0.0,0.05976143106818199,0.0,0.0,0.0,0.0,0.0,0.0,0.0,0.05976143106818199,0.0,0.0,0.0,0.0,0.0,0.0,0.0,0.0,0.0,0.0,0.0,0.05976143106818199,0.0,0.0,0.0,0.0,0.0,0.05976143106818199,0.11952286213636398,-0.05976143106818199,0.0,0.0,0.05976143106818199,0.0,0.05976143106818199,0.0,0.0,0.11952286213636398,-0.05976143106818199,0.0,-0.17928428947925568,-0.05976143106818199,0.0,0.0,0.0,0.0,0.0,0.0,-0.05976143106818199,0.0,-0.05976143106818199,0.11952286213636398,0.05976143106818199,0.0,0.0,0.0,0.0,-0.05976143106818199,0.0,0.0,0.0,0.0,0.0,0.0,-0.05976143106818199,-0.05976143106818199,0.05976143106818199,-0.05976143106818199,-0.05976143106818199,0.0,0.0,0.0,0.0,-0.05976143106818199,0.11952286213636398,0.0,0.0,0.0,0.0,0.0,0.0,0.0,0.0,0.0,0.0,0.0,0.0,0.0,0.0,0.0,0.0,0.0,0.0,0.0,0.05976143106818199,0.0,-0.05976143106818199,0.0,-0.05976143106818199,0.0,0.0,0.0,0.0,0.0,-0.05976143106818199,0.0,-0.05976143106818199,0.0,-0.05976143106818199,0.0,-0.05976143106818199,0.0,0.0,0.0,0.05976143106818199,0.0,0.0,0.05976143106818199,0.05976143106818199,0.0,0.05976143106818199,0.0,0.0,0.0,0.0,0.0,-0.05976143106818199,-0.05976143106818199,-0.05976143106818199,0.0,0.0,0.0,0.0,0.0,0.0,-0.05976143106818199,0.0,0.0,0.05976143106818199,0.0,0.05976143106818199,0.0,0.0,0.0,0.0,0.0,0.0,0.0,0.0,0.0,0.0,0.0,0.0,-0.05976143106818199,0.05976143106818199,0.0,0.0,0.0,0.0,0.0,-0.05976143106818199,0.05976143106818199,0.05976143106818199,0.0,0.0,-0.11952286213636398,0.0,0.0,0.0,0.0,0.05976143106818199,0.0,0.0,0.0,-0.05976143106818199,-0.05976143106818199,-0.05976143106818199,0.05976143106818199,0.0,0.0,0.0,-0.05976143106818199,0.0,0.0,0.0,0.0,0.0,0.0,0.0,0.05976143106818199,0.05976143106818199,0.0,0.0,0.0,0.0,0.0,0.0,0.0,0.0,0.0,0.0,0.0,0.0,0.0,0.05976143106818199,0.0,0.0,0.0,0.0,0.0,0.0,0.0,0.05976143106818199,0.0,0.0,0.0,0.0,0.0,0.0,0.0,-0.11952286213636398,0.0,0.0,0.0,0.0,0.0,0.0,0.0,0.0,-0.05976143106818199,-0.05976143106818199,0.0,0.0,0.0,0.0,0.0,-0.05976143106818199,0.0,0.0,0.05976143106818199,0.0,0.0,0.0,0.0,0.0,0.0,0.0,0.05976143106818199,0.0,-0.05976143106818199,0.0,0.0,0.17928428947925568,-0.05976143106818199,0.0,0.0,0.0,0.0,0.0,0.0,0.0,0.0,0.05976143106818199,0.05976143106818199,0.0,0.0,0.0,0.0,0.05976143106818199,0.0,0.0,-0.05976143106818199,0.0,0.0,0.0,-0.05976143106818199,0.0,0.05976143106818199,0.0,0.0,0.0,0.0,0.0,0.0,0.0,0.0,0.0,0.05976143106818199,0.0,0.0,0.0,0.05976143106818199,0.0,0.0,0.0,0.0,0.0,0.0,-0.11952286213636398,0.0,-0.05976143106818199,0.0,0.0,0.0,0.0,0.0,0.0,0.0,0.0,0.0,0.0,0.0,0.0,0.0,0.0,0.05976143106818199,0.05976143106818199,0.05976143106818199,-0.05976143106818199,0.0,0.0,-0.05976143106818199,0.0,0.0,0.05976143106818199,0.0,-0.05976143106818199,0.0,0.0,0.0,-0.05976143106818199,-0.05976143106818199,0.0,0.0,0.0,0.0,-0.05976143106818199,0.0,0.0,0.0,0.0,0.0,0.0,0.0,0.0,-0.23904572427272797,0.0,-0.05976143106818199,0.0,0.0,-0.05976143106818199,0.0,0.0,0.05976143106818199,0.0,-0.05976143106818199,0.0,0.0,0.0,0.0,0.0,0.0,-0.05976143106818199,0.0,0.05976143106818199,-0.05976143106818199,0.0,0.0,0.0,0.0,0.0,0.0,0.0,0.0,0.0,0.0,0.0,-0.05976143106818199,0.17928428947925568,0.0,0.0,-0.05976143106818199,0.05976143106818199,0.0,0.0,0.0,0.0,0.0,0.0,0.0,0.05976143106818199,-0.05976143106818199,0.0,0.0,0.0,0.0,0.0,0.0,0.0,0.0,0.05976143106818199,0.0,-0.05976143106818199,0.0,0.0,0.0,0.0,0.0,0.05976143106818199,0.0,0.05976143106818199,0.0,0.0,0.0,0.0,0.0,-0.05976143106818199,0.0,0.0,-0.05976143106818199,0.0,-0.05976143106818199,0.0,0.0,-0.05976143106818199,0.0,0.0,0.0,0.05976143106818199,0.0,0.0,0.0,0.0,0.0,0.0,-0.05976143106818199,0.0,0.05976143106818199,0.0,0.0,0.0,0.0,-0.11952286213636398,0.0,0.0,0.0,-0.05976143106818199,0.0,0.0,0.0,0.0,0.0,-0.05976143106818199,0.0,0.0,0.05976143106818199,0.0,0.0,0.0,0.0,0.0,0.0,0.0,0.0,0.0,0.0,0.05976143106818199,0.0,0.0,0.0,0.0,0.0,-0.05976143106818199,0.0,0.05976143106818199,-0.05976143106818199,0.0,0.0,0.0,0.0,0.0,-0.05976143106818199,0.0,0.0,0.0,0.05976143106818199,0.0,0.0,0.0,0.0,0.05976143106818199,0.0,0.0,0.05976143106818199,0.0,0.0,0.0,-0.11952286213636398,-0.05976143106818199,0.0,0.0,0.0,0.11952286213636398,0.0,-0.05976143106818199,0.0,0.05976143106818199,0.05976143106818199,0.0,0.0,0.0,0.0,-0.05976143106818199,-0.05976143106818199,0.0,0.0,0.0,0.05976143106818199,0.0,0.0,0.0,0.0,0.0,0.0,0.0,-0.05976143106818199,0.0,0.0,0.0,0.0,0.0,0.0,0.0,-0.11952286213636398,-0.05976143106818199,-0.05976143106818199,0.0,0.0,0.0,0.0,0.05976143106818199,0.0,0.05976143106818199,0.05976143106818199,0.0,0.0,0.0,0.0,0.11952286213636398,0.0,0.0,-0.05976143106818199,0.0,-0.05976143106818199,0.0,0.0,-0.05976143106818199,0.0,0.0,0.05976143106818199,0.0,-0.05976143106818199,0.0,0.11952286213636398,0.0,-0.05976143106818199,0.0,0.0,0.0,0.0,0.0,0.0,0.0,0.0,0.0,0.0,0.05976143106818199,0.0,0.0,0.0,0.0,0.0,0.0,0.05976143106818199,0.0,0.0,-0.05976143106818199,0.05976143106818199,-0.05976143106818199
000591,太阳能,绿电与清洁公用,growth,student_B,llm_deepseek_extracted,"1. 机构席位活跃，北向资金流动频繁，筹码博弈加剧。  
2. 产能回升+研发交付，业绩弹性增强，技术壁垒稳固。  
3...",-0.059654999524354935,-0.059654999524354935,0.0,0.0,0.0,0.0,0.0,0.0,0.0,0.0,0.0,0.0,0.059654999524354935,0.059654999524354935,0.0,0.0,0.0,0.0,0.0,0.0,0.0,0.0,0.0,0.0,0.0,0.0,0.0,0.0,0.0,0.0,0.0,0.059654999524354935,0.059654999524354935,0.0,0.0,0.0,0.0,0.0,0.0,0.0,0.0,0.0,-0.059654999524354935,0.0,0.0,0.0,0.0,0.0,0.0,0.0,0.059654999524354935,0.059654999524354935,0.0,0.059654999524354935,0.0,0.0,0.0,0.0,0.0,0.0,0.0,0.0,0.0,0.0,-0.059654999524354935,-0.059654999524354935,0.0,0.0,0.0,0.0,0.0,0.0,0.0,0.0,0.0,0.0,0.0,-0.059654999524354935,0.0,0.0,0.0,0.0,0.0,0.0,0.0,0.0,0.0,-0.059654999524354935,0.0,0.0,0.0,0.059654999524354935,0.0,0.0,0.0,0.0,0.0,0.0,0.0,0.0,0.0,-0.059654999524354935,0.0,0.0,0.0,0.0,0.0,-0.059654999524354935,0.0,0.0,-0.059654999524354935,0.0,0.0,0.0,0.0,0.059654999524354935,0.0,0.059654999524354935,0.0,0.059654999524354935,0.0,0.059654999524354935,0.0,0.0,-0.059654999524354935,0.0,0.11930999904870987,0.0,0.0,0.0,0.0,0.059654999524354935,0.059654999524354935,-0.059654999524354935,0.0,-0.059654999524354935,0.0,0.0,0.0,0.0,0.0,0.0,0.0,0.0,0.0,0.0,0.059654999524354935,0.0,0.059654999524354935,0.0,0.0,0.0,0.0,0.0,0.0,0.059654999524354935,0.0,0.0,0.0,0.0,0.0,0.0,0.1789650022983551,-0.059654999524354935,0.059654999524354935,0.0,0.0,0.0,0.0,0.059654999524354935,-0.059654999524354935,-0.059654999524354935,0.0,0.0,0.0,0.0,0.059654999524354935,0.0,-0.059654999524354935,0.0,0.0,0.0,0.0,0.0,0.0,0.0,0.0,0.0,0.059654999524354935,0.0,0.059654999524354935,0.0,0.059654999524354935,0.0,0.059654999524354935,0.0,0.0,0.0,0.0,0.0,0.11930999904870987,0.0,0.0,0.0,0.0,0.0,0.0,0.059654999524354935,0.0,0.0,0.0,0.059654999524354935,0.0,0.059654999524354935,0.0,0.059654999524354935,0.059654999524354935,0.0,0.0,-0.059654999524354935,-0.059654999524354935,0.0,0.0,0.0,0.0,0.0,0.0,-0.059654999524354935,0.0,0.059654999524354935,0.059654999524354935,0.059654999524354935,0.0,0.0,0.0,0.0,0.0,0.0,0.0,0.0,0.0,0.0,-0.059654999524354935,0.0,-0.059654999524354935,0.1789650022983551,0.0,-0.059654999524354935,0.0,0.0,0.0,0.0,0.0,0.11930999904870987,0.0,0.0,0.059654999524354935,0.0,0.0,0.0,0.0,0.0,-0.059654999524354935,-0.059654999524354935,0.0,0.0,0.0,0.0,0.0,0.0,0.0,0.0,0.0,0.059654999524354935,-0.059654999524354935,-0.059654999524354935,0.0,0.0,-0.059654999524354935,0.0,0.0,0.0,0.0,-0.059654999524354935,0.059654999524354935,0.0,-0.059654999524354935,0.0,-0.059654999524354935,0.0,0.0,0.0,0.0,0.0,0.0,0.0,0.0,0.0,0.0,0.059654999524354935,0.0,0.0,0.059654999524354935,0.0,-0.059654999524354935,0.0,0.0,-0.059654999524354935,0.0,0.0,0.0,0.0,0.0,0.0,-0.059654999524354935,0.0,0.0,0.059654999524354935,0.0,0.0,0.0,-0.059654999524354935,0.059654999524354935,0.0,0.0,0.0,0.0,0.0,0.0,0.0,0.0,0.0,0.0,0.0,0.0,0.0,0.0,0.0,0.0,0.0,0.059654999524354935,0.0,0.0,0.0,-0.059654999524354935,0.0,0.0,0.0,0.0,0.059654999524354935,0.0,-0.059654999524354935,0.0,0.0,-0.059654999524354935,-0.059654999524354935,0.0,0.0,0.0,0.0,-0.059654999524354935,0.0,0.0,0.0,0.0,0.0,0.0,0.0,0.0,0.0,0.0,0.0,-0.059654999524354935,0.0,0.0,0.0,0.0,0.0,0.0,0.0,-0.059654999524354935,0.0,0.0,0.059654999524354935,0.0,-0.059654999524354935,0.0,0.0,0.0,0.0,0.0,0.0,0.0,0.0,0.0,0.0,0.0,0.0,0.0,0.0,0.0,0.0,0.0,0.0,0.0,0.0,-0.059654999524354935,0.0,-0.059654999524354935,0.0,0.0,0.0,0.0,0.059654999524354935,0.0,0.0,0.0,0.059654999524354935,0.0,0.0,0.0,0.0,0.0,0.0,0.0,0.0,0.0,0.0,0.0,0.0,0.0,0.23861999809741974,0.0,0.0,0.0,0.0,0.0,0.0,0.0,0.0,0.0,0.0,0.0,0.0,0.0,0.0,0.0,0.059654999524354935,0.0,0.0,0.0,0.0,0.0,0.0,0.0,0.0,0.059654999524354935,0.0,0.0,0.0,0.0,0.0,0.0,0.0,0.0,-0.059654999524354935,0.0,-0.059654999524354935,0.11930999904870987,0.0,0.0,0.0,0.0,0.0,0.0,0.059654999524354935,0.0,0.0,-0.059654999524354935,-0.059654999524354935,0.0,0.0,0.059654999524354935,0.0,0.0,0.0,0.0,0.059654999524354935,0.0,0.0,0.0,0.0,0.0,0.0,0.0,0.0,0.0,-0.059654999524354935,0.0,0.0,-0.059654999524354935,0.0,0.0,0.0,0.0,-0.059654999524354935,0.0,0.0,0.0,-0.059654999524354935,0.0,0.059654999524354935,0.0,0.0,0.0,-0.059654999524354935,0.0,-0.059654999524354935,-0.059654999524354935,0.0,0.0,0.0,0.0,0.0,-0.2982749938964844,0.0,-0.059654999524354935,0.0,0.0,0.0,0.0,0.0,0.11930999904870987,0.0,-0.059654999524354935,0.0,0.0,0.059654999524354935,0.0,0.0,0.0,-0.059654999524354935,0.059654999524354935,0.059654999524354935,0.0,-0.059654999524354935,0.0,0.0,0.0,0.0,0.0,0.0,0.0,-0.059654999524354935,0.0,0.0,0.0,0.1789650022983551,0.0,0.0,-0.059654999524354935,0.0,0.0,0.0,0.0,0.0,0.0,0.0,0.059654999524354935,0.059654999524354935,0.0,0.0,0.0,-0.059654999524354935,0.0,0.0,0.0,0.0,0.0,0.0,0.0,0.0,0.0,0.0,0.0,0.0,0.0,0.059654999524354935,0.0,0.0,0.0,-0.059654999524354935,0.0,0.0,0.0,0.0,0.0,0.0,-0.059654999524354935,0.0,0.0,0.0,0.0,-0.059654999524354935,0.0,-0.059654999524354935,0.0,0.11930999904870987,-0.059654999524354935,0.0,0.0,0.0,0.0,0.059654999524354935,0.0,0.0,0.0,0.0,0.0,0.0,0.0,-0.059654999524354935,0.0,0.0,0.0,-0.11930999904870987,0.0,0.0,0.059654999524354935,0.0,0.0,-0.059654999524354935,0.0,0.0,0.059654999524354935,0.0,-0.059654999524354935,0.0,-0.059654999524354935,0.0,0.059654999524354935,0.0,-0.059654999524354935,-0.059654999524354935,-0.059654999524354935,0.059654999524354935,0.0,-0.059654999524354935,0.0,0.0,0.0,0.0,0.0,0.059654999524354935,0.0,0.0,0.0,0.0,0.0,0.0,-0.059654999524354935,0.0,0.059654999524354935,0.0,0.0,0.0,0.0,0.0,0.0,0.059654999524354935,0.0,0.0,-0.059654999524354935,0.0,0.0,0.0,0.0,0.0,0.0,0.0,0.0,0.11930999904870987,0.0,0.0,0.0,0.0,0.059654999524354935,0.0,0.0,0.0,0.0,0.0,0.0,0.0,0.0,0.0,0.059654999524354935,-0.059654999524354935,0.0,0.0,0.0,0.0,0.059654999524354935,0.0,-0.1789650022983551,0.0,0.0,0.0,0.0,0.0,0.059654999524354935,0.0,-0.11930999904870987,0.0,0.0,0.0,0.0,0.0,0.0,0.059654999524354935,0.0,0.0,0.0,0.0,0.0,0.0,0.0,0.0,-0.059654999524354935,0.11930999904870987,-0.059654999524354935,0.0,0.0,0.0,0.0,0.059654999524354935,0.0,-0.059654999524354935,0.0,-0.059654999524354935,0.059654999524354935,0.0,0.11930999904870987,-0.059654999524354935,0.0,0.0,0.0,0.0,0.0,0.0,0.0,-0.059654999524354935,0.059654999524354935,0.0,0.0,0.0,0.0,0.059654999524354935,0.059654999524354935,0.0,0.0,0.0,0.059654999524354935,0.0,0.0,0.0,0.0,0.0
601016,节能风电,绿电与清洁公用,growth,student_B,llm_deepseek_extracted,"1. 机构席位活跃，北向资金流入，筹码博弈偏多；  
2. 产能回升+研发交付，业绩弹性中等，技术壁垒一般；  
3. ...",-0.07001400738954544,0.0,0.0,0.0,0.0,0.0,0.0,0.0,0.0,0.0,0.0,0.0,0.07001400738954544,0.0,0.0,0.0,0.0,0.0,0.0,0.0,0.0,0.0,0.0,0.0,0.0,0.0,0.0,0.0,0.0,0.0,0.0,0.0,0.07001400738954544,0.0,0.0,0.0,0.0,0.0,0.0,0.0,0.0,0.0,-0.07001400738954544,0.0,0.0,0.0,0.0,0.0,0.0,0.0,0.07001400738954544,0.07001400738954544,0.0,0.07001400738954544,0.0,0.0,0.0,0.0,0.07001400738954544,0.0,0.0,0.0,0.0,0.0,-0.07001400738954544,-0.07001400738954544,0.0,0.0,0.0,0.0,0.0,0.0,0.0,0.0,0.0,0.0,0.0,-0.07001400738954544,0.0,0.0,0.0,0.0,0.0,0.0,-0.07001400738954544,0.0,0.0,-0.14002801477909088,0.0,0.0,0.0,0.07001400738954544,0.0,0.0,0.0,0.0,0.0,0.0,0.0,0.0,0.0,0.0,0.0,0.0,0.0,0.0,0.0,-0.07001400738954544,0.0,0.0,-0.07001400738954544,0.0,0.0,0.0,0.0,0.07001400738954544,0.0,0.0,0.0,0.0,0.0,0.0,0.0,0.0,-0.07001400738954544,0.0,0.14002801477909088,0.0,0.0,0.0,0.0,0.07001400738954544,0.07001400738954544,0.0,0.0,-0.07001400738954544,0.0,0.0,0.0,0.0,0.0,0.0,0.0,0.0,0.0,0.0,0.0,0.0,0.0,0.0,0.0,0.0,0.0,0.0,0.0,0.0,0.0,0.0,0.0,0.0,0.0,0.0,0.14002801477909088,-0.07001400738954544,0.0,0.0,0.0,0.0,0.0,0.0,-0.07001400738954544,-0.07001400738954544,0.0,0.0,0.0,0.0,0.07001400738954544,0.0,-0.07001400738954544,0.0,0.0,0.0,0.0,0.0,0.0,0.0,0.0,0.0,-0.07001400738954544,0.07001400738954544,0.0,0.0,0.0,0.0,0.07001400738954544,0.0,0.0,0.0,0.0,0.0,0.07001400738954544,0.0,0.0,0.0,0.0,0.0,0.0,0.07001400738954544,0.0,0.0,0.0,0.0,-0.07001400738954544,0.0,0.0,0.07001400738954544,0.07001400738954544,0.0,0.0,0.0,0.0,0.0,0.0,0.0,0.0,0.0,0.0,-0.07001400738954544,0.0,0.07001400738954544,0.07001400738954544,0.07001400738954544,0.0,0.0,0.0,0.0,-0.07001400738954544,0.0,0.0,0.0,0.07001400738954544,0.0,0.0,0.0,-0.07001400738954544,0.14002801477909088,0.0,-0.07001400738954544,0.0,0.0,0.0,0.0,0.07001400738954544,0.14002801477909088,0.0,0.0,0.0,0.0,0.0,0.0,0.0,0.0,0.0,0.0,0.0,0.0,0.0,0.0,0.0,0.0,0.0,0.07001400738954544,0.0,0.0,-0.07001400738954544,0.0,0.0,0.0,0.0,0.0,0.0,0.0,0.0,-0.07001400738954544,0.07001400738954544,0.0,0.0,0.0,0.0,0.0,0.0,0.0,0.0,0.0,0.0,0.0,0.0,0.0,0.0,0.07001400738954544,0.0,0.0,0.07001400738954544,0.0,-0.07001400738954544,0.0,0.0,-0.07001400738954544,0.0,0.0,0.0,0.0,0.0,0.0,-0.07001400738954544,0.0,0.0,0.07001400738954544,0.0,0.0,0.0,-0.07001400738954544,0.07001400738954544,0.0,0.0,0.0,0.0,0.0,0.0,0.0,0.0,0.0,0.0,0.0,0.0,0.0,0.0,0.0,0.0,0.0,0.07001400738954544,0.0,0.0,0.0,0.0,0.0,0.0,0.0,0.0,0.0,0.0,-0.07001400738954544,0.0,0.0,0.0,0.0,0.07001400738954544,0.0,0.0,0.0,-0.07001400738954544,0.0,0.0,0.0,0.0,0.0,0.0,0.0,0.0,0.0,0.0,-0.07001400738954544,0.0,0.0,0.0,0.0,0.0,0.0,0.0,0.0,-0.07001400738954544,0.0,0.0,0.0,0.0,0.0,0.0,0.07001400738954544,0.0,0.0,0.0,0.0,0.0,0.0,0.0,0.0,0.0,0.0,0.0,0.0,0.0,0.0,0.0,0.07001400738954544,0.0,0.0,-0.07001400738954544,0.0,-0.07001400738954544,0.0,0.0,0.0,0.0,0.0,0.0,0.0,0.0,0.0,0.0,0.0,0.0,0.0,0.0,0.0,0.0,0.0,0.0,0.0,0.0,0.0,0.0,0.28005602955818176,0.0,0.0,0.0,0.14002801477909088,0.0,0.0,-0.07001400738954544,0.0,0.0,0.0,0.14002801477909088,0.0,0.0,0.0,0.0,0.07001400738954544,0.0,0.0,0.0,0.0,0.0,0.0,0.0,0.0,0.07001400738954544,0.07001400738954544,0.0,0.0,0.0,0.0,0.0,0.0,0.0,0.07001400738954544,0.0,-0.07001400738954544,0.07001400738954544,0.0,0.0,0.0,0.0,0.0,0.07001400738954544,0.07001400738954544,0.0,0.0,0.0,-0.07001400738954544,0.0,0.0,0.0,0.0,0.0,0.0,0.0,0.07001400738954544,0.0,0.0,0.0,0.0,0.07001400738954544,0.0,0.0,0.0,0.0,-0.07001400738954544,0.0,0.0,-0.07001400738954544,0.0,0.07001400738954544,0.0,-0.07001400738954544,0.0,0.0,0.0,0.0,-0.07001400738954544,0.0,0.07001400738954544,0.0,0.0,0.0,-0.07001400738954544,0.0,0.0,0.0,0.0,0.0,0.0,0.0,0.0,-0.28005602955818176,0.0,-0.07001400738954544,0.0,0.0,0.0,0.0,0.0,0.14002801477909088,0.0,-0.07001400738954544,0.0,0.0,0.07001400738954544,0.0,0.0,0.0,-0.07001400738954544,0.0,0.07001400738954544,-0.07001400738954544,0.0,0.0,0.0,0.0,0.0,0.0,0.0,0.0,0.0,0.0,0.0,0.0,0.07001400738954544,0.07001400738954544,0.0,-0.07001400738954544,0.0,0.0,0.0,0.0,0.0,0.0,-0.07001400738954544,0.07001400738954544,0.0,0.0,0.0,0.0,0.0,0.0,0.0,0.0,0.07001400738954544,0.0,0.0,0.0,0.0,0.0,0.0,0.0,0.0,0.0,0.0,0.0,0.0,-0.07001400738954544,0.0,0.0,0.0,0.0,0.0,0.0,0.0,-0.07001400738954544,0.0,0.0,0.0,0.0,-0.07001400738954544,0.0,0.0,0.0,0.07001400738954544,0.0,0.0,0.07001400738954544,0.0,0.0,0.07001400738954544,0.0,0.0,0.0,0.0,0.0,0.0,0.0,-0.07001400738954544,0.0,0.0,0.0,0.0,0.0,0.0,0.0,0.0,0.0,-0.07001400738954544,0.0,0.0,0.07001400738954544,0.0,0.0,0.0,0.0,0.07001400738954544,0.07001400738954544,0.0,-0.07001400738954544,0.0,-0.07001400738954544,0.0,0.0,0.0,0.0,0.0,0.0,0.0,0.0,0.07001400738954544,0.0,0.0,0.0,0.0,0.0,0.0,0.0,0.0,0.0,0.0,0.0,0.0,0.0,0.0,0.0,0.07001400738954544,0.0,0.0,0.0,0.0,0.0,0.0,0.0,0.0,0.0,0.0,0.0,0.14002801477909088,0.0,0.0,0.0,0.0,0.07001400738954544,0.0,0.0,0.0,0.0,0.0,0.0,0.0,0.0,0.0,0.07001400738954544,-0.07001400738954544,0.0,0.0,0.0,0.07001400738954544,0.0,0.0,-0.14002801477909088,0.0,0.0,0.0,0.0,0.0,0.07001400738954544,0.0,-0.07001400738954544,0.0,0.0,0.0,0.0,0.0,0.0,0.07001400738954544,0.0,0.0,0.0,0.0,0.0,0.0,0.0,0.0,0.0,0.14002801477909088,0.0,0.0,0.0,0.0,0.0,0.07001400738954544,0.0,-0.07001400738954544,0.0,-0.07001400738954544,0.0,0.0,0.14002801477909088,-0.07001400738954544,0.0,0.0,0.0,0.0,0.0,0.0,0.0,-0.07001400738954544,0.0,0.0,0.0,0.0,0.0,0.0,0.0,0.0,-0.07001400738954544,0.0,0.07001400738954544,0.0,0.0,0.0,0.0,0.0
001258,立新能源,绿电与清洁公用,growth,student_B,llm_deepseek_extracted,"1. 机构席位活跃，北向资金流入，筹码博弈偏多。  
2. 产能回升+研发交付，业绩弹性增强，技术壁垒中等。  
3. ...",-0.06468462198972702,-0.06468462198972702,0.0,0.0,0.0,0.0,0.0,0.0,0.0,0.0,0.0,0.0,0.06468462198972702,0.06468462198972702,0.0,0.0,0.0,0.0,0.0,0.06468462198972702,0.0,0.0,0.0,0.0,0.0,0.0,0.0,0.0,0.0,0.0,-0.06468462198972702,0.0,0.06468462198972702,0.0,0.0,0.0,0.0,0.0,0.0,0.0,0.0,0.0,-0.06468462198972702,0.0,0.0,0.0,0.0,0.0,0.0,0.0,0.06468462198972702,0.06468462198972702,0.0,0.06468462198972702,0.06468462198972702,0.0,0.0,0.0,0.06468462198972702,0.0,0.0,0.0,0.0,0.0,-0.06468462198972702,-0.06468462198972702,0.0,0.0,0.0,0.0,0.0,0.0,0.0,0.0,-0.06468462198972702,0.0,0.0,-0.06468462198972702,0.0,0.0,0.0,0.0,0.0,0.0,-0.06468462198972702,0.0,0.0,-0.06468462198972702,0.0,0.0,0.0,0.06468462198972702,0.06468462198972702,0.0,0.06468462198972702,0.0,0.0,0.0,0.0,0.0,0.0,0.0,0.0,0.0,0.0,0.0,0.0,0.0,0.0,0.0,-0.06468462198972702,0.0,0.0,0.0,0.0,0.06468462198972702,0.0,0.06468462198972702,0.0,0.06468462198972702,0.0,0.0,0.0,0.0,-0.06468462198972702,0.0,0.12936924397945404,0.0,0.0,0.0,0.0,0.06468462198972702,0.06468462198972702,0.0,0.0,-0.06468462198972702,0.0,0.0,0.0,0.0,0.0,0.0,0.0,0.0,0.0,0.0,0.0,0.0,0.06468462198972702,0.0,0.0,0.0,0.0,0.0,0.0,0.06468462198972702,0.0,0.0,0.0,0.0,0.0,0.0,0.12936924397945404,-0.06468462198972702,0.0,0.0,0.0,0.0,0.0,0.0,-0.06468462198972702,-0.06468462198972702,0.0,0.0,0.0,0.0,0.06468462198972702,0.0,-0.06468462198972702,0.0,0.0,0.0,0.0,0.0,0.0,0.0,0.0,0.0,-0.06468462198972702,0.0,0.0,0.0,0.0,0.0,0.06468462198972702,0.0,0.0,0.0,0.0,0.0,0.06468462198972702,0.0,0.0,0.0,0.0,0.0,0.0,0.06468462198972702,0.06468462198972702,0.0,0.0,0.06468462198972702,-0.06468462198972702,0.0,0.0,0.06468462198972702,0.06468462198972702,0.0,0.0,0.0,-0.06468462198972702,0.0,0.0,0.0,0.0,0.0,0.0,-0.06468462198972702,0.0,0.06468462198972702,0.06468462198972702,0.06468462198972702,0.0,0.0,0.0,0.0,-0.06468462198972702,0.0,0.0,0.0,0.06468462198972702,0.0,0.0,0.0,-0.06468462198972702,0.12936924397945404,0.0,-0.06468462198972702,0.06468462198972702,0.0,0.0,0.0,0.0,0.12936924397945404,0.0,0.0,0.0,0.0,0.0,0.0,0.0,0.0,0.0,0.0,0.0,0.0,0.0,0.0,0.0,0.0,0.0,0.0,0.0,0.06468462198972702,-0.06468462198972702,-0.06468462198972702,0.0,0.0,0.0,0.0,0.0,0.0,0.0,-0.06468462198972702,0.06468462198972702,0.0,0.0,0.0,-0.06468462198972702,0.0,0.0,0.0,0.0,-0.06468462198972702,0.0,0.0,0.06468462198972702,0.0,0.0,0.06468462198972702,0.0,0.0,0.06468462198972702,0.0,-0.06468462198972702,0.0,0.0,-0.06468462198972702,0.0,0.0,0.0,0.0,0.0,0.0,-0.06468462198972702,0.0,0.0,0.06468462198972702,0.0,0.0,0.0,-0.06468462198972702,0.06468462198972702,0.0,0.0,0.0,0.0,0.0,0.0,0.0,0.0,0.0,0.0,0.0,0.0,0.0,0.0,0.0,0.0,0.0,0.06468462198972702,0.0,0.0,0.0,0.0,0.0,0.0,0.0,0.0,0.06468462198972702,0.0,-0.06468462198972702,0.0,0.0,0.0,-0.06468462198972702,0.06468462198972702,0.0,0.0,0.0,-0.06468462198972702,0.0,0.0,0.0,0.0,0.0,0.0,-0.06468462198972702,0.0,0.0,0.0,-0.06468462198972702,0.0,0.0,0.0,0.0,0.0,0.0,0.0,0.0,-0.06468462198972702,0.0,0.0,0.06468462198972702,0.0,-0.06468462198972702,0.0,0.0,0.0,0.0,0.0,0.0,0.0,0.0,0.0,0.0,0.0,0.0,0.0,0.0,-0.06468462198972702,0.0,0.0,0.0,0.0,0.0,-0.06468462198972702,0.0,-0.06468462198972702,0.0,0.06468462198972702,0.0,0.0,0.0,0.06468462198972702,0.0,0.0,0.0,0.0,0.0,0.0,0.0,0.0,0.0,0.0,0.0,0.0,0.06468462198972702,0.0,0.0,0.0,0.2587384879589081,-0.06468462198972702,0.0,0.0,0.0,0.0,0.0,0.0,0.0,0.0,0.0,0.06468462198972702,0.0,0.0,0.0,0.0,0.06468462198972702,0.0,0.0,0.0,0.0,0.0,0.0,0.0,0.0,0.06468462198972702,0.0,0.0,0.0,0.0,0.0,0.0,0.0,0.0,0.0,0.0,-0.06468462198972702,0.06468462198972702,0.0,0.0,0.0,0.0,0.0,0.06468462198972702,0.06468462198972702,0.0,0.0,0.0,-0.06468462198972702,0.0,0.0,0.06468462198972702,0.0,0.0,0.0,0.0,0.06468462198972702,0.0,0.06468462198972702,0.0,0.0,0.0,0.0,0.0,0.0,0.0,-0.06468462198972702,0.0,0.0,-0.06468462198972702,0.0,0.0,0.0,-0.06468462198972702,0.0,0.0,0.0,0.0,-0.06468462198972702,0.0,0.06468462198972702,0.0,0.0,0.0,-0.06468462198972702,0.0,-0.06468462198972702,0.0,0.0,0.0,-0.06468462198972702,0.0,0.0,-0.2587384879589081,0.0,-0.06468462198972702,0.0,0.0,0.0,0.0,0.0,0.12936924397945404,0.0,-0.06468462198972702,0.0,0.0,0.06468462198972702,0.0,0.0,0.0,-0.06468462198972702,0.0,0.06468462198972702,-0.06468462198972702,0.0,0.0,0.0,0.0,0.0,0.0,0.0,0.0,-0.06468462198972702,0.0,0.0,0.0,0.19405385851860046,0.0,0.0,-0.06468462198972702,0.0,0.0,0.0,0.0,0.0,0.0,-0.06468462198972702,0.06468462198972702,0.0,0.0,0.0,0.0,0.0,0.0,0.0,0.0,0.0,0.06468462198972702,0.0,0.0,0.0,0.0,0.0,0.0,0.0,0.0,0.06468462198972702,0.0,0.0,-0.06468462198972702,0.0,0.0,0.06468462198972702,0.0,0.0,0.0,0.0,-0.12936924397945404,0.0,0.0,0.0,0.0,-0.06468462198972702,0.0,-0.06468462198972702,0.0,0.06468462198972702,-0.06468462198972702,0.0,0.0,0.0,0.0,0.06468462198972702,0.0,0.0,0.0,0.0,0.0,0.0,0.0,-0.06468462198972702,0.0,0.0,0.0,-0.06468462198972702,0.0,0.0,0.06468462198972702,0.0,0.0,-0.06468462198972702,0.0,0.0,0.06468462198972702,0.0,0.0,0.0,0.0,0.06468462198972702,0.06468462198972702,0.0,-0.06468462198972702,0.0,-0.06468462198972702,0.0,0.0,0.0,0.0,0.0,0.0,0.0,0.0,0.06468462198972702,0.0,0.0,0.0,0.0,0.0,0.0,-0.06468462198972702,0.0,0.0,0.0,0.0,0.0,0.0,0.0,0.0,0.06468462198972702,0.0,0.0,-0.06468462198972702,0.0,0.0,0.0,0.0,0.0,0.0,0.0,0.0,0.12936924397945404,0.0,0.0,0.0,0.0,0.06468462198972702,0.0,0.0,0.0,0.0,0.0,0.0,0.0,0.0,0.0,0.06468462198972702,0.0,0.0,0.0,0.0,0.0,0.0,0.0,-0.12936924397945404,0.0,0.0,0.0,0.0,0.0,0.06468462198972702,0.0,-0.06468462198972702,0.0,0.0,0.0,0.0,0.0,0.0,0.06468462198972702,0.0,0.0,0.0,0.0,0.0,0.0,0.0,0.0,0.0,0.12936924397945404,0.0,0.0,0.0,0.0,0.0,0.06468462198972702,0.0,-0.06468462198972702,0.0,-0.06468462198972702,0.0,0.0,0.19405385851860046,-0.06468462198972702,0.0,0.0,0.0,0.0,0.0,0.0,0.0,-0.06468462198972702,0.0,0.0,0.0,0.0,0.0,0.0,0.0,0.0,-0.06468462198972702,0.0,0.06468462198972702,0.0,0.0,0.0,0.0,0.0
688223,晶科能源,绿电与清洁公用,growth,student_B,llm_deepseek_extracted,"1. 机构席位活跃，北向资金流动频繁，筹码博弈加剧。  
2. 产能回升+研发交付，业绩弹性增强，技术壁垒稳固。  
3...",-0.06142951548099518,-0.06142951548099518,0.0,0.0,0.0,0.0,0.0,0.0,0.0,0.0,0.0,0.0,0.06142951548099518,0.06142951548099518,0.0,0.0,0.0,0.0,0.06142951548099518,0.0,0.0,0.0,0.0,0.0,0.0,0.0,0.0,0.0,0.0,0.0,0.0,0.06142951548099518,0.06142951548099518,0.0,0.0,0.0,0.0,0.0,0.0,0.0,0.0,0.0,-0.06142951548099518,0.0,0.0,0.0,0.0,0.0,0.0,0.0,0.06142951548099518,0.06142951548099518,0.0,0.06142951548099518,0.0,0.0,0.0,0.0,0.0,0.0,0.0,0.0,0.0,0.0,-0.06142951548099518,-0.06142951548099518,0.0,0.0,0.0,0.0,0.0,0.0,0.0,0.0,0.0,0.0,0.0,-0.06142951548099518,0.0,0.0,0.0,0.0,0.0,0.0,0.0,0.0,0.0,-0.06142951548099518,0.0,0.0,0.0,0.06142951548099518,0.0,0.0,0.0,0.0,0.0,0.0,0.0,0.0,0.0,0.0,0.0,0.0,0.0,0.0,0.0,-0.06142951548099518,0.0,0.0,-0.06142951548099518,0.0,0.0,0.0,0.0,0.06142951548099518,0.0,0.06142951548099518,0.0,0.06142951548099518,0.0,0.0,0.0,0.0,-0.06142951548099518,0.0,0.12285903096199036,0.0,0.0,0.0,0.0,0.06142951548099518,0.06142951548099518,-0.06142951548099518,0.0,-0.06142951548099518,0.0,0.0,0.0,0.0,0.0,0.0,0.0,0.0,0.0,0.0,0.06142951548099518,0.0,0.06142951548099518,0.0,0.0,0.0,0.0,0.0,0.0,0.0,0.0,0.0,0.0,0.0,0.0,0.0,0.12285903096199036,-0.06142951548099518,0.12285903096199036,0.0,0.0,0.0,0.0,0.06142951548099518,-0.06142951548099518,-0.06142951548099518,0.06142951548099518,0.0,0.0,0.0,0.06142951548099518,0.0,-0.06142951548099518,0.0,0.0,0.0,0.0,0.0,0.0,0.0,0.0,0.0,0.0,0.0,0.0,0.0,0.06142951548099518,0.0,0.06142951548099518,0.0,0.0,0.0,0.0,0.0,0.12285903096199036,0.0,0.0,0.0,0.0,0.0,0.0,0.06142951548099518,0.0,0.0,0.0,0.06142951548099518,0.0,0.0,0.0,0.06142951548099518,0.06142951548099518,0.0,0.0,-0.06142951548099518,-0.06142951548099518,0.0,0.0,0.0,0.0,0.0,0.0,-0.06142951548099518,0.0,0.06142951548099518,0.06142951548099518,0.06142951548099518,0.0,0.0,0.0,0.0,0.0,0.0,0.0,0.0,0.0,0.0,0.0,0.0,-0.06142951548099518,0.12285903096199036,0.0,-0.12285903096199036,0.0,0.0,0.0,0.0,0.0,0.12285903096199036,0.0,0.0,0.0,0.0,0.0,0.0,0.0,0.0,0.0,0.0,0.0,0.0,0.0,0.0,0.0,0.0,0.0,0.0,0.0,0.06142951548099518,-0.06142951548099518,-0.06142951548099518,0.0,-0.06142951548099518,0.0,0.0,0.0,0.0,0.0,-0.06142951548099518,0.06142951548099518,0.0,-0.06142951548099518,0.0,-0.06142951548099518,0.0,0.0,0.0,0.0,0.0,0.0,0.0,0.0,0.0,0.0,0.06142951548099518,0.0,0.0,0.06142951548099518,0.0,-0.06142951548099518,0.0,0.0,-0.06142951548099518,0.0,0.0,0.0,0.0,0.0,0.0,-0.06142951548099518,0.0,0.0,0.06142951548099518,0.0,0.0,0.0,-0.06142951548099518,0.06142951548099518,0.0,0.0,0.0,0.0,0.0,0.0,0.0,0.0,0.0,0.0,0.0,0.0,0.0,0.0,0.0,0.0,-0.06142951548099518,0.06142951548099518,0.0,0.0,0.0,-0.06142951548099518,0.0,0.0,0.0,0.0,0.06142951548099518,0.0,-0.06142951548099518,0.0,0.0,-0.06142951548099518,-0.06142951548099518,0.06142951548099518,0.0,0.0,0.0,-0.06142951548099518,0.06142951548099518,0.0,0.0,0.0,0.0,0.0,0.0,0.0,0.0,0.0,-0.06142951548099518,-0.06142951548099518,0.0,0.0,0.0,0.0,0.0,0.0,0.0,-0.06142951548099518,0.0,0.0,0.06142951548099518,0.0,-0.06142951548099518,0.0,0.0,0.0,0.0,0.0,0.06142951548099518,0.0,0.0,0.0,0.0,0.0,0.0,0.0,0.0,0.0,0.0,0.0,0.0,0.0,0.0,-0.06142951548099518,0.0,-0.06142951548099518,0.0,0.0,0.0,0.0,0.0,0.0,0.0,0.0,0.06142951548099518,0.0,0.0,0.0,0.0,0.0,0.0,0.0,0.0,0.0,0.0,0.0,0.0,0.0,0.2457180619239807,0.0,0.0,-0.06142951548099518,0.0,0.0,0.0,0.0,0.0,0.0,0.0,0.0,0.0,0.0,0.0,0.0,0.06142951548099518,0.0,0.0,-0.06142951548099518,0.0,0.0,0.0,0.0,0.0,0.06142951548099518,0.0,0.0,0.0,0.0,0.0,0.0,0.0,0.0,-0.12285903096199036,0.0,-0.06142951548099518,0.06142951548099518,0.0,0.0,0.0,0.0,0.0,0.0,0.12285903096199036,0.0,0.0,-0.06142951548099518,-0.06142951548099518,0.0,0.0,0.06142951548099518,0.0,0.0,0.0,0.0,0.06142951548099518,0.0,0.0,0.0,0.0,0.0,0.0,0.0,0.0,0.0,-0.06142951548099518,0.0,0.0,-0.06142951548099518,0.0,0.0,0.0,0.0,-0.06142951548099518,0.0,0.0,0.0,0.0,0.0,0.06142951548099518,0.0,0.0,0.0,-0.06142951548099518,0.0,-0.06142951548099518,0.0,0.0,0.0,0.0,0.0,0.0,-0.3071475625038147,0.0,-0.06142951548099518,0.0,0.0,0.0,0.0,0.0,0.12285903096199036,0.0,-0.06142951548099518,0.0,0.0,0.06142951548099518,0.0,0.0,0.0,-0.06142951548099518,0.06142951548099518,0.06142951548099518,0.0,-0.06142951548099518,0.0,0.0,0.0,0.0,0.0,0.0,0.0,-0.06142951548099518,0.0,0.0,0.0,0.18428854644298553,0.0,-0.06142951548099518,-0.06142951548099518,0.0,0.0,0.0,0.0,0.0,0.0,0.0,0.06142951548099518,0.0,0.0,0.06142951548099518,0.0,0.0,0.0,0.0,0.0,0.0,0.0,0.0,0.0,0.0,0.0,0.0,0.0,0.0,0.0,0.06142951548099518,0.0,0.0,0.0,0.0,0.0,0.0,0.0,0.0,0.0,0.0,-0.06142951548099518,0.0,0.0,0.0,0.0,-0.06142951548099518,0.0,-0.06142951548099518,0.0,0.06142951548099518,-0.06142951548099518,0.0,0.0,0.0,0.0,0.0,0.0,0.0,0.0,0.0,0.0,0.0,0.0,-0.06142951548099518,-0.06142951548099518,0.0,0.0,-0.12285903096199036,0.0,0.0,0.06142951548099518,0.0,0.0,-0.06142951548099518,0.0,0.0,0.06142951548099518,0.0,-0.06142951548099518,0.0,0.0,0.0,0.06142951548099518,0.0,-0.06142951548099518,-0.06142951548099518,-0.06142951548099518,0.0,0.06142951548099518,0.0,0.0,0.0,0.0,-0.06142951548099518,0.0,0.06142951548099518,0.0,0.0,0.0,0.0,0.0,0.0,-0.06142951548099518,0.0,0.0,0.0,0.0,0.0,-0.06142951548099518,-0.06142951548099518,0.0,0.06142951548099518,0.0,0.0,-0.06142951548099518,0.0,0.0,0.0,0.0,0.0,0.0,0.0,0.0,0.12285903096199036,0.0,0.0,0.0,0.0,0.06142951548099518,0.0,0.0,0.0,0.0,0.0,0.0,0.0,0.0,0.0,0.06142951548099518,-0.06142951548099518,0.0,0.0,0.0,0.0,0.06142951548099518,0.0,-0.12285903096199036,0.0,0.0,0.0,0.0,0.0,0.06142951548099518,0.0,-0.06142951548099518,0.0,0.0,0.0,0.0,0.0,0.0,0.06142951548099518,0.0,0.06142951548099518,0.0,0.0,0.0,0.0,0.0,0.0,-0.06142951548099518,0.12285903096199036,-0.06142951548099518,0.0,0.0,0.0,0.0,0.06142951548099518,0.0,-0.06142951548099518,0.0,-0.06142951548099518,0.0,-0.06142951548099518,0.12285903096199036,-0.06142951548099518,0.0,0.0,0.0,0.0,0.0,0.0,0.0,-0.06142951548099518,0.06142951548099518,0.0,0.0,0.0,0.0,0.06142951548099518,0.06142951548099518,0.0,0.0,0.0,0.06142951548099518,0.0,0.0,0.0,0.0,0.0
601012,隆基绿能,绿电与清洁公用,growth,student_B,llm_deepseek_extracted,"1. 机构博弈筹码流动：北向资金活跃，机构席位双向交易，筹码短期分散但未现单边撤离。  
2. 业绩弹性与技术壁垒：产能...",-0.04267895966768265,-0.04267895966768265,0.0,0.0,0.0,0.0,0.0,0.0,0.0,0.0,-0.04267895966768265,0.0,0.04267895966768265,0.04267895966768265,0.0,-0.04267895966768265,0.0,0.0,0.0,0.04267895966768265,-0.04267895966768265,0.0,0.0,0.0,0.0,0.0,-0.04267895966768265,0.0,-0.04267895966768265,0.0,0.0,0.04267895966768265,0.0,0.0,0.0,0.04267895966768265,0.0,0.0,0.04267895966768265,0.0,0.0,0.0,-0.0853579193353653,0.0,0.04267895966768265,0.0,0.0853579193353653,0.0,0.0,0.04267895966768265,0.04267895966768265,0.0853579193353653,0.0,0.04267895966768265,0.0,0.0,0.0,0.0,0.0,0.0,0.0,0.0,0.0,0.0,-0.04267895966768265,-0.04267895966768265,0.0,0.0,0.0,0.0,0.0,0.0,0.0,0.0,0.0,0.0,0.0,-0.0853579193353653,0.0,0.0,0.0,0.0,0.0,0.0,0.0,0.0,0.0,-0.0853579193353653,0.0,0.0,-0.04267895966768265,0.0,0.04267895966768265,0.0,0.04267895966768265,0.0,0.0,0.0,0.0,0.0,0.0,-0.04267895966768265,0.0,0.0,0.0,0.0,0.0,-0.0853579193353653,0.04267895966768265,0.0,-0.04267895966768265,-0.04267895966768265,0.0,0.0,0.04267895966768265,0.04267895966768265,-0.04267895966768265,0.04267895966768265,0.0,0.04267895966768265,0.04267895966768265,0.0,-0.0853579193353653,0.0,-0.04267895966768265,-0.04267895966768265,0.0853579193353653,0.0,0.0,0.0,0.0,0.04267895966768265,0.04267895966768265,-0.04267895966768265,0.0,-0.04267895966768265,0.0,0.0,0.0,-0.04267895966768265,0.0,0.0,0.0,0.0,0.0,-0.04267895966768265,0.0,-0.04267895966768265,0.0,0.0,0.0,-0.04267895966768265,-0.04267895966768265,0.0,0.0,0.04267895966768265,-0.04267895966768265,0.0,0.0,0.0,0.04267895966768265,0.0,0.12803687155246735,0.04267895966768265,0.0,-0.04267895966768265,0.0,0.0,0.0,0.0,-0.0853579193353653,-0.04267895966768265,0.0,-0.04267895966768265,0.0,-0.04267895966768265,0.04267895966768265,0.0,-0.0853579193353653,0.0,0.04267895966768265,0.0,0.0,0.04267895966768265,0.0,0.0,0.0,0.0,0.04267895966768265,0.04267895966768265,0.0,0.0,0.0,0.0,0.0,0.0,0.0,0.0,0.0,0.0,0.0,0.0,0.0,0.0,0.0,0.0,0.0,0.0853579193353653,-0.04267895966768265,0.0,0.0,0.04267895966768265,0.0,0.0,0.0,0.0853579193353653,0.1707158386707306,0.0,0.0,-0.0853579193353653,-0.0853579193353653,0.0,0.0853579193353653,0.0,-0.04267895966768265,0.04267895966768265,0.0,-0.04267895966768265,0.0,0.04267895966768265,0.0853579193353653,0.04267895966768265,0.0,0.0,0.0,-0.04267895966768265,0.0,0.0,0.0,0.0,0.0,0.0,0.0,0.0,0.0,0.1707158386707306,0.0,-0.04267895966768265,0.0,0.0,0.0,0.0,0.0,0.0853579193353653,0.0,0.0,0.04267895966768265,0.0,0.0,0.0,0.0,0.0,-0.0853579193353653,-0.04267895966768265,0.0,0.0,-0.04267895966768265,0.0,0.0,-0.04267895966768265,0.0,0.0,0.0,0.04267895966768265,-0.04267895966768265,-0.0853579193353653,-0.04267895966768265,-0.04267895966768265,-0.0853579193353653,0.0,0.0,0.04267895966768265,0.0,-0.04267895966768265,0.04267895966768265,0.0,0.0,0.0,-0.04267895966768265,0.0,0.0,0.0,0.0,0.04267895966768265,0.0,0.0,0.0,0.0,0.0,0.04267895966768265,0.04267895966768265,0.0,0.04267895966768265,0.0,-0.04267895966768265,0.0,0.0,-0.04267895966768265,0.0,0.0,0.0,0.0,-0.04267895966768265,0.0,-0.0853579193353653,0.0,0.0,0.0853579193353653,0.0,0.0,0.0,0.0,0.0,-0.0853579193353653,0.0,0.0,0.04267895966768265,0.04267895966768265,0.0,0.0,0.0,0.0,0.0,0.0,0.0,0.0,0.0,0.0,0.0,-0.04267895966768265,0.04267895966768265,-0.04267895966768265,0.0,0.0,-0.0853579193353653,0.0,-0.04267895966768265,0.0,-0.04267895966768265,0.04267895966768265,0.0,0.0,0.0,-0.04267895966768265,-0.04267895966768265,-0.04267895966768265,0.0,0.0,0.0,0.0,-0.0853579193353653,0.0,0.0,0.0,0.0,0.0,0.0,0.0,0.04267895966768265,0.0,0.0,-0.04267895966768265,-0.04267895966768265,-0.04267895966768265,0.0,0.04267895966768265,0.0,0.0,0.0,0.0,-0.04267895966768265,0.0,0.0,0.0853579193353653,-0.04267895966768265,-0.04267895966768265,0.0,0.0,0.0,0.04267895966768265,0.0,0.04267895966768265,0.0,0.0,0.0,0.0,0.0,0.0,0.0,-0.0853579193353653,0.0,0.0,0.0,0.0,0.0,0.0,-0.0853579193353653,0.0,-0.04267895966768265,0.0,-0.04267895966768265,0.0,0.0,0.04267895966768265,0.0,-0.04267895966768265,0.0,0.0,0.04267895966768265,0.0,0.0,0.0,0.0,0.0,0.0,0.0,0.0,0.0,0.0,0.0,0.0,0.1707158386707306,0.0,0.0,0.0,0.0,-0.04267895966768265,0.04267895966768265,0.0,0.0,0.0,0.04267895966768265,0.0,0.0,0.0,0.0,-0.0853579193353653,0.04267895966768265,-0.04267895966768265,0.0,-0.04267895966768265,0.0,-0.04267895966768265,0.0,0.0,0.0,0.04267895966768265,0.04267895966768265,0.0,0.0,0.0,0.04267895966768265,0.0,0.0,0.0,0.0,0.04267895966768265,-0.04267895966768265,0.04267895966768265,0.0,0.0853579193353653,0.0,0.0,0.0,-0.04267895966768265,-0.04267895966768265,0.0,-0.04267895966768265,0.0,-0.04267895966768265,0.0,0.04267895966768265,0.0,0.0,0.0,0.0,0.0,0.0,0.0,0.0,0.0,0.0,0.0,-0.04267895966768265,-0.04267895966768265,0.0,0.0,-0.04267895966768265,0.0,0.0,0.0,0.04267895966768265,0.0,0.04267895966768265,0.0,-0.04267895966768265,0.0853579193353653,-0.04267895966768265,0.0,-0.04267895966768265,0.0,0.04267895966768265,0.0,0.0,0.0,-0.0853579193353653,0.0,-0.0853579193353653,-0.0853579193353653,0.0,0.0,0.0,0.0,0.0,-0.29875269532203674,0.0,0.0,0.0,0.0,0.0,0.0,0.0,0.04267895966768265,0.0,-0.0853579193353653,0.0,0.0,0.0,0.0,0.0,-0.04267895966768265,0.0,0.04267895966768265,0.04267895966768265,-0.04267895966768265,-0.04267895966768265,0.0,0.0,0.04267895966768265,0.0,0.0,0.0853579193353653,0.04267895966768265,0.0,0.0,0.0,-0.04267895966768265,0.12803687155246735,0.0,0.0,-0.04267895966768265,0.0,0.0,-0.04267895966768265,0.0,0.0,0.0,0.0,0.0853579193353653,0.04267895966768265,0.0,0.0,0.0,-0.04267895966768265,0.0,0.04267895966768265,0.0,0.0,0.0,0.0,0.0,-0.04267895966768265,0.0,0.0,0.0,-0.04267895966768265,0.0,0.04267895966768265,0.04267895966768265,0.0,0.0,-0.0853579193353653,0.0,0.04267895966768265,0.0,0.0,0.0,0.04267895966768265,-0.04267895966768265,0.04267895966768265,0.0,0.0,0.0,-0.04267895966768265,0.0,-0.04267895966768265,0.0,0.0853579193353653,-0.04267895966768265,0.0,0.0,0.0,0.0,0.0,0.0,0.0,0.0,0.0,0.0,0.04267895966768265,0.0,-0.0853579193353653,0.0,0.0,0.0,-0.04267895966768265,0.0,0.0,0.04267895966768265,0.0,0.0,-0.04267895966768265,0.0,0.0,-0.04267895966768265,-0.04267895966768265,0.0,0.0,-0.04267895966768265,-0.04267895966768265,0.0,0.0,0.0,0.04267895966768265,0.0,0.04267895966768265,0.04267895966768265,-0.04267895966768265,0.0,-0.04267895966768265,0.04267895966768265,-0.04267895966768265,0.0,0.0853579193353653,0.0,0.0,-0.04267895966768265,0.0,0.0,-0.04267895966768265,-0.04267895966768265,0.0,0.04267895966768265,0.0,0.0,0.0,0.04267895966768265,0.0,0.0,0.0853579193353653,0.04267895966768265,0.0,0.0,-0.04267895966768265,-0.04267895966768265,0.0,-0.0853579193353653,0.0,0.0,0.0,0.0,0.0853579193353653,0.0,-0.04267895966768265,0.0,0.0,0.0853579193353653,0.0,0.0,0.0,0.0,0.0,-0.04267895966768265,0.0,0.0,0.0,0.04267895966768265,-0.04267895966768265,0.0,0.0,0.0,0.0,0.0,0.0,-0.1707158386707306,0.0,0.0,0.0,0.0,0.04267895966768265,0.04267895966768265,0.0,-0.12803687155246735,0.0,0.0,0.0,0.0,0.0,0.0,0.04267895966768265,0.0,0.04267895966768265,0.0,0.0,0.0,0.0,0.0,0.0,0.0,0.12803687155246735,-0.04267895966768265,0.0,-0.04267895966768265,-0.04267895966768265,0.0,0.0,0.0,-0.0853579193353653,0.0,-0.0853579193353653,0.04267895966768265,0.0,0.0853579193353653,-0.04267895966768265,0.04267895966768265,0.0,0.04267895966768265,0.0,0.04267895966768265,0.0,0.0,-0.04267895966768265,0.0,0.0,0.0,0.04267895966768265,0.0,0.0,-0.04267895966768265,0.0,-0.04267895966768265,0.0,0.04267895966768265,0.0,0.0,-0.04267895966768265,0.04267895966768265,0.0
600438,通威股份,绿电与清洁公用,growth,student_B,llm_deepseek_extracted,机构博弈筹码流动：北向与机构席位活跃，短期筹码换手加剧，但未现单边流出迹象。业绩弹性与技术壁垒：产能回升叠加研发交付，技...,-0.05504819005727768,0.0,0.0,0.05504819005727768,0.0,0.0,0.0,0.0,0.0,0.0,-0.05504819005727768,0.0,0.05504819005727768,0.05504819005727768,-0.05504819005727768,0.0,0.0,0.0,0.0,0.0,0.0,0.0,0.0,0.0,0.0,0.0,0.0,0.0,0.0,0.0,0.0,0.05504819005727768,0.0,0.0,-0.05504819005727768,0.0,0.0,-0.05504819005727768,0.05504819005727768,0.0,0.0,0.0,0.0,0.0,0.0,0.0,0.0,0.0,0.0,0.0,0.0,0.05504819005727768,0.0,0.05504819005727768,0.0,0.0,0.0,0.0,0.0,0.05504819005727768,0.0,0.0,0.0,0.05504819005727768,-0.05504819005727768,-0.05504819005727768,0.0,0.0,0.0,0.0,0.0,0.0,0.0,0.0,0.0,0.0,-0.05504819005727768,-0.11009638011455536,0.0,0.0,0.0,0.0,0.0,0.0,0.0,0.0,0.0,-0.11009638011455536,0.0,0.0,0.0,0.0,0.0,0.0,0.0,0.0,0.0,0.0,0.0,0.0,0.0,0.0,0.0,0.0,0.0,0.0,0.0,-0.11009638011455536,0.11009638011455536,0.0,-0.11009638011455536,0.0,0.0,0.0,0.0,0.05504819005727768,0.05504819005727768,0.0,0.05504819005727768,0.0,0.0,0.0,-0.11009638011455536,0.0,-0.05504819005727768,0.0,0.05504819005727768,0.0,0.0,0.0,0.0,0.05504819005727768,0.05504819005727768,0.0,0.0,-0.11009638011455536,0.0,0.0,0.0,0.0,0.0,0.0,0.0,0.0,0.0,0.0,0.05504819005727768,0.0,0.0,0.0,0.0,0.0,0.0,0.0,0.0,-0.05504819005727768,0.0,0.05504819005727768,0.0,0.0,-0.05504819005727768,0.0,0.05504819005727768,0.0,0.0,-0.05504819005727768,0.0,0.0,0.0,0.0,-0.11009638011455536,-0.05504819005727768,0.0,0.0,0.05504819005727768,-0.05504819005727768,0.05504819005727768,0.0,-0.05504819005727768,0.0,0.05504819005727768,0.0,0.0,0.0,0.0,0.0,0.0,0.0,0.05504819005727768,0.0,-0.05504819005727768,0.0,0.0,0.0,0.0,0.0,0.0,0.0,0.05504819005727768,0.0,0.11009638011455536,0.0,0.0,0.0,0.0,0.0,0.0,0.11009638011455536,0.0,0.0,0.0,0.05504819005727768,0.0,0.0,0.0,0.05504819005727768,0.11009638011455536,0.0,0.0,-0.05504819005727768,0.0,0.0,0.0,-0.05504819005727768,-0.05504819005727768,0.05504819005727768,0.0,-0.11009638011455536,0.0,0.0,0.11009638011455536,0.0,0.0,0.05504819005727768,0.0,0.0,0.0,0.0,0.0,0.0,0.0,0.0,0.0,0.0,-0.05504819005727768,0.05504819005727768,0.0,-0.05504819005727768,0.0,0.0,-0.05504819005727768,0.0,0.0,0.11009638011455536,0.0,0.0,0.0,0.0,0.05504819005727768,0.0,0.0,0.0,0.05504819005727768,0.0,0.0,0.0,0.0,0.0,0.0,0.0,0.0,0.0,0.0,0.05504819005727768,0.0,-0.11009638011455536,0.0,0.0,-0.05504819005727768,0.0,0.0,0.0,0.0,-0.05504819005727768,0.0,0.0,0.0,0.0,-0.05504819005727768,0.0,0.0,0.0,0.0,0.05504819005727768,0.0,-0.05504819005727768,0.0,0.0,0.0,0.05504819005727768,0.0,0.0,0.0,0.0,-0.05504819005727768,0.0,-0.05504819005727768,-0.05504819005727768,0.0,0.0,0.0,0.0,0.0,0.0,-0.05504819005727768,0.0,0.0,0.11009638011455536,0.0,0.0,0.0,-0.05504819005727768,0.0,0.0,0.0,0.0,0.05504819005727768,0.0,0.0,0.0,0.0,0.0,0.05504819005727768,0.0,0.0,0.0,0.0,0.0,0.0,0.0,0.05504819005727768,0.05504819005727768,0.05504819005727768,0.0,-0.05504819005727768,0.0,-0.05504819005727768,0.0,-0.05504819005727768,0.0,0.0,0.0,0.0,-0.05504819005727768,0.0,-0.05504819005727768,0.05504819005727768,0.0,0.0,0.05504819005727768,-0.16514457762241364,0.0,0.0,0.0,0.0,0.0,0.05504819005727768,0.0,0.05504819005727768,0.0,0.0,-0.11009638011455536,-0.05504819005727768,0.0,0.0,0.0,0.0,0.0,0.0,0.0,-0.05504819005727768,0.0,0.0,0.05504819005727768,0.0,0.0,0.0,0.0,0.0,0.0,0.0,0.0,0.0,0.0,0.0,0.0,0.0,0.0,0.0,-0.11009638011455536,0.0,0.0,0.0,0.0,0.0,0.0,-0.11009638011455536,0.0,-0.05504819005727768,-0.05504819005727768,0.0,0.0,0.0,0.0,0.0,-0.05504819005727768,0.0,0.05504819005727768,0.05504819005727768,0.0,0.0,0.0,0.0,0.0,0.0,0.0,0.0,0.0,0.0,0.0,0.0,0.0,0.0,0.0,0.0,0.0,0.05504819005727768,0.0,0.0,0.0,0.0,0.0,0.0,0.0,0.0,0.0,0.0,0.05504819005727768,0.0,0.0,0.0,0.0,0.0,0.0,-0.05504819005727768,0.0,0.05504819005727768,0.0,0.0,0.0,0.0,0.0,0.0,0.0,0.0,0.0,0.0,0.0,0.0,0.0,0.0,0.0,0.0,0.0,0.0,0.0,0.0,-0.05504819005727768,0.0,-0.05504819005727768,0.0,0.0,0.0,0.0,-0.05504819005727768,0.0,0.0,0.0,0.0,0.0,0.0,0.0,0.0,0.0,0.0,0.0,0.0,-0.05504819005727768,0.0,0.0,-0.05504819005727768,0.0,0.0,0.05504819005727768,0.0,-0.11009638011455536,0.05504819005727768,0.0,0.0,-0.05504819005727768,-0.05504819005727768,0.0,0.0,0.0,0.0,-0.11009638011455536,0.0,-0.05504819005727768,0.0,0.0,0.0,0.0,0.0,0.0,-0.22019276022911072,0.0,-0.05504819005727768,0.0,0.0,0.0,0.0,0.0,0.05504819005727768,0.0,-0.05504819005727768,0.0,0.0,0.0,0.05504819005727768,0.0,-0.05504819005727768,-0.05504819005727768,0.0,0.05504819005727768,-0.11009638011455536,0.0,0.0,0.0,0.0,0.0,0.0,0.0,0.0,0.0,0.0,0.0,-0.05504819005727768,0.16514457762241364,0.0,0.0,0.0,0.0,0.0,0.0,0.0,0.0,0.0,0.0,0.0,0.0,0.0,0.0,0.0,0.0,0.0,0.05504819005727768,0.0,0.0,0.0,0.0,0.0,-0.05504819005727768,0.0,-0.05504819005727768,0.0,0.0,0.0,0.0,0.0,0.0,0.0,0.0,0.0,0.05504819005727768,0.0,0.0,0.0,0.05504819005727768,-0.05504819005727768,0.0,0.0,0.0,0.0,0.0,0.0,0.0,0.0,0.05504819005727768,0.0,0.0,0.0,0.0,0.0,0.0,0.0,0.0,0.0,0.0,-0.11009638011455536,0.0,0.0,-0.11009638011455536,0.0,0.0,0.0,-0.05504819005727768,0.0,0.0,0.0,0.0,0.0,-0.11009638011455536,0.0,0.0,0.05504819005727768,-0.05504819005727768,0.0,-0.05504819005727768,-0.05504819005727768,-0.05504819005727768,0.05504819005727768,0.0,0.0,0.05504819005727768,0.0,0.0,0.0,0.0,0.0,-0.05504819005727768,0.05504819005727768,-0.11009638011455536,0.0,0.0,0.0,0.0,0.0,0.0,0.0,0.05504819005727768,-0.05504819005727768,0.0,0.0,0.0,0.0,0.0,0.05504819005727768,0.0,0.0,0.11009638011455536,0.0,0.0,-0.05504819005727768,0.0,-0.05504819005727768,0.0,0.0,0.0,0.0,0.0,0.0,0.11009638011455536,0.0,0.0,0.0,0.0,0.05504819005727768,0.0,0.0,0.0,0.0,0.0,-0.05504819005727768,0.0,0.0,0.0,0.05504819005727768,-0.05504819005727768,0.0,0.0,0.0,0.0,0.05504819005727768,0.0,-0.16514457762241364,0.0,0.0,0.0,0.0,0.0,0.05504819005727768,0.0,-0.05504819005727768,0.0,-0.05504819005727768,0.0,0.0,0.0,0.0,0.11009638011455536,0.0,0.0,0.0,0.0,0.0,0.0,0.0,0.05504819005727768,-0.11009638011455536,0.22019276022911072,0.0,0.0,-0.05504819005727768,0.0,0.0,0.0,0.0,-0.11009638011455536,0.0,-0.11009638011455536,0.0,0.0,0.05504819005727768,0.0,0.0,0.0,0.0,0.0,0.0,0.0,0.0,0.0,0.0,0.0,0.0,0.05504819005727768,0.0,0.0,0.05504819005727768,0.0,0.0,0.0,0.0,0.0,0.0,0.0,0.0,0.0
688599,天合光能,绿电与清洁公用,growth,student_B,llm_deepseek_extracted,"1. 机构博弈筹码流动：北向资金活跃，机构席位交易频繁，筹码流动呈中性偏多。  
2. 业绩弹性与技术壁垒：产能回升叠加...",-0.04719291627407074,0.0,0.0,0.0,0.0,0.0,0.0,0.0,0.0,0.0,0.0,0.04719291627407074,0.04719291627407074,0.04719291627407074,0.0,0.0,0.0,0.0,0.0,0.0,0.0,0.04719291627407074,0.0,0.0,0.0,0.0,-0.04719291627407074,0.0,0.04719291627407074,0.0,0.0,0.0,0.0,0.0,0.0,-0.04719291627407074,0.04719291627407074,0.0,0.04719291627407074,0.0,0.0,0.0,-0.04719291627407074,0.0,0.0,0.0,0.0,0.0,0.0,0.0,0.04719291627407074,0.09438583254814148,0.0,0.04719291627407074,0.04719291627407074,0.0,0.0,0.0,0.0,0.0,0.0,0.0,0.0,0.0,-0.09438583254814148,-0.09438583254814148,0.0,0.0,0.0,0.0,0.0,0.0,0.0,0.0,-0.04719291627407074,0.0,0.0,-0.09438583254814148,0.0,0.0,0.0,0.0,0.0,0.0,0.0,0.0,0.0,-0.09438583254814148,0.0,0.0,0.0,0.0,0.04719291627407074,0.0,0.0,0.0,0.0,0.0,0.0,0.0,0.0,0.0,0.0,0.0,0.0,0.0,0.0,-0.14157874882221222,0.04719291627407074,0.0,-0.09438583254814148,0.0,0.0,0.0,0.0,0.04719291627407074,0.0,0.04719291627407074,0.0,0.04719291627407074,0.0,0.0,-0.09438583254814148,0.0,-0.04719291627407074,0.0,0.09438583254814148,0.04719291627407074,0.0,0.0,0.0,0.04719291627407074,0.04719291627407074,-0.04719291627407074,0.0,-0.04719291627407074,0.0,0.0,0.0,0.04719291627407074,0.0,0.0,0.0,0.0,0.0,-0.04719291627407074,0.0,0.0,0.0,0.0,0.0,0.0,0.0,0.0,0.0,0.0,0.0,0.0,0.0,0.0,0.04719291627407074,0.0,0.09438583254814148,0.0,0.0,-0.04719291627407074,0.0,0.0,0.0,0.0,-0.09438583254814148,-0.04719291627407074,0.04719291627407074,0.0,0.0,-0.04719291627407074,0.04719291627407074,0.0,-0.04719291627407074,0.0,0.09438583254814148,0.0,0.0,0.0,0.0,0.0,0.04719291627407074,0.0,-0.09438583254814148,0.0,0.0,0.0,0.0,0.0,0.0,0.0,-0.04719291627407074,0.0,0.0,0.0,0.04719291627407074,0.0,0.0,-0.04719291627407074,0.0,0.0,0.0,0.09438583254814148,0.0,0.0,0.0,0.0,0.0,0.04719291627407074,0.0,0.04719291627407074,0.09438583254814148,0.0,0.0,-0.14157874882221222,-0.04719291627407074,0.0,0.04719291627407074,-0.04719291627407074,0.0,0.0,0.0,-0.09438583254814148,0.0,0.09438583254814148,0.09438583254814148,0.04719291627407074,0.0,0.0,0.0,0.04719291627407074,-0.09438583254814148,0.0,0.0,0.0,0.0,0.0,0.04719291627407074,0.0,0.0,0.09438583254814148,0.04719291627407074,-0.09438583254814148,0.0,0.0,0.0,0.0,0.0,0.09438583254814148,0.0,0.0,0.0,0.0,0.0,0.0,0.0,0.0,-0.04719291627407074,0.0,0.0,0.0,0.0,0.0,0.0,0.0,0.04719291627407074,0.0,0.0,0.0,-0.04719291627407074,-0.09438583254814148,0.0,-0.04719291627407074,-0.04719291627407074,0.0,0.0,0.0,0.0,-0.04719291627407074,0.0,0.0,0.0,0.0,-0.04719291627407074,0.0,0.0,0.0,0.0,0.04719291627407074,0.0,0.0,0.0,0.0,0.0,0.04719291627407074,0.0,0.0,0.04719291627407074,0.0,-0.04719291627407074,0.0,0.0,-0.04719291627407074,0.0,0.0,0.0,0.0,0.0,0.0,-0.04719291627407074,0.0,0.0,0.09438583254814148,0.0,0.0,0.0,-0.04719291627407074,0.0,0.0,0.0,0.0,0.0,0.0,0.0,0.0,0.0,0.0,0.0,0.0,0.0,0.0,0.0,0.0,0.0,0.0,0.04719291627407074,-0.04719291627407074,0.0,0.0,-0.09438583254814148,0.0,-0.04719291627407074,0.0,0.0,0.0,0.0,0.0,0.0,-0.09438583254814148,-0.04719291627407074,-0.04719291627407074,0.04719291627407074,0.0,0.0,0.0,-0.14157874882221222,0.04719291627407074,0.0,0.0,0.0,0.0,0.0,0.0,0.0,0.0,0.0,-0.09438583254814148,-0.04719291627407074,-0.04719291627407074,0.0,0.0,0.0,0.0,0.0,0.0,-0.04719291627407074,0.0,0.0,0.0,-0.04719291627407074,-0.04719291627407074,0.0,0.0,0.0,0.0,0.0,0.04719291627407074,0.0,0.0,0.0,0.0,0.0,0.0,0.0,-0.09438583254814148,-0.04719291627407074,0.0,0.0,0.0,0.0,0.0,-0.09438583254814148,0.0,-0.04719291627407074,-0.04719291627407074,0.0,0.0,0.0,0.0,0.0,-0.04719291627407074,0.0,0.04719291627407074,0.04719291627407074,0.0,0.0,0.0,0.0,0.0,0.0,0.0,0.0,0.0,0.0,0.0,-0.04719291627407074,0.14157874882221222,0.0,0.0,-0.04719291627407074,-0.04719291627407074,0.0,0.0,0.0,0.0,0.0,0.0,0.0,0.0,0.0,0.0,0.0,0.04719291627407074,0.0,0.0,-0.04719291627407074,0.0,0.0,0.0,0.04719291627407074,0.0,0.04719291627407074,0.0,0.0,0.0,0.0,0.0,0.0,0.0,0.0,-0.09438583254814148,0.0,-0.04719291627407074,0.0,0.0,0.0,0.0,0.0,0.0,0.0,0.04719291627407074,0.0,-0.04719291627407074,-0.04719291627407074,-0.09438583254814148,0.0,0.0,0.0,0.0,0.0,0.0,0.0,0.04719291627407074,0.0,0.0,0.0,0.0,-0.04719291627407074,0.0,0.0,0.0,0.0,-0.04719291627407074,0.0,0.0,0.0,0.0,0.0,0.09438583254814148,0.0,-0.04719291627407074,0.0,0.0,0.0,-0.04719291627407074,0.0,0.04719291627407074,0.0,0.0,0.0,-0.09438583254814148,0.0,-0.09438583254814148,0.0,0.0,0.0,0.0,0.0,0.0,-0.2359645813703537,0.0,-0.04719291627407074,0.0,0.0,0.0,0.0,0.0,0.14157874882221222,0.0,-0.04719291627407074,0.0,0.0,0.0,0.0,0.0,-0.04719291627407074,-0.04719291627407074,0.04719291627407074,0.04719291627407074,-0.09438583254814148,0.0,0.04719291627407074,0.0,0.0,0.0,0.0,0.0,0.0,0.0,0.04719291627407074,0.0,-0.04719291627407074,0.14157874882221222,0.0,0.0,-0.04719291627407074,0.0,0.0,0.0,0.0,0.0,0.0,0.0,0.0,0.04719291627407074,0.0,0.0,0.0,0.0,0.0,0.04719291627407074,0.0,0.0,0.0,0.0,0.04719291627407074,-0.04719291627407074,0.0,0.0,0.0,0.0,0.04719291627407074,0.04719291627407074,0.04719291627407074,0.0,-0.04719291627407074,0.0,0.0,0.0,0.0,0.0,0.0,0.0,-0.04719291627407074,0.0,0.0,0.0,0.0,-0.04719291627407074,0.0,0.0,0.0,0.04719291627407074,0.0,0.0,0.0,0.0,0.0,0.0,0.0,0.0,0.0,0.0,0.0,0.04719291627407074,0.0,-0.09438583254814148,-0.04719291627407074,0.0,0.0,-0.09438583254814148,0.0,0.0,0.04719291627407074,0.0,0.0,-0.09438583254814148,0.0,0.0,0.0,-0.04719291627407074,-0.04719291627407074,0.0,0.0,-0.04719291627407074,0.0,0.0,0.0,0.04719291627407074,0.0,0.0,0.04719291627407074,0.0,0.0,-0.04719291627407074,0.0,-0.09438583254814148,0.0,0.04719291627407074,0.0,0.0,0.0,0.0,0.0,0.0,-0.04719291627407074,0.0,0.0,0.04719291627407074,0.0,0.0,-0.04719291627407074,-0.09438583254814148,0.0,0.04719291627407074,0.0,0.0,-0.04719291627407074,0.0,0.0,0.0,0.0,0.0,0.0,0.0,0.0,0.09438583254814148,0.0,-0.04719291627407074,0.0,0.0,0.04719291627407074,0.04719291627407074,0.0,0.0,0.0,0.0,-0.04719291627407074,0.0,0.0,0.0,0.09438583254814148,-0.04719291627407074,0.0,0.0,0.0,0.0,0.04719291627407074,0.0,-0.14157874882221222,0.0,0.0,0.0,0.0,0.0,0.04719291627407074,0.0,-0.04719291627407074,0.0,0.0,0.0,0.0,0.0,0.0,0.14157874882221222,0.0,0.04719291627407074,-0.04719291627407074,0.0,0.0,0.0,0.0,0.0,-0.04719291627407074,0.18877166509628296,-0.04719291627407074,0.0,-0.04719291627407074,0.0,0.0,0.0,0.0,-0.09438583254814148,0.0,-0.09438583254814148,0.0,-0.04719291627407074,0.14157874882221222,-0.04719291627407074,0.0,0.0,0.0,0.0,-0.04719291627407074,0.0,0.0,-0.04719291627407074,0.0,0.0,0.0,0.04719291627407074,0.0,0.04719291627407074,-0.04719291627407074,0.0,0.0,0.0,0.04719291627407074,0.0,0.0,0.0,0.0,0.0
002812,恩捷股份,绿电与清洁公用,growth,student_B,llm_deepseek_extracted,"1. 机构席位活跃，北向资金流动频繁，筹码博弈加剧，短线波动放大。  
2. 产能回升叠加高Beta，业绩弹性强；研发交...",-0.05103103443980217,-0.05103103443980217,0.0,0.0,-0.05103103443980217,0.0,0.0,0.0,0.0,0.0,0.0,0.0,0.05103103443980217,0.05103103443980217,0.0,0.0,0.0,0.0,0.0,0.0,0.0,0.0,0.0,0.0,0.0,0.0,0.0,0.0,0.05103103443980217,0.05103103443980217,0.0,0.0,0.05103103443980217,0.0,0.0,0.0,0.0,0.0,0.05103103443980217,0.0,0.0,0.0,-0.05103103443980217,0.0,0.0,-0.05103103443980217,0.0,0.0,0.0,0.0,0.05103103443980217,0.05103103443980217,0.0,0.05103103443980217,0.0,-0.05103103443980217,0.0,0.0,0.0,0.0,0.0,0.0,0.0,0.0,-0.05103103443980217,-0.05103103443980217,0.0,0.0,-0.05103103443980217,0.0,0.0,0.0,0.0,0.0,0.0,0.0,0.0,-0.05103103443980217,0.0,0.0,0.0,0.0,0.0,0.0,0.0,-0.05103103443980217,0.0,-0.05103103443980217,0.05103103443980217,0.0,0.0,0.0,-0.05103103443980217,0.0,0.0,0.0,0.0,0.0,0.0,0.0,0.0,-0.05103103443980217,0.0,0.0,0.0,0.0,0.0,-0.05103103443980217,0.0,0.0,-0.10206206887960434,0.0,-0.05103103443980217,0.0,0.0,0.05103103443980217,0.0,0.05103103443980217,0.05103103443980217,0.05103103443980217,0.05103103443980217,0.05103103443980217,0.0,0.0,-0.10206206887960434,0.0,0.10206206887960434,0.0,0.0,0.0,0.0,0.05103103443980217,0.05103103443980217,-0.05103103443980217,0.0,-0.05103103443980217,0.0,-0.05103103443980217,0.0,0.0,0.0,0.0,0.0,0.0,0.0,-0.05103103443980217,0.05103103443980217,0.0,0.0,0.0,0.0,-0.05103103443980217,0.0,0.0,0.0,0.0,0.0,0.0,0.0,0.0,0.0,0.0,0.1530930995941162,0.0,0.05103103443980217,-0.05103103443980217,-0.05103103443980217,-0.05103103443980217,0.05103103443980217,0.05103103443980217,-0.05103103443980217,0.0,0.0,0.0,0.0,-0.05103103443980217,0.05103103443980217,0.0,-0.05103103443980217,0.0,0.0,0.0,0.0,0.0,0.0,0.0,0.05103103443980217,0.0,0.05103103443980217,0.0,0.05103103443980217,0.0,0.0,0.0,0.0,0.0,0.0,0.0,0.0,0.0,0.05103103443980217,0.0,0.0,0.0,0.0,0.0,0.0,0.05103103443980217,0.0,-0.05103103443980217,0.0,0.05103103443980217,0.0,0.05103103443980217,0.0,0.05103103443980217,0.1530930995941162,0.0,0.0,-0.05103103443980217,0.0,0.0,0.0,0.0,0.0,0.0,0.0,-0.05103103443980217,0.0,0.05103103443980217,0.05103103443980217,0.0,0.0,0.05103103443980217,0.0,0.0,-0.05103103443980217,0.0,0.0,0.0,0.0,0.0,-0.05103103443980217,0.0,-0.05103103443980217,0.1530930995941162,-0.05103103443980217,-0.10206206887960434,0.0,0.0,0.0,0.0,0.0,0.10206206887960434,-0.05103103443980217,0.0,0.05103103443980217,0.0,0.0,0.0,0.0,0.0,-0.05103103443980217,-0.05103103443980217,0.0,0.0,0.0,-0.05103103443980217,0.0,0.0,0.0,0.05103103443980217,0.0,0.05103103443980217,-0.05103103443980217,-0.05103103443980217,0.0,-0.05103103443980217,0.0,0.0,0.0,0.0,0.0,-0.05103103443980217,0.05103103443980217,0.0,-0.05103103443980217,0.0,-0.05103103443980217,0.0,0.0,0.0,0.0,0.05103103443980217,0.0,0.0,0.0,0.0,0.0,0.05103103443980217,0.05103103443980217,0.0,0.05103103443980217,0.0,-0.05103103443980217,0.0,0.0,-0.05103103443980217,0.0,0.0,0.0,0.0,0.0,0.10206206887960434,-0.10206206887960434,0.0,0.0,0.10206206887960434,0.0,0.0,0.0,-0.05103103443980217,0.0,0.0,0.0,0.0,0.0,0.0,0.0,0.0,0.0,0.0,0.0,0.0,0.0,0.0,0.0,0.0,0.0,0.0,0.0,0.0,0.0,0.0,-0.10206206887960434,0.0,0.0,0.0,0.0,0.05103103443980217,0.0,-0.05103103443980217,0.0,0.0,-0.05103103443980217,-0.05103103443980217,0.0,0.0,0.0,0.0,-0.05103103443980217,0.0,0.0,0.0,0.0,0.0,0.0,0.0,0.0,0.05103103443980217,0.0,0.0,-0.05103103443980217,0.0,0.0,0.0,0.0,0.0,0.0,0.0,-0.05103103443980217,0.0,0.0,0.05103103443980217,-0.05103103443980217,-0.05103103443980217,0.0,0.0,0.0,0.0,0.0,0.0,0.0,0.0,0.0,0.0,0.0,0.0,0.0,0.0,0.0,0.0,0.0,0.0,0.0,0.0,-0.10206206887960434,0.0,-0.05103103443980217,0.0,0.0,0.0,0.05103103443980217,0.05103103443980217,0.0,0.0,0.0,0.0,0.05103103443980217,0.0,0.0,0.0,0.0,0.0,0.0,0.0,0.0,0.0,0.0,0.0,0.0,0.20412413775920868,0.0,0.0,-0.05103103443980217,0.0,0.0,0.0,0.0,0.0,0.0,0.05103103443980217,0.0,0.0,0.0,0.0,0.0,0.05103103443980217,0.0,0.0,-0.05103103443980217,0.0,0.0,0.0,-0.05103103443980217,0.0,0.0,0.05103103443980217,0.0,0.0,0.0,0.0,0.0,0.0,0.0,-0.05103103443980217,0.05103103443980217,-0.05103103443980217,0.10206206887960434,-0.05103103443980217,0.0,0.0,0.0,0.0,0.0,-0.05103103443980217,0.0,-0.05103103443980217,-0.05103103443980217,-0.05103103443980217,0.0,0.0,0.0,0.0,0.0,0.0,0.0,0.0,0.0,0.0,0.0,0.0,0.0,0.0,0.0,0.0,0.0,-0.05103103443980217,0.0,0.05103103443980217,0.0,0.0,0.0,0.0,0.0,-0.10206206887960434,0.0,0.0,0.0,-0.05103103443980217,0.0,0.05103103443980217,0.0,0.0,0.0,-0.05103103443980217,0.0,-0.05103103443980217,-0.05103103443980217,0.0,0.0,0.0,0.0,0.0,-0.3572172522544861,0.0,-0.05103103443980217,0.0,0.0,0.0,0.0,0.0,0.10206206887960434,0.0,-0.05103103443980217,0.0,0.0,0.0,0.0,0.0,0.0,-0.05103103443980217,0.05103103443980217,0.05103103443980217,0.0,0.0,0.0,0.0,0.0,-0.05103103443980217,0.0,0.0,0.0,0.0,0.0,0.0,0.0,0.10206206887960434,0.0,0.0,-0.05103103443980217,0.0,0.0,0.0,0.0,0.0,-0.05103103443980217,0.0,0.05103103443980217,0.10206206887960434,0.05103103443980217,0.0,0.0,-0.05103103443980217,0.0,0.0,0.0,0.0,0.0,0.0,0.0,-0.05103103443980217,0.0,0.0,0.0,0.0,0.0,0.05103103443980217,0.0,0.0,0.0,-0.05103103443980217,0.0,-0.05103103443980217,0.0,0.0,0.0,0.0,-0.05103103443980217,0.0,0.0,0.0,0.0,-0.05103103443980217,0.0,0.0,0.0,0.10206206887960434,-0.05103103443980217,0.0,0.0,0.0,0.0,0.0,0.0,0.0,0.0,0.0,-0.05103103443980217,0.0,-0.05103103443980217,-0.05103103443980217,0.0,0.0,0.0,-0.1530930995941162,0.0,0.0,0.05103103443980217,0.0,-0.05103103443980217,-0.05103103443980217,0.0,0.0,0.05103103443980217,0.0,0.0,0.0,-0.05103103443980217,0.0,0.05103103443980217,0.0,-0.05103103443980217,0.0,-0.05103103443980217,0.05103103443980217,0.0,-0.05103103443980217,0.0,0.0,0.0,0.0,-0.05103103443980217,0.10206206887960434,0.0,0.0,0.0,0.0,0.0,0.0,-0.05103103443980217,0.0,0.05103103443980217,0.0,0.05103103443980217,0.0,0.0,-0.05103103443980217,0.0,0.05103103443980217,0.0,0.0,0.0,0.0,0.0,0.0,-0.10206206887960434,0.0,0.0,0.0,0.0,0.10206206887960434,0.0,0.0,0.0,0.0,0.10206206887960434,0.0,0.0,0.0,0.0,0.0,0.0,0.0,0.05103103443980217,0.0,0.05103103443980217,0.0,0.0,0.0,0.0,0.0,0.0,0.05103103443980217,-0.1530930995941162,0.0,0.0,0.0,0.0,0.0,0.0,0.0,-0.10206206887960434,0.0,0.0,0.0,0.0,-0.05103103443980217,0.0,0.05103103443980217,-0.05103103443980217,0.05103103443980217,-0.05103103443980217,0.0,0.0,0.0,0.0,0.0,0.0,0.05103103443980217,-0.05103103443980217,0.0,0.0,0.0,0.05103103443980217,0.05103103443980217,-0.05103103443980217,-0.05103103443980217,0.0,-0.05103103443980217,0.05103103443980217,-0.05103103443980217,0.10206206887960434,-0.05103103443980217,0.05103103443980217,0.0,0.0,0.0,0.0,0.0,0.0,-0.05103103443980217,0.0,0.0,0.0,-0.05103103443980217,0.0,0.0,0.05103103443980217,0.0,0.0,0.0,0.05103103443980217,0.0,0.0,0.0,0.05103103443980217,0.0
603659,璞泰来,绿电与清洁公用,growth,student_B,llm_deepseek_extracted,"1. 机构席位活跃，北向资金流动频繁，筹码博弈加剧，短线波动放大。  
2. 产能回升叠加研发交付，业绩弹性释放，技术壁...",-0.05399492383003235,0.0,0.0,0.0,-0.05399492383003235,-0.05399492383003235,0.0,0.0,0.0,0.0,0.0,0.0,0.05399492383003235,0.05399492383003235,-0.05399492383003235,0.0,0.0,0.0,0.0,0.0,0.0,0.0,0.0,0.0,0.0,0.0,-0.05399492383003235,0.0,0.0,0.0,0.0,0.0,0.05399492383003235,0.0,0.0,0.05399492383003235,0.0,0.0,0.0,0.0,0.0,0.0,-0.05399492383003235,0.0,0.0,-0.05399492383003235,0.0,0.0,0.0,0.0,0.05399492383003235,0.05399492383003235,0.0,0.05399492383003235,0.0,0.0,0.0,0.0,0.0,-0.05399492383003235,0.0,0.0,0.0,0.0,-0.05399492383003235,-0.05399492383003235,0.05399492383003235,0.0,0.0,0.0,0.0,0.0,0.0,0.0,0.0,0.0,0.0,-0.05399492383003235,0.0,0.0,0.0,0.0,0.0,0.0,0.0,-0.05399492383003235,0.0,-0.05399492383003235,0.0,0.0,0.0,0.0,0.0,0.0,0.0,0.0,0.0,0.0,0.0,0.0,0.0,0.0,0.0,0.0,0.0,0.0,0.0,-0.05399492383003235,0.0,0.0,-0.05399492383003235,0.0,-0.05399492383003235,0.0,0.0,0.05399492383003235,0.0,0.0,0.05399492383003235,0.05399492383003235,0.05399492383003235,0.05399492383003235,-0.05399492383003235,0.0,-0.05399492383003235,0.0,0.1079898476600647,0.0,0.0,0.0,0.0,0.05399492383003235,0.05399492383003235,-0.05399492383003235,0.0,-0.05399492383003235,0.0,0.0,0.0,0.0,0.0,0.0,0.0,0.0,0.0,0.0,0.05399492383003235,0.0,0.0,0.0,0.0,-0.05399492383003235,0.0,0.0,0.0,0.0,0.0,0.0,0.0,0.05399492383003235,0.0,0.0,0.1079898476600647,0.0,0.05399492383003235,-0.05399492383003235,0.0,0.0,0.0,0.05399492383003235,-0.05399492383003235,-0.05399492383003235,0.0,-0.05399492383003235,0.0,0.0,0.05399492383003235,0.0,-0.05399492383003235,0.0,0.0,0.0,0.0,0.0,0.0,0.0,0.0,0.0,0.05399492383003235,0.05399492383003235,0.0,0.0,0.0,0.0,0.0,0.0,0.0,0.0,0.0,0.05399492383003235,0.05399492383003235,0.0,0.0,0.0,0.0,0.0,0.0,0.05399492383003235,0.0,-0.05399492383003235,0.0,0.05399492383003235,0.0,0.05399492383003235,0.0,0.05399492383003235,0.16198477149009705,0.0,0.0,-0.05399492383003235,0.0,0.0,0.0,0.0,0.0,0.0,-0.05399492383003235,-0.05399492383003235,0.0,0.05399492383003235,0.05399492383003235,0.05399492383003235,0.0,0.05399492383003235,0.0,0.0,-0.05399492383003235,-0.05399492383003235,0.0,0.0,0.0,0.0,0.0,0.0,-0.05399492383003235,0.1079898476600647,-0.05399492383003235,-0.05399492383003235,0.05399492383003235,0.0,0.0,0.0,0.0,0.1079898476600647,0.0,0.0,0.0,0.0,0.0,0.0,0.0,0.0,0.0,0.0,0.0,0.0,0.0,0.0,-0.05399492383003235,0.0,0.0,0.0,0.0,0.05399492383003235,-0.05399492383003235,-0.05399492383003235,0.0,-0.1079898476600647,0.0,0.0,0.05399492383003235,0.0,0.0,-0.05399492383003235,0.1079898476600647,0.0,-0.05399492383003235,0.0,-0.05399492383003235,0.0,0.0,0.0,0.0,0.0,0.0,0.0,0.0,0.0,0.0,0.05399492383003235,0.05399492383003235,0.0,0.05399492383003235,0.0,-0.05399492383003235,0.0,0.0,-0.05399492383003235,0.0,0.0,0.0,0.0,0.0,0.05399492383003235,-0.05399492383003235,0.0,0.0,0.05399492383003235,0.0,0.0,0.0,-0.05399492383003235,0.0,-0.05399492383003235,0.0,0.0,0.05399492383003235,0.05399492383003235,0.0,0.0,0.0,0.0,0.0,0.0,0.0,0.0,0.0,0.0,0.0,0.0,0.05399492383003235,0.0,0.0,0.0,-0.16198477149009705,0.0,0.0,0.0,0.0,0.05399492383003235,0.0,-0.05399492383003235,0.0,0.0,-0.05399492383003235,-0.05399492383003235,0.05399492383003235,0.0,0.0,0.0,-0.05399492383003235,0.0,0.0,0.0,-0.05399492383003235,0.0,0.0,0.0,0.0,0.0,0.0,-0.05399492383003235,-0.05399492383003235,0.0,0.0,0.0,0.0,0.0,0.0,0.0,-0.05399492383003235,0.0,0.0,0.1079898476600647,0.0,-0.05399492383003235,0.0,0.0,0.0,0.0,0.0,0.0,0.0,0.0,0.0,0.0,0.0,0.0,0.0,0.0,0.0,0.0,0.0,0.0,0.0,0.0,-0.05399492383003235,0.0,0.0,0.0,0.0,0.0,0.0,0.0,0.0,-0.05399492383003235,0.0,0.0,0.05399492383003235,0.0,0.0,0.0,0.0,0.0,0.0,0.0,0.0,0.0,0.0,0.0,0.0,0.26997461915016174,0.0,0.0,0.0,0.0,0.0,0.0,0.0,0.0,0.0,0.05399492383003235,0.0,0.0,0.0,0.0,0.0,0.05399492383003235,0.0,0.0,-0.05399492383003235,0.0,0.0,0.0,-0.05399492383003235,0.0,0.05399492383003235,0.1079898476600647,0.0,0.0,0.0,0.0,0.0,0.0,0.0,-0.05399492383003235,0.05399492383003235,-0.05399492383003235,0.05399492383003235,-0.05399492383003235,0.0,0.0,0.0,0.0,0.0,-0.05399492383003235,0.0,-0.05399492383003235,-0.05399492383003235,-0.05399492383003235,0.0,0.0,0.0,0.0,0.0,0.0,0.0,0.05399492383003235,0.0,0.0,0.0,0.0,0.0,0.0,0.0,0.0,0.0,-0.05399492383003235,0.0,0.0,-0.05399492383003235,0.0,0.0,0.0,0.0,-0.1079898476600647,0.0,0.0,0.0,-0.05399492383003235,0.0,0.05399492383003235,0.0,0.0,0.0,-0.05399492383003235,0.0,-0.05399492383003235,-0.05399492383003235,0.0,0.0,0.0,0.0,0.0,-0.37796446681022644,0.0,-0.05399492383003235,0.0,0.0,0.0,0.0,0.0,0.05399492383003235,0.0,-0.05399492383003235,0.0,0.0,0.0,0.0,0.0,0.0,0.0,0.05399492383003235,0.05399492383003235,0.0,0.0,0.0,0.0,0.0,-0.05399492383003235,0.0,0.05399492383003235,0.05399492383003235,0.0,0.05399492383003235,0.0,0.0,0.16198477149009705,0.0,0.0,-0.05399492383003235,0.0,0.0,0.0,0.0,0.0,-0.05399492383003235,0.0,0.05399492383003235,0.0,0.0,0.0,0.0,0.0,0.0,0.0,0.0,0.0,0.0,0.0,0.0,-0.05399492383003235,0.0,0.0,0.0,0.0,0.0,0.0,0.0,0.0,0.0,0.0,0.0,-0.05399492383003235,0.0,0.0,0.0,0.0,-0.05399492383003235,0.0,0.0,0.0,0.0,-0.05399492383003235,0.0,0.0,0.0,0.05399492383003235,-0.05399492383003235,0.0,0.0,0.0,0.0,0.0,0.0,0.0,0.0,0.0,-0.05399492383003235,0.0,0.0,-0.05399492383003235,0.0,0.0,0.0,-0.1079898476600647,0.0,0.0,0.05399492383003235,0.0,-0.05399492383003235,-0.05399492383003235,0.0,-0.05399492383003235,0.05399492383003235,0.0,0.0,0.0,0.0,0.0,0.05399492383003235,0.0,-0.05399492383003235,-0.05399492383003235,-0.05399492383003235,0.0,0.0,0.0,0.0,0.0,0.0,0.0,-0.05399492383003235,0.05399492383003235,0.0,0.0,-0.05399492383003235,0.0,0.0,0.0,-0.05399492383003235,0.0,0.0,0.0,0.05399492383003235,0.0,0.0,-0.05399492383003235,0.0,0.05399492383003235,0.0,0.0,0.0,0.0,0.0,0.0,-0.1079898476600647,0.0,0.0,0.0,0.0,0.1079898476600647,0.0,-0.05399492383003235,0.0,0.0,0.05399492383003235,0.0,0.0,0.0,-0.05399492383003235,0.0,0.0,0.0,0.0,0.0,0.05399492383003235,-0.05399492383003235,0.0,0.0,0.0,0.0,0.0,0.0,-0.1079898476600647,0.0,0.0,0.0,0.0,0.0,0.05399492383003235,0.0,-0.05399492383003235,0.0,0.0,0.0,0.0,-0.05399492383003235,0.0,0.05399492383003235,-0.05399492383003235,0.05399492383003235,-0.05399492383003235,0.0,0.0,0.0,0.0,0.0,0.0,0.05399492383003235,-0.05399492383003235,0.0,0.0,0.0,0.0,0.05399492383003235,-0.05399492383003235,-0.05399492383003235,0.0,-0.05399492383003235,0.0,0.0,0.1079898476600647,0.0,0.0,0.0,0.0,0.0,0.0,0.0,0.0,-0.05399492383003235,0.0,0.0,0.0,0.05399492383003235,0.0,0.0,0.05399492383003235,0.0,-0.05399492383003235,0.0,0.05399492383003235,0.0,0.0,-0.05399492383003235,0.05399492383003235,0.0
300450,先导智能,绿电与清洁公用,growth,student_B,llm_deepseek_extracted,"1. 机构席位活跃，北向资金流动频繁，筹码博弈加剧，短线波动放大。  
2. 产能回升叠加研发交付，业绩弹性释放，技术壁...",-0.05399492383003235,0.0,0.0,0.0,-0.05399492383003235,-0.05399492383003235,0.0,0.0,0.0,0.0,0.0,0.0,0.05399492383003235,0.05399492383003235,-0.05399492383003235,0.0,0.0,0.0,0.0,0.0,0.0,0.0,0.0,0.0,0.0,0.0,-0.05399492383003235,0.0,0.0,0.0,0.0,0.0,0.05399492383003235,0.0,0.0,0.05399492383003235,0.0,0.0,0.0,0.0,0.0,0.0,-0.05399492383003235,0.0,0.0,-0.05399492383003235,0.0,0.0,0.0,0.0,0.05399492383003235,0.05399492383003235,0.0,0.05399492383003235,0.0,0.0,0.0,0.0,0.0,-0.05399492383003235,0.0,0.0,0.0,0.0,-0.05399492383003235,-0.05399492383003235,0.05399492383003235,0.0,0.0,0.0,0.0,0.0,0.0,0.0,0.0,0.0,0.0,-0.05399492383003235,0.0,0.0,0.0,0.0,0.0,0.0,0.0,-0.05399492383003235,0.0,-0.05399492383003235,0.0,0.0,0.0,0.0,0.0,0.0,0.0,0.0,0.0,0.0,0.0,0.0,0.0,0.0,0.0,0.0,0.0,0.0,0.0,-0.05399492383003235,0.0,0.0,-0.05399492383003235,0.0,-0.05399492383003235,0.0,0.0,0.05399492383003235,0.0,0.0,0.05399492383003235,0.05399492383003235,0.05399492383003235,0.05399492383003235,-0.05399492383003235,0.0,-0.05399492383003235,0.0,0.1079898476600647,0.0,0.0,0.0,0.0,0.05399492383003235,0.05399492383003235,-0.05399492383003235,0.0,-0.05399492383003235,0.0,0.0,0.0,0.0,0.0,0.0,0.0,0.0,0.0,0.0,0.05399492383003235,0.0,0.0,0.0,0.0,-0.05399492383003235,0.0,0.0,0.0,0.0,0.0,0.0,0.0,0.05399492383003235,0.0,0.0,0.1079898476600647,0.0,0.05399492383003235,-0.05399492383003235,0.0,0.0,0.0,0.05399492383003235,-0.05399492383003235,-0.05399492383003235,0.0,-0.05399492383003235,0.0,0.0,0.05399492383003235,0.0,-0.05399492383003235,0.0,0.0,0.0,0.0,0.0,0.0,0.0,0.0,0.0,0.05399492383003235,0.05399492383003235,0.0,0.0,0.0,0.0,0.0,0.0,0.0,0.0,0.0,0.05399492383003235,0.05399492383003235,0.0,0.0,0.0,0.0,0.0,0.0,0.05399492383003235,0.0,-0.05399492383003235,0.0,0.05399492383003235,0.0,0.05399492383003235,0.0,0.05399492383003235,0.16198477149009705,0.0,0.0,-0.05399492383003235,0.0,0.0,0.0,0.0,0.0,0.0,-0.05399492383003235,-0.05399492383003235,0.0,0.05399492383003235,0.05399492383003235,0.05399492383003235,0.0,0.05399492383003235,0.0,0.0,-0.05399492383003235,-0.05399492383003235,0.0,0.0,0.0,0.0,0.0,0.0,-0.05399492383003235,0.1079898476600647,-0.05399492383003235,-0.05399492383003235,0.05399492383003235,0.0,0.0,0.0,0.0,0.1079898476600647,0.0,0.0,0.0,0.0,0.0,0.0,0.0,0.0,0.0,0.0,0.0,0.0,0.0,0.0,-0.05399492383003235,0.0,0.0,0.0,0.0,0.05399492383003235,-0.05399492383003235,-0.05399492383003235,0.0,-0.1079898476600647,0.0,0.0,0.05399492383003235,0.0,0.0,-0.05399492383003235,0.1079898476600647,0.0,-0.05399492383003235,0.0,-0.05399492383003235,0.0,0.0,0.0,0.0,0.0,0.0,0.0,0.0,0.0,0.0,0.05399492383003235,0.05399492383003235,0.0,0.05399492383003235,0.0,-0.05399492383003235,0.0,0.0,-0.05399492383003235,0.0,0.0,0.0,0.0,0.0,0.05399492383003235,-0.05399492383003235,0.0,0.0,0.05399492383003235,0.0,0.0,0.0,-0.05399492383003235,0.0,-0.05399492383003235,0.0,0.0,0.05399492383003235,0.05399492383003235,0.0,0.0,0.0,0.0,0.0,0.0,0.0,0.0,0.0,0.0,0.0,0.0,0.05399492383003235,0.0,0.0,0.0,-0.16198477149009705,0.0,0.0,0.0,0.0,0.05399492383003235,0.0,-0.05399492383003235,0.0,0.0,-0.05399492383003235,-0.05399492383003235,0.05399492383003235,0.0,0.0,0.0,-0.05399492383003235,0.0,0.0,0.0,-0.05399492383003235,0.0,0.0,0.0,0.0,0.0,0.0,-0.05399492383003235,-0.05399492383003235,0.0,0.0,0.0,0.0,0.0,0.0,0.0,-0.05399492383003235,0.0,0.0,0.1079898476600647,0.0,-0.05399492383003235,0.0,0.0,0.0,0.0,0.0,0.0,0.0,0.0,0.0,0.0,0.0,0.0,0.0,0.0,0.0,0.0,0.0,0.0,0.0,0.0,-0.05399492383003235,0.0,0.0,0.0,0.0,0.0,0.0,0.0,0.0,-0.05399492383003235,0.0,0.0,0.05399492383003235,0.0,0.0,0.0,0.0,0.0,0.0,0.0,0.0,0.0,0.0,0.0,0.0,0.26997461915016174,0.0,0.0,0.0,0.0,0.0,0.0,0.0,0.0,0.0,0.05399492383003235,0.0,0.0,0.0,0.0,0.0,0.05399492383003235,0.0,0.0,-0.05399492383003235,0.0,0.0,0.0,-0.05399492383003235,0.0,0.05399492383003235,0.1079898476600647,0.0,0.0,0.0,0.0,0.0,0.0,0.0,-0.05399492383003235,0.05399492383003235,-0.05399492383003235,0.05399492383003235,-0.05399492383003235,0.0,0.0,0.0,0.0,0.0,-0.05399492383003235,0.0,-0.05399492383003235,-0.05399492383003235,-0.05399492383003235,0.0,0.0,0.0,0.0,0.0,0.0,0.0,0.05399492383003235,0.0,0.0,0.0,0.0,0.0,0.0,0.0,0.0,0.0,-0.05399492383003235,0.0,0.0,-0.05399492383003235,0.0,0.0,0.0,0.0,-0.1079898476600647,0.0,0.0,0.0,-0.05399492383003235,0.0,0.05399492383003235,0.0,0.0,0.0,-0.05399492383003235,0.0,-0.05399492383003235,-0.05399492383003235,0.0,0.0,0.0,0.0,0.0,-0.37796446681022644,0.0,-0.05399492383003235,0.0,0.0,0.0,0.0,0.0,0.05399492383003235,0.0,-0.05399492383003235,0.0,0.0,0.0,0.0,0.0,0.0,0.0,0.05399492383003235,0.05399492383003235,0.0,0.0,0.0,0.0,0.0,-0.05399492383003235,0.0,0.05399492383003235,0.05399492383003235,0.0,0.05399492383003235,0.0,0.0,0.16198477149009705,0.0,0.0,-0.05399492383003235,0.0,0.0,0.0,0.0,0.0,-0.05399492383003235,0.0,0.05399492383003235,0.0,0.0,0.0,0.0,0.0,0.0,0.0,0.0,0.0,0.0,0.0,0.0,-0.05399492383003235,0.0,0.0,0.0,0.0,0.0,0.0,0.0,0.0,0.0,0.0,0.0,-0.05399492383003235,0.0,0.0,0.0,0.0,-0.05399492383003235,0.0,0.0,0.0,0.0,-0.05399492383003235,0.0,0.0,0.0,0.05399492383003235,-0.05399492383003235,0.0,0.0,0.0,0.0,0.0,0.0,0.0,0.0,0.0,-0.05399492383003235,0.0,0.0,-0.05399492383003235,0.0,0.0,0.0,-0.1079898476600647,0.0,0.0,0.05399492383003235,0.0,-0.05399492383003235,-0.05399492383003235,0.0,-0.05399492383003235,0.05399492383003235,0.0,0.0,0.0,0.0,0.0,0.05399492383003235,0.0,-0.05399492383003235,-0.05399492383003235,-0.05399492383003235,0.0,0.0,0.0,0.0,0.0,0.0,0.0,-0.05399492383003235,0.05399492383003235,0.0,0.0,-0.05399492383003235,0.0,0.0,0.0,-0.05399492383003235,0.0,0.0,0.0,0.05399492383003235,0.0,0.0,-0.05399492383003235,0.0,0.05399492383003235,0.0,0.0,0.0,0.0,0.0,0.0,-0.1079898476600647,0.0,0.0,0.0,0.0,0.1079898476600647,0.0,-0.05399492383003235,0.0,0.0,0.05399492383003235,0.0,0.0,0.0,-0.05399492383003235,0.0,0.0,0.0,0.0,0.0,0.05399492383003235,-0.05399492383003235,0.0,0.0,0.0,0.0,0.0,0.0,-0.1079898476600647,0.0,0.0,0.0,0.0,0.0,0.05399492383003235,0.0,-0.05399492383003235,0.0,0.0,0.0,0.0,-0.05399492383003235,0.0,0.05399492383003235,-0.05399492383003235,0.05399492383003235,-0.05399492383003235,0.0,0.0,0.0,0.0,0.0,0.0,0.05399492383003235,-0.05399492383003235,0.0,0.0,0.0,0.0,0.05399492383003235,-0.05399492383003235,-0.05399492383003235,0.0,-0.05399492383003235,0.0,0.0,0.1079898476600647,0.0,0.0,0.0,0.0,0.0,0.0,0.0,0.0,-0.05399492383003235,0.0,0.0,0.0,0.05399492383003235,0.0,0.0,0.05399492383003235,0.0,-0.05399492383003235,0.0,0.05399492383003235,0.0,0.0,-0.05399492383003235,0.05399492383003235,0.0
605117,德业股份,绿电与清洁公用,growth,student_B,llm_deepseek_extracted,"1. 机构席位活跃，北向资金流动频繁，筹码博弈加剧，短线波动放大。  
2. 产能回升叠加研发交付，业绩弹性增强，技术壁...",-0.10862508416175842,-0.05431254208087921,0.0,0.0,-0.05431254208087921,0.0,0.0,0.0,0.0,0.0,0.0,0.0,0.05431254208087921,0.05431254208087921,0.0,-0.05431254208087921,0.0,0.0,0.0,0.0,0.0,0.0,0.0,0.0,0.0,0.0,-0.05431254208087921,0.0,0.0,0.0,0.0,0.0,0.05431254208087921,0.0,0.0,0.0,0.0,0.0,0.0,0.0,0.0,0.0,-0.05431254208087921,0.0,0.0,-0.05431254208087921,0.0,0.0,0.0,0.0,0.05431254208087921,0.05431254208087921,0.0,0.05431254208087921,0.0,0.0,0.0,0.0,0.0,0.0,0.0,0.0,0.0,0.0,-0.05431254208087921,-0.05431254208087921,0.0,0.0,-0.05431254208087921,0.0,0.0,0.0,0.0,0.0,0.0,0.0,0.0,-0.05431254208087921,0.0,0.0,0.0,0.0,0.0,0.0,0.0,-0.05431254208087921,0.0,-0.05431254208087921,0.0,0.0,0.0,0.0,0.0,0.0,0.0,0.0,0.0,0.0,0.0,0.0,0.0,0.0,0.0,0.0,0.0,0.0,0.0,-0.05431254208087921,0.0,0.0,-0.05431254208087921,0.0,-0.05431254208087921,0.0,0.0,0.05431254208087921,0.0,0.05431254208087921,0.05431254208087921,0.05431254208087921,0.05431254208087921,0.05431254208087921,-0.05431254208087921,0.0,-0.05431254208087921,0.0,0.10862508416175842,0.0,0.05431254208087921,0.0,0.0,0.05431254208087921,0.05431254208087921,-0.05431254208087921,0.0,-0.05431254208087921,0.0,0.0,0.0,0.0,0.0,0.0,0.0,0.0,0.0,0.0,0.05431254208087921,0.0,0.05431254208087921,0.0,0.0,-0.05431254208087921,0.0,0.0,0.0,0.05431254208087921,0.0,0.0,0.0,0.05431254208087921,0.0,0.0,0.10862508416175842,0.0,0.05431254208087921,-0.10862508416175842,0.0,0.0,0.0,0.05431254208087921,-0.05431254208087921,-0.05431254208087921,0.0,0.0,0.0,0.0,0.0,0.0,-0.05431254208087921,0.0,0.05431254208087921,0.0,0.0,0.0,0.0,0.0,0.0,0.0,0.05431254208087921,0.05431254208087921,0.0,0.0,0.0,0.0,0.0,0.0,0.0,0.0,0.0,0.05431254208087921,0.05431254208087921,0.0,0.0,0.0,0.0,0.0,0.0,0.05431254208087921,0.0,-0.05431254208087921,0.0,0.05431254208087921,0.0,0.05431254208087921,0.0,0.05431254208087921,0.16293762624263763,0.0,0.0,-0.05431254208087921,0.0,0.0,0.0,0.05431254208087921,0.0,0.0,0.0,-0.05431254208087921,0.0,0.0,0.05431254208087921,0.05431254208087921,0.0,0.05431254208087921,0.0,0.0,-0.05431254208087921,0.0,0.0,0.0,0.0,0.0,0.0,0.0,-0.05431254208087921,0.10862508416175842,-0.05431254208087921,-0.05431254208087921,0.0,0.0,0.0,-0.05431254208087921,0.0,0.10862508416175842,0.0,0.0,0.0,0.0,0.0,0.0,0.0,0.0,0.0,0.0,0.0,0.0,0.0,0.0,0.0,0.0,0.0,0.0,0.0,0.05431254208087921,0.0,-0.05431254208087921,0.0,-0.05431254208087921,0.0,0.0,0.0,0.0,0.0,-0.05431254208087921,0.05431254208087921,0.0,-0.05431254208087921,0.0,-0.05431254208087921,0.0,0.0,0.0,0.0,0.0,0.0,0.0,0.0,0.0,0.0,0.05431254208087921,0.05431254208087921,0.0,0.05431254208087921,0.0,-0.05431254208087921,0.0,0.0,0.05431254208087921,0.0,0.0,0.0,0.05431254208087921,0.0,0.05431254208087921,-0.05431254208087921,0.0,0.0,0.05431254208087921,0.0,0.0,0.0,-0.05431254208087921,0.0,-0.05431254208087921,0.0,0.0,-0.05431254208087921,0.05431254208087921,0.0,0.0,0.0,0.0,0.0,0.0,0.0,0.0,0.0,0.0,0.0,0.0,0.05431254208087921,0.0,0.0,0.0,-0.10862508416175842,0.0,0.0,0.0,0.0,0.05431254208087921,0.0,-0.05431254208087921,0.0,0.0,-0.05431254208087921,-0.05431254208087921,0.05431254208087921,0.0,0.0,0.0,-0.05431254208087921,0.0,0.0,0.0,-0.05431254208087921,0.0,0.0,0.0,0.0,0.0,-0.05431254208087921,-0.05431254208087921,-0.05431254208087921,0.0,0.0,0.0,0.0,0.0,0.0,0.0,-0.05431254208087921,0.0,0.0,0.05431254208087921,0.0,-0.05431254208087921,0.0,0.0,0.0,0.0,0.0,0.0,0.0,0.0,0.0,0.0,0.0,0.0,0.0,0.0,0.0,0.0,0.0,0.0,0.0,0.0,-0.05431254208087921,0.0,0.0,0.0,0.0,0.0,0.0,0.0,0.0,-0.05431254208087921,0.0,0.0,0.05431254208087921,0.0,0.0,0.0,0.0,0.0,0.0,0.0,0.05431254208087921,0.0,0.0,0.0,0.0,0.21725016832351685,0.0,0.0,0.0,0.0,0.0,0.0,0.0,0.0,0.0,0.05431254208087921,0.0,0.0,0.0,0.0,0.0,0.05431254208087921,0.0,0.0,-0.05431254208087921,0.0,0.0,0.0,-0.05431254208087921,0.0,0.05431254208087921,0.05431254208087921,0.0,0.0,0.0,0.0,0.0,0.0,0.0,-0.05431254208087921,0.05431254208087921,-0.05431254208087921,0.05431254208087921,-0.05431254208087921,0.0,0.0,0.0,0.0,0.0,-0.05431254208087921,0.0,-0.05431254208087921,-0.05431254208087921,-0.05431254208087921,0.0,0.0,0.10862508416175842,0.0,0.0,0.0,0.0,0.05431254208087921,0.0,0.0,0.0,0.0,0.0,0.0,0.0,0.0,0.0,-0.05431254208087921,-0.05431254208087921,0.0,-0.05431254208087921,0.0,0.0,0.0,0.0,-0.10862508416175842,0.0,0.0,0.0,-0.05431254208087921,0.05431254208087921,0.05431254208087921,0.0,0.0,0.0,-0.05431254208087921,0.0,-0.05431254208087921,-0.05431254208087921,0.0,0.0,0.0,0.0,0.0,-0.3801878094673157,0.0,-0.05431254208087921,0.0,0.0,0.0,0.0,0.0,0.10862508416175842,0.0,-0.10862508416175842,0.0,0.0,0.0,0.0,0.05431254208087921,0.0,0.0,0.05431254208087921,0.05431254208087921,0.0,0.0,0.0,0.0,0.0,-0.05431254208087921,0.0,0.05431254208087921,0.05431254208087921,-0.05431254208087921,0.05431254208087921,0.0,0.0,0.16293762624263763,0.0,0.0,-0.05431254208087921,0.0,0.0,0.0,0.0,0.0,-0.05431254208087921,0.0,0.05431254208087921,0.0,0.0,0.0,0.0,0.0,0.0,0.0,0.0,0.0,0.0,0.0,0.0,-0.05431254208087921,0.0,0.0,0.0,0.0,0.0,0.05431254208087921,0.0,0.0,0.0,0.0,0.0,0.0,0.0,0.0,0.0,0.0,-0.05431254208087921,0.0,0.0,0.0,0.0,-0.05431254208087921,0.0,-0.05431254208087921,0.0,0.05431254208087921,-0.10862508416175842,0.0,0.0,0.0,0.05431254208087921,0.0,0.0,0.0,0.0,0.0,-0.05431254208087921,0.0,0.0,-0.05431254208087921,0.0,0.0,0.0,-0.10862508416175842,0.0,0.0,0.05431254208087921,0.0,-0.05431254208087921,-0.05431254208087921,0.0,0.0,0.05431254208087921,0.0,0.0,0.0,0.0,0.0,0.05431254208087921,0.0,-0.05431254208087921,-0.05431254208087921,-0.05431254208087921,0.0,0.0,0.0,0.0,0.0,0.0,0.0,-0.05431254208087921,0.05431254208087921,0.0,0.0,0.0,0.0,0.0,0.0,-0.05431254208087921,0.0,0.0,0.0,0.0,0.0,0.0,-0.05431254208087921,0.0,0.05431254208087921,0.0,0.0,0.0,0.0,0.0,0.0,-0.10862508416175842,0.0,0.0,0.0,0.0,0.10862508416175842,0.0,0.0,0.0,0.0,0.05431254208087921,0.0,0.0,0.0,0.0,0.0,0.0,0.0,0.0,0.0,0.05431254208087921,-0.05431254208087921,0.0,0.0,0.0,0.0,0.0,0.0,-0.10862508416175842,0.0,0.0,0.0,0.0,0.0,0.05431254208087921,0.0,-0.05431254208087921,0.0,0.0,0.0,0.0,-0.05431254208087921,0.0,0.05431254208087921,-0.05431254208087921,0.05431254208087921,-0.10862508416175842,0.0,0.0,0.0,0.0,0.0,0.0,0.05431254208087921,-0.05431254208087921,0.0,0.0,0.0,0.0,0.05431254208087921,-0.05431254208087921,-0.05431254208087921,0.0,-0.05431254208087921,0.0,0.0,0.10862508416175842,0.0,0.0,0.0,0.0,0.0,0.0,0.0,0.0,-0.05431254208087921,0.0,0.0,0.0,0.05431254208087921,0.0,0.0,0.05431254208087921,0.0,-0.05431254208087921,0.0,0.05431254208087921,0.0,0.0,-0.05431254208087921,0.05431254208087921,0.0
688032,禾迈股份,绿电与清洁公用,growth,student_B,llm_deepseek_extracted,"1. 机构席位活跃，北向资金流动频繁，筹码博弈加剧，短期波动放大。  
2. 研发交付推进，产能景气回升，业绩弹性较高，...",-0.051847584545612335,0.0,0.0,0.0,0.0,0.0,0.0,0.0,0.0,0.0,0.0,0.0,0.051847584545612335,0.051847584545612335,0.0,0.0,0.0,0.0,0.0,0.0,0.0,0.051847584545612335,0.0,0.0,0.0,0.0,0.0,0.0,0.0,0.0,0.0,0.051847584545612335,0.051847584545612335,0.0,0.0,0.0,0.0,-0.051847584545612335,0.0,0.0,0.0,0.0,-0.051847584545612335,0.0,0.0,-0.051847584545612335,0.051847584545612335,0.0,0.051847584545612335,0.0,0.051847584545612335,0.051847584545612335,0.0,0.051847584545612335,0.0,0.0,0.0,0.0,0.0,0.0,0.0,0.0,0.0,0.0,-0.051847584545612335,-0.051847584545612335,0.0,0.0,0.0,0.0,0.0,0.0,0.0,0.0,0.0,0.0,0.0,-0.051847584545612335,0.0,0.0,0.0,0.0,0.0,0.0,0.0,-0.051847584545612335,0.0,-0.051847584545612335,0.0,0.0,0.0,0.0,0.0,0.0,0.0,0.0,0.0,0.0,0.0,0.0,0.0,-0.051847584545612335,0.0,0.0,0.0,0.0,0.0,-0.051847584545612335,0.0,0.0,-0.051847584545612335,0.0,-0.051847584545612335,0.0,0.0,0.051847584545612335,0.0,0.0,0.051847584545612335,0.051847584545612335,0.0,0.051847584545612335,0.0,0.0,-0.051847584545612335,0.0,0.10369516909122467,0.0,0.0,0.0,0.0,0.051847584545612335,0.051847584545612335,-0.051847584545612335,0.0,-0.051847584545612335,0.0,0.0,0.0,0.0,0.0,0.0,0.0,0.0,0.0,0.0,0.051847584545612335,0.0,0.0,0.0,0.0,0.0,0.0,0.0,0.0,0.0,0.0,0.0,0.0,0.0,0.0,0.0,0.1555427461862564,-0.051847584545612335,0.051847584545612335,0.0,-0.051847584545612335,0.0,0.051847584545612335,0.051847584545612335,-0.051847584545612335,-0.051847584545612335,0.0,0.0,-0.051847584545612335,0.0,0.051847584545612335,0.0,-0.051847584545612335,0.0,0.0,0.0,0.0,0.0,0.0,0.0,0.051847584545612335,0.0,0.051847584545612335,0.0,0.051847584545612335,-0.051847584545612335,0.0,-0.051847584545612335,0.0,0.0,0.0,0.0,0.0,0.0,0.051847584545612335,0.0,0.0,0.0,0.0,0.0,0.0,0.051847584545612335,0.0,0.0,0.051847584545612335,0.051847584545612335,0.0,0.051847584545612335,0.0,0.051847584545612335,0.10369516909122467,0.0,0.0,-0.051847584545612335,-0.051847584545612335,0.0,0.051847584545612335,0.0,0.0,0.0,0.0,-0.051847584545612335,0.0,0.051847584545612335,0.051847584545612335,0.051847584545612335,0.0,0.051847584545612335,0.0,0.051847584545612335,-0.051847584545612335,0.0,0.0,0.0,-0.051847584545612335,0.0,-0.051847584545612335,0.0,-0.051847584545612335,0.1555427461862564,0.0,-0.051847584545612335,0.0,0.051847584545612335,0.0,0.0,0.0,0.051847584545612335,0.0,0.0,0.051847584545612335,0.0,0.0,0.0,0.0,0.0,-0.10369516909122467,-0.051847584545612335,0.0,0.0,0.0,0.0,0.0,0.0,0.0,0.0,0.0,0.051847584545612335,-0.051847584545612335,-0.051847584545612335,0.0,0.0,0.0,0.0,0.0,0.0,0.0,-0.051847584545612335,0.0,0.0,-0.051847584545612335,0.0,-0.051847584545612335,0.0,0.0,0.0,0.0,-0.051847584545612335,0.0,0.0,0.0,0.0,0.0,0.051847584545612335,0.051847584545612335,0.0,0.051847584545612335,0.0,0.0,0.0,0.0,-0.051847584545612335,0.0,0.0,0.051847584545612335,0.0,0.0,0.051847584545612335,-0.051847584545612335,0.0,0.0,0.051847584545612335,0.0,0.0,0.0,-0.051847584545612335,0.0,0.0,0.0,0.0,0.0,0.0,0.0,0.0,0.0,0.0,0.0,0.0,0.0,0.0,0.0,0.0,0.0,-0.051847584545612335,0.0,0.0,0.0,-0.051847584545612335,-0.10369516909122467,0.0,0.0,0.0,0.0,0.051847584545612335,0.0,-0.051847584545612335,0.0,0.0,-0.051847584545612335,-0.051847584545612335,0.0,0.0,-0.051847584545612335,0.0,-0.051847584545612335,0.0,0.0,0.0,0.0,0.0,0.0,0.0,0.0,0.0,0.0,0.0,-0.051847584545612335,0.0,0.0,0.0,0.0,0.0,0.0,0.0,-0.051847584545612335,0.0,0.0,0.051847584545612335,0.0,-0.051847584545612335,0.0,0.0,0.0,-0.051847584545612335,0.0,0.051847584545612335,0.0,0.0,0.0,0.0,0.0,0.0,0.0,0.0,0.0,0.0,0.0,0.0,0.0,0.0,-0.051847584545612335,0.0,-0.051847584545612335,0.0,0.0,0.0,0.0,0.051847584545612335,0.0,0.0,0.0,0.051847584545612335,0.051847584545612335,0.0,0.0,0.0,0.0,0.0,0.0,0.0,0.0,0.0,-0.051847584545612335,0.0,0.0,0.20739033818244934,0.0,0.051847584545612335,0.0,0.0,0.0,0.0,0.0,0.0,0.0,0.0,0.0,0.0,0.0,0.0,0.0,0.051847584545612335,0.0,0.0,0.0,0.0,0.0,0.0,0.0,0.0,0.0,0.051847584545612335,0.0,0.0,0.0,0.0,0.0,0.051847584545612335,0.0,-0.051847584545612335,0.0,-0.051847584545612335,0.10369516909122467,-0.051847584545612335,-0.051847584545612335,0.0,0.0,0.0,0.0,0.051847584545612335,0.0,0.0,-0.051847584545612335,-0.10369516909122467,0.0,0.0,0.0,0.0,0.0,0.0,0.0,0.0,0.0,0.0,0.0,0.0,0.0,0.0,0.0,0.0,0.0,-0.051847584545612335,0.0,0.051847584545612335,-0.051847584545612335,0.0,0.0,0.0,0.0,-0.051847584545612335,0.0,0.0,0.0,-0.051847584545612335,0.0,0.051847584545612335,0.0,0.0,0.0,-0.051847584545612335,0.0,-0.051847584545612335,-0.051847584545612335,0.0,0.0,0.0,0.0,0.0,-0.4147806763648987,0.0,-0.051847584545612335,0.0,0.0,0.0,0.0,0.0,0.10369516909122467,0.0,-0.051847584545612335,0.0,0.0,0.0,0.0,0.0,0.0,-0.051847584545612335,0.051847584545612335,0.051847584545612335,0.0,0.0,0.0,0.0,0.0,-0.051847584545612335,0.0,0.0,0.0,0.0,0.0,0.0,0.0,0.1555427461862564,0.0,0.0,-0.051847584545612335,0.0,0.0,0.0,0.0,0.0,0.0,0.0,0.051847584545612335,0.051847584545612335,0.0,0.0,0.0,-0.051847584545612335,0.0,0.0,0.0,0.0,0.0,0.0,0.0,0.0,0.0,0.0,0.0,-0.051847584545612335,0.0,0.0,0.0,0.0,-0.051847584545612335,-0.051847584545612335,0.0,-0.051847584545612335,0.0,0.0,0.0,0.0,-0.051847584545612335,-0.051847584545612335,0.051847584545612335,0.0,0.0,-0.051847584545612335,0.0,0.0,0.0,0.10369516909122467,-0.051847584545612335,0.0,0.0,0.0,0.0,0.0,0.0,0.0,0.0,0.0,-0.051847584545612335,0.0,-0.051847584545612335,-0.10369516909122467,0.0,0.0,0.0,-0.1555427461862564,0.0,0.0,0.051847584545612335,0.0,-0.051847584545612335,-0.051847584545612335,0.0,0.051847584545612335,0.051847584545612335,0.0,-0.051847584545612335,0.0,-0.051847584545612335,0.0,0.051847584545612335,0.0,-0.051847584545612335,0.0,0.0,0.051847584545612335,0.051847584545612335,-0.051847584545612335,0.0,0.0,-0.051847584545612335,0.0,-0.051847584545612335,0.051847584545612335,0.0,0.0,0.0,0.0,0.0,0.0,-0.051847584545612335,0.0,0.051847584545612335,0.0,0.0,0.0,0.0,-0.051847584545612335,0.0,0.051847584545612335,0.0,0.0,-0.051847584545612335,0.0,-0.051847584545612335,0.0,0.0,0.0,0.0,0.0,0.0,0.10369516909122467,0.0,0.0,0.0,0.0,0.10369516909122467,0.0,0.0,0.0,0.0,0.0,0.0,0.0,0.0,0.0,0.051847584545612335,-0.051847584545612335,0.0,0.0,0.0,0.0,0.051847584545612335,0.0,-0.1555427461862564,0.0,0.0,0.0,0.0,0.051847584545612335,0.051847584545612335,0.0,-0.10369516909122467,0.0,0.0,0.0,0.0,-0.051847584545612335,0.0,0.051847584545612335,0.0,0.0,-0.051847584545612335,0.0,0.0,0.0,-0.051847584545612335,0.0,-0.051847584545612335,0.10369516909122467,-0.051847584545612335,0.0,0.0,0.0,0.0,0.051847584545612335,0.0,-0.051847584545612335,0.0,-0.051847584545612335,0.051847584545612335,0.0,0.10369516909122467,-0.051847584545612335,0.0,0.0,0.0,0.0,-0.051847584545612335,0.0,0.0,-0.051847584545612335,0.0,0.0,0.0,-0.051847584545612335,0.0,0.051847584545612335,0.051847584545612335,0.0,0.0,0.0,0.051847584545612335,0.0,0.0,0.0,0.0,0.0
688063,派能科技,绿电与清洁公用,growth,student_B,llm_deepseek_extracted,"1. 机构席位活跃，北向资金流动频繁，筹码博弈加剧，短线波动放大。  
2. 产能回升叠加研发交付，业绩弹性增强，技术壁...",-0.05530012771487236,-0.05530012771487236,0.0,0.0,-0.05530012771487236,0.0,0.0,0.0,0.0,0.0,0.0,0.0,0.05530012771487236,0.05530012771487236,-0.05530012771487236,0.0,0.0,0.0,0.0,0.0,0.0,0.0,0.0,0.0,0.0,0.0,-0.05530012771487236,0.0,0.0,0.0,0.0,0.0,0.05530012771487236,0.0,0.0,0.05530012771487236,0.0,0.0,0.0,0.0,0.0,0.0,-0.05530012771487236,0.0,0.0,-0.05530012771487236,0.0,0.0,0.0,0.0,0.05530012771487236,0.05530012771487236,0.0,0.05530012771487236,0.0,0.0,0.0,0.0,0.0,0.0,0.0,0.0,0.0,0.0,-0.05530012771487236,-0.05530012771487236,0.05530012771487236,0.0,0.0,0.0,0.0,0.0,0.0,0.0,0.0,0.0,0.0,-0.05530012771487236,0.0,0.0,0.0,0.0,0.0,0.0,0.0,-0.05530012771487236,0.0,-0.05530012771487236,0.0,0.0,0.0,0.0,0.0,0.0,0.0,0.0,0.0,0.0,0.0,0.0,0.0,0.0,0.0,0.0,0.0,0.0,0.0,-0.05530012771487236,0.0,0.0,-0.05530012771487236,0.0,-0.05530012771487236,0.0,0.0,0.05530012771487236,0.0,0.05530012771487236,0.05530012771487236,0.05530012771487236,0.05530012771487236,0.05530012771487236,-0.05530012771487236,0.0,-0.05530012771487236,0.0,0.11060025542974472,0.0,0.0,0.0,0.0,0.05530012771487236,0.05530012771487236,-0.05530012771487236,0.0,-0.05530012771487236,0.0,0.0,0.0,0.0,0.0,0.0,0.0,0.0,0.0,0.0,0.05530012771487236,0.0,0.05530012771487236,0.0,0.0,-0.05530012771487236,0.0,0.0,0.0,0.05530012771487236,0.0,0.0,0.0,0.05530012771487236,0.0,0.0,0.11060025542974472,0.0,0.05530012771487236,-0.05530012771487236,0.0,0.0,0.0,0.05530012771487236,-0.05530012771487236,-0.05530012771487236,0.0,0.0,0.0,0.0,0.05530012771487236,0.0,-0.05530012771487236,0.0,0.0,0.0,0.0,0.0,0.0,0.0,0.0,0.0,0.05530012771487236,0.05530012771487236,0.0,0.0,0.0,0.0,0.0,0.0,0.0,0.0,0.0,0.05530012771487236,0.05530012771487236,0.0,0.0,0.0,0.0,0.0,0.0,0.05530012771487236,0.0,-0.05530012771487236,0.0,0.05530012771487236,0.0,0.05530012771487236,0.0,0.05530012771487236,0.16590037941932678,0.0,0.0,-0.05530012771487236,0.0,0.0,0.0,0.0,0.0,0.0,-0.05530012771487236,-0.05530012771487236,0.0,0.05530012771487236,0.05530012771487236,0.05530012771487236,0.0,0.05530012771487236,0.0,0.0,-0.05530012771487236,-0.05530012771487236,0.0,0.0,0.0,0.0,0.0,0.0,-0.05530012771487236,0.11060025542974472,-0.05530012771487236,-0.05530012771487236,0.05530012771487236,0.0,0.0,0.0,0.0,0.11060025542974472,0.0,0.0,0.0,0.0,0.0,0.0,0.0,0.0,0.0,0.0,0.0,0.0,0.0,0.0,-0.05530012771487236,0.0,0.0,0.0,0.0,0.05530012771487236,-0.05530012771487236,-0.05530012771487236,0.0,-0.11060025542974472,0.0,0.0,0.05530012771487236,0.0,0.0,-0.05530012771487236,0.05530012771487236,0.0,-0.05530012771487236,0.0,-0.05530012771487236,0.0,0.0,0.0,0.0,0.0,0.0,0.0,0.0,0.0,0.0,0.05530012771487236,0.05530012771487236,0.0,0.05530012771487236,0.0,-0.05530012771487236,0.0,0.0,-0.05530012771487236,0.0,0.0,0.0,0.0,0.0,0.05530012771487236,-0.05530012771487236,0.0,0.0,0.05530012771487236,0.0,0.0,0.0,-0.05530012771487236,0.0,-0.05530012771487236,0.0,0.0,0.05530012771487236,0.05530012771487236,0.0,0.0,0.0,0.0,0.0,0.0,0.0,0.0,0.0,0.0,0.0,0.0,0.05530012771487236,0.0,0.0,0.0,-0.16590037941932678,0.0,0.0,0.0,0.0,0.05530012771487236,0.0,-0.05530012771487236,0.0,0.0,-0.05530012771487236,-0.05530012771487236,0.05530012771487236,0.0,0.0,0.0,-0.05530012771487236,0.0,0.0,0.0,-0.05530012771487236,0.0,0.0,0.0,0.0,0.0,0.0,-0.05530012771487236,-0.05530012771487236,0.0,0.0,0.0,0.0,0.0,0.0,0.0,-0.05530012771487236,0.0,0.0,0.05530012771487236,0.0,-0.05530012771487236,0.0,0.0,0.0,0.0,0.0,0.0,0.0,0.0,0.0,0.0,0.0,0.0,0.0,0.0,0.0,0.0,0.0,0.0,0.0,0.0,-0.05530012771487236,0.0,0.0,0.0,0.0,0.0,0.0,0.0,0.0,-0.05530012771487236,0.0,0.0,0.05530012771487236,0.0,0.0,0.0,0.0,0.0,0.0,0.0,0.0,0.0,0.0,0.0,0.0,0.22120051085948944,0.0,0.0,0.0,0.0,0.0,0.0,0.0,0.0,0.0,0.05530012771487236,0.0,0.0,0.0,0.0,0.0,0.05530012771487236,0.0,0.0,-0.05530012771487236,0.0,0.0,0.0,-0.05530012771487236,0.0,0.05530012771487236,0.05530012771487236,0.0,0.0,0.0,0.0,0.0,0.0,0.0,-0.05530012771487236,0.05530012771487236,-0.05530012771487236,0.05530012771487236,-0.05530012771487236,0.0,0.0,0.0,0.0,0.0,-0.05530012771487236,0.0,-0.05530012771487236,-0.05530012771487236,-0.05530012771487236,0.0,0.0,0.05530012771487236,0.0,0.0,0.0,0.0,0.05530012771487236,0.0,0.0,0.0,0.0,0.0,0.0,0.0,0.0,0.0,-0.05530012771487236,0.0,0.0,-0.05530012771487236,0.0,0.0,0.0,0.0,-0.11060025542974472,0.0,0.0,0.0,-0.05530012771487236,0.0,0.05530012771487236,0.0,0.0,0.0,-0.05530012771487236,0.0,-0.05530012771487236,-0.05530012771487236,0.0,0.0,0.0,0.0,0.0,-0.38710087537765503,0.0,-0.05530012771487236,0.0,0.0,0.0,0.0,0.0,0.05530012771487236,0.0,-0.05530012771487236,0.0,0.0,0.0,0.0,0.0,0.0,0.0,0.05530012771487236,0.05530012771487236,0.0,0.0,0.0,0.0,0.0,-0.05530012771487236,0.0,0.05530012771487236,0.05530012771487236,-0.05530012771487236,0.05530012771487236,0.0,0.0,0.16590037941932678,0.0,0.0,-0.05530012771487236,0.0,0.0,0.0,0.0,0.0,-0.05530012771487236,0.0,0.05530012771487236,0.0,0.0,0.0,0.0,0.0,0.0,0.0,0.0,0.0,0.0,0.0,0.0,-0.05530012771487236,0.0,0.0,0.0,0.0,0.0,0.05530012771487236,0.0,0.0,0.0,0.0,0.0,0.0,0.0,0.0,0.0,0.0,-0.05530012771487236,0.0,0.0,0.0,0.0,-0.05530012771487236,0.0,-0.05530012771487236,0.0,0.05530012771487236,-0.05530012771487236,0.0,0.0,0.0,0.0,0.0,0.0,0.0,0.0,0.0,-0.05530012771487236,0.0,0.0,-0.05530012771487236,0.0,0.0,0.0,-0.11060025542974472,0.0,0.0,0.05530012771487236,0.0,-0.05530012771487236,-0.05530012771487236,0.0,0.0,0.05530012771487236,0.0,0.0,0.0,0.0,0.0,0.05530012771487236,0.0,-0.05530012771487236,-0.05530012771487236,-0.05530012771487236,0.0,0.0,0.0,0.0,0.0,0.0,0.0,-0.05530012771487236,0.05530012771487236,0.0,0.0,-0.05530012771487236,0.0,0.0,0.0,-0.05530012771487236,0.0,0.0,0.0,0.05530012771487236,0.0,0.0,-0.05530012771487236,0.0,0.05530012771487236,0.0,0.0,0.0,0.0,0.0,0.0,-0.11060025542974472,0.0,0.0,0.0,0.0,0.11060025542974472,0.0,-0.05530012771487236,0.0,0.0,0.05530012771487236,0.0,0.0,0.0,0.0,0.0,0.0,0.0,0.0,0.0,0.05530012771487236,-0.05530012771487236,0.0,0.0,0.0,0.0,0.0,0.0,-0.11060025542974472,0.0,0.0,0.0,0.0,0.0,0.05530012771487236,0.0,-0.05530012771487236,0.0,0.0,0.0,0.0,-0.05530012771487236,0.0,0.05530012771487236,-0.05530012771487236,0.05530012771487236,-0.05530012771487236,0.0,0.0,0.0,0.0,0.0,0.0,0.05530012771487236,-0.05530012771487236,0.0,0.0,0.0,0.0,0.05530012771487236,-0.05530012771487236,-0.05530012771487236,0.0,-0.05530012771487236,0.0,0.0,0.11060025542974472,0.0,0.0,0.0,0.0,0.0,0.0,0.0,0.0,-0.05530012771487236,0.0,0.0,0.0,0.05530012771487236,0.0,0.0,0.05530012771487236,0.0,-0.05530012771487236,0.0,0.05530012771487236,0.0,0.0,-0.05530012771487236,0.05530012771487236,0.0
600025,华能水电,绿电与清洁公用,defensive,student_B,llm_deepseek_extracted,"1. 机构博弈筹码流动：北向资金活跃，机构席位交易博弈升温，筹码流动偏多。  
2. 业绩弹性与技术壁垒：产能景气回升，...",-0.047351375222206116,0.0,0.0,0.0,0.0,0.0,0.0,0.0,0.0,0.0,0.047351375222206116,0.0,0.047351375222206116,0.047351375222206116,0.0,0.0,0.0,0.0,0.0,0.0,0.0,0.0,0.0,0.0,0.047351375222206116,-0.047351375222206116,-0.047351375222206116,0.0,0.0,0.0,0.0,0.0,0.0,0.0,-0.047351375222206116,0.0,0.0,0.0,0.047351375222206116,0.0,0.0,0.0,-0.047351375222206116,0.0,0.0,0.0,0.0,0.0,0.047351375222206116,0.0,0.047351375222206116,0.09470275044441223,0.047351375222206116,0.047351375222206116,0.047351375222206116,0.0,-0.047351375222206116,0.0,0.047351375222206116,0.0,0.0,0.0,0.0,0.0,-0.09470275044441223,-0.047351375222206116,0.0,0.0,0.0,0.0,0.0,0.0,0.0,0.0,-0.047351375222206116,0.0,0.0,-0.047351375222206116,0.0,0.0,0.0,0.0,0.0,0.0,0.0,0.0,0.0,-0.09470275044441223,0.0,0.0,0.0,0.0,0.047351375222206116,0.0,0.0,0.0,0.0,0.0,0.0,0.0,0.0,0.0,0.0,0.0,0.0,0.0,0.0,-0.09470275044441223,0.047351375222206116,0.0,-0.09470275044441223,0.0,0.0,0.0,0.0,0.047351375222206116,0.0,0.0,0.0,0.047351375222206116,0.0,0.0,-0.047351375222206116,0.0,-0.047351375222206116,0.0,0.09470275044441223,0.0,0.0,0.0,0.0,0.047351375222206116,0.047351375222206116,-0.047351375222206116,0.0,-0.047351375222206116,0.0,0.0,0.0,0.0,0.0,0.0,0.0,0.0,0.0,-0.047351375222206116,0.0,0.0,0.0,0.0,0.0,0.0,0.0,0.0,0.0,0.0,0.047351375222206116,0.0,0.0,0.0,0.047351375222206116,0.0,0.14205412566661835,0.0,0.0,0.0,-0.047351375222206116,0.0,0.047351375222206116,0.0,-0.09470275044441223,-0.047351375222206116,0.0,0.0,0.0,-0.047351375222206116,0.047351375222206116,0.0,-0.047351375222206116,0.0,0.09470275044441223,0.0,0.0,0.0,0.0,0.0,0.0,0.0,-0.09470275044441223,-0.047351375222206116,0.0,-0.047351375222206116,0.0,-0.047351375222206116,0.0,0.0,-0.047351375222206116,0.0,0.0,0.0,0.0,0.0,0.0,0.0,0.0,0.0,0.0,0.09470275044441223,0.047351375222206116,0.0,0.047351375222206116,0.0,0.0,0.0,0.0,0.047351375222206116,0.047351375222206116,0.0,0.0,-0.14205412566661835,-0.047351375222206116,0.0,0.0,-0.047351375222206116,-0.047351375222206116,0.0,0.047351375222206116,-0.09470275044441223,0.0,0.047351375222206116,0.09470275044441223,0.047351375222206116,0.0,0.0,0.0,0.047351375222206116,-0.09470275044441223,0.0,0.0,0.0,0.0,0.0,0.047351375222206116,0.0,0.0,0.14205412566661835,0.0,-0.047351375222206116,-0.09470275044441223,0.047351375222206116,0.0,0.0,0.0,0.047351375222206116,0.0,0.0,0.0,0.0,0.0,0.0,0.0,0.0,-0.047351375222206116,-0.047351375222206116,0.0,0.0,0.0,0.0,0.0,0.0,0.0,0.0,0.0,0.0,-0.047351375222206116,-0.09470275044441223,0.0,0.0,-0.047351375222206116,0.0,0.0,0.0,0.0,-0.047351375222206116,0.0,0.0,0.0,0.0,-0.047351375222206116,0.0,0.0,0.0,0.0,0.0,0.0,0.0,0.0,0.0,0.0,0.047351375222206116,0.0,0.0,0.047351375222206116,0.0,0.0,0.0,0.0,-0.047351375222206116,0.0,0.0,0.047351375222206116,0.0,0.0,0.047351375222206116,-0.047351375222206116,0.0,0.0,0.09470275044441223,0.0,0.047351375222206116,0.0,-0.047351375222206116,0.0,0.0,0.0,0.0,-0.047351375222206116,0.0,0.0,0.0,0.0,0.0,0.0,0.0,0.0,0.0,0.0,0.0,0.0,-0.047351375222206116,0.0,-0.047351375222206116,0.0,0.0,-0.09470275044441223,0.0,-0.047351375222206116,0.0,0.0,0.0,0.0,-0.047351375222206116,0.0,-0.09470275044441223,-0.09470275044441223,-0.047351375222206116,0.047351375222206116,0.0,-0.047351375222206116,0.0,-0.14205412566661835,0.0,0.0,0.0,0.0,0.0,0.0,0.0,0.0,0.0,0.0,-0.09470275044441223,0.0,-0.047351375222206116,0.0,0.0,0.0,0.0,0.0,0.0,-0.047351375222206116,0.0,0.0,0.0,0.0,-0.047351375222206116,0.0,0.0,0.0,0.047351375222206116,0.0,0.047351375222206116,0.0,0.0,0.0,0.0,0.0,0.0,0.0,-0.09470275044441223,-0.047351375222206116,0.0,0.0,0.0,0.0,0.0,-0.047351375222206116,0.0,-0.047351375222206116,0.0,0.0,0.0,0.0,0.0,0.047351375222206116,0.0,0.0,0.0,0.047351375222206116,0.0,0.0,0.0,0.0,0.0,0.0,0.0,0.0,0.0,-0.047351375222206116,0.0,0.0,0.14205412566661835,-0.047351375222206116,0.0,0.0,0.0,0.0,0.0,0.0,0.0,0.0,0.0,0.047351375222206116,0.0,0.0,0.0,-0.047351375222206116,0.047351375222206116,0.0,0.0,0.0,0.0,0.0,0.0,0.0,0.0,0.0,0.0,0.0,0.047351375222206116,0.0,0.0,0.0,0.0,0.0,0.0,0.0,-0.047351375222206116,0.047351375222206116,0.0,-0.047351375222206116,0.0,0.0,0.0,0.0,0.047351375222206116,0.0,0.0,0.0,-0.047351375222206116,0.0,0.0,0.0,0.0,0.0,0.0,0.0,0.0,0.0,0.0,0.0,0.0,-0.047351375222206116,0.047351375222206116,0.0,0.0,0.0,-0.047351375222206116,0.0,0.047351375222206116,0.047351375222206116,0.0,0.0,0.09470275044441223,0.0,0.0,0.0,0.0,0.0,-0.047351375222206116,0.0,0.047351375222206116,0.0,0.0,0.0,-0.09470275044441223,-0.047351375222206116,-0.09470275044441223,-0.047351375222206116,0.0,0.0,-0.047351375222206116,0.0,0.047351375222206116,-0.2841082513332367,0.0,-0.047351375222206116,0.047351375222206116,0.0,0.0,0.0,0.0,0.14205412566661835,0.0,-0.047351375222206116,0.0,0.0,0.0,0.0,0.0,-0.09470275044441223,-0.047351375222206116,0.047351375222206116,0.047351375222206116,-0.09470275044441223,0.0,0.047351375222206116,0.0,0.0,0.047351375222206116,0.0,0.0,0.0,0.0,0.0,0.0,-0.047351375222206116,0.14205412566661835,0.0,0.0,-0.09470275044441223,0.0,0.0,0.0,0.0,0.0,0.0,0.0,0.0,0.0,0.0,0.0,-0.047351375222206116,-0.047351375222206116,0.0,0.047351375222206116,0.0,0.0,0.0,0.0,0.0,0.0,0.0,0.0,0.0,0.0,0.0,0.0,0.0,0.0,0.0,-0.047351375222206116,0.0,0.0,0.0,0.0,0.0,0.0,-0.047351375222206116,0.0,0.047351375222206116,0.0,0.0,-0.047351375222206116,0.0,0.0,0.0,0.09470275044441223,0.0,0.0,0.0,0.0,0.0,0.0,-0.047351375222206116,0.0,0.0,0.0,0.0,0.047351375222206116,-0.047351375222206116,-0.14205412566661835,0.0,0.0,0.0,-0.09470275044441223,0.0,0.0,0.047351375222206116,0.0,0.0,-0.047351375222206116,0.0,0.047351375222206116,0.0,-0.047351375222206116,0.0,0.0,-0.047351375222206116,-0.047351375222206116,0.0,0.0,0.0,0.09470275044441223,0.0,0.0,0.047351375222206116,0.0,0.0,-0.047351375222206116,-0.047351375222206116,-0.047351375222206116,0.0,0.047351375222206116,0.0,0.0,0.0,0.0,0.0,0.0,-0.047351375222206116,0.0,0.09470275044441223,0.0,0.0,0.0,0.0,0.0,0.0,0.047351375222206116,0.0,0.0,-0.047351375222206116,0.0,0.0,0.0,0.0,0.0,0.0,0.0,0.0,0.09470275044441223,0.0,0.0,0.0,0.0,0.09470275044441223,0.0,0.0,0.0,0.0,0.0,-0.047351375222206116,0.0,0.047351375222206116,0.0,0.09470275044441223,0.047351375222206116,0.0,0.0,0.0,0.0,0.047351375222206116,0.0,-0.14205412566661835,0.047351375222206116,0.0,0.0,0.0,0.047351375222206116,0.0,0.0,-0.047351375222206116,0.0,0.0,0.0,0.0,0.0,0.0,0.09470275044441223,0.0,0.0,0.0,0.0,0.0,0.0,0.0,0.0,0.0,0.14205412566661835,-0.047351375222206116,0.0,-0.047351375222206116,0.0,0.0,-0.047351375222206116,0.0,-0.047351375222206116,0.0,-0.047351375222206116,0.09470275044441223,0.0,0.14205412566661835,-0.047351375222206116,0.0,0.0,0.0,0.047351375222206116,0.0,0.0,0.0,-0.047351375222206116,0.0,0.0,0.0,-0.047351375222206116,0.0,0.0,-0.047351375222206116,0.0,0.0,0.09470275044441223,0.047351375222206116,0.0,0.0,0.0,0.0,0.0
600027,华电国际,绿电与清洁公用,defensive,student_B,llm_deepseek_extracted,"1. 机构席位活跃，北向资金流入，筹码博弈偏多。  
2. 产能回升，研发交付推进，业绩弹性温和，壁垒中等。  
3. ...",-0.06166263669729233,0.0,0.0,0.0,0.0,0.0,0.0,0.0,0.0,0.0,0.06166263669729233,0.0,0.06166263669729233,0.06166263669729233,0.0,0.0,0.0,0.0,0.0,0.0,0.0,0.0,0.0,0.0,0.0,0.0,0.0,0.0,0.0,0.0,0.0,0.0,0.06166263669729233,0.0,0.0,0.0,0.06166263669729233,0.0,0.0,-0.06166263669729233,-0.06166263669729233,0.0,-0.06166263669729233,0.0,0.0,0.0,0.0,0.0,0.06166263669729233,0.0,0.06166263669729233,0.12332527339458466,0.0,0.06166263669729233,0.06166263669729233,0.0,0.0,0.0,0.06166263669729233,0.0,0.0,0.0,0.0,0.0,-0.06166263669729233,-0.06166263669729233,0.0,0.0,0.0,0.0,0.0,0.0,0.0,0.0,-0.06166263669729233,0.0,0.0,0.0,0.0,0.0,0.0,0.0,0.0,0.0,-0.06166263669729233,-0.06166263669729233,0.0,-0.06166263669729233,0.0,0.0,0.0,0.0,0.0,-0.06166263669729233,0.0,0.0,0.0,0.0,0.0,0.0,0.0,0.0,0.0,0.0,0.0,0.0,0.0,-0.12332527339458466,0.0,0.0,-0.06166263669729233,0.0,0.06166263669729233,0.0,0.0,0.06166263669729233,0.0,0.0,0.0,0.06166263669729233,0.0,0.0,0.0,0.0,-0.06166263669729233,0.0,0.12332527339458466,0.0,0.0,0.0,0.0,0.06166263669729233,0.06166263669729233,-0.06166263669729233,0.0,-0.06166263669729233,0.0,0.0,0.0,0.0,0.0,0.0,0.0,0.0,0.0,0.0,0.0,0.0,0.0,0.0,0.0,0.0,0.0,0.0,0.0,0.0,0.0,0.0,0.0,0.0,0.0,0.0,0.12332527339458466,-0.06166263669729233,0.0,0.0,0.0,0.0,0.0,0.0,-0.06166263669729233,-0.06166263669729233,0.0,0.0,0.0,0.0,0.06166263669729233,0.0,-0.06166263669729233,0.0,0.0,0.0,0.0,0.0,0.0,0.0,0.0,0.0,0.0,0.0,0.0,0.0,0.0,-0.06166263669729233,0.0,0.0,0.0,0.0,0.0,0.0,0.06166263669729233,0.0,0.0,0.0,0.0,0.0,0.0,0.06166263669729233,0.06166263669729233,0.0,0.0,0.0,-0.06166263669729233,0.0,0.0,0.06166263669729233,0.06166263669729233,0.0,0.0,0.0,-0.06166263669729233,0.0,0.0,0.0,0.0,0.0,0.0,-0.06166263669729233,0.0,0.06166263669729233,0.06166263669729233,0.06166263669729233,0.0,0.0,0.0,0.0,-0.12332527339458466,0.0,0.0,0.0,0.06166263669729233,0.0,0.0,0.0,-0.06166263669729233,0.12332527339458466,0.0,-0.06166263669729233,0.06166263669729233,0.0,0.0,0.0,0.0,0.12332527339458466,0.0,0.0,0.0,0.0,0.0,0.0,0.0,0.0,0.0,-0.06166263669729233,0.0,0.0,0.0,0.0,0.0,0.0,0.0,0.0,0.0,0.0,-0.06166263669729233,-0.06166263669729233,0.0,0.0,0.0,0.0,0.0,0.0,0.0,0.0,0.06166263669729233,0.0,0.0,0.0,-0.06166263669729233,0.0,0.0,0.0,0.0,-0.06166263669729233,0.0,0.0,0.06166263669729233,0.0,0.0,0.06166263669729233,0.0,0.0,0.06166263669729233,0.0,-0.06166263669729233,0.0,0.0,-0.06166263669729233,0.0,0.0,0.0,0.0,0.0,0.0,-0.06166263669729233,0.0,0.0,0.06166263669729233,0.0,0.0,0.0,-0.06166263669729233,0.0,0.0,0.0,0.0,0.0,0.0,0.0,0.0,0.0,0.0,0.0,0.0,0.0,0.0,0.0,0.0,0.06166263669729233,0.0,0.0,0.0,0.0,0.0,0.0,0.0,0.0,0.0,0.0,0.0,0.0,-0.06166263669729233,0.0,0.0,0.0,-0.06166263669729233,0.06166263669729233,0.0,0.0,0.0,-0.06166263669729233,0.0,0.0,0.0,0.0,0.0,0.0,0.0,0.0,0.0,0.0,-0.06166263669729233,0.0,0.0,0.0,0.0,0.0,0.0,0.0,0.0,-0.06166263669729233,0.0,0.0,0.0,0.0,-0.06166263669729233,0.0,0.0,0.0,0.0,0.0,0.0,0.0,0.0,0.0,0.0,0.0,0.0,0.0,0.0,-0.06166263669729233,0.0,0.0,0.0,0.0,0.0,0.0,0.0,-0.06166263669729233,0.06166263669729233,0.0,0.0,0.0,0.0,0.06166263669729233,0.0,-0.06166263669729233,0.0,0.06166263669729233,0.0,0.0,0.0,0.0,0.0,0.0,0.0,0.0,0.0,-0.06166263669729233,0.06166263669729233,0.0,0.2466505467891693,-0.06166263669729233,0.0,0.0,0.0,0.0,0.0,0.0,0.0,0.0,0.0,0.06166263669729233,0.0,0.0,0.0,0.0,0.06166263669729233,0.0,0.0,0.0,0.0,0.0,0.0,0.0,0.0,0.0,0.0,0.0,0.0,0.0,0.0,0.0,0.0,0.0,0.0,0.0,-0.06166263669729233,0.06166263669729233,0.0,-0.06166263669729233,0.0,0.0,0.0,0.06166263669729233,0.12332527339458466,0.0,0.0,0.0,-0.06166263669729233,0.0,0.0,0.0,0.0,0.0,0.0,0.0,0.0,0.0,0.0,0.0,0.0,0.0,0.0,0.0,0.0,0.0,-0.06166263669729233,0.0,0.0,-0.06166263669729233,0.0,0.0,0.0,-0.06166263669729233,0.0,0.0,0.0,0.0,-0.06166263669729233,0.0,0.06166263669729233,0.0,0.0,0.0,-0.06166263669729233,0.0,-0.06166263669729233,0.0,0.0,0.0,-0.06166263669729233,0.0,0.0,-0.30831319093704224,0.0,-0.06166263669729233,0.06166263669729233,0.0,0.0,0.0,0.0,0.18498791754245758,0.0,-0.06166263669729233,0.0,0.0,0.0,0.0,0.0,0.0,-0.06166263669729233,0.06166263669729233,0.06166263669729233,-0.06166263669729233,0.0,0.0,0.0,0.0,-0.06166263669729233,0.0,0.0,0.0,0.0,0.0,0.0,0.0,0.18498791754245758,0.0,0.0,-0.06166263669729233,0.0,0.0,0.0,0.0,0.0,0.0,-0.06166263669729233,0.0,0.0,0.0,0.0,-0.06166263669729233,-0.06166263669729233,0.0,0.0,0.0,0.0,0.06166263669729233,0.0,0.0,0.0,0.0,0.06166263669729233,0.0,0.0,0.0,0.0,0.0,0.06166263669729233,-0.06166263669729233,0.0,0.0,0.0,0.0,0.0,0.0,0.0,-0.06166263669729233,0.0,0.06166263669729233,0.0,0.0,-0.06166263669729233,0.0,0.0,0.0,0.06166263669729233,0.0,0.0,0.0,0.0,0.0,0.0,0.0,0.0,0.0,0.0,0.0,0.0,0.0,-0.12332527339458466,0.0,0.0,0.0,-0.06166263669729233,0.0,0.06166263669729233,0.06166263669729233,0.0,0.0,-0.06166263669729233,0.0,0.06166263669729233,0.06166263669729233,0.0,0.0,0.0,0.0,0.06166263669729233,0.06166263669729233,0.0,-0.06166263669729233,0.0,-0.06166263669729233,0.0,0.0,0.0,0.0,0.0,-0.06166263669729233,0.0,0.0,0.06166263669729233,0.0,0.0,0.0,0.0,0.06166263669729233,0.0,-0.06166263669729233,0.06166263669729233,0.0,0.0,0.0,0.0,0.0,0.0,0.0,0.06166263669729233,0.0,0.0,-0.06166263669729233,0.0,0.0,0.0,0.0,0.0,0.0,0.0,0.0,0.12332527339458466,0.0,0.06166263669729233,0.0,0.0,0.06166263669729233,0.0,0.0,0.0,0.0,0.0,0.0,0.0,0.0,0.0,0.12332527339458466,0.06166263669729233,0.0,0.0,0.0,0.0,0.0,0.0,-0.06166263669729233,0.06166263669729233,0.0,0.0,0.0,0.06166263669729233,0.0,0.0,-0.06166263669729233,0.0,0.0,0.0,0.0,0.0,0.0,0.06166263669729233,0.0,0.0,0.0,0.0,0.0,0.0,0.0,0.0,0.0,0.06166263669729233,0.0,0.0,0.0,0.0,0.0,0.06166263669729233,0.0,0.0,0.0,0.0,0.0,0.0,0.18498791754245758,-0.06166263669729233,0.0,0.0,0.0,0.0,0.06166263669729233,0.0,0.0,-0.06166263669729233,0.0,0.0,0.0,0.0,0.0,0.0,0.0,0.0,-0.06166263669729233,0.06166263669729233,0.06166263669729233,0.0,0.0,0.06166263669729233,0.0,0.0
600674,川投能源,绿电与清洁公用,defensive,student_B,llm_deepseek_extracted,"1. 机构博弈筹码流动：北向资金活跃，机构席位维持增持，筹码偏多。  
2. 业绩弹性与技术壁垒：产能景气回升，研发交付...",-0.053916387259960175,0.0,0.0,0.0,0.0,0.0,0.0,0.0,0.0,0.0,0.0,0.0,0.053916387259960175,0.053916387259960175,0.0,0.0,-0.053916387259960175,0.0,0.0,0.0,0.0,0.0,0.0,0.0,0.0,0.0,0.0,0.0,0.0,0.0,-0.053916387259960175,0.0,0.0,0.0,0.0,0.0,0.0,0.0,0.053916387259960175,0.0,0.0,0.0,-0.053916387259960175,0.0,0.0,0.0,-0.053916387259960175,0.0,0.053916387259960175,0.0,0.053916387259960175,0.10783277451992035,0.0,0.053916387259960175,0.053916387259960175,0.0,0.0,0.0,0.0,0.0,0.0,0.0,0.0,0.0,-0.053916387259960175,-0.053916387259960175,0.0,0.0,0.0,0.0,0.0,0.0,0.0,0.0,-0.053916387259960175,0.0,0.0,-0.053916387259960175,0.0,0.0,0.0,0.0,0.0,0.0,0.0,0.0,0.0,-0.053916387259960175,0.0,0.0,0.0,0.0,0.10783277451992035,0.0,0.053916387259960175,0.0,0.0,0.0,0.0,0.0,0.0,0.0,0.0,0.053916387259960175,0.0,0.0,0.0,-0.10783277451992035,0.053916387259960175,0.0,-0.053916387259960175,0.0,0.0,0.0,0.0,0.053916387259960175,0.0,0.053916387259960175,0.0,0.053916387259960175,0.053916387259960175,0.0,-0.10783277451992035,0.0,-0.053916387259960175,0.0,0.10783277451992035,0.0,0.0,0.0,0.0,0.053916387259960175,0.10783277451992035,0.0,0.0,-0.053916387259960175,0.0,0.0,0.0,0.0,0.0,0.0,0.0,-0.053916387259960175,0.0,-0.053916387259960175,0.0,0.0,0.0,0.0,0.0,0.0,0.0,0.0,0.0,0.0,0.0,0.0,0.0,0.0,0.0,0.0,0.10783277451992035,0.053916387259960175,0.0,0.0,0.0,0.0,0.0,0.0,-0.10783277451992035,0.0,0.0,0.0,0.0,-0.053916387259960175,0.053916387259960175,0.0,-0.053916387259960175,0.0,0.053916387259960175,0.0,0.0,0.0,0.0,0.0,0.0,0.0,0.0,0.0,0.0,-0.053916387259960175,0.0,-0.053916387259960175,0.0,0.0,0.0,0.0,0.0,0.0,0.0,0.0,0.0,0.0,0.0,0.0,0.0,0.10783277451992035,0.0,0.0,0.053916387259960175,0.0,0.0,0.0,0.0,0.053916387259960175,0.053916387259960175,0.0,0.0,-0.16174915432929993,-0.053916387259960175,0.0,0.0,0.0,-0.053916387259960175,0.0,0.0,-0.053916387259960175,0.0,0.053916387259960175,0.10783277451992035,0.053916387259960175,0.0,0.0,0.0,0.0,-0.053916387259960175,0.0,0.0,0.0,0.0,0.0,0.053916387259960175,0.0,0.0,0.10783277451992035,-0.053916387259960175,-0.053916387259960175,0.053916387259960175,0.053916387259960175,0.0,0.0,0.0,0.053916387259960175,-0.053916387259960175,0.0,0.0,0.0,0.0,0.0,0.0,0.0,0.0,-0.053916387259960175,0.0,0.0,0.0,0.0,0.0,0.0,0.0,0.0,0.0,0.0,-0.053916387259960175,-0.053916387259960175,0.0,0.0,-0.053916387259960175,0.0,0.0,0.0,0.0,0.0,0.0,0.0,0.0,0.0,-0.053916387259960175,0.0,0.0,0.0,0.0,0.0,0.0,0.0,0.0,0.0,0.0,0.053916387259960175,0.0,0.0,0.0,0.0,0.0,0.0,0.0,-0.053916387259960175,0.0,0.0,0.053916387259960175,0.0,0.0,0.0,-0.053916387259960175,0.0,0.0,0.10783277451992035,0.0,0.053916387259960175,0.0,0.0,0.0,0.0,0.0,0.0,0.0,0.0,0.0,0.0,0.0,0.0,0.0,0.0,0.0,0.0,0.0,0.0,0.053916387259960175,-0.053916387259960175,0.0,-0.053916387259960175,0.0,0.0,-0.053916387259960175,0.0,-0.053916387259960175,0.0,0.0,0.0,0.0,0.0,0.0,-0.053916387259960175,0.0,-0.053916387259960175,0.053916387259960175,0.0,-0.053916387259960175,0.0,-0.10783277451992035,0.0,0.0,0.0,0.0,0.0,0.0,-0.053916387259960175,0.0,0.0,0.0,-0.053916387259960175,0.0,-0.053916387259960175,0.0,0.0,0.0,0.0,0.0,0.0,-0.10783277451992035,0.0,0.0,0.0,-0.10783277451992035,-0.053916387259960175,0.0,0.0,0.0,0.053916387259960175,0.0,0.053916387259960175,0.0,0.0,0.0,0.0,0.0,0.0,0.0,-0.10783277451992035,-0.053916387259960175,0.0,0.0,0.0,0.0,0.0,-0.053916387259960175,0.0,-0.053916387259960175,0.0,0.053916387259960175,0.0,0.0,0.0,0.0,0.0,0.0,0.053916387259960175,0.053916387259960175,0.0,0.0,0.0,0.0,0.0,0.0,0.0,0.0,0.053916387259960175,-0.053916387259960175,0.0,0.0,0.16174915432929993,-0.053916387259960175,0.0,0.0,0.0,0.0,0.0,0.0,0.0,0.0,0.053916387259960175,0.0,0.0,0.0,0.0,0.0,0.053916387259960175,0.0,0.0,0.0,0.0,0.0,0.0,0.0,0.0,0.0,0.0,-0.053916387259960175,0.0,0.0,0.0,0.0,0.0,0.0,0.0,0.053916387259960175,-0.053916387259960175,0.0,0.053916387259960175,-0.053916387259960175,0.0,0.0,0.0,0.0,0.053916387259960175,0.0,0.0,0.0,-0.053916387259960175,0.0,0.0,0.10783277451992035,0.0,0.0,0.0,0.0,0.0,0.0,0.053916387259960175,0.0,0.0,0.0,0.0,0.0,0.0,0.0,-0.053916387259960175,0.0,0.0,-0.053916387259960175,0.0,0.0,0.053916387259960175,0.0,0.0,0.0,0.0,-0.053916387259960175,-0.053916387259960175,0.0,0.053916387259960175,0.0,0.0,0.0,-0.10783277451992035,0.0,-0.10783277451992035,0.0,0.0,0.0,0.0,0.0,0.0,-0.2695819139480591,0.0,-0.053916387259960175,0.0,0.0,0.0,0.0,0.0,0.10783277451992035,0.0,-0.053916387259960175,0.0,0.0,0.0,0.0,0.0,-0.053916387259960175,-0.053916387259960175,-0.053916387259960175,0.053916387259960175,-0.053916387259960175,0.0,0.053916387259960175,0.0,0.0,0.053916387259960175,0.0,0.0,0.0,0.0,0.0,0.0,-0.053916387259960175,0.16174915432929993,0.0,0.0,-0.10783277451992035,0.0,0.0,0.0,0.0,0.0,0.0,0.0,0.0,0.0,0.0,0.0,0.0,-0.053916387259960175,0.0,0.053916387259960175,0.0,0.0,0.10783277451992035,0.0,0.0,0.0,0.0,0.0,0.0,-0.053916387259960175,0.0,0.053916387259960175,0.0,0.0,0.0,0.0,0.0,0.0,0.0,0.0,0.0,0.0,-0.10783277451992035,0.0,0.053916387259960175,0.0,0.0,-0.053916387259960175,0.0,0.0,0.0,0.053916387259960175,0.0,0.053916387259960175,0.0,0.0,0.0,0.053916387259960175,-0.053916387259960175,0.0,0.0,0.0,-0.053916387259960175,0.053916387259960175,0.0,-0.16174915432929993,0.0,-0.053916387259960175,0.0,-0.053916387259960175,0.0,0.0,0.053916387259960175,0.053916387259960175,0.0,-0.10783277451992035,0.0,0.053916387259960175,0.0,-0.053916387259960175,0.0,0.0,0.0,-0.053916387259960175,0.0,0.0,0.0,0.053916387259960175,0.0,0.0,0.053916387259960175,0.0,0.0,-0.053916387259960175,-0.053916387259960175,-0.053916387259960175,0.0,0.053916387259960175,0.0,0.0,0.0,0.0,0.053916387259960175,0.0,-0.053916387259960175,0.0,0.0,0.0,0.0,0.0,0.0,0.0,0.0,0.053916387259960175,0.0,0.0,0.053916387259960175,0.0,0.0,0.0,-0.10783277451992035,0.0,0.0,0.0,0.0,0.10783277451992035,0.0,0.053916387259960175,0.0,0.0,0.053916387259960175,0.0,0.0,0.0,0.053916387259960175,0.0,-0.053916387259960175,0.0,0.0,0.0,0.10783277451992035,0.0,0.0,0.0,0.0,0.0,0.0,0.0,-0.10783277451992035,0.053916387259960175,0.0,0.0,0.0,0.053916387259960175,0.0,0.0,-0.053916387259960175,0.0,0.0,0.0,0.0,0.0,0.0,0.053916387259960175,0.0,0.0,0.0,0.0,0.0,0.0,0.0,0.0,0.0,0.053916387259960175,0.0,0.0,-0.053916387259960175,0.0,0.0,-0.053916387259960175,0.0,-0.053916387259960175,0.0,-0.053916387259960175,0.0,0.0,0.16174915432929993,-0.053916387259960175,0.0,0.0,0.0,0.0,0.0,0.0,0.0,-0.053916387259960175,0.0,0.0,0.0,0.0,0.0,0.0,-0.053916387259960175,0.0,0.0,0.053916387259960175,0.053916387259960175,0.0,0.0,0.053916387259960175,0.053916387259960175,0.0
600023,浙能电力,绿电与清洁公用,defensive,student_B,llm_deepseek_extracted,"1. 机构席位活跃，北向资金流入，筹码博弈偏多。  
2. 产能回升，研发交付推进，业绩弹性温和，Beta低防御性强。 ...",-0.062136974185705185,0.0,0.0,0.0,0.0,0.0,0.0,0.0,0.0,0.0,0.0,0.0,0.062136974185705185,0.062136974185705185,0.0,0.0,0.0,0.0,0.0,0.0,0.0,0.0,0.0,0.0,0.0,0.0,0.0,0.0,0.0,0.0,0.0,0.0,0.062136974185705185,0.0,0.0,0.0,0.0,0.0,0.0,-0.062136974185705185,0.0,0.0,-0.062136974185705185,0.0,0.0,0.0,0.0,0.0,0.062136974185705185,0.0,0.062136974185705185,0.062136974185705185,0.0,0.062136974185705185,0.062136974185705185,0.0,0.0,0.0,0.0,0.0,0.0,0.062136974185705185,0.0,0.0,-0.062136974185705185,-0.062136974185705185,0.0,0.0,0.0,0.0,0.0,0.0,0.0,-0.062136974185705185,-0.12427394837141037,0.0,0.0,0.0,0.0,0.0,0.0,0.0,0.0,0.0,-0.062136974185705185,-0.062136974185705185,0.062136974185705185,0.0,0.0,0.0,0.0,0.0,0.0,-0.062136974185705185,0.062136974185705185,0.0,0.0,0.0,0.0,0.0,0.0,0.0,0.0,0.0,0.0,0.0,0.0,-0.062136974185705185,0.0,0.0,-0.062136974185705185,0.0,0.0,0.0,0.0,0.062136974185705185,0.0,0.0,0.0,0.062136974185705185,0.062136974185705185,0.0,-0.062136974185705185,0.0,-0.062136974185705185,0.0,0.12427394837141037,0.0,0.0,0.0,0.0,0.062136974185705185,0.062136974185705185,0.0,0.0,-0.062136974185705185,0.0,0.0,0.0,0.0,0.0,0.0,0.0,-0.062136974185705185,0.0,0.0,0.0,0.0,0.0,0.0,0.0,-0.062136974185705185,0.0,0.0,0.0,0.0,0.0,0.0,0.0,0.0,0.0,0.0,0.12427394837141037,0.0,0.0,0.0,0.0,0.0,0.0,0.0,-0.062136974185705185,-0.062136974185705185,0.0,0.0,0.0,0.0,0.062136974185705185,0.0,-0.062136974185705185,0.0,0.0,0.0,0.0,0.0,0.0,0.0,0.0,0.0,0.0,0.0,0.0,0.0,0.0,-0.062136974185705185,0.0,0.0,0.0,0.0,0.0,0.0,0.062136974185705185,0.0,0.0,0.0,0.0,0.0,0.0,0.062136974185705185,0.0,0.0,0.0,0.0,-0.062136974185705185,0.0,0.0,0.062136974185705185,0.062136974185705185,0.0,0.0,-0.062136974185705185,-0.062136974185705185,0.0,0.0,0.062136974185705185,0.0,0.0,0.0,-0.062136974185705185,0.0,0.062136974185705185,0.062136974185705185,0.062136974185705185,0.0,0.0,0.0,0.0,-0.062136974185705185,0.0,0.0,0.0,0.062136974185705185,0.0,0.0,0.0,-0.062136974185705185,0.12427394837141037,0.0,-0.062136974185705185,0.062136974185705185,0.0,0.0,0.0,0.0,0.12427394837141037,0.0,0.0,0.0,0.0,0.0,0.0,0.0,0.0,0.0,-0.062136974185705185,0.0,0.0,0.0,0.0,0.0,0.0,0.0,0.0,0.0,0.0,-0.062136974185705185,-0.062136974185705185,0.062136974185705185,-0.062136974185705185,0.0,0.0,0.0,0.0,0.0,-0.062136974185705185,0.062136974185705185,0.0,0.0,0.0,-0.062136974185705185,0.0,0.0,0.0,0.0,0.0,0.0,0.0,0.062136974185705185,0.0,0.0,0.062136974185705185,0.0,0.0,0.0,0.0,-0.062136974185705185,0.0,0.0,-0.062136974185705185,0.0,0.0,0.0,0.0,0.0,0.0,-0.062136974185705185,0.0,0.0,0.062136974185705185,0.0,0.062136974185705185,0.0,-0.062136974185705185,0.0,0.0,0.0,0.0,0.0,0.0,0.0,0.0,0.0,0.0,0.0,0.0,0.0,0.0,0.0,0.0,0.0,0.0,0.0,0.0,0.0,0.0,0.0,0.0,0.0,0.0,0.0,0.0,0.0,-0.062136974185705185,0.0,0.0,0.0,-0.062136974185705185,0.062136974185705185,0.0,0.0,0.0,-0.062136974185705185,0.0,0.0,0.0,0.0,0.0,0.0,-0.062136974185705185,0.0,0.0,0.0,0.0,0.0,0.0,0.0,0.0,0.0,0.0,0.0,0.0,-0.062136974185705185,0.0,0.0,0.0,0.0,-0.062136974185705185,0.0,0.0,0.0,0.0,0.0,0.0,0.0,0.0,0.0,0.0,0.0,0.0,0.0,0.0,-0.062136974185705185,0.0,0.0,0.0,0.0,0.0,0.0,0.0,-0.062136974185705185,0.0,0.062136974185705185,0.0,0.0,0.0,0.0,0.0,-0.062136974185705185,0.062136974185705185,0.062136974185705185,0.0,0.0,0.0,0.0,0.0,0.0,0.0,0.0,0.0,-0.062136974185705185,0.0,0.0,0.24854789674282074,-0.062136974185705185,0.0,0.0,0.0,0.0,0.0,0.0,0.0,0.0,0.062136974185705185,0.0,0.0,0.0,0.0,0.0,0.062136974185705185,0.0,0.0,0.0,0.0,0.0,0.0,0.0,0.0,0.0,0.0,0.0,0.0,0.0,0.0,0.0,0.0,0.0,0.0,0.062136974185705185,-0.062136974185705185,0.062136974185705185,0.0,-0.062136974185705185,0.0,0.0,0.0,0.0,0.062136974185705185,0.0,0.0,0.0,-0.062136974185705185,0.0,0.0,0.0,0.0,0.0,0.0,0.0,0.0,0.0,0.0,0.0,0.0,0.0,0.0,0.0,0.0,0.0,-0.062136974185705185,0.0,0.0,-0.062136974185705185,0.0,0.0,0.0,-0.062136974185705185,0.0,0.0,0.0,0.0,-0.062136974185705185,0.0,0.062136974185705185,0.0,0.0,0.0,-0.062136974185705185,0.0,-0.062136974185705185,0.0,0.0,0.0,0.0,0.0,0.0,-0.3106848895549774,-0.062136974185705185,-0.062136974185705185,0.062136974185705185,-0.062136974185705185,0.0,0.0,0.0,0.12427394837141037,0.0,-0.062136974185705185,0.0,0.0,0.0,0.0,0.0,0.0,-0.062136974185705185,0.0,0.062136974185705185,-0.062136974185705185,0.0,0.0,0.0,0.0,-0.062136974185705185,0.0,0.0,0.0,0.0,0.0,0.0,0.0,0.18641091883182526,0.0,0.0,-0.12427394837141037,0.0,0.0,0.0,0.0,0.0,0.0,-0.062136974185705185,0.0,0.0,0.0,0.0,-0.062136974185705185,0.0,0.0,0.0,0.0,0.0,0.062136974185705185,0.0,0.0,0.0,0.0,0.0,0.0,-0.062136974185705185,0.0,0.062136974185705185,0.062136974185705185,0.0,-0.062136974185705185,0.0,0.0,0.0,0.0,0.0,0.0,0.0,-0.12427394837141037,0.0,0.062136974185705185,0.0,0.0,0.0,0.0,0.0,0.0,0.062136974185705185,0.0,0.0,0.0,0.0,0.0,0.0,-0.062136974185705185,0.0,0.0,0.0,0.0,0.0,0.0,-0.12427394837141037,0.0,-0.062136974185705185,0.0,-0.062136974185705185,0.0,0.0,0.062136974185705185,0.0,0.0,-0.062136974185705185,0.0,0.062136974185705185,0.062136974185705185,0.0,0.0,0.0,0.0,0.062136974185705185,0.062136974185705185,0.0,-0.062136974185705185,0.0,-0.062136974185705185,0.0,0.0,0.0,0.0,0.0,-0.062136974185705185,0.0,0.0,0.062136974185705185,0.0,0.0,0.0,0.0,0.0,0.0,-0.062136974185705185,0.0,0.0,0.0,0.0,0.0,0.0,0.0,0.0,0.062136974185705185,0.0,0.0,0.062136974185705185,0.0,0.0,0.0,-0.12427394837141037,0.0,0.0,0.0,0.062136974185705185,0.12427394837141037,0.0,0.0,0.0,0.0,0.062136974185705185,0.0,0.0,0.0,0.0,0.0,0.0,0.0,0.0,0.0,0.12427394837141037,0.0,0.0,0.0,0.0,0.0,0.0,0.0,-0.062136974185705185,0.062136974185705185,0.0,0.0,0.0,0.062136974185705185,0.0,0.0,-0.062136974185705185,0.0,0.0,0.0,0.0,0.0,0.0,0.062136974185705185,0.0,0.0,0.0,0.0,0.0,0.0,0.0,0.0,0.0,-0.062136974185705185,0.0,0.062136974185705185,0.0,0.0,0.0,0.062136974185705185,0.0,0.0,0.0,0.0,0.0,0.0,0.18641091883182526,-0.062136974185705185,0.0,0.0,0.0,0.0,0.0,0.0,0.0,-0.062136974185705185,0.0,0.0,0.0,0.0,0.0,0.0,0.0,0.0,-0.062136974185705185,0.062136974185705185,0.062136974185705185,0.0,0.0,0.062136974185705185,0.062136974185705185,-0.062136974185705185
600863,内蒙华电,绿电与清洁公用,defensive,student_B,llm_deepseek_extracted,"1. 机构席位活跃，北向资金流入，筹码博弈偏多。  
2. 产能景气回升，研发交付推进，业绩弹性温和，壁垒中等。  
3...",-0.06551218032836914,0.0,0.0,0.0,0.0,0.0,0.0,0.0,0.0,0.0,0.06551218032836914,0.0,0.06551218032836914,0.06551218032836914,0.0,0.0,0.0,0.0,0.0,0.0,0.0,0.0,0.0,0.0,0.0,0.0,0.0,0.0,0.0,0.0,0.0,0.0,0.06551218032836914,0.0,0.0,0.0,0.0,0.0,0.0,-0.06551218032836914,0.0,0.0,-0.06551218032836914,0.0,0.0,0.0,0.0,0.0,0.06551218032836914,0.0,0.06551218032836914,0.06551218032836914,0.0,0.06551218032836914,0.06551218032836914,0.0,0.0,0.0,0.06551218032836914,0.0,0.0,0.0,0.0,0.0,-0.06551218032836914,-0.06551218032836914,0.0,0.0,0.0,0.0,0.0,0.0,0.0,0.0,-0.06551218032836914,0.0,0.0,0.0,0.0,0.0,0.0,0.0,0.0,0.0,-0.06551218032836914,-0.06551218032836914,0.0,-0.06551218032836914,0.0,0.0,0.0,0.0,0.0,-0.06551218032836914,0.0,0.0,0.0,0.0,0.0,0.0,0.0,0.0,0.0,0.0,0.0,0.0,0.0,-0.06551218032836914,0.0,0.0,-0.06551218032836914,0.0,0.06551218032836914,0.0,0.0,0.06551218032836914,0.0,0.0,0.0,0.0,0.0,0.0,0.0,0.0,-0.06551218032836914,0.0,0.13102436065673828,0.0,0.0,0.0,0.0,0.06551218032836914,0.06551218032836914,0.0,0.0,-0.06551218032836914,0.0,0.0,0.0,0.0,0.0,0.0,0.0,0.0,0.0,0.0,0.0,0.0,0.0,0.0,0.0,0.0,0.0,0.0,0.0,0.0,0.0,0.0,0.0,0.0,0.0,0.0,0.13102436065673828,-0.06551218032836914,0.0,0.0,0.0,0.0,0.0,0.0,-0.06551218032836914,-0.06551218032836914,0.0,0.0,0.0,0.0,0.06551218032836914,0.0,-0.06551218032836914,0.0,0.0,0.0,0.0,0.0,0.0,0.0,0.0,0.0,-0.06551218032836914,0.0,0.0,-0.06551218032836914,0.0,-0.06551218032836914,0.0,0.0,0.0,0.0,0.0,0.0,0.06551218032836914,0.0,0.0,0.0,0.0,0.0,0.0,0.06551218032836914,0.06551218032836914,0.0,0.06551218032836914,0.06551218032836914,-0.06551218032836914,0.0,0.0,0.06551218032836914,0.06551218032836914,0.0,0.0,0.0,-0.06551218032836914,0.0,0.0,0.0,0.0,0.0,0.0,-0.06551218032836914,0.0,0.06551218032836914,0.06551218032836914,0.06551218032836914,0.0,0.0,0.0,0.0,-0.06551218032836914,0.0,0.0,0.0,0.06551218032836914,0.0,0.0,0.0,-0.06551218032836914,0.13102436065673828,0.0,-0.06551218032836914,0.06551218032836914,0.06551218032836914,0.0,0.0,0.0,0.06551218032836914,0.0,0.0,0.0,0.0,0.0,0.0,0.0,0.0,0.0,-0.06551218032836914,0.0,0.0,0.0,0.0,0.0,0.0,0.0,0.0,0.0,0.06551218032836914,-0.06551218032836914,-0.06551218032836914,0.0,0.0,0.0,0.0,0.0,0.0,0.0,-0.06551218032836914,0.06551218032836914,0.0,0.0,0.0,-0.06551218032836914,0.0,0.0,0.0,0.0,-0.13102436065673828,0.0,0.0,0.06551218032836914,0.0,0.0,0.06551218032836914,0.0,0.0,0.06551218032836914,0.0,0.0,0.0,-0.06551218032836914,-0.06551218032836914,0.0,0.0,0.06551218032836914,0.0,0.0,0.0,-0.06551218032836914,0.0,0.0,0.06551218032836914,0.0,0.0,0.0,-0.06551218032836914,0.0,0.0,0.0,0.0,0.0,0.0,0.0,0.0,0.0,0.0,0.0,0.0,0.0,0.0,0.0,0.0,0.0,-0.06551218032836914,0.0,0.0,0.0,0.0,0.0,0.0,0.0,0.0,0.0,0.0,0.0,-0.06551218032836914,0.0,0.0,0.0,-0.06551218032836914,0.06551218032836914,0.0,-0.06551218032836914,0.0,-0.06551218032836914,0.0,0.0,0.0,0.0,0.0,0.0,0.0,0.06551218032836914,0.0,0.0,-0.06551218032836914,0.0,0.0,0.0,0.0,0.0,0.0,0.0,0.0,-0.06551218032836914,0.0,0.0,0.06551218032836914,0.0,-0.06551218032836914,0.0,0.0,0.0,0.0,0.0,0.06551218032836914,0.0,0.0,0.0,0.0,0.0,0.0,0.0,0.0,-0.06551218032836914,0.0,0.0,0.0,0.0,0.0,0.0,0.0,-0.06551218032836914,0.0,0.0,0.0,0.0,0.0,0.06551218032836914,0.0,-0.06551218032836914,0.0,0.06551218032836914,0.0,0.0,0.0,0.0,0.0,0.0,0.0,0.0,0.0,-0.06551218032836914,0.0,0.0,0.26204872131347656,-0.06551218032836914,0.0,0.0,0.0,0.0,0.0,0.0,0.0,0.0,0.0,0.06551218032836914,0.0,0.0,0.0,0.0,0.06551218032836914,0.0,0.0,0.0,0.0,0.0,0.0,0.0,0.0,0.0,0.0,0.0,0.0,0.0,0.0,0.0,0.0,0.0,0.0,0.0,-0.06551218032836914,0.06551218032836914,0.0,-0.06551218032836914,0.0,0.0,0.0,0.06551218032836914,0.06551218032836914,0.0,0.0,0.0,-0.06551218032836914,0.0,0.0,0.0,0.0,0.0,0.0,0.0,0.0,0.0,0.0,0.0,0.0,0.0,0.0,0.0,0.0,0.0,-0.06551218032836914,0.0,0.0,-0.06551218032836914,0.0,0.0,0.0,-0.06551218032836914,0.0,0.0,0.0,0.0,-0.06551218032836914,0.0,0.06551218032836914,0.0,0.0,0.0,-0.06551218032836914,0.0,0.0,0.0,0.0,0.0,-0.06551218032836914,0.0,0.0,-0.3275609016418457,0.0,-0.06551218032836914,0.06551218032836914,0.0,0.0,0.0,0.0,0.13102436065673828,0.0,-0.06551218032836914,0.0,0.0,0.0,0.0,0.0,0.0,-0.06551218032836914,0.0,0.06551218032836914,-0.06551218032836914,0.0,0.0,0.0,0.0,0.0,0.0,0.0,0.0,0.0,0.0,0.0,0.0,0.19653654098510742,0.0,0.0,-0.06551218032836914,0.0,0.0,0.0,0.0,0.0,0.0,-0.06551218032836914,0.06551218032836914,0.0,0.0,0.0,-0.06551218032836914,0.0,0.0,0.0,0.0,0.0,0.06551218032836914,0.0,0.0,0.0,0.0,0.0,0.0,0.0,0.0,0.0,0.0,0.0,-0.06551218032836914,0.0,0.0,0.0,0.0,0.0,0.0,0.0,-0.06551218032836914,0.0,0.06551218032836914,0.0,0.0,-0.06551218032836914,0.0,0.0,0.0,0.06551218032836914,0.0,0.0,0.0,0.0,0.0,0.0,0.0,0.0,0.0,0.0,0.0,0.0,0.0,-0.13102436065673828,0.0,0.0,0.0,-0.06551218032836914,0.0,0.0,0.0,0.0,0.0,-0.06551218032836914,0.0,0.06551218032836914,0.06551218032836914,0.0,0.0,0.0,0.0,0.06551218032836914,0.06551218032836914,0.0,-0.06551218032836914,0.0,-0.06551218032836914,0.0,0.06551218032836914,0.0,0.0,0.0,-0.06551218032836914,0.0,0.0,0.06551218032836914,0.0,0.0,0.0,0.0,0.0,0.0,-0.06551218032836914,0.0,0.0,0.0,0.0,0.0,0.0,0.0,0.0,0.06551218032836914,0.0,0.0,-0.06551218032836914,0.0,0.0,0.0,0.0,0.0,0.0,0.0,0.0,0.13102436065673828,0.0,0.0,0.0,0.0,0.06551218032836914,0.0,0.0,0.0,0.0,0.0,0.0,0.0,0.0,0.0,0.06551218032836914,0.06551218032836914,0.0,0.0,0.0,0.0,0.0,0.0,-0.06551218032836914,0.06551218032836914,0.0,0.0,0.0,0.06551218032836914,0.0,0.0,-0.06551218032836914,0.0,0.0,0.0,0.0,0.0,0.0,0.06551218032836914,0.0,0.0,0.0,0.0,0.0,0.0,0.0,0.0,0.0,0.06551218032836914,0.0,0.0,0.0,0.0,0.0,0.06551218032836914,0.0,0.0,0.0,0.0,0.0,0.0,0.13102436065673828,-0.06551218032836914,0.0,0.0,0.0,0.0,0.0,0.0,0.0,-0.06551218032836914,0.0,0.0,0.0,0.0,0.0,0.0,0.0,0.0,-0.06551218032836914,0.06551218032836914,0.06551218032836914,0.0,0.0,0.0,0.0,0.0
000037,深南电A,绿电与清洁公用,growth,student_B,llm_deepseek_extracted,"1. 机构席位活跃，北向资金流入，筹码博弈偏多。  
2. 产能回升+研发交付，业绩弹性增强，技术壁垒中等。  
3. ...",-0.06468462198972702,-0.06468462198972702,0.0,0.0,0.0,0.0,0.0,0.0,0.0,0.0,0.0,0.0,0.06468462198972702,0.06468462198972702,0.0,0.0,0.0,0.0,0.0,0.06468462198972702,0.0,0.0,0.0,0.0,0.0,0.0,0.0,0.0,0.0,0.0,-0.06468462198972702,0.0,0.06468462198972702,0.0,0.0,0.0,0.0,0.0,0.0,0.0,0.0,0.0,-0.06468462198972702,0.0,0.0,0.0,0.0,0.0,0.0,0.0,0.06468462198972702,0.06468462198972702,0.0,0.06468462198972702,0.06468462198972702,0.0,0.0,0.0,0.06468462198972702,0.0,0.0,0.0,0.0,0.0,-0.06468462198972702,-0.06468462198972702,0.0,0.0,0.0,0.0,0.0,0.0,0.0,0.0,-0.06468462198972702,0.0,0.0,-0.06468462198972702,0.0,0.0,0.0,0.0,0.0,0.0,-0.06468462198972702,0.0,0.0,-0.06468462198972702,0.0,0.0,0.0,0.06468462198972702,0.06468462198972702,0.0,0.06468462198972702,0.0,0.0,0.0,0.0,0.0,0.0,0.0,0.0,0.0,0.0,0.0,0.0,0.0,0.0,0.0,-0.06468462198972702,0.0,0.0,0.0,0.0,0.06468462198972702,0.0,0.06468462198972702,0.0,0.06468462198972702,0.0,0.0,0.0,0.0,-0.06468462198972702,0.0,0.12936924397945404,0.0,0.0,0.0,0.0,0.06468462198972702,0.06468462198972702,0.0,0.0,-0.06468462198972702,0.0,0.0,0.0,0.0,0.0,0.0,0.0,0.0,0.0,0.0,0.0,0.0,0.06468462198972702,0.0,0.0,0.0,0.0,0.0,0.0,0.06468462198972702,0.0,0.0,0.0,0.0,0.0,0.0,0.12936924397945404,-0.06468462198972702,0.0,0.0,0.0,0.0,0.0,0.0,-0.06468462198972702,-0.06468462198972702,0.0,0.0,0.0,0.0,0.06468462198972702,0.0,-0.06468462198972702,0.0,0.0,0.0,0.0,0.0,0.0,0.0,0.0,0.0,-0.06468462198972702,0.0,0.0,0.0,0.0,0.0,0.06468462198972702,0.0,0.0,0.0,0.0,0.0,0.06468462198972702,0.0,0.0,0.0,0.0,0.0,0.0,0.06468462198972702,0.06468462198972702,0.0,0.0,0.06468462198972702,-0.06468462198972702,0.0,0.0,0.06468462198972702,0.06468462198972702,0.0,0.0,0.0,-0.06468462198972702,0.0,0.0,0.0,0.0,0.0,0.0,-0.06468462198972702,0.0,0.06468462198972702,0.06468462198972702,0.06468462198972702,0.0,0.0,0.0,0.0,-0.06468462198972702,0.0,0.0,0.0,0.06468462198972702,0.0,0.0,0.0,-0.06468462198972702,0.12936924397945404,0.0,-0.06468462198972702,0.06468462198972702,0.0,0.0,0.0,0.0,0.12936924397945404,0.0,0.0,0.0,0.0,0.0,0.0,0.0,0.0,0.0,0.0,0.0,0.0,0.0,0.0,0.0,0.0,0.0,0.0,0.0,0.06468462198972702,-0.06468462198972702,-0.06468462198972702,0.0,0.0,0.0,0.0,0.0,0.0,0.0,-0.06468462198972702,0.06468462198972702,0.0,0.0,0.0,-0.06468462198972702,0.0,0.0,0.0,0.0,-0.06468462198972702,0.0,0.0,0.06468462198972702,0.0,0.0,0.06468462198972702,0.0,0.0,0.06468462198972702,0.0,-0.06468462198972702,0.0,0.0,-0.06468462198972702,0.0,0.0,0.0,0.0,0.0,0.0,-0.06468462198972702,0.0,0.0,0.06468462198972702,0.0,0.0,0.0,-0.06468462198972702,0.06468462198972702,0.0,0.0,0.0,0.0,0.0,0.0,0.0,0.0,0.0,0.0,0.0,0.0,0.0,0.0,0.0,0.0,0.0,0.06468462198972702,0.0,0.0,0.0,0.0,0.0,0.0,0.0,0.0,0.06468462198972702,0.0,-0.06468462198972702,0.0,0.0,0.0,-0.06468462198972702,0.06468462198972702,0.0,0.0,0.0,-0.06468462198972702,0.0,0.0,0.0,0.0,0.0,0.0,-0.06468462198972702,0.0,0.0,0.0,-0.06468462198972702,0.0,0.0,0.0,0.0,0.0,0.0,0.0,0.0,-0.06468462198972702,0.0,0.0,0.06468462198972702,0.0,-0.06468462198972702,0.0,0.0,0.0,0.0,0.0,0.0,0.0,0.0,0.0,0.0,0.0,0.0,0.0,0.0,-0.06468462198972702,0.0,0.0,0.0,0.0,0.0,-0.06468462198972702,0.0,-0.06468462198972702,0.0,0.06468462198972702,0.0,0.0,0.0,0.06468462198972702,0.0,0.0,0.0,0.0,0.0,0.0,0.0,0.0,0.0,0.0,0.0,0.0,0.06468462198972702,0.0,0.0,0.0,0.2587384879589081,-0.06468462198972702,0.0,0.0,0.0,0.0,0.0,0.0,0.0,0.0,0.0,0.06468462198972702,0.0,0.0,0.0,0.0,0.06468462198972702,0.0,0.0,0.0,0.0,0.0,0.0,0.0,0.0,0.06468462198972702,0.0,0.0,0.0,0.0,0.0,0.0,0.0,0.0,0.0,0.0,-0.06468462198972702,0.06468462198972702,0.0,0.0,0.0,0.0,0.0,0.06468462198972702,0.06468462198972702,0.0,0.0,0.0,-0.06468462198972702,0.0,0.0,0.06468462198972702,0.0,0.0,0.0,0.0,0.06468462198972702,0.0,0.06468462198972702,0.0,0.0,0.0,0.0,0.0,0.0,0.0,-0.06468462198972702,0.0,0.0,-0.06468462198972702,0.0,0.0,0.0,-0.06468462198972702,0.0,0.0,0.0,0.0,-0.06468462198972702,0.0,0.06468462198972702,0.0,0.0,0.0,-0.06468462198972702,0.0,-0.06468462198972702,0.0,0.0,0.0,-0.06468462198972702,0.0,0.0,-0.2587384879589081,0.0,-0.06468462198972702,0.0,0.0,0.0,0.0,0.0,0.12936924397945404,0.0,-0.06468462198972702,0.0,0.0,0.06468462198972702,0.0,0.0,0.0,-0.06468462198972702,0.0,0.06468462198972702,-0.06468462198972702,0.0,0.0,0.0,0.0,0.0,0.0,0.0,0.0,-0.06468462198972702,0.0,0.0,0.0,0.19405385851860046,0.0,0.0,-0.06468462198972702,0.0,0.0,0.0,0.0,0.0,0.0,-0.06468462198972702,0.06468462198972702,0.0,0.0,0.0,0.0,0.0,0.0,0.0,0.0,0.0,0.06468462198972702,0.0,0.0,0.0,0.0,0.0,0.0,0.0,0.0,0.06468462198972702,0.0,0.0,-0.06468462198972702,0.0,0.0,0.06468462198972702,0.0,0.0,0.0,0.0,-0.12936924397945404,0.0,0.0,0.0,0.0,-0.06468462198972702,0.0,-0.06468462198972702,0.0,0.06468462198972702,-0.06468462198972702,0.0,0.0,0.0,0.0,0.06468462198972702,0.0,0.0,0.0,0.0,0.0,0.0,0.0,-0.06468462198972702,0.0,0.0,0.0,-0.06468462198972702,0.0,0.0,0.06468462198972702,0.0,0.0,-0.06468462198972702,0.0,0.0,0.06468462198972702,0.0,0.0,0.0,0.0,0.06468462198972702,0.06468462198972702,0.0,-0.06468462198972702,0.0,-0.06468462198972702,0.0,0.0,0.0,0.0,0.0,0.0,0.0,0.0,0.06468462198972702,0.0,0.0,0.0,0.0,0.0,0.0,-0.06468462198972702,0.0,0.0,0.0,0.0,0.0,0.0,0.0,0.0,0.06468462198972702,0.0,0.0,-0.06468462198972702,0.0,0.0,0.0,0.0,0.0,0.0,0.0,0.0,0.12936924397945404,0.0,0.0,0.0,0.0,0.06468462198972702,0.0,0.0,0.0,0.0,0.0,0.0,0.0,0.0,0.0,0.06468462198972702,0.0,0.0,0.0,0.0,0.0,0.0,0.0,-0.12936924397945404,0.0,0.0,0.0,0.0,0.0,0.06468462198972702,0.0,-0.06468462198972702,0.0,0.0,0.0,0.0,0.0,0.0,0.06468462198972702,0.0,0.0,0.0,0.0,0.0,0.0,0.0,0.0,0.0,0.12936924397945404,0.0,0.0,0.0,0.0,0.0,0.06468462198972702,0.0,-0.06468462198972702,0.0,-0.06468462198972702,0.0,0.0,0.19405385851860046,-0.06468462198972702,0.0,0.0,0.0,0.0,0.0,0.0,0.0,-0.06468462198972702,0.0,0.0,0.0,0.0,0.0,0.0,0.0,0.0,-0.06468462198972702,0.0,0.06468462198972702,0.0,0.0,0.0,0.0,0.0
000539,粤电力A,绿电与清洁公用,defensive,student_B,llm_deepseek_extracted,"1. 机构席位活跃，北向资金流入，筹码博弈偏多。  
2. 产能回升，研发交付推进，业绩弹性温和，Beta0.82防御性...",-0.05616559833288193,0.0,0.0,0.0,0.0,0.0,0.0,0.0,0.0,0.0,0.05616559833288193,0.05616559833288193,0.05616559833288193,0.05616559833288193,0.0,0.0,0.0,0.0,0.0,0.0,0.0,0.0,0.0,0.0,-0.05616559833288193,0.0,0.0,0.0,0.0,0.0,0.0,0.0,0.05616559833288193,0.0,0.0,0.0,0.0,0.0,0.0,-0.05616559833288193,-0.05616559833288193,0.0,-0.05616559833288193,0.0,0.0,0.0,0.0,0.0,0.05616559833288193,0.0,0.05616559833288193,0.11233119666576385,0.0,0.05616559833288193,0.05616559833288193,0.0,0.0,0.0,0.0,0.0,0.0,0.0,0.0,0.0,-0.05616559833288193,-0.05616559833288193,0.0,0.0,0.0,0.0,0.0,0.0,0.0,-0.05616559833288193,-0.05616559833288193,0.0,0.0,0.0,0.0,0.0,0.0,0.0,0.0,0.0,-0.05616559833288193,-0.05616559833288193,0.0,0.0,0.0,0.0,0.0,0.0,0.0,-0.05616559833288193,0.0,0.0,0.0,0.0,0.0,0.0,0.0,0.0,0.0,0.0,0.0,0.0,0.0,-0.16849680244922638,0.0,0.05616559833288193,-0.05616559833288193,0.0,0.0,0.0,0.0,0.05616559833288193,0.0,0.0,0.0,0.05616559833288193,0.05616559833288193,0.05616559833288193,0.0,0.0,-0.05616559833288193,0.0,0.11233119666576385,0.0,0.0,0.0,0.0,0.05616559833288193,0.11233119666576385,-0.05616559833288193,0.0,-0.05616559833288193,0.0,0.0,0.0,0.0,0.0,0.0,0.0,-0.05616559833288193,0.0,0.0,0.0,0.0,0.0,0.0,0.0,-0.05616559833288193,0.0,0.0,0.0,0.0,0.0,0.0,0.0,0.0,0.0,0.0,0.11233119666576385,0.0,0.0,0.0,0.0,0.0,0.0,0.0,-0.05616559833288193,-0.05616559833288193,0.0,0.0,0.0,0.0,0.05616559833288193,0.0,-0.05616559833288193,0.0,0.0,0.0,0.0,0.0,0.0,0.0,0.0,0.0,0.05616559833288193,0.0,0.0,0.0,0.0,-0.05616559833288193,0.0,0.0,0.0,0.0,0.0,0.0,0.05616559833288193,0.0,0.0,0.0,0.0,0.0,0.0,0.05616559833288193,0.0,0.0,0.0,0.0,-0.05616559833288193,0.05616559833288193,0.0,0.05616559833288193,0.05616559833288193,0.0,0.0,0.0,-0.05616559833288193,0.0,0.0,0.05616559833288193,0.0,0.0,0.0,-0.05616559833288193,0.0,0.11233119666576385,0.05616559833288193,0.05616559833288193,0.0,-0.05616559833288193,0.0,0.0,-0.11233119666576385,0.0,0.0,0.0,0.05616559833288193,0.0,0.0,0.0,-0.05616559833288193,0.11233119666576385,0.0,-0.05616559833288193,0.05616559833288193,0.0,0.0,0.0,0.0,0.11233119666576385,0.0,0.0,0.0,0.0,0.0,0.0,0.0,0.0,0.0,-0.05616559833288193,0.0,0.0,0.0,0.0,0.0,0.0,0.0,0.0,0.0,0.0,-0.05616559833288193,-0.05616559833288193,0.0,0.0,0.0,0.0,0.0,0.0,0.0,0.0,0.05616559833288193,0.0,0.0,0.0,-0.05616559833288193,-0.05616559833288193,0.0,0.0,0.0,0.0,0.0,0.0,0.05616559833288193,0.0,0.0,0.05616559833288193,0.0,0.0,0.05616559833288193,0.0,-0.05616559833288193,0.0,0.0,-0.05616559833288193,0.0,0.0,0.0,0.0,0.0,0.0,-0.05616559833288193,0.0,0.0,0.05616559833288193,0.0,0.05616559833288193,0.0,-0.05616559833288193,0.0,0.0,0.0,0.0,0.0,0.0,0.0,0.0,0.0,0.0,0.0,0.0,0.0,0.0,0.0,0.0,0.05616559833288193,0.0,0.0,0.0,0.0,0.0,0.0,0.0,0.0,0.0,0.0,0.0,0.0,-0.05616559833288193,0.0,0.0,-0.05616559833288193,-0.05616559833288193,0.05616559833288193,0.0,0.0,0.0,-0.05616559833288193,0.0,0.0,0.0,0.0,0.0,0.0,0.0,0.0,0.0,0.0,0.0,0.0,0.0,0.0,0.0,0.0,0.0,0.0,0.0,-0.05616559833288193,0.0,0.0,0.0,0.0,-0.05616559833288193,0.0,0.0,0.0,0.0,0.0,0.0,0.0,0.0,0.0,0.0,0.0,0.0,0.0,0.0,-0.05616559833288193,0.0,0.0,0.0,0.0,0.0,0.0,0.0,-0.05616559833288193,0.05616559833288193,0.0,0.0,0.0,0.0,0.0,0.0,-0.05616559833288193,0.0,0.05616559833288193,0.0,0.0,0.0,0.0,0.0,0.0,0.0,0.0,0.0,-0.05616559833288193,0.05616559833288193,0.0,0.28082799911499023,-0.05616559833288193,0.0,0.0,0.0,0.0,0.0,0.0,0.0,0.0,0.05616559833288193,0.0,0.0,0.0,0.0,0.0,0.05616559833288193,0.0,0.0,0.0,0.0,0.0,0.0,0.0,0.0,0.0,0.0,0.0,0.0,0.0,0.0,0.0,0.0,0.0,0.0,0.11233119666576385,-0.05616559833288193,0.05616559833288193,0.0,-0.05616559833288193,0.0,0.0,0.0,0.0,0.05616559833288193,0.0,0.0,0.0,-0.05616559833288193,0.0,0.0,0.0,0.0,0.0,0.0,0.0,0.0,0.0,0.0,0.0,0.0,0.0,0.0,0.0,0.0,0.0,-0.05616559833288193,0.0,0.0,-0.05616559833288193,0.0,0.0,0.0,-0.05616559833288193,0.0,0.0,0.0,0.0,-0.05616559833288193,0.0,0.05616559833288193,0.0,0.0,0.0,-0.05616559833288193,0.0,-0.05616559833288193,0.0,0.0,0.0,0.0,0.0,0.0,-0.33699360489845276,0.0,-0.05616559833288193,0.05616559833288193,0.0,0.0,0.0,0.0,0.16849680244922638,0.0,-0.05616559833288193,0.0,0.0,0.0,0.0,0.0,0.0,-0.05616559833288193,0.05616559833288193,0.05616559833288193,-0.05616559833288193,0.0,0.0,0.0,0.0,-0.05616559833288193,0.0,0.0,0.0,0.0,0.0,0.0,0.0,0.16849680244922638,0.0,0.0,-0.11233119666576385,0.0,0.0,0.0,0.0,0.0,0.0,-0.05616559833288193,0.0,0.0,0.0,0.0,-0.05616559833288193,-0.05616559833288193,0.0,0.0,0.0,-0.05616559833288193,0.05616559833288193,0.0,0.0,0.0,0.0,0.0,0.0,-0.05616559833288193,0.0,0.0,0.0,0.05616559833288193,-0.05616559833288193,0.0,0.0,0.0,0.0,0.0,0.0,0.0,-0.05616559833288193,0.0,0.05616559833288193,0.0,0.0,-0.05616559833288193,0.0,0.0,0.0,0.05616559833288193,0.0,0.05616559833288193,0.0,0.0,0.0,0.0,-0.05616559833288193,0.0,0.0,0.0,0.0,0.0,0.0,-0.11233119666576385,0.0,0.0,0.0,-0.05616559833288193,0.0,0.05616559833288193,0.05616559833288193,0.0,0.0,-0.05616559833288193,0.0,0.05616559833288193,0.05616559833288193,0.0,0.0,0.0,0.0,0.05616559833288193,0.05616559833288193,0.0,-0.05616559833288193,0.0,-0.05616559833288193,0.0,-0.05616559833288193,0.0,0.0,0.0,-0.05616559833288193,0.0,0.0,0.11233119666576385,0.0,0.0,0.0,0.0,0.05616559833288193,0.0,-0.05616559833288193,0.11233119666576385,0.0,0.0,0.0,0.0,0.0,0.0,0.0,0.05616559833288193,0.0,0.0,0.05616559833288193,0.0,0.0,0.0,-0.11233119666576385,0.0,0.0,0.0,0.0,0.11233119666576385,0.0,0.05616559833288193,0.0,0.0,0.05616559833288193,0.0,0.0,0.0,0.0,0.0,0.0,0.0,0.0,0.0,0.11233119666576385,0.0,0.0,0.0,0.0,0.0,0.0,0.0,-0.05616559833288193,0.05616559833288193,0.0,0.0,0.0,0.05616559833288193,0.0,0.0,-0.05616559833288193,0.0,0.0,0.0,0.0,0.0,0.0,0.05616559833288193,0.0,0.0,0.0,0.0,0.0,0.0,0.0,0.0,0.0,-0.05616559833288193,-0.05616559833288193,0.0,0.0,0.0,0.0,0.05616559833288193,0.0,0.0,0.05616559833288193,0.0,0.0,0.0,0.16849680244922638,-0.05616559833288193,0.0,0.0,0.0,0.0,0.0,0.0,0.0,-0.05616559833288193,0.0,0.0,0.0,0.0,0.0,0.0,0.0,0.0,-0.05616559833288193,0.05616559833288193,0.05616559833288193,0.0,0.0,0.05616559833288193,0.05616559833288193,0.0
600578,京能电力,绿电与清洁公用,defensive,student_B,llm_deepseek_extracted,"1. 机构席位活跃，北向资金流入，筹码博弈偏多。  
2. 产能景气回升，研发交付推进，业绩弹性温和，壁垒中等。  
3...",-0.06551218032836914,0.0,0.0,0.0,0.0,0.0,0.0,0.0,0.0,0.0,0.06551218032836914,0.0,0.06551218032836914,0.06551218032836914,0.0,0.0,0.0,0.0,0.0,0.0,0.0,0.0,0.0,0.0,0.0,0.0,0.0,0.0,0.0,0.0,0.0,0.0,0.06551218032836914,0.0,0.0,0.0,0.0,0.0,0.0,-0.06551218032836914,0.0,0.0,-0.06551218032836914,0.0,0.0,0.0,0.0,0.0,0.06551218032836914,0.0,0.06551218032836914,0.06551218032836914,0.0,0.06551218032836914,0.06551218032836914,0.0,0.0,0.0,0.06551218032836914,0.0,0.0,0.0,0.0,0.0,-0.06551218032836914,-0.06551218032836914,0.0,0.0,0.0,0.0,0.0,0.0,0.0,0.0,-0.06551218032836914,0.0,0.0,0.0,0.0,0.0,0.0,0.0,0.0,0.0,-0.06551218032836914,-0.06551218032836914,0.0,-0.06551218032836914,0.0,0.0,0.0,0.0,0.0,-0.06551218032836914,0.0,0.0,0.0,0.0,0.0,0.0,0.0,0.0,0.0,0.0,0.0,0.0,0.0,-0.06551218032836914,0.0,0.0,-0.06551218032836914,0.0,0.06551218032836914,0.0,0.0,0.06551218032836914,0.0,0.0,0.0,0.0,0.0,0.0,0.0,0.0,-0.06551218032836914,0.0,0.13102436065673828,0.0,0.0,0.0,0.0,0.06551218032836914,0.06551218032836914,0.0,0.0,-0.06551218032836914,0.0,0.0,0.0,0.0,0.0,0.0,0.0,0.0,0.0,0.0,0.0,0.0,0.0,0.0,0.0,0.0,0.0,0.0,0.0,0.0,0.0,0.0,0.0,0.0,0.0,0.0,0.13102436065673828,-0.06551218032836914,0.0,0.0,0.0,0.0,0.0,0.0,-0.06551218032836914,-0.06551218032836914,0.0,0.0,0.0,0.0,0.06551218032836914,0.0,-0.06551218032836914,0.0,0.0,0.0,0.0,0.0,0.0,0.0,0.0,0.0,-0.06551218032836914,0.0,0.0,-0.06551218032836914,0.0,-0.06551218032836914,0.0,0.0,0.0,0.0,0.0,0.0,0.06551218032836914,0.0,0.0,0.0,0.0,0.0,0.0,0.06551218032836914,0.06551218032836914,0.0,0.06551218032836914,0.06551218032836914,-0.06551218032836914,0.0,0.0,0.06551218032836914,0.06551218032836914,0.0,0.0,0.0,-0.06551218032836914,0.0,0.0,0.0,0.0,0.0,0.0,-0.06551218032836914,0.0,0.06551218032836914,0.06551218032836914,0.06551218032836914,0.0,0.0,0.0,0.0,-0.06551218032836914,0.0,0.0,0.0,0.06551218032836914,0.0,0.0,0.0,-0.06551218032836914,0.13102436065673828,0.0,-0.06551218032836914,0.06551218032836914,0.06551218032836914,0.0,0.0,0.0,0.06551218032836914,0.0,0.0,0.0,0.0,0.0,0.0,0.0,0.0,0.0,-0.06551218032836914,0.0,0.0,0.0,0.0,0.0,0.0,0.0,0.0,0.0,0.06551218032836914,-0.06551218032836914,-0.06551218032836914,0.0,0.0,0.0,0.0,0.0,0.0,0.0,-0.06551218032836914,0.06551218032836914,0.0,0.0,0.0,-0.06551218032836914,0.0,0.0,0.0,0.0,-0.13102436065673828,0.0,0.0,0.06551218032836914,0.0,0.0,0.06551218032836914,0.0,0.0,0.06551218032836914,0.0,0.0,0.0,-0.06551218032836914,-0.06551218032836914,0.0,0.0,0.06551218032836914,0.0,0.0,0.0,-0.06551218032836914,0.0,0.0,0.06551218032836914,0.0,0.0,0.0,-0.06551218032836914,0.0,0.0,0.0,0.0,0.0,0.0,0.0,0.0,0.0,0.0,0.0,0.0,0.0,0.0,0.0,0.0,0.0,-0.06551218032836914,0.0,0.0,0.0,0.0,0.0,0.0,0.0,0.0,0.0,0.0,0.0,-0.06551218032836914,0.0,0.0,0.0,-0.06551218032836914,0.06551218032836914,0.0,-0.06551218032836914,0.0,-0.06551218032836914,0.0,0.0,0.0,0.0,0.0,0.0,0.0,0.06551218032836914,0.0,0.0,-0.06551218032836914,0.0,0.0,0.0,0.0,0.0,0.0,0.0,0.0,-0.06551218032836914,0.0,0.0,0.06551218032836914,0.0,-0.06551218032836914,0.0,0.0,0.0,0.0,0.0,0.06551218032836914,0.0,0.0,0.0,0.0,0.0,0.0,0.0,0.0,-0.06551218032836914,0.0,0.0,0.0,0.0,0.0,0.0,0.0,-0.06551218032836914,0.0,0.0,0.0,0.0,0.0,0.06551218032836914,0.0,-0.06551218032836914,0.0,0.06551218032836914,0.0,0.0,0.0,0.0,0.0,0.0,0.0,0.0,0.0,-0.06551218032836914,0.0,0.0,0.26204872131347656,-0.06551218032836914,0.0,0.0,0.0,0.0,0.0,0.0,0.0,0.0,0.0,0.06551218032836914,0.0,0.0,0.0,0.0,0.06551218032836914,0.0,0.0,0.0,0.0,0.0,0.0,0.0,0.0,0.0,0.0,0.0,0.0,0.0,0.0,0.0,0.0,0.0,0.0,0.0,-0.06551218032836914,0.06551218032836914,0.0,-0.06551218032836914,0.0,0.0,0.0,0.06551218032836914,0.06551218032836914,0.0,0.0,0.0,-0.06551218032836914,0.0,0.0,0.0,0.0,0.0,0.0,0.0,0.0,0.0,0.0,0.0,0.0,0.0,0.0,0.0,0.0,0.0,-0.06551218032836914,0.0,0.0,-0.06551218032836914,0.0,0.0,0.0,-0.06551218032836914,0.0,0.0,0.0,0.0,-0.06551218032836914,0.0,0.06551218032836914,0.0,0.0,0.0,-0.06551218032836914,0.0,0.0,0.0,0.0,0.0,-0.06551218032836914,0.0,0.0,-0.3275609016418457,0.0,-0.06551218032836914,0.06551218032836914,0.0,0.0,0.0,0.0,0.13102436065673828,0.0,-0.06551218032836914,0.0,0.0,0.0,0.0,0.0,0.0,-0.06551218032836914,0.0,0.06551218032836914,-0.06551218032836914,0.0,0.0,0.0,0.0,0.0,0.0,0.0,0.0,0.0,0.0,0.0,0.0,0.19653654098510742,0.0,0.0,-0.06551218032836914,0.0,0.0,0.0,0.0,0.0,0.0,-0.06551218032836914,0.06551218032836914,0.0,0.0,0.0,-0.06551218032836914,0.0,0.0,0.0,0.0,0.0,0.06551218032836914,0.0,0.0,0.0,0.0,0.0,0.0,0.0,0.0,0.0,0.0,0.0,-0.06551218032836914,0.0,0.0,0.0,0.0,0.0,0.0,0.0,-0.06551218032836914,0.0,0.06551218032836914,0.0,0.0,-0.06551218032836914,0.0,0.0,0.0,0.06551218032836914,0.0,0.0,0.0,0.0,0.0,0.0,0.0,0.0,0.0,0.0,0.0,0.0,0.0,-0.13102436065673828,0.0,0.0,0.0,-0.06551218032836914,0.0,0.0,0.0,0.0,0.0,-0.06551218032836914,0.0,0.06551218032836914,0.06551218032836914,0.0,0.0,0.0,0.0,0.06551218032836914,0.06551218032836914,0.0,-0.06551218032836914,0.0,-0.06551218032836914,0.0,0.06551218032836914,0.0,0.0,0.0,-0.06551218032836914,0.0,0.0,0.06551218032836914,0.0,0.0,0.0,0.0,0.0,0.0,-0.06551218032836914,0.0,0.0,0.0,0.0,0.0,0.0,0.0,0.0,0.06551218032836914,0.0,0.0,-0.06551218032836914,0.0,0.0,0.0,0.0,0.0,0.0,0.0,0.0,0.13102436065673828,0.0,0.0,0.0,0.0,0.06551218032836914,0.0,0.0,0.0,0.0,0.0,0.0,0.0,0.0,0.0,0.06551218032836914,0.06551218032836914,0.0,0.0,0.0,0.0,0.0,0.0,-0.06551218032836914,0.06551218032836914,0.0,0.0,0.0,0.06551218032836914,0.0,0.0,-0.06551218032836914,0.0,0.0,0.0,0.0,0.0,0.0,0.06551218032836914,0.0,0.0,0.0,0.0,0.0,0.0,0.0,0.0,0.0,0.06551218032836914,0.0,0.0,0.0,0.0,0.0,0.06551218032836914,0.0,0.0,0.0,0.0,0.0,0.0,0.13102436065673828,-0.06551218032836914,0.0,0.0,0.0,0.0,0.0,0.0,0.0,-0.06551218032836914,0.0,0.0,0.0,0.0,0.0,0.0,0.0,0.0,-0.06551218032836914,0.06551218032836914,0.06551218032836914,0.0,0.0,0.0,0.0,0.0
600780,通宝能源,绿电与清洁公用,defensive,student_B,llm_deepseek_extracted,"1. 机构席位活跃，北向资金流入，筹码博弈偏多。  
2. 产能回升+研发交付，业绩弹性温和，Beta低防御性强。  
...",-0.06468462198972702,0.0,0.0,0.0,0.0,0.0,0.0,0.0,0.0,0.0,0.0,0.0,0.06468462198972702,0.06468462198972702,0.0,0.0,0.0,0.0,0.0,0.0,0.0,0.0,0.0,0.0,0.0,0.0,0.0,0.0,0.0,0.0,0.0,0.0,0.06468462198972702,0.0,0.0,0.0,0.0,0.0,0.0,-0.06468462198972702,0.0,0.0,-0.06468462198972702,0.0,0.0,0.0,0.0,0.0,0.0,0.0,0.06468462198972702,0.06468462198972702,0.0,0.06468462198972702,0.06468462198972702,0.0,0.0,0.0,0.0,0.0,0.0,0.06468462198972702,0.0,0.0,-0.06468462198972702,-0.06468462198972702,0.0,0.0,0.0,0.0,0.0,0.0,0.0,-0.06468462198972702,-0.12936924397945404,0.0,0.0,0.0,0.0,0.0,0.0,0.0,0.0,0.0,-0.06468462198972702,-0.06468462198972702,0.06468462198972702,0.0,0.0,0.0,0.0,0.06468462198972702,0.0,-0.06468462198972702,0.06468462198972702,0.0,0.0,0.0,0.0,0.0,0.0,0.0,0.0,0.0,0.0,0.0,0.0,-0.06468462198972702,0.0,0.0,-0.06468462198972702,0.0,0.0,0.0,0.0,0.06468462198972702,0.0,0.0,0.0,0.06468462198972702,0.06468462198972702,0.0,-0.06468462198972702,0.0,-0.06468462198972702,0.0,0.12936924397945404,0.0,0.0,0.0,0.0,0.06468462198972702,0.06468462198972702,0.0,0.0,-0.06468462198972702,0.0,0.0,0.0,0.0,0.0,0.0,0.0,-0.06468462198972702,0.0,0.0,0.0,0.0,0.0,0.0,0.0,-0.06468462198972702,0.0,0.0,0.0,0.0,0.0,0.0,0.0,0.0,0.0,0.0,0.12936924397945404,0.0,0.0,0.0,0.0,0.0,0.0,0.0,-0.06468462198972702,-0.06468462198972702,0.0,0.0,0.0,0.0,0.06468462198972702,0.0,-0.06468462198972702,0.0,0.0,0.0,0.0,0.0,0.0,0.0,0.0,0.0,0.0,0.0,0.0,0.0,0.0,0.0,0.06468462198972702,0.0,0.0,0.0,0.0,0.0,0.06468462198972702,0.0,0.0,0.0,0.0,0.0,0.0,0.06468462198972702,0.0,0.0,0.0,0.0,-0.06468462198972702,0.0,0.0,0.06468462198972702,0.06468462198972702,0.0,0.0,-0.06468462198972702,-0.06468462198972702,0.0,0.0,0.06468462198972702,0.0,0.0,0.0,-0.06468462198972702,0.0,0.06468462198972702,0.06468462198972702,0.06468462198972702,0.0,0.0,0.0,0.0,-0.06468462198972702,0.0,0.0,0.0,0.06468462198972702,0.0,0.0,0.0,-0.06468462198972702,0.12936924397945404,0.0,-0.06468462198972702,0.06468462198972702,0.0,0.0,0.0,0.0,0.12936924397945404,0.0,0.0,0.0,0.0,0.0,0.0,0.0,0.0,0.0,0.0,0.0,0.0,0.0,0.0,0.0,0.0,0.0,0.0,0.0,0.0,-0.06468462198972702,-0.06468462198972702,0.06468462198972702,-0.06468462198972702,0.0,0.0,0.0,0.0,0.0,-0.06468462198972702,0.06468462198972702,0.0,0.0,0.0,-0.06468462198972702,0.0,0.0,0.0,0.0,0.0,0.0,0.0,0.06468462198972702,0.0,0.0,0.06468462198972702,0.0,0.0,0.0,0.0,-0.06468462198972702,0.0,0.0,-0.06468462198972702,0.0,0.0,0.0,0.0,0.0,0.0,-0.06468462198972702,0.0,0.0,0.06468462198972702,0.0,0.06468462198972702,0.0,-0.06468462198972702,0.06468462198972702,0.0,0.0,0.0,0.0,0.0,0.0,0.0,0.0,0.0,0.0,0.0,0.0,0.0,0.0,0.0,0.0,0.0,0.06468462198972702,0.0,0.0,0.0,0.0,0.0,0.0,0.0,0.0,0.0,0.0,-0.06468462198972702,0.0,0.0,0.0,-0.06468462198972702,0.06468462198972702,0.0,0.0,0.0,-0.06468462198972702,0.0,0.0,0.0,0.0,0.0,0.0,-0.06468462198972702,0.0,0.0,0.0,0.0,0.0,0.0,0.0,0.0,0.0,0.0,0.0,0.0,-0.06468462198972702,0.0,0.0,0.0,0.0,-0.06468462198972702,0.0,0.0,0.0,0.0,0.0,0.0,0.0,0.0,0.0,0.0,0.0,0.0,0.0,0.0,-0.06468462198972702,0.0,0.0,0.0,0.0,0.0,0.0,0.0,-0.06468462198972702,0.0,0.06468462198972702,0.0,0.0,0.0,0.0,0.0,-0.06468462198972702,0.06468462198972702,0.0,0.0,0.0,0.0,0.0,0.0,0.0,0.0,0.0,0.0,0.0,0.0,0.0,0.2587384879589081,-0.06468462198972702,0.0,0.0,0.0,0.0,0.0,0.0,0.0,0.0,0.06468462198972702,0.0,0.0,0.0,0.0,0.0,0.06468462198972702,0.0,0.0,0.0,0.0,0.0,0.0,0.0,0.0,0.06468462198972702,0.0,0.0,0.0,0.0,0.0,0.0,0.0,0.0,0.0,0.06468462198972702,-0.06468462198972702,0.06468462198972702,0.0,0.0,0.0,0.0,0.0,0.0,0.06468462198972702,0.0,0.0,0.0,-0.06468462198972702,0.0,0.0,0.0,0.0,0.0,0.0,0.0,0.06468462198972702,0.0,0.0,0.0,0.0,0.0,0.0,0.0,0.0,0.0,-0.06468462198972702,0.0,0.0,-0.06468462198972702,0.0,0.0,0.0,-0.06468462198972702,0.0,0.0,0.0,0.0,-0.06468462198972702,0.0,0.06468462198972702,0.0,0.0,0.0,-0.06468462198972702,0.0,-0.06468462198972702,0.0,0.0,0.0,0.0,0.0,0.0,-0.2587384879589081,-0.06468462198972702,-0.06468462198972702,0.0,-0.06468462198972702,0.0,0.0,0.0,0.12936924397945404,0.0,-0.06468462198972702,0.0,0.0,0.06468462198972702,0.0,0.0,0.0,-0.06468462198972702,0.0,0.06468462198972702,-0.06468462198972702,0.0,0.0,0.0,0.0,0.0,0.0,0.0,0.0,0.0,0.0,0.0,0.0,0.19405385851860046,0.0,0.0,-0.12936924397945404,0.0,0.0,0.0,0.0,0.0,0.0,-0.06468462198972702,0.0,0.0,0.0,0.0,-0.06468462198972702,0.0,0.0,0.0,0.0,0.0,0.06468462198972702,0.0,0.0,0.0,0.0,0.0,0.0,0.0,0.0,0.06468462198972702,0.06468462198972702,0.0,-0.06468462198972702,0.0,0.0,0.0,0.0,0.0,0.0,0.0,-0.12936924397945404,0.0,0.0,0.0,0.0,0.0,0.0,0.0,0.0,0.06468462198972702,0.0,0.0,0.0,0.0,0.0,0.0,-0.06468462198972702,0.0,0.0,0.0,0.0,0.0,0.0,-0.06468462198972702,0.0,-0.06468462198972702,0.0,-0.06468462198972702,0.0,0.0,0.06468462198972702,0.0,0.0,-0.06468462198972702,0.0,0.0,0.06468462198972702,0.0,0.0,0.0,0.0,0.06468462198972702,0.06468462198972702,0.0,-0.06468462198972702,0.0,-0.06468462198972702,0.0,0.0,0.0,0.0,0.0,0.0,0.0,0.0,0.06468462198972702,0.0,0.0,0.0,0.0,0.0,0.0,-0.06468462198972702,0.0,0.0,0.0,0.0,0.0,0.0,0.0,0.0,0.06468462198972702,0.0,0.0,0.06468462198972702,0.0,0.0,0.0,-0.12936924397945404,0.0,0.0,0.0,0.06468462198972702,0.12936924397945404,0.0,0.0,0.0,0.0,0.06468462198972702,0.0,0.0,0.0,0.0,0.0,0.0,0.0,0.0,0.0,0.12936924397945404,0.0,0.0,0.0,0.0,0.0,0.0,0.0,-0.06468462198972702,0.0,0.0,0.0,0.0,0.0,0.0,0.0,-0.06468462198972702,0.0,0.0,0.0,0.0,0.0,0.0,0.06468462198972702,0.0,0.0,0.0,0.0,0.0,0.0,0.0,0.0,0.0,-0.06468462198972702,0.0,0.06468462198972702,0.0,0.0,0.0,0.06468462198972702,0.0,0.0,0.0,0.0,0.0,0.0,0.19405385851860046,-0.06468462198972702,0.0,0.0,0.0,0.0,0.0,0.0,0.0,-0.06468462198972702,0.0,0.0,0.0,0.0,0.0,0.0,0.0,0.0,-0.06468462198972702,0.0,0.06468462198972702,0.0,0.0,0.06468462198972702,0.06468462198972702,-0.06468462198972702
600452,涪陵电力,绿电与清洁公用,defensive,student_B,llm_deepseek_extracted,"1. 机构博弈筹码流动：北向资金活跃，机构席位交易频繁，筹码呈净流入迹象。  
2. 业绩弹性与技术壁垒：产能景气回升，...",-0.051366548985242844,0.0,0.051366548985242844,0.0,0.0,0.0,0.0,0.0,0.0,0.0,0.051366548985242844,0.051366548985242844,0.051366548985242844,0.051366548985242844,0.0,0.0,0.0,0.0,0.0,0.0,0.0,0.0,0.0,0.0,0.0,0.0,-0.051366548985242844,0.0,0.0,0.0,0.0,0.0,0.0,0.0,0.0,-0.10273309797048569,0.051366548985242844,0.0,0.051366548985242844,0.0,-0.051366548985242844,0.0,-0.051366548985242844,0.0,0.0,0.0,0.0,0.0,0.051366548985242844,0.0,0.051366548985242844,0.15409964323043823,0.0,0.051366548985242844,0.0,0.0,0.0,0.0,0.051366548985242844,0.0,0.0,0.0,0.0,0.0,-0.051366548985242844,-0.10273309797048569,0.0,0.0,0.0,0.0,0.0,0.0,0.0,0.0,0.0,0.0,0.0,-0.051366548985242844,-0.051366548985242844,0.0,0.0,0.0,0.0,0.0,0.0,0.0,0.0,-0.10273309797048569,0.0,0.0,0.0,0.0,0.051366548985242844,0.0,0.0,0.0,0.0,0.0,0.0,0.0,0.051366548985242844,0.0,0.0,0.0,0.0,0.0,0.0,-0.15409964323043823,0.051366548985242844,0.0,-0.10273309797048569,0.0,0.0,-0.051366548985242844,0.0,0.051366548985242844,0.0,0.0,0.051366548985242844,0.051366548985242844,0.0,0.051366548985242844,-0.051366548985242844,0.0,-0.051366548985242844,0.0,0.10273309797048569,0.0,0.0,0.0,0.0,0.051366548985242844,0.051366548985242844,-0.051366548985242844,0.0,-0.051366548985242844,0.0,0.0,0.0,0.0,0.0,0.0,0.0,0.0,0.0,0.0,0.0,0.0,0.0,0.0,0.0,0.0,0.0,0.0,0.0,0.0,0.0,0.0,0.0,0.0,0.051366548985242844,0.0,0.10273309797048569,0.0,0.0,0.0,0.0,0.0,0.0,0.0,-0.10273309797048569,-0.051366548985242844,0.0,0.0,0.0,-0.051366548985242844,0.051366548985242844,0.0,-0.051366548985242844,0.0,0.051366548985242844,0.0,0.0,0.0,0.0,0.0,0.0,0.0,-0.051366548985242844,0.0,0.0,-0.051366548985242844,0.0,-0.051366548985242844,0.0,0.0,-0.051366548985242844,0.0,0.0,0.0,0.0,0.0,0.0,0.0,0.0,0.0,0.0,0.10273309797048569,0.0,0.0,0.051366548985242844,0.0,0.0,0.051366548985242844,0.0,0.051366548985242844,0.051366548985242844,0.0,0.0,-0.10273309797048569,-0.051366548985242844,0.0,0.0,-0.051366548985242844,-0.051366548985242844,0.0,0.0,-0.10273309797048569,0.0,0.051366548985242844,0.10273309797048569,0.051366548985242844,0.0,0.0,0.0,0.0,-0.051366548985242844,0.0,0.0,0.0,0.0,0.0,0.051366548985242844,0.0,0.0,0.10273309797048569,0.051366548985242844,-0.051366548985242844,0.0,0.051366548985242844,0.0,0.0,0.0,0.051366548985242844,0.0,0.0,0.0,0.0,0.0,0.0,0.0,0.0,0.0,-0.051366548985242844,0.0,0.0,0.0,0.0,-0.051366548985242844,0.0,0.0,0.0,0.0,0.0,-0.051366548985242844,-0.10273309797048569,0.0,0.0,-0.051366548985242844,0.0,0.0,0.0,0.0,0.0,0.0,0.0,0.0,0.0,-0.051366548985242844,0.0,0.0,0.0,0.0,0.0,0.0,0.0,-0.051366548985242844,0.0,0.0,0.051366548985242844,0.0,0.0,0.051366548985242844,0.0,0.0,0.0,0.0,-0.051366548985242844,0.0,0.0,0.051366548985242844,0.0,0.0,0.0,-0.051366548985242844,0.0,0.0,0.15409964323043823,0.0,0.0,0.0,-0.051366548985242844,0.0,0.0,0.0,0.0,0.0,0.0,0.0,0.0,0.0,0.0,0.0,0.0,0.0,0.0,0.0,0.0,0.051366548985242844,-0.051366548985242844,0.0,-0.051366548985242844,0.0,-0.051366548985242844,-0.051366548985242844,0.0,-0.051366548985242844,0.0,-0.051366548985242844,0.0,0.0,0.0,0.0,-0.051366548985242844,-0.051366548985242844,-0.051366548985242844,0.051366548985242844,0.0,-0.051366548985242844,0.0,-0.15409964323043823,0.0,0.0,0.0,0.0,0.0,0.0,0.0,-0.051366548985242844,0.0,0.0,-0.10273309797048569,-0.051366548985242844,-0.051366548985242844,0.0,0.0,0.0,0.0,0.0,0.0,-0.051366548985242844,0.0,0.0,0.0,0.0,-0.051366548985242844,0.0,0.051366548985242844,0.0,0.051366548985242844,0.0,0.10273309797048569,0.0,0.0,0.0,0.0,0.0,0.0,0.0,-0.10273309797048569,0.0,0.0,0.0,0.0,0.0,0.0,-0.051366548985242844,0.0,-0.051366548985242844,0.0,0.0,0.0,0.0,0.0,0.0,0.0,0.0,0.0,0.051366548985242844,0.0,0.0,0.0,0.0,0.0,0.0,0.0,0.0,0.051366548985242844,-0.051366548985242844,0.051366548985242844,-0.051366548985242844,0.15409964323043823,0.0,0.0,0.0,0.0,0.051366548985242844,0.0,-0.051366548985242844,0.0,0.0,0.0,0.10273309797048569,0.0,0.0,0.0,0.0,0.051366548985242844,0.0,0.0,0.0,0.0,0.0,0.0,0.0,0.0,0.0,0.0,0.0,0.0,0.0,0.0,0.0,0.0,0.0,0.0,0.0,-0.051366548985242844,0.0,0.0,-0.051366548985242844,0.0,0.0,0.0,0.0,0.0,0.0,0.0,-0.051366548985242844,-0.051366548985242844,0.0,0.0,0.0,0.0,0.0,0.0,0.0,0.0,0.0,0.0,0.0,0.0,0.0,0.0,0.0,0.0,0.0,-0.051366548985242844,0.0,0.0,0.0,0.0,0.0,0.10273309797048569,0.0,0.0,0.0,0.0,0.0,-0.051366548985242844,0.0,0.051366548985242844,0.0,0.0,0.0,-0.10273309797048569,0.0,-0.10273309797048569,0.0,0.0,0.0,0.0,0.0,0.0,-0.30819928646087646,0.0,-0.051366548985242844,0.051366548985242844,0.0,0.0,0.0,0.0,0.10273309797048569,0.0,-0.051366548985242844,0.0,0.0,0.0,0.051366548985242844,0.0,-0.051366548985242844,-0.051366548985242844,0.051366548985242844,0.051366548985242844,-0.10273309797048569,0.0,0.051366548985242844,0.0,0.0,0.051366548985242844,0.0,0.0,0.0,0.0,0.0,0.0,-0.051366548985242844,0.15409964323043823,0.0,0.0,-0.051366548985242844,0.0,0.0,0.0,0.0,0.0,0.0,0.0,0.0,0.0,0.0,0.0,0.0,-0.051366548985242844,0.0,0.051366548985242844,0.0,0.051366548985242844,0.0,0.0,0.0,0.0,0.0,0.0,0.0,0.0,0.0,0.0,0.0,0.051366548985242844,0.0,0.0,0.0,0.0,0.0,0.0,0.0,0.0,-0.051366548985242844,0.0,0.051366548985242844,0.0,0.0,-0.051366548985242844,0.0,0.0,0.0,0.051366548985242844,0.0,0.0,0.0,0.0,0.0,0.0,0.0,0.0,0.0,0.0,0.0,0.051366548985242844,0.0,-0.15409964323043823,0.0,0.0,0.0,-0.051366548985242844,0.0,0.051366548985242844,0.051366548985242844,0.0,0.0,-0.051366548985242844,0.0,0.051366548985242844,0.0,-0.051366548985242844,0.0,0.0,0.0,0.0,0.0,0.0,0.0,0.051366548985242844,0.0,0.0,0.051366548985242844,0.0,0.0,-0.051366548985242844,-0.051366548985242844,-0.051366548985242844,0.0,0.051366548985242844,0.0,0.0,0.0,0.0,0.051366548985242844,0.0,0.0,0.051366548985242844,0.0,0.0,0.0,0.0,0.0,0.0,0.0,0.051366548985242844,0.0,0.0,0.0,0.0,0.0,0.0,0.0,0.0,0.0,0.0,0.0,0.10273309797048569,0.0,0.051366548985242844,0.0,0.0,0.051366548985242844,0.0,0.0,0.0,0.0,0.0,-0.051366548985242844,0.0,0.0,0.0,0.10273309797048569,0.0,0.0,0.0,0.0,0.0,0.0,0.0,-0.10273309797048569,0.051366548985242844,0.0,0.0,0.0,0.051366548985242844,0.0,0.0,-0.051366548985242844,0.0,0.0,0.0,0.0,0.0,0.0,0.15409964323043823,0.0,0.0,0.0,0.0,0.0,-0.051366548985242844,0.0,0.0,0.0,0.15409964323043823,-0.051366548985242844,0.0,-0.051366548985242844,0.0,0.0,0.0,0.0,-0.051366548985242844,0.0,-0.051366548985242844,0.0,0.0,0.10273309797048569,-0.051366548985242844,0.0,0.0,0.0,0.0,0.0,0.0,0.0,-0.051366548985242844,0.0,0.0,0.0,0.0,0.0,0.0,-0.051366548985242844,0.0,0.0,0.051366548985242844,0.051366548985242844,0.0,0.0,0.051366548985242844,0.0,0.0
601991,大唐发电,绿电与清洁公用,defensive,student_B,llm_deepseek_extracted,"1. 机构席位活跃，北向资金流入，筹码博弈偏多。  
2. 产能景气回升，研发交付支撑业绩弹性，Beta0.85防御性适...",-0.06262242794036865,0.0,0.0,0.0,-0.06262242794036865,0.0,0.0,0.0,0.0,0.0,0.06262242794036865,0.0,0.06262242794036865,0.06262242794036865,0.0,0.0,0.06262242794036865,0.0,0.0,0.0,0.0,0.0,0.0,0.0,0.0,0.0,0.0,0.0,0.0,0.0,0.0,0.0,0.06262242794036865,0.0,0.0,0.0,0.0,0.0,0.0,0.0,0.0,0.0,-0.06262242794036865,0.0,0.0,0.0,0.0,0.0,0.06262242794036865,0.0,0.06262242794036865,0.0,0.0,0.06262242794036865,0.06262242794036865,0.0,0.0,0.0,0.0,0.0,0.0,0.0,0.0,0.0,-0.06262242794036865,-0.06262242794036865,0.0,0.0,0.0,0.0,0.0,0.0,0.0,0.0,-0.06262242794036865,0.0,0.0,0.0,0.0,0.0,0.0,0.0,0.0,0.0,-0.06262242794036865,0.0,0.0,0.0,0.0,0.0,0.0,0.0,0.0,0.0,0.0,0.0,0.0,0.0,0.0,0.0,0.0,0.0,0.0,0.0,0.0,0.0,0.0,-0.1252448558807373,0.0,0.06262242794036865,-0.06262242794036865,0.0,0.0,0.0,0.06262242794036865,0.06262242794036865,0.0,0.0,0.0,0.0,0.06262242794036865,0.0,0.0,0.0,-0.06262242794036865,0.0,0.1252448558807373,0.0,0.0,0.0,0.0,0.06262242794036865,0.1252448558807373,0.0,0.0,-0.06262242794036865,0.0,-0.06262242794036865,0.06262242794036865,0.0,0.0,0.0,0.0,-0.06262242794036865,0.0,0.0,0.0,0.0,0.0,0.0,0.0,-0.06262242794036865,0.0,0.0,0.0,0.0,-0.06262242794036865,0.0,0.0,0.0,0.0,0.0,0.1252448558807373,0.0,0.0,0.0,0.0,-0.06262242794036865,0.0,0.0,-0.06262242794036865,-0.06262242794036865,0.0,0.0,0.0,0.0,0.06262242794036865,0.0,-0.06262242794036865,0.0,0.0,0.0,0.0,0.0,0.0,0.0,0.0,0.0,-0.06262242794036865,0.0,0.0,-0.06262242794036865,0.0,-0.06262242794036865,0.0,0.0,0.0,0.0,0.0,0.0,0.06262242794036865,0.0,0.0,0.0,0.0,0.0,0.0,0.06262242794036865,0.0,0.0,0.06262242794036865,0.06262242794036865,-0.06262242794036865,0.0,0.0,0.06262242794036865,0.06262242794036865,0.0,0.0,0.0,-0.06262242794036865,0.0,0.0,0.06262242794036865,0.0,0.0,0.06262242794036865,-0.06262242794036865,0.0,0.06262242794036865,0.06262242794036865,0.06262242794036865,0.0,0.0,0.0,0.0,-0.06262242794036865,0.0,0.0,0.0,0.06262242794036865,0.0,0.0,0.0,-0.06262242794036865,0.1252448558807373,0.0,-0.06262242794036865,0.0,0.1252448558807373,0.0,0.0,0.0,0.06262242794036865,0.0,0.0,0.0,0.0,0.0,0.0,0.0,0.0,0.0,-0.06262242794036865,0.0,0.0,0.0,0.0,0.0,0.0,0.0,0.0,0.0,0.06262242794036865,-0.06262242794036865,-0.06262242794036865,0.0,-0.06262242794036865,0.0,0.0,0.0,0.0,0.0,-0.06262242794036865,0.06262242794036865,0.0,0.0,0.0,-0.06262242794036865,-0.06262242794036865,0.0,0.0,0.0,-0.06262242794036865,0.0,0.0,0.06262242794036865,0.0,0.0,0.06262242794036865,0.0,0.0,0.06262242794036865,0.0,0.0,0.0,-0.06262242794036865,-0.06262242794036865,0.0,0.0,0.06262242794036865,0.0,0.0,0.0,-0.06262242794036865,0.0,0.0,0.06262242794036865,0.0,0.06262242794036865,0.0,0.06262242794036865,0.0,0.0,0.0,0.0,0.0,0.0,0.0,0.0,0.0,0.0,0.0,0.0,0.0,0.0,0.0,0.0,0.0,-0.06262242794036865,0.0,0.0,0.0,0.0,0.0,0.0,0.0,0.0,0.0,0.0,0.0,-0.06262242794036865,0.0,0.0,0.0,-0.06262242794036865,0.06262242794036865,0.0,-0.06262242794036865,0.0,-0.06262242794036865,0.0,0.0,0.0,0.0,0.0,0.0,0.0,0.06262242794036865,0.0,0.0,0.0,0.0,0.0,0.0,0.0,0.0,0.0,0.0,0.0,-0.06262242794036865,0.0,0.0,0.1252448558807373,0.0,-0.06262242794036865,0.0,0.0,0.0,0.0,0.0,0.0,0.0,0.0,0.0,0.0,0.0,0.0,0.0,0.0,-0.06262242794036865,0.0,0.0,0.0,0.0,0.0,0.0,0.0,-0.06262242794036865,0.0,0.0,0.0,0.06262242794036865,0.0,0.0,0.0,0.0,0.0,0.06262242794036865,0.0,0.0,0.0,0.0,0.0,0.0,0.0,0.0,0.0,0.0,0.0,0.0,0.31311213970184326,0.0,0.0,0.0,0.0,0.0,0.0,0.0,0.0,0.0,0.06262242794036865,0.0,0.0,0.0,0.0,0.0,0.06262242794036865,0.0,0.0,-0.06262242794036865,0.0,0.0,0.0,0.0,0.0,0.0,0.0,0.0,0.0,0.0,0.0,0.0,0.0,0.0,0.0,0.06262242794036865,-0.06262242794036865,0.06262242794036865,0.0,0.0,0.0,0.0,0.0,0.0,0.06262242794036865,0.0,0.0,0.0,-0.06262242794036865,0.0,0.0,0.0,0.0,0.0,0.0,0.0,0.0,0.0,0.0,0.0,0.0,0.0,0.0,0.0,0.0,0.0,-0.06262242794036865,0.0,0.0,-0.06262242794036865,0.0,0.0,0.0,-0.06262242794036865,0.0,0.0,0.0,0.0,-0.06262242794036865,0.0,0.1252448558807373,0.0,0.0,0.0,-0.06262242794036865,0.0,0.0,0.0,0.0,0.0,0.0,0.0,0.0,-0.2504897117614746,0.0,-0.06262242794036865,0.0,0.0,0.0,0.0,0.06262242794036865,0.1252448558807373,0.0,-0.06262242794036865,0.0,0.0,0.0,0.0,0.0,0.0,-0.06262242794036865,0.0,0.06262242794036865,-0.06262242794036865,0.0,0.0,0.0,0.0,0.0,0.0,0.0,0.0,0.0,0.0,0.0,0.0,0.18786728382110596,0.0,0.0,-0.1252448558807373,0.0,0.0,0.0,0.06262242794036865,0.0,0.0,-0.06262242794036865,0.06262242794036865,0.0,0.0,0.0,0.0,0.0,0.0,0.0,0.0,-0.06262242794036865,0.0,0.0,0.0,0.0,0.0,0.0,0.0,0.0,0.0,0.0,0.0,0.0,-0.06262242794036865,0.0,0.0,0.0,0.0,0.0,0.0,0.0,-0.06262242794036865,0.0,0.0,0.0,0.0,-0.06262242794036865,0.0,0.0,0.0,0.06262242794036865,0.0,0.06262242794036865,0.0,0.0,0.0,-0.06262242794036865,-0.06262242794036865,0.0,0.0,0.0,0.0,0.0,0.0,-0.06262242794036865,0.0,0.0,0.0,-0.06262242794036865,0.0,0.0,0.0,0.0,0.0,-0.06262242794036865,0.06262242794036865,0.0,0.06262242794036865,0.0,0.0,0.0,0.0,0.06262242794036865,0.06262242794036865,0.0,0.0,0.0,-0.06262242794036865,0.0,0.0,0.0,0.0,0.0,0.0,0.0,0.0,0.06262242794036865,0.0,0.0,0.0,0.0,0.0,0.0,-0.06262242794036865,0.06262242794036865,0.0,0.0,0.0,0.0,0.0,0.0,0.0,0.06262242794036865,0.0,0.0,0.06262242794036865,0.0,0.0,0.0,-0.1252448558807373,0.0,0.0,0.0,0.0,0.1252448558807373,0.0,0.0,0.0,0.0,0.06262242794036865,0.0,0.0,0.0,0.06262242794036865,0.0,0.0,0.0,0.0,0.0,0.06262242794036865,0.0,0.0,0.0,0.0,0.0,0.0,0.0,-0.06262242794036865,0.06262242794036865,0.0,0.0,0.0,0.0,0.0,0.0,-0.06262242794036865,0.0,0.0,0.0,0.0,0.0,0.0,0.06262242794036865,0.0,0.06262242794036865,0.0,0.0,-0.06262242794036865,0.0,0.0,0.0,0.0,-0.06262242794036865,0.0,0.0,0.0,0.0,0.1252448558807373,0.06262242794036865,0.0,0.0,0.0,0.0,0.0,0.0,0.1252448558807373,-0.06262242794036865,0.0,0.0,0.0,0.0,0.0,0.0,0.0,-0.06262242794036865,0.0,0.0,0.0,0.0,0.0,0.0,0.0,0.0,-0.06262242794036865,0.06262242794036865,0.06262242794036865,0.0,0.0,0.0,0.06262242794036865,0.0
600098,广州发展,绿电与清洁公用,defensive,student_B,llm_deepseek_extracted,"1. 机构席位活跃，北向资金流入，筹码博弈偏多。  
2. 产能回升+研发交付，业绩弹性中等，壁垒一般。  
3. 多空...",-0.07018624246120453,0.0,0.0,0.0,0.0,0.0,0.0,0.0,0.0,0.0,0.07018624246120453,0.0,0.07018624246120453,0.07018624246120453,0.0,0.0,0.0,0.0,0.0,0.0,0.0,0.0,0.0,0.0,0.0,0.0,0.0,0.0,0.0,0.0,0.0,0.0,0.07018624246120453,0.0,0.0,0.0,0.0,0.0,0.0,0.0,0.0,0.0,-0.07018624246120453,0.0,0.0,0.0,0.0,0.0,0.0,0.0,0.07018624246120453,0.07018624246120453,0.0,0.07018624246120453,0.07018624246120453,0.0,0.0,0.0,0.07018624246120453,0.0,0.0,0.0,0.0,0.0,-0.07018624246120453,-0.07018624246120453,0.0,0.0,0.0,0.0,0.0,0.0,0.0,0.0,-0.07018624246120453,0.0,0.0,0.0,0.0,0.0,0.0,0.0,0.0,0.0,-0.07018624246120453,0.0,0.0,-0.07018624246120453,0.0,0.0,0.0,0.07018624246120453,0.0,0.0,0.0,0.0,0.0,0.0,0.0,0.0,0.0,0.0,0.0,0.0,0.0,0.0,0.0,-0.07018624246120453,0.0,0.0,-0.07018624246120453,0.0,0.0,0.0,0.0,0.07018624246120453,0.0,0.0,0.0,0.0,0.0,0.0,0.0,0.0,-0.07018624246120453,0.0,0.14037248492240906,0.0,0.0,0.0,0.0,0.07018624246120453,0.07018624246120453,0.0,0.0,-0.07018624246120453,0.0,0.0,0.0,0.0,0.0,0.0,0.0,0.0,0.0,0.0,0.0,0.0,0.0,0.0,0.0,0.0,0.0,0.0,0.0,0.0,0.0,0.0,0.0,0.0,0.0,0.0,0.14037248492240906,-0.07018624246120453,0.0,0.0,0.0,0.0,0.0,0.0,-0.07018624246120453,-0.07018624246120453,0.0,0.0,0.0,0.0,0.07018624246120453,0.0,-0.07018624246120453,0.0,0.0,0.0,0.0,0.0,0.0,0.0,0.0,0.0,-0.07018624246120453,0.0,0.0,0.0,0.0,0.0,0.07018624246120453,0.0,0.0,0.0,0.0,0.0,0.07018624246120453,0.0,0.0,0.0,0.0,0.0,0.0,0.07018624246120453,0.0,0.0,0.0,0.07018624246120453,-0.07018624246120453,0.0,0.0,0.07018624246120453,0.07018624246120453,0.0,0.0,0.0,-0.07018624246120453,0.0,0.0,0.0,0.0,0.0,0.0,-0.07018624246120453,0.0,0.07018624246120453,0.07018624246120453,0.07018624246120453,0.0,0.0,0.0,0.0,-0.07018624246120453,0.0,0.0,0.0,0.07018624246120453,0.0,0.0,0.0,-0.07018624246120453,0.14037248492240906,0.0,-0.07018624246120453,0.0,0.0,0.0,0.0,0.0,0.14037248492240906,0.0,0.0,0.0,0.0,0.0,0.0,0.0,0.0,0.0,0.0,0.0,0.0,0.0,0.0,-0.07018624246120453,0.0,0.0,0.0,0.0,0.07018624246120453,-0.07018624246120453,-0.07018624246120453,0.0,0.0,0.0,0.0,0.0,0.0,0.0,-0.07018624246120453,0.07018624246120453,0.0,0.0,0.0,-0.07018624246120453,0.0,0.0,0.0,0.0,0.0,0.0,0.0,0.0,0.0,0.0,0.07018624246120453,0.0,0.0,0.07018624246120453,0.0,-0.07018624246120453,0.0,-0.07018624246120453,-0.07018624246120453,0.0,0.0,0.0,0.0,0.0,0.0,-0.07018624246120453,0.0,0.0,0.07018624246120453,0.0,0.0,0.0,-0.07018624246120453,0.07018624246120453,0.0,0.0,0.0,0.0,0.0,0.0,0.0,0.0,0.0,0.0,0.0,0.0,0.0,0.0,0.0,0.0,0.0,0.07018624246120453,0.0,0.0,-0.07018624246120453,0.0,0.0,0.0,0.0,0.0,0.0,0.0,-0.07018624246120453,0.0,0.0,0.0,-0.07018624246120453,0.07018624246120453,0.0,0.0,0.0,-0.07018624246120453,0.0,0.0,0.0,0.0,0.0,0.0,0.0,0.07018624246120453,0.0,0.0,-0.07018624246120453,0.0,0.0,0.0,0.0,0.0,0.0,0.0,0.0,-0.07018624246120453,0.0,0.0,0.07018624246120453,0.0,-0.07018624246120453,0.0,0.07018624246120453,0.0,0.0,0.0,0.0,0.0,0.0,0.0,0.0,0.0,0.0,0.0,0.0,-0.07018624246120453,0.0,0.0,0.0,0.0,0.0,0.0,0.0,-0.07018624246120453,0.0,0.0,0.0,0.0,0.0,0.0,0.0,0.0,0.0,0.0,0.0,0.0,0.0,0.0,0.0,0.0,0.0,0.0,0.07018624246120453,0.0,0.0,0.0,0.2807449698448181,0.0,0.0,0.0,0.0,0.0,0.0,-0.07018624246120453,0.0,0.0,0.0,0.14037248492240906,0.0,0.0,0.0,0.0,0.07018624246120453,0.0,0.0,0.0,0.0,0.0,0.0,0.0,0.0,0.07018624246120453,0.0,0.0,0.0,0.0,0.0,0.0,0.0,0.0,0.07018624246120453,0.0,-0.07018624246120453,0.07018624246120453,0.0,0.0,0.0,0.0,0.0,0.07018624246120453,0.07018624246120453,0.0,0.0,0.0,-0.07018624246120453,0.0,0.0,0.0,0.0,0.0,0.0,0.0,0.07018624246120453,0.0,0.0,0.0,0.0,0.07018624246120453,0.0,0.0,0.0,0.0,-0.07018624246120453,0.0,0.0,-0.07018624246120453,0.0,0.0,0.07018624246120453,-0.07018624246120453,0.0,0.0,0.0,0.0,-0.07018624246120453,0.0,0.07018624246120453,0.0,0.0,0.0,-0.07018624246120453,0.0,0.0,0.0,0.0,0.0,0.0,0.0,0.0,-0.2807449698448181,0.0,-0.07018624246120453,0.0,0.0,0.0,0.0,0.0,0.14037248492240906,0.0,-0.07018624246120453,0.0,0.0,0.07018624246120453,0.0,0.0,0.0,-0.07018624246120453,0.0,0.07018624246120453,-0.07018624246120453,0.0,0.0,0.0,0.0,0.0,0.0,0.0,0.0,0.0,0.0,0.0,0.0,0.2105587273836136,0.0,0.0,-0.07018624246120453,0.0,0.0,0.0,0.0,0.0,0.0,-0.07018624246120453,0.07018624246120453,0.0,0.0,0.0,0.0,0.0,0.0,0.0,0.0,0.07018624246120453,0.0,0.0,0.0,0.0,0.0,0.0,0.0,0.07018624246120453,0.0,0.0,0.0,0.0,-0.07018624246120453,0.0,0.0,0.0,0.0,0.0,0.0,0.0,-0.07018624246120453,0.0,0.0,0.0,0.0,-0.07018624246120453,0.0,0.0,0.0,0.07018624246120453,0.0,0.0,0.0,0.0,0.0,0.0,0.0,0.0,0.0,0.0,0.0,0.0,0.0,-0.07018624246120453,0.0,0.0,0.0,0.0,0.0,0.0,0.0,0.0,0.0,-0.07018624246120453,0.0,0.0,0.07018624246120453,0.0,0.0,0.0,0.0,0.07018624246120453,0.07018624246120453,0.0,-0.07018624246120453,0.0,-0.07018624246120453,0.0,0.0,0.0,0.0,0.0,0.0,0.0,0.0,0.07018624246120453,0.0,0.0,0.0,0.0,0.0,0.0,0.0,0.0,0.0,0.0,0.0,0.0,0.0,0.0,0.0,0.07018624246120453,0.0,0.0,0.0,0.0,0.0,0.0,0.0,0.0,0.0,0.0,0.0,0.14037248492240906,0.0,0.0,0.0,0.0,0.07018624246120453,0.0,0.0,0.0,0.0,0.0,0.0,0.0,0.0,0.0,0.07018624246120453,0.0,0.0,0.0,0.0,0.0,0.0,0.0,-0.07018624246120453,0.0,0.0,0.0,0.0,0.0,0.0,0.0,-0.07018624246120453,0.0,0.0,0.0,0.0,0.0,0.0,0.07018624246120453,0.0,0.0,0.0,0.0,0.0,0.0,0.0,0.0,0.0,0.07018624246120453,0.0,0.0,0.0,0.0,0.0,0.07018624246120453,0.0,0.0,0.0,0.0,0.0,0.0,0.14037248492240906,-0.07018624246120453,0.0,0.0,0.0,0.0,0.0,0.0,0.0,-0.07018624246120453,0.0,0.0,0.0,0.0,0.0,0.0,0.0,0.0,-0.07018624246120453,0.0,0.07018624246120453,0.0,0.0,0.0,0.0,0.0
000690,宝新能源,绿电与清洁公用,defensive,student_B,llm_deepseek_extracted,"1. 机构博弈筹码流动：北向资金活跃，机构席位交易频繁，筹码短期博弈加剧。  
2. 业绩弹性与技术壁垒：产能回升叠加研...",-0.04867923632264137,0.0,0.0,0.0,0.0,0.0,0.0,0.0,0.0,0.0,0.0,0.0,0.04867923632264137,0.04867923632264137,0.0,0.0,0.0,0.0,0.0,0.0,0.0,0.0,0.0,0.0,0.0,0.0,-0.04867923632264137,0.0,0.0,-0.04867923632264137,0.0,0.0,0.0,0.0,0.0,-0.04867923632264137,0.0,0.0,0.04867923632264137,0.0,-0.04867923632264137,0.0,-0.04867923632264137,0.0,0.0,0.0,0.04867923632264137,0.0,0.0,0.0,0.04867923632264137,0.14603771269321442,0.0,0.04867923632264137,0.04867923632264137,0.0,0.0,0.0,0.04867923632264137,0.0,0.0,0.0,0.0,-0.04867923632264137,-0.04867923632264137,-0.04867923632264137,0.0,0.0,0.0,0.0,0.0,0.0,0.0,0.0,0.0,0.0,0.0,-0.09735847264528275,0.0,0.0,0.0,0.0,0.0,-0.04867923632264137,0.0,-0.04867923632264137,0.0,-0.09735847264528275,0.0,0.0,0.0,0.0,0.04867923632264137,0.0,0.0,0.0,0.0,0.0,0.0,0.0,0.0,0.0,0.0,0.0,0.0,0.0,0.0,-0.1947169452905655,0.04867923632264137,0.0,-0.09735847264528275,0.0,0.0,0.0,0.0,0.04867923632264137,0.0,0.0,0.0,0.04867923632264137,0.0,0.0,-0.09735847264528275,0.0,-0.04867923632264137,0.0,0.09735847264528275,0.04867923632264137,0.0,0.0,0.0,0.09735847264528275,0.04867923632264137,0.0,0.0,-0.04867923632264137,-0.04867923632264137,0.0,0.0,0.0,0.0,0.0,0.0,0.0,0.0,0.0,0.04867923632264137,0.0,0.0,0.0,0.0,0.0,0.0,0.0,0.0,0.04867923632264137,0.0,0.0,0.0,0.0,0.04867923632264137,0.0,0.09735847264528275,0.0,0.0,-0.04867923632264137,0.0,0.0,0.0,0.0,-0.09735847264528275,-0.04867923632264137,0.0,0.0,0.0,-0.04867923632264137,0.04867923632264137,0.0,-0.04867923632264137,0.0,0.04867923632264137,0.0,0.0,0.0,0.0,0.0,0.0,0.0,-0.09735847264528275,0.0,0.0,0.0,0.04867923632264137,0.0,0.0,0.0,-0.04867923632264137,0.0,0.0,0.0,0.0,0.0,0.0,0.0,0.0,0.0,0.0,0.09735847264528275,0.04867923632264137,0.0,-0.04867923632264137,0.0,0.0,0.0,0.0,0.04867923632264137,0.14603771269321442,0.0,0.0,-0.09735847264528275,-0.04867923632264137,0.0,0.0,-0.04867923632264137,-0.04867923632264137,0.0,0.0,-0.09735847264528275,0.0,0.04867923632264137,0.09735847264528275,0.04867923632264137,0.0,0.0,0.0,0.0,0.0,0.0,0.0,0.0,0.0,0.0,0.04867923632264137,0.0,0.0,0.14603771269321442,0.04867923632264137,-0.04867923632264137,0.04867923632264137,0.0,0.0,0.0,0.0,0.09735847264528275,0.0,0.0,0.0,0.0,0.0,0.0,0.0,0.0,0.0,0.0,0.0,0.0,0.0,0.0,0.0,0.0,0.04867923632264137,0.0,0.0,0.0,-0.04867923632264137,-0.09735847264528275,0.0,-0.04867923632264137,-0.04867923632264137,0.0,0.0,0.0,0.0,0.0,0.0,-0.04867923632264137,0.0,0.0,-0.04867923632264137,0.0,0.0,0.0,0.0,0.0,0.0,0.0,0.0,0.0,0.0,0.04867923632264137,0.0,0.0,0.04867923632264137,0.0,-0.04867923632264137,0.0,0.0,-0.04867923632264137,0.0,0.0,0.0,0.0,0.0,0.0,-0.04867923632264137,0.0,0.0,0.09735847264528275,0.0,0.0,0.0,-0.04867923632264137,0.0,0.0,0.0,0.0,0.0,0.0,0.0,0.0,0.0,0.0,0.0,0.0,0.0,0.0,0.0,0.0,0.04867923632264137,-0.04867923632264137,0.04867923632264137,-0.04867923632264137,0.0,0.0,-0.04867923632264137,0.0,-0.04867923632264137,0.0,0.0,0.0,0.0,0.0,0.0,-0.04867923632264137,-0.04867923632264137,-0.04867923632264137,0.04867923632264137,0.0,-0.04867923632264137,0.0,-0.14603771269321442,0.0,0.0,0.0,0.0,0.0,0.0,0.0,0.0,0.0,0.0,-0.09735847264528275,-0.04867923632264137,-0.04867923632264137,0.0,0.0,0.0,0.0,0.0,0.0,-0.04867923632264137,0.0,0.0,0.0,0.0,-0.04867923632264137,0.0,0.0,0.0,0.04867923632264137,0.0,0.04867923632264137,0.0,0.0,0.0,0.0,0.0,0.0,0.0,-0.09735847264528275,0.0,0.0,0.0,0.0,0.0,0.0,-0.09735847264528275,0.0,-0.04867923632264137,0.0,0.0,0.0,0.0,0.0,0.04867923632264137,-0.04867923632264137,-0.04867923632264137,0.0,0.04867923632264137,0.0,0.0,0.0,0.0,0.0,0.0,0.0,0.04867923632264137,0.0,0.0,0.04867923632264137,-0.04867923632264137,0.14603771269321442,-0.04867923632264137,0.0,0.0,0.04867923632264137,0.0,0.0,0.0,0.0,0.0,0.0,0.04867923632264137,0.0,0.0,0.0,0.0,0.04867923632264137,0.0,0.0,-0.04867923632264137,0.0,-0.04867923632264137,0.0,0.0,0.0,0.0,0.0,0.0,0.0,0.0,0.0,0.0,0.0,0.0,-0.04867923632264137,0.0,-0.04867923632264137,0.0,0.0,0.04867923632264137,0.0,0.0,0.0,0.0,0.04867923632264137,0.0,-0.09735847264528275,-0.04867923632264137,-0.04867923632264137,0.0,0.0,0.0,0.0,0.0,0.0,0.0,0.04867923632264137,0.0,0.0,0.0,0.0,-0.04867923632264137,0.0,-0.04867923632264137,0.04867923632264137,0.0,-0.04867923632264137,0.0,0.0,0.0,0.0,0.0,0.04867923632264137,0.0,-0.09735847264528275,0.0,0.0,0.0,-0.04867923632264137,0.0,0.04867923632264137,0.0,0.0,0.0,-0.14603771269321442,0.0,-0.09735847264528275,0.0,0.0,0.0,-0.04867923632264137,0.0,0.0,-0.1947169452905655,0.0,-0.04867923632264137,0.0,0.0,0.0,0.0,0.0,0.09735847264528275,-0.04867923632264137,-0.04867923632264137,0.0,0.0,0.0,0.0,0.0,-0.04867923632264137,-0.04867923632264137,0.04867923632264137,0.04867923632264137,-0.09735847264528275,-0.04867923632264137,0.04867923632264137,0.0,0.0,0.0,0.0,0.0,0.0,0.0,0.0,0.0,-0.04867923632264137,0.14603771269321442,0.0,-0.04867923632264137,-0.04867923632264137,0.0,0.0,0.0,0.0,0.0,0.0,0.0,0.0,0.0,0.0,0.0,-0.04867923632264137,-0.04867923632264137,0.0,0.04867923632264137,0.0,0.0,0.04867923632264137,0.0,0.0,-0.04867923632264137,0.0,0.0,0.0,0.0,0.0,0.0,0.0,0.04867923632264137,0.0,0.0,0.0,-0.04867923632264137,0.0,0.0,0.0,0.0,-0.04867923632264137,0.0,0.0,0.0,0.0,-0.04867923632264137,0.0,0.0,0.0,0.09735847264528275,0.0,0.0,0.0,0.0,0.0,0.0,0.0,0.0,0.0,0.0,0.0,0.04867923632264137,0.0,-0.04867923632264137,0.0,0.0,0.0,-0.09735847264528275,0.0,0.04867923632264137,0.04867923632264137,0.0,0.0,-0.09735847264528275,0.0,0.0,0.0,-0.04867923632264137,0.0,0.0,0.0,-0.04867923632264137,0.0,0.0,0.0,0.0,0.0,0.0,0.04867923632264137,0.0,0.0,-0.04867923632264137,0.0,-0.04867923632264137,0.0,0.04867923632264137,0.0,0.0,0.0,0.0,0.04867923632264137,0.0,-0.04867923632264137,0.04867923632264137,0.0,0.0,0.0,0.0,0.0,0.0,0.0,0.04867923632264137,0.0,0.0,-0.04867923632264137,0.04867923632264137,-0.04867923632264137,0.0,0.0,0.0,0.0,0.0,0.0,0.09735847264528275,-0.04867923632264137,0.0,0.0,0.0,0.04867923632264137,0.04867923632264137,0.0,0.0,0.0,0.0,-0.04867923632264137,0.0,0.0,0.0,0.09735847264528275,0.04867923632264137,0.0,0.0,0.0,0.0,0.0,0.0,-0.1947169452905655,0.0,0.0,0.0,0.0,0.0,0.0,0.0,-0.04867923632264137,0.0,0.0,0.0,0.0,0.0,0.0,0.09735847264528275,0.0,0.04867923632264137,0.0,0.0,0.0,0.0,0.04867923632264137,0.0,0.0,0.1947169452905655,-0.04867923632264137,0.0,-0.04867923632264137,0.0,0.0,0.0,0.0,-0.09735847264528275,0.0,-0.09735847264528275,0.0,0.0,0.09735847264528275,-0.04867923632264137,0.0,0.0,0.0,0.0,0.0,0.0,0.0,-0.04867923632264137,0.04867923632264137,0.0,0.0,0.04867923632264137,0.0,0.0,0.0,0.0,0.0,0.0,0.04867923632264137,0.0,0.0,0.04867923632264137,0.0,0.0
600167,联美量子,绿电与清洁公用,defensive,student_B,llm_deepseek_extracted,"1. 机构席位活跃，北向资金流入，筹码博弈偏多；  
2. 产能回升+研发交付，业绩弹性中等，技术壁垒一般；  
3. ...",-0.0657951682806015,0.0,0.0,0.0,0.0,0.0,0.0,0.0,0.0,0.0,0.0,0.0,0.0657951682806015,0.0,0.0,0.0,0.0,0.0,0.0,0.0657951682806015,0.0,0.0,0.0,0.0,0.0,0.0,0.0,0.0,0.0,0.0,-0.0657951682806015,0.0,0.0657951682806015,0.0,0.0,0.0,0.0,0.0,0.0,0.0,0.0,0.0,-0.0657951682806015,0.0,0.0,0.0,0.0,0.0,0.0,0.0,0.0657951682806015,0.0657951682806015,0.0,0.0657951682806015,0.0,0.0,0.0,0.0,0.0657951682806015,0.0,0.0,0.0,0.0,0.0,-0.0657951682806015,-0.0657951682806015,0.0,0.0,0.0,0.0,0.0,0.0,0.0,0.0,0.0,0.0,0.0,-0.0657951682806015,0.0,0.0,0.0,0.0,0.0,0.0,-0.0657951682806015,0.0,0.0,-0.131590336561203,0.0,0.0,0.0,0.0657951682806015,0.0657951682806015,0.0,0.0657951682806015,0.0,0.0,0.0,0.0,0.0,0.0,0.0,0.0,0.0,0.0,0.0,0.0,0.0,0.0,0.0,-0.0657951682806015,0.0,0.0,0.0,0.0,0.0657951682806015,0.0,0.0,0.0,0.0657951682806015,0.0,0.0,0.0,0.0,-0.0657951682806015,0.0,0.131590336561203,0.0,0.0,0.0,0.0,0.0657951682806015,0.0657951682806015,0.0,0.0,-0.0657951682806015,0.0,0.0,0.0,0.0,0.0,0.0,0.0,0.0,0.0,0.0,0.0,0.0,0.0,0.0,0.0,0.0,0.0,0.0,0.0,0.0,0.0,0.0,0.0,0.0,0.0,0.0,0.131590336561203,-0.0657951682806015,0.0,0.0,0.0,0.0,0.0,0.0,-0.0657951682806015,-0.0657951682806015,0.0,0.0,0.0,0.0,0.0657951682806015,0.0,-0.0657951682806015,0.0,0.0,0.0,0.0,0.0,0.0,0.0,0.0,0.0,-0.0657951682806015,0.0,0.0,0.0,0.0,0.0,0.0657951682806015,0.0,0.0,0.0,0.0,0.0,0.0657951682806015,0.0,0.0,0.0,0.0,0.0,0.0,0.0657951682806015,0.0,0.0,0.0,0.0657951682806015,-0.0657951682806015,0.0,0.0,0.0657951682806015,0.0657951682806015,0.0,0.0,0.0,0.0,0.0,0.0,0.0,0.0,0.0,0.0,-0.0657951682806015,0.0,0.0657951682806015,0.0657951682806015,0.0657951682806015,0.0,0.0,0.0,0.0,-0.0657951682806015,0.0,0.0,0.0,0.0657951682806015,0.0,0.0,0.0,-0.0657951682806015,0.131590336561203,0.0,-0.0657951682806015,0.0657951682806015,0.0,0.0,0.0,0.0657951682806015,0.131590336561203,0.0,0.0,0.0,0.0,0.0,0.0,0.0,0.0,0.0,0.0,0.0,0.0,0.0,0.0,0.0,0.0,0.0,0.0657951682806015,0.0,0.0657951682806015,-0.0657951682806015,0.0,0.0,0.0,0.0,0.0,0.0,0.0,0.0,-0.0657951682806015,0.0657951682806015,0.0,0.0,0.0,0.0,0.0,0.0,0.0,0.0,0.0,0.0,0.0,0.0,0.0,0.0,0.0657951682806015,0.0,0.0,0.0657951682806015,0.0,-0.0657951682806015,0.0,0.0,-0.0657951682806015,0.0,0.0,0.0,0.0,0.0,0.0,-0.0657951682806015,0.0,0.0,0.0657951682806015,0.0,0.0,0.0,-0.0657951682806015,0.0657951682806015,0.0,0.0,0.0,0.0,0.0,0.0,0.0,0.0,0.0,0.0,0.0,0.0,0.0,0.0,0.0,0.0,0.0,0.0657951682806015,0.0,0.0,0.0,0.0,0.0,0.0,0.0,0.0,0.0657951682806015,0.0,-0.0657951682806015,0.0,0.0,0.0,0.0,0.0657951682806015,0.0,0.0,0.0,-0.0657951682806015,0.0,0.0,0.0,0.0,0.0,0.0,-0.0657951682806015,0.0,0.0,0.0,-0.0657951682806015,0.0,0.0,0.0,0.0,0.0,0.0,0.0,0.0,-0.0657951682806015,0.0,0.0,0.0657951682806015,0.0,0.0,0.0,0.0657951682806015,0.0,0.0,0.0,0.0,0.0,0.0,0.0,0.0,0.0,0.0,0.0,0.0,0.0,0.0,0.0,0.0,0.0,0.0,-0.0657951682806015,0.0,-0.0657951682806015,0.0,0.0657951682806015,0.0,0.0,0.0,0.0,0.0,0.0,0.0,0.0,0.0,0.0,0.0,0.0,0.0,0.0,0.0,0.0,0.0657951682806015,0.0,0.0,0.0,0.263180673122406,-0.0657951682806015,0.0,0.0,0.131590336561203,0.0,0.0,-0.0657951682806015,0.0,0.0,0.0,0.131590336561203,0.0,0.0,0.0,0.0,0.0657951682806015,0.0,0.0,0.0,0.0,0.0,0.0,0.0,0.0,0.0657951682806015,0.0657951682806015,0.0,0.0,0.0,0.0,0.0,0.0,0.0,0.0657951682806015,0.0,-0.0657951682806015,0.0657951682806015,0.0,0.0,0.0,0.0,0.0,0.0657951682806015,0.0657951682806015,0.0,0.0,0.0,-0.0657951682806015,0.0,0.0,0.0,0.0,0.0,0.0,0.0,0.0657951682806015,0.0,0.0657951682806015,0.0,0.0,0.0657951682806015,0.0,0.0,0.0,0.0,-0.0657951682806015,0.0,0.0,-0.0657951682806015,0.0,0.0657951682806015,0.0,-0.0657951682806015,0.0,0.0,0.0,0.0,-0.0657951682806015,0.0,0.0657951682806015,0.0,0.0,0.0,-0.0657951682806015,0.0,-0.0657951682806015,0.0,0.0,0.0,0.0,0.0,0.0,-0.263180673122406,0.0,-0.0657951682806015,0.0,0.0,0.0,0.0,0.0,0.131590336561203,0.0,-0.0657951682806015,0.0,0.0,0.0657951682806015,0.0,0.0,0.0,-0.0657951682806015,0.0,0.0657951682806015,-0.0657951682806015,0.0,0.0,0.0,0.0,0.0,0.0,0.0,0.0,0.0,0.0,0.0,0.0,0.0657951682806015,0.0657951682806015,0.0,-0.0657951682806015,0.0,0.0,0.0,0.0,0.0,0.0,-0.0657951682806015,0.0657951682806015,0.0,0.0,0.0,0.0,0.0,0.0,0.0,0.0,0.0657951682806015,0.0657951682806015,0.0,0.0,0.0,0.0,0.0,0.0,0.0,0.0,0.0,0.0,0.0,-0.0657951682806015,0.0,0.0,0.0,0.0,0.0,0.0,0.0,-0.131590336561203,0.0,0.0,0.0,0.0,-0.0657951682806015,0.0,0.0,0.0,0.0657951682806015,-0.0657951682806015,0.0,0.0657951682806015,0.0,0.0,0.131590336561203,0.0,0.0,0.0,0.0,0.0,0.0,0.0,-0.0657951682806015,0.0,0.0,0.0,0.0,0.0,0.0,0.0657951682806015,0.0,0.0,-0.0657951682806015,0.0,0.0,0.0657951682806015,0.0,0.0,0.0,0.0,0.0657951682806015,0.0657951682806015,0.0,-0.0657951682806015,0.0,-0.0657951682806015,0.0,0.0,0.0,0.0,0.0,0.0,0.0,0.0,0.0657951682806015,0.0,0.0,0.0,0.0,0.0,0.0,0.0,0.0,0.0,0.0,0.0,0.0,0.0,0.0,0.0,0.0657951682806015,0.0,0.0,0.0,0.0,0.0,0.0,0.0,0.0,0.0,0.0,0.0,0.131590336561203,0.0,0.0,0.0,0.0,0.0657951682806015,0.0,0.0,0.0,0.0,0.0,0.0,0.0,0.0,0.0,0.0657951682806015,-0.0657951682806015,0.0,0.0,0.0,0.0657951682806015,0.0,0.0,-0.131590336561203,0.0,0.0,0.0,0.0,0.0,0.0657951682806015,0.0,-0.0657951682806015,0.0,0.0,0.0,0.0,0.0,0.0,0.0657951682806015,0.0,0.0,0.0,0.0,0.0,0.0,0.0,0.0,0.0,0.131590336561203,0.0,0.0,0.0,0.0,0.0,0.0657951682806015,0.0,-0.0657951682806015,0.0,-0.0657951682806015,0.0,0.0,0.1973855197429657,-0.0657951682806015,0.0,0.0,0.0,0.0,0.0,0.0,0.0,-0.0657951682806015,0.0,0.0,0.0,0.0,0.0,0.0,0.0,0.0,-0.0657951682806015,0.0,0.0657951682806015,0.0,0.0,0.0,0.0,0.0
000862,银星能源,绿电与清洁公用,growth,student_B,llm_deepseek_extracted,机构博弈筹码流动：北向资金活跃，机构席位多空交织，筹码短期分散。业绩弹性与技术壁垒：产能回升叠加研发交付，绿电景气支撑业...,-0.05773502215743065,-0.05773502215743065,0.0,0.05773502215743065,-0.05773502215743065,0.0,0.0,0.0,0.0,0.0,0.05773502215743065,0.0,0.05773502215743065,0.0,0.0,0.0,0.0,0.0,0.0,0.0,0.0,0.0,0.0,0.0,0.0,0.0,0.0,0.0,0.0,0.0,0.0,0.0,0.0,0.0,0.0,0.0,0.0,0.0,0.05773502215743065,0.0,0.0,0.0,-0.05773502215743065,0.0,0.0,0.0,0.05773502215743065,0.0,0.0,0.0,0.0,0.05773502215743065,0.0,0.05773502215743065,0.0,0.0,0.0,0.0,0.05773502215743065,0.0,0.0,0.0,0.0,0.0,-0.05773502215743065,-0.05773502215743065,0.0,0.0,0.0,0.0,0.0,0.0,0.0,0.0,0.0,0.0,0.0,-0.05773502215743065,0.0,0.0,0.0,0.0,0.0,0.0,0.0,0.0,0.0,-0.1154700443148613,0.0,0.0,0.0,0.0,0.05773502215743065,0.0,0.05773502215743065,0.0,0.0,0.0,0.0,0.0,0.0,0.0,0.0,0.0,0.0,0.0,0.0,-0.17320507764816284,0.05773502215743065,0.0,-0.1154700443148613,0.0,0.0,0.0,0.0,0.0,0.0,0.0,0.0,0.0,0.0,0.0,-0.1154700443148613,0.0,-0.05773502215743065,0.0,0.05773502215743065,0.0,0.0,0.0,0.0,0.05773502215743065,0.05773502215743065,0.0,0.0,0.0,-0.05773502215743065,0.0,0.0,0.0,0.0,0.0,0.0,0.0,0.0,0.0,0.0,0.0,0.0,0.0,0.0,0.0,0.0,0.0,0.0,0.05773502215743065,-0.05773502215743065,0.0,0.0,0.0,0.0,0.0,0.17320507764816284,0.0,0.0,-0.05773502215743065,0.0,0.0,0.0,0.0,-0.1154700443148613,-0.05773502215743065,0.0,0.0,0.0,-0.05773502215743065,0.05773502215743065,0.0,-0.05773502215743065,0.0,0.05773502215743065,0.0,0.0,0.0,0.0,0.0,0.0,0.0,-0.05773502215743065,0.05773502215743065,0.0,0.0,0.0,0.0,0.0,0.0,0.0,0.0,0.0,0.0,0.05773502215743065,0.0,0.0,0.0,-0.05773502215743065,0.0,0.0,0.1154700443148613,0.0,0.0,0.0,0.0,0.05773502215743065,0.0,0.0,0.05773502215743065,0.1154700443148613,0.0,0.0,-0.05773502215743065,0.0,0.0,0.0,-0.05773502215743065,-0.05773502215743065,0.0,0.0,-0.1154700443148613,0.0,0.0,0.1154700443148613,0.05773502215743065,0.0,0.0,0.0,0.0,0.0,0.0,0.0,0.0,0.0,0.0,0.05773502215743065,0.0,0.0,0.05773502215743065,0.0,-0.05773502215743065,0.0,0.0,0.0,0.0,0.0,0.1154700443148613,0.0,0.0,0.0,0.0,0.0,0.0,0.0,0.0,0.0,0.0,0.0,0.0,0.0,0.0,0.0,0.0,0.0,0.0,0.0,0.0,0.0,-0.1154700443148613,0.0,-0.05773502215743065,-0.05773502215743065,0.0,0.0,0.0,0.0,-0.05773502215743065,0.0,-0.05773502215743065,0.0,0.0,0.0,0.0,0.0,0.0,0.0,0.0,0.0,0.0,0.0,0.05773502215743065,0.0,0.05773502215743065,0.0,0.0,0.05773502215743065,0.0,-0.05773502215743065,-0.05773502215743065,0.0,-0.05773502215743065,0.0,0.0,0.0,0.0,0.0,0.0,-0.05773502215743065,0.0,0.0,0.1154700443148613,0.0,0.0,0.0,0.0,0.0,0.0,0.0,0.0,0.0,0.0,0.0,0.05773502215743065,0.0,0.0,0.0,0.0,0.0,0.0,0.0,0.0,0.0,-0.05773502215743065,0.05773502215743065,-0.05773502215743065,0.0,0.0,-0.05773502215743065,0.0,-0.05773502215743065,0.0,0.0,0.05773502215743065,0.0,0.0,0.0,-0.05773502215743065,0.0,-0.05773502215743065,0.05773502215743065,0.0,0.0,0.0,-0.17320507764816284,0.0,0.0,0.0,0.0,0.0,0.0,0.0,0.0,0.0,0.0,-0.1154700443148613,0.0,0.0,0.0,0.0,0.0,0.0,0.0,0.0,-0.05773502215743065,0.0,0.0,-0.05773502215743065,0.0,0.0,0.0,0.0,0.0,0.05773502215743065,0.0,0.05773502215743065,-0.05773502215743065,0.0,0.0,0.0,0.0,0.0,0.0,-0.1154700443148613,0.0,0.0,0.0,0.05773502215743065,0.0,0.0,0.0,0.0,-0.05773502215743065,-0.05773502215743065,0.0,0.0,0.0,0.0,0.05773502215743065,-0.05773502215743065,0.0,0.0,0.1154700443148613,0.0,0.0,0.0,0.0,0.0,0.0,0.0,0.05773502215743065,0.0,0.0,0.0,0.0,0.0,0.0,0.0,0.0,0.0,0.0,0.0,0.0,0.0,0.0,0.0,0.05773502215743065,0.0,0.0,0.0,0.0,0.05773502215743065,0.0,0.0,-0.05773502215743065,0.0,-0.05773502215743065,0.0,0.0,0.0,0.05773502215743065,0.0,0.0,0.0,0.0,0.0,0.0,0.0,-0.05773502215743065,0.0,0.0,0.0,0.0,0.0,0.1154700443148613,0.0,0.0,0.0,0.0,0.0,0.0,-0.1154700443148613,0.0,-0.05773502215743065,0.0,0.0,0.0,0.0,0.0,0.0,0.0,0.0,0.0,0.0,0.0,0.0,0.0,0.0,-0.05773502215743065,0.05773502215743065,0.05773502215743065,-0.05773502215743065,0.0,0.0,0.0,0.0,0.0,0.05773502215743065,0.0,-0.05773502215743065,0.05773502215743065,0.0,0.0,-0.05773502215743065,0.0,0.0,0.0,0.0,0.0,-0.1154700443148613,0.0,-0.05773502215743065,0.0,0.0,0.0,-0.05773502215743065,0.0,0.0,-0.2309400886297226,0.0,-0.05773502215743065,0.0,0.0,0.0,0.0,0.0,0.0,0.0,-0.05773502215743065,0.0,0.0,0.0,0.0,0.0,-0.05773502215743065,-0.05773502215743065,0.0,0.05773502215743065,-0.1154700443148613,0.0,0.05773502215743065,0.0,0.0,0.0,0.0,0.0,0.0,0.0,0.0,0.0,-0.05773502215743065,0.17320507764816284,0.0,0.0,-0.05773502215743065,0.05773502215743065,0.0,0.0,0.0,0.0,0.0,0.0,0.0,0.0,0.0,0.0,0.0,0.0,0.0,0.05773502215743065,0.0,0.0,0.0,0.0,0.0,-0.05773502215743065,0.0,0.0,0.05773502215743065,0.05773502215743065,0.0,0.05773502215743065,0.0,0.0,0.0,0.0,0.0,0.0,0.0,0.0,0.0,0.0,-0.05773502215743065,0.0,0.0,0.0,0.0,-0.05773502215743065,0.0,0.0,0.0,0.05773502215743065,0.05773502215743065,0.0,0.0,0.0,0.0,-0.05773502215743065,0.0,0.0,0.0,0.0,0.0,0.0,0.0,-0.1154700443148613,0.0,0.0,0.0,-0.1154700443148613,0.0,0.0,0.0,0.0,0.0,-0.1154700443148613,0.0,0.0,0.0,-0.05773502215743065,0.0,0.0,0.0,-0.05773502215743065,0.0,0.0,0.05773502215743065,0.05773502215743065,0.0,0.0,0.05773502215743065,0.0,0.0,-0.05773502215743065,0.0,-0.05773502215743065,0.0,0.0,0.0,0.0,0.0,0.0,0.0,0.0,-0.05773502215743065,0.0,0.0,0.0,0.0,0.0,0.0,0.0,0.0,0.05773502215743065,0.0,0.0,-0.05773502215743065,0.0,-0.05773502215743065,0.0,0.0,0.0,0.0,0.0,0.0,0.1154700443148613,0.0,0.0,0.0,0.0,0.05773502215743065,0.0,0.0,0.0,0.0,-0.05773502215743065,-0.05773502215743065,0.0,0.0,0.0,0.05773502215743065,0.05773502215743065,0.0,0.0,0.0,0.0,0.0,0.0,-0.1154700443148613,0.0,0.0,0.0,0.0,0.0,0.0,0.0,-0.1154700443148613,-0.05773502215743065,-0.05773502215743065,0.0,0.0,0.0,0.0,0.05773502215743065,0.0,0.05773502215743065,0.0,0.0,0.0,0.0,0.0,0.0,0.0,0.17320507764816284,0.0,0.0,-0.05773502215743065,0.0,0.0,0.0,0.0,-0.05773502215743065,0.0,-0.05773502215743065,0.0,0.0,0.1154700443148613,-0.05773502215743065,0.0,0.0,0.0,0.0,0.0,0.0,0.0,0.0,0.0,0.0,0.0,0.05773502215743065,0.0,0.0,-0.05773502215743065,0.0,0.0,0.0,0.05773502215743065,0.0,0.0,0.0,0.0,0.0
600642,申能股份,绿电与清洁公用,defensive,student_B,llm_deepseek_extracted,"1. 机构席位活跃，北向资金流入，筹码博弈偏多。  
2. 产能回升，研发交付推进，业绩弹性温和，Beta低防御性强。 ...",-0.062136974185705185,0.0,0.0,0.0,0.0,0.0,0.0,0.0,0.0,0.0,0.0,0.0,0.062136974185705185,0.062136974185705185,0.0,0.0,0.0,0.0,0.0,0.0,0.0,0.0,0.0,0.0,0.0,0.0,0.0,0.0,0.0,0.0,0.0,0.0,0.062136974185705185,0.0,0.0,0.0,0.0,0.0,0.0,-0.062136974185705185,0.0,0.0,-0.062136974185705185,0.0,0.0,0.0,0.0,0.0,0.062136974185705185,0.0,0.062136974185705185,0.062136974185705185,0.0,0.062136974185705185,0.062136974185705185,0.0,0.0,0.0,0.0,0.0,0.0,0.062136974185705185,0.0,0.0,-0.062136974185705185,-0.062136974185705185,0.0,0.0,0.0,0.0,0.0,0.0,0.0,-0.062136974185705185,-0.12427394837141037,0.0,0.0,0.0,0.0,0.0,0.0,0.0,0.0,0.0,-0.062136974185705185,-0.062136974185705185,0.062136974185705185,0.0,0.0,0.0,0.0,0.0,0.0,-0.062136974185705185,0.062136974185705185,0.0,0.0,0.0,0.0,0.0,0.0,0.0,0.0,0.0,0.0,0.0,0.0,-0.062136974185705185,0.0,0.0,-0.062136974185705185,0.0,0.0,0.0,0.0,0.062136974185705185,0.0,0.0,0.0,0.062136974185705185,0.062136974185705185,0.0,-0.062136974185705185,0.0,-0.062136974185705185,0.0,0.12427394837141037,0.0,0.0,0.0,0.0,0.062136974185705185,0.062136974185705185,0.0,0.0,-0.062136974185705185,0.0,0.0,0.0,0.0,0.0,0.0,0.0,-0.062136974185705185,0.0,0.0,0.0,0.0,0.0,0.0,0.0,-0.062136974185705185,0.0,0.0,0.0,0.0,0.0,0.0,0.0,0.0,0.0,0.0,0.12427394837141037,0.0,0.0,0.0,0.0,0.0,0.0,0.0,-0.062136974185705185,-0.062136974185705185,0.0,0.0,0.0,0.0,0.062136974185705185,0.0,-0.062136974185705185,0.0,0.0,0.0,0.0,0.0,0.0,0.0,0.0,0.0,0.0,0.0,0.0,0.0,0.0,-0.062136974185705185,0.0,0.0,0.0,0.0,0.0,0.0,0.062136974185705185,0.0,0.0,0.0,0.0,0.0,0.0,0.062136974185705185,0.0,0.0,0.0,0.0,-0.062136974185705185,0.0,0.0,0.062136974185705185,0.062136974185705185,0.0,0.0,-0.062136974185705185,-0.062136974185705185,0.0,0.0,0.062136974185705185,0.0,0.0,0.0,-0.062136974185705185,0.0,0.062136974185705185,0.062136974185705185,0.062136974185705185,0.0,0.0,0.0,0.0,-0.062136974185705185,0.0,0.0,0.0,0.062136974185705185,0.0,0.0,0.0,-0.062136974185705185,0.12427394837141037,0.0,-0.062136974185705185,0.062136974185705185,0.0,0.0,0.0,0.0,0.12427394837141037,0.0,0.0,0.0,0.0,0.0,0.0,0.0,0.0,0.0,-0.062136974185705185,0.0,0.0,0.0,0.0,0.0,0.0,0.0,0.0,0.0,0.0,-0.062136974185705185,-0.062136974185705185,0.062136974185705185,-0.062136974185705185,0.0,0.0,0.0,0.0,0.0,-0.062136974185705185,0.062136974185705185,0.0,0.0,0.0,-0.062136974185705185,0.0,0.0,0.0,0.0,0.0,0.0,0.0,0.062136974185705185,0.0,0.0,0.062136974185705185,0.0,0.0,0.0,0.0,-0.062136974185705185,0.0,0.0,-0.062136974185705185,0.0,0.0,0.0,0.0,0.0,0.0,-0.062136974185705185,0.0,0.0,0.062136974185705185,0.0,0.062136974185705185,0.0,-0.062136974185705185,0.0,0.0,0.0,0.0,0.0,0.0,0.0,0.0,0.0,0.0,0.0,0.0,0.0,0.0,0.0,0.0,0.0,0.0,0.0,0.0,0.0,0.0,0.0,0.0,0.0,0.0,0.0,0.0,0.0,-0.062136974185705185,0.0,0.0,0.0,-0.062136974185705185,0.062136974185705185,0.0,0.0,0.0,-0.062136974185705185,0.0,0.0,0.0,0.0,0.0,0.0,-0.062136974185705185,0.0,0.0,0.0,0.0,0.0,0.0,0.0,0.0,0.0,0.0,0.0,0.0,-0.062136974185705185,0.0,0.0,0.0,0.0,-0.062136974185705185,0.0,0.0,0.0,0.0,0.0,0.0,0.0,0.0,0.0,0.0,0.0,0.0,0.0,0.0,-0.062136974185705185,0.0,0.0,0.0,0.0,0.0,0.0,0.0,-0.062136974185705185,0.0,0.062136974185705185,0.0,0.0,0.0,0.0,0.0,-0.062136974185705185,0.062136974185705185,0.062136974185705185,0.0,0.0,0.0,0.0,0.0,0.0,0.0,0.0,0.0,-0.062136974185705185,0.0,0.0,0.24854789674282074,-0.062136974185705185,0.0,0.0,0.0,0.0,0.0,0.0,0.0,0.0,0.062136974185705185,0.0,0.0,0.0,0.0,0.0,0.062136974185705185,0.0,0.0,0.0,0.0,0.0,0.0,0.0,0.0,0.0,0.0,0.0,0.0,0.0,0.0,0.0,0.0,0.0,0.0,0.062136974185705185,-0.062136974185705185,0.062136974185705185,0.0,-0.062136974185705185,0.0,0.0,0.0,0.0,0.062136974185705185,0.0,0.0,0.0,-0.062136974185705185,0.0,0.0,0.0,0.0,0.0,0.0,0.0,0.0,0.0,0.0,0.0,0.0,0.0,0.0,0.0,0.0,0.0,-0.062136974185705185,0.0,0.0,-0.062136974185705185,0.0,0.0,0.0,-0.062136974185705185,0.0,0.0,0.0,0.0,-0.062136974185705185,0.0,0.062136974185705185,0.0,0.0,0.0,-0.062136974185705185,0.0,-0.062136974185705185,0.0,0.0,0.0,0.0,0.0,0.0,-0.3106848895549774,-0.062136974185705185,-0.062136974185705185,0.062136974185705185,-0.062136974185705185,0.0,0.0,0.0,0.12427394837141037,0.0,-0.062136974185705185,0.0,0.0,0.0,0.0,0.0,0.0,-0.062136974185705185,0.0,0.062136974185705185,-0.062136974185705185,0.0,0.0,0.0,0.0,-0.062136974185705185,0.0,0.0,0.0,0.0,0.0,0.0,0.0,0.18641091883182526,0.0,0.0,-0.12427394837141037,0.0,0.0,0.0,0.0,0.0,0.0,-0.062136974185705185,0.0,0.0,0.0,0.0,-0.062136974185705185,0.0,0.0,0.0,0.0,0.0,0.062136974185705185,0.0,0.0,0.0,0.0,0.0,0.0,-0.062136974185705185,0.0,0.062136974185705185,0.062136974185705185,0.0,-0.062136974185705185,0.0,0.0,0.0,0.0,0.0,0.0,0.0,-0.12427394837141037,0.0,0.062136974185705185,0.0,0.0,0.0,0.0,0.0,0.0,0.062136974185705185,0.0,0.0,0.0,0.0,0.0,0.0,-0.062136974185705185,0.0,0.0,0.0,0.0,0.0,0.0,-0.12427394837141037,0.0,-0.062136974185705185,0.0,-0.062136974185705185,0.0,0.0,0.062136974185705185,0.0,0.0,-0.062136974185705185,0.0,0.062136974185705185,0.062136974185705185,0.0,0.0,0.0,0.0,0.062136974185705185,0.062136974185705185,0.0,-0.062136974185705185,0.0,-0.062136974185705185,0.0,0.0,0.0,0.0,0.0,-0.062136974185705185,0.0,0.0,0.062136974185705185,0.0,0.0,0.0,0.0,0.0,0.0,-0.062136974185705185,0.0,0.0,0.0,0.0,0.0,0.0,0.0,0.0,0.062136974185705185,0.0,0.0,0.062136974185705185,0.0,0.0,0.0,-0.12427394837141037,0.0,0.0,0.0,0.062136974185705185,0.12427394837141037,0.0,0.0,0.0,0.0,0.062136974185705185,0.0,0.0,0.0,0.0,0.0,0.0,0.0,0.0,0.0,0.12427394837141037,0.0,0.0,0.0,0.0,0.0,0.0,0.0,-0.062136974185705185,0.062136974185705185,0.0,0.0,0.0,0.062136974185705185,0.0,0.0,-0.062136974185705185,0.0,0.0,0.0,0.0,0.0,0.0,0.062136974185705185,0.0,0.0,0.0,0.0,0.0,0.0,0.0,0.0,0.0,-0.062136974185705185,0.0,0.062136974185705185,0.0,0.0,0.0,0.062136974185705185,0.0,0.0,0.0,0.0,0.0,0.0,0.18641091883182526,-0.062136974185705185,0.0,0.0,0.0,0.0,0.0,0.0,0.0,-0.062136974185705185,0.0,0.0,0.0,0.0,0.0,0.0,0.0,0.0,-0.062136974185705185,0.062136974185705185,0.062136974185705185,0.0,0.0,0.062136974185705185,0.062136974185705185,-0.062136974185705185
600236,桂冠电力,绿电与清洁公用,defensive,student_B,llm_deepseek_extracted,"1. 机构席位活跃，北向资金流入，筹码博弈偏多。  
2. 业绩弹性低，Beta0.68防御性强，技术壁垒一般。  
3...",-0.0629940778017044,0.0,0.0,0.0,0.0,0.0,0.0,0.0,0.0,0.0,0.0,0.0,0.0,0.0629940778017044,0.0,0.0,0.0,0.0,0.0,0.0,0.0,0.0,0.0,0.0,0.0,0.0,0.0,0.0,0.0,0.0,-0.0629940778017044,0.0,0.0629940778017044,0.0,0.0,0.0,0.0,0.0,0.0,0.0,0.0,0.0,-0.0629940778017044,0.0,0.0,0.0,0.0,0.0,0.0,0.0,0.0629940778017044,0.0629940778017044,0.0,0.0629940778017044,0.0629940778017044,0.0,0.0,0.0,0.0,0.0,0.0,0.0,0.0,0.0,0.0,-0.0629940778017044,0.0,0.0,0.0,0.0,0.0,0.0,0.0,0.0,-0.0629940778017044,0.0,0.0,-0.0629940778017044,0.0,0.0,0.0,0.0,0.0,0.0,-0.0629940778017044,0.0,0.0,-0.0629940778017044,0.0,0.0,0.0,0.0,0.0629940778017044,0.0,0.0629940778017044,0.0,0.0,0.0,0.0,0.0,-0.0629940778017044,0.0,0.0,0.0,0.0,0.0,0.0,-0.0629940778017044,0.0,0.0629940778017044,-0.0629940778017044,0.0,0.0,0.0,0.0,0.0,-0.0629940778017044,0.0,0.0,0.0629940778017044,0.0629940778017044,0.0,-0.0629940778017044,0.0,-0.0629940778017044,0.0,0.1259881556034088,0.0,0.0,0.0,0.0,0.0629940778017044,0.1259881556034088,0.0,0.0,-0.0629940778017044,0.0,0.0,0.0,0.0,-0.0629940778017044,0.0,0.0,-0.0629940778017044,0.0,0.0,0.0,0.0,0.0,0.0,0.0,-0.0629940778017044,0.0,0.0,0.0,0.0629940778017044,0.0,0.0,0.0,0.0,0.0,0.0,0.1259881556034088,0.0,0.0,-0.0629940778017044,0.0,0.0,0.0,0.0,-0.0629940778017044,-0.0629940778017044,0.0,0.0,0.0,0.0,0.0,0.0,0.0,0.0,0.0,0.0,-0.0629940778017044,0.0,0.0,0.0,0.0,0.0,0.0,0.0,0.0,0.0,0.0,0.0,0.0,0.0,0.0,0.0,0.0,0.0,0.0,0.0,0.0,0.0,0.0,0.0,0.0,0.0629940778017044,0.0,0.0,0.0,0.0,-0.0629940778017044,0.0,0.0,0.0629940778017044,0.0629940778017044,-0.0629940778017044,0.0,-0.0629940778017044,-0.0629940778017044,0.0,0.0,0.0629940778017044,0.0,0.0,0.0,-0.0629940778017044,0.0,0.0629940778017044,0.0629940778017044,0.0629940778017044,0.0,0.0,0.0,0.0,-0.0629940778017044,0.0,0.0,0.0,0.0629940778017044,0.0,0.0,0.0,-0.0629940778017044,0.1259881556034088,0.0,-0.0629940778017044,0.0629940778017044,0.0,0.0,0.0,0.0,0.0,0.0,0.0,0.0,0.0,0.0,0.0,0.0,0.0,0.0,0.0,0.0,0.0,0.0,0.0,-0.0629940778017044,0.0,0.0,0.0,0.0,0.0,-0.0629940778017044,-0.0629940778017044,0.0,0.0,0.0,0.0,0.0,0.0,0.0,0.0,0.0,0.0,0.0,0.0,-0.0629940778017044,-0.0629940778017044,0.0,0.0,0.0,0.0,0.0,0.0,0.0629940778017044,0.0,0.0,0.0629940778017044,0.0,0.0,0.0,0.0,0.0,0.0,0.0,-0.0629940778017044,0.0,0.0,0.0,0.0,0.0,0.0,-0.0629940778017044,0.0,0.0,0.0629940778017044,0.0,0.0629940778017044,0.0,0.0,0.0,0.0,0.0,0.0,0.0,0.0,0.0,0.0,0.0,0.0,0.0,0.0,0.0,0.0,0.0,0.0,0.0,0.0,0.0,0.0,0.0,-0.0629940778017044,0.0,0.0,0.0,0.0,0.0,0.0,0.0,-0.0629940778017044,0.0,0.0,0.0,-0.0629940778017044,0.0629940778017044,0.0,0.0,0.0,-0.0629940778017044,0.0,0.0,0.0,0.0,0.0,0.0,-0.0629940778017044,0.0,0.0,0.0,-0.0629940778017044,0.0,-0.0629940778017044,0.0,0.0,0.0,0.0,0.0,0.0,-0.1259881556034088,0.0,0.0,0.0,0.0,-0.0629940778017044,0.0,0.0629940778017044,0.0,0.0,0.0,0.0,0.0,0.0,0.0,0.0,0.0,0.0,0.0,0.0,-0.0629940778017044,0.0,0.0,0.0,0.0,0.0,-0.0629940778017044,0.0,-0.0629940778017044,0.0,0.0629940778017044,0.0,0.0,0.0,0.0,0.0,0.0,0.0,0.0,0.0,0.0,0.0,0.0,0.0,0.0,0.0,0.0,0.0629940778017044,0.0,0.0,0.0,0.3149704039096832,-0.0629940778017044,0.0,0.0,0.0,0.0,0.0,0.0,0.0,0.0,0.0629940778017044,0.0,0.0,0.0,0.0,0.0,0.0,0.0,0.0,0.0,0.0,0.0,0.0,0.0,0.0,0.0,0.0,0.0,0.0,0.0,0.0,0.0,0.0,0.0,0.0,0.0629940778017044,-0.0629940778017044,0.0629940778017044,0.0,0.0,0.0,-0.0629940778017044,0.0,0.0,0.0629940778017044,0.0,0.0,0.0,-0.0629940778017044,0.0,0.0,0.0629940778017044,0.0629940778017044,0.0,0.0,0.0,0.0,0.0,0.0629940778017044,0.0,0.0,0.0629940778017044,0.0,0.0,0.0,0.0,0.0,0.0,0.0,-0.0629940778017044,0.0,0.0,0.0629940778017044,-0.0629940778017044,0.0,0.0,0.0,0.0,-0.0629940778017044,0.0,0.0629940778017044,0.0,0.0,0.0,-0.0629940778017044,0.0,-0.0629940778017044,0.0,0.0,0.0,0.0,0.0,0.0,-0.2519763112068176,0.0629940778017044,-0.0629940778017044,0.0,0.0,0.0,0.0,0.0,0.1259881556034088,0.0,0.0,0.0,0.0,0.0,0.0,0.0,-0.0629940778017044,-0.0629940778017044,0.0,0.0629940778017044,-0.0629940778017044,0.0,0.0,0.0,0.0,0.0,0.0,0.0,0.0,0.0,0.0,0.0,0.0,0.18898223340511322,0.0,0.0,-0.1259881556034088,0.0,0.0,0.0,0.0,0.0,0.0,-0.0629940778017044,0.0,0.0,0.0,0.0,0.0,0.0,0.0,0.0,0.0,0.0629940778017044,0.0629940778017044,0.0,0.0,0.0,0.0,0.0,0.0,0.0,0.0,0.0629940778017044,0.0,0.0,-0.0629940778017044,0.0,0.0,-0.0629940778017044,0.0,0.0,0.0,0.0,-0.1259881556034088,0.0,0.0,0.0,0.0,-0.0629940778017044,0.0,0.0,0.0,0.0629940778017044,0.0,0.1259881556034088,0.0,0.0,0.0,0.0629940778017044,-0.0629940778017044,0.0,0.0,0.0,0.0,0.0629940778017044,0.0,-0.0629940778017044,0.0,0.0,0.0,0.0,0.0,0.0,0.0629940778017044,0.0,0.0,-0.0629940778017044,0.0,0.0,0.0629940778017044,0.0,0.0,0.0,0.0,0.0629940778017044,0.0629940778017044,0.0,0.0,0.0,0.0,0.0,-0.0629940778017044,0.0,0.0,0.0,0.0,0.0,0.0,0.0629940778017044,0.0,0.0,0.0,0.0,0.0,0.0,0.0629940778017044,0.0629940778017044,0.0,0.0,0.0,0.0,0.0,0.0,0.0,0.0629940778017044,0.0,0.0,0.0629940778017044,0.0,0.0,0.0,-0.1259881556034088,0.0,0.0,0.0,0.0,0.1259881556034088,0.0,0.0,0.0,0.0,0.0,0.0,0.0,0.0,0.0,0.0,0.0,0.0,0.0,0.0,0.1259881556034088,-0.0629940778017044,0.0,0.0,0.0,0.0,0.0,0.0,-0.1259881556034088,0.0,-0.0629940778017044,0.0,0.0,0.0,0.0629940778017044,0.0,-0.0629940778017044,0.0,0.0,0.0,0.0,0.0,0.0,0.0629940778017044,0.0,0.0,0.0,0.0,0.0,0.0,0.0,0.0,0.0,0.0629940778017044,0.0,0.0,0.0,0.0,0.0,0.0629940778017044,0.0,-0.0629940778017044,0.0,-0.0629940778017044,0.0,0.0,0.18898223340511322,-0.0629940778017044,0.0,-0.0629940778017044,0.0,0.0,0.0,0.0,0.0,-0.0629940778017044,0.0,0.0,0.0,0.0,0.0,0.0,0.0,0.0,-0.0629940778017044,0.0,0.0629940778017044,0.0,0.0,0.0,0.0629940778017044,0.0
000966,杉杉股份,绿电与清洁公用,growth,student_B,llm_deepseek_extracted,"1. 机构席位活跃，北向资金流动频繁，筹码博弈加剧。  
2. 产能回升+研发交付，业绩弹性增强，技术壁垒稳固。  
3...",-0.06454972177743912,-0.06454972177743912,0.0,0.0,0.0,0.0,0.0,0.0,0.0,0.0,0.0,0.0,0.06454972177743912,0.06454972177743912,0.0,0.0,0.0,0.0,0.0,0.0,0.0,0.0,0.0,0.0,0.0,0.0,0.0,0.0,0.0,0.0,0.0,0.06454972177743912,0.06454972177743912,0.0,0.0,-0.06454972177743912,0.0,0.0,0.0,0.0,0.0,0.0,-0.06454972177743912,0.0,0.0,0.0,0.0,0.0,0.0,0.0,0.06454972177743912,0.06454972177743912,0.0,0.06454972177743912,0.0,0.0,0.0,0.0,0.0,0.0,0.0,0.0,0.0,0.0,-0.06454972177743912,-0.06454972177743912,0.0,0.0,0.0,0.0,0.0,0.0,0.0,0.0,0.0,0.0,0.0,-0.06454972177743912,0.0,0.0,0.0,0.0,0.0,0.0,0.0,0.0,0.0,-0.06454972177743912,0.0,0.0,0.0,0.06454972177743912,0.0,0.0,0.06454972177743912,0.0,0.0,0.0,0.0,0.0,0.0,0.0,0.0,0.0,0.0,0.0,0.0,-0.06454972177743912,0.0,0.0,-0.06454972177743912,0.0,0.0,0.0,0.0,0.06454972177743912,0.0,0.06454972177743912,0.0,0.06454972177743912,0.0,0.0,0.0,0.0,-0.06454972177743912,0.0,0.06454972177743912,0.0,0.0,0.0,0.0,0.06454972177743912,0.06454972177743912,-0.06454972177743912,0.0,-0.06454972177743912,0.0,0.0,0.0,0.0,0.0,0.0,0.0,0.0,0.0,0.0,0.06454972177743912,0.0,0.06454972177743912,0.0,0.0,0.0,0.0,0.0,0.0,0.06454972177743912,0.0,0.0,0.0,0.0,0.0,0.0,0.12909944355487823,-0.06454972177743912,0.06454972177743912,-0.06454972177743912,0.0,0.0,0.0,0.06454972177743912,-0.06454972177743912,0.0,0.0,0.0,0.0,0.0,0.06454972177743912,0.0,-0.06454972177743912,0.0,0.0,0.0,0.0,0.0,0.0,0.0,0.0,0.0,0.0,0.0,0.0,0.0,0.06454972177743912,0.0,0.06454972177743912,0.0,0.0,0.0,0.0,0.0,0.12909944355487823,0.0,0.0,0.0,0.0,0.0,0.0,0.06454972177743912,0.0,0.0,0.0,-0.06454972177743912,0.0,0.06454972177743912,0.0,0.06454972177743912,0.06454972177743912,0.0,0.0,-0.06454972177743912,-0.06454972177743912,0.0,0.0,0.0,0.0,0.0,0.0,-0.06454972177743912,0.0,0.06454972177743912,0.06454972177743912,0.06454972177743912,0.0,0.0,0.0,0.0,-0.06454972177743912,0.0,0.0,0.0,0.0,0.0,0.0,0.0,-0.06454972177743912,0.12909944355487823,0.0,-0.06454972177743912,0.0,0.0,0.0,0.0,0.0,0.12909944355487823,0.0,0.0,0.0,0.0,0.0,0.0,0.0,0.0,0.0,0.0,0.0,0.0,0.0,0.0,0.0,0.0,0.0,0.0,0.0,0.0,-0.06454972177743912,-0.06454972177743912,0.0,0.0,0.0,0.0,0.0,0.0,0.0,-0.06454972177743912,0.06454972177743912,0.0,-0.06454972177743912,0.0,-0.06454972177743912,0.0,0.0,0.0,0.0,0.0,0.0,0.0,0.0,0.0,0.0,0.06454972177743912,0.0,0.0,0.06454972177743912,0.0,-0.06454972177743912,0.0,0.0,-0.06454972177743912,0.0,0.0,0.0,0.0,0.0,0.0,-0.06454972177743912,0.0,0.0,0.06454972177743912,0.0,0.0,0.0,-0.06454972177743912,0.06454972177743912,0.0,0.0,0.0,0.0,0.0,0.0,0.0,0.0,0.0,0.0,0.0,0.0,0.0,0.0,0.0,0.0,0.0,0.06454972177743912,0.0,0.0,0.0,-0.06454972177743912,0.0,0.0,0.0,0.0,0.0,0.0,-0.06454972177743912,0.0,-0.06454972177743912,0.0,-0.06454972177743912,0.06454972177743912,0.0,0.0,0.0,-0.06454972177743912,0.0,0.0,0.0,0.0,0.0,0.0,0.0,0.0,0.0,0.0,-0.06454972177743912,-0.06454972177743912,0.0,0.0,0.0,0.0,0.0,0.0,0.0,-0.06454972177743912,0.0,0.0,0.0,0.0,-0.06454972177743912,0.0,0.0,0.0,0.0,0.0,0.0,0.0,0.0,0.0,0.0,0.0,0.0,0.0,-0.06454972177743912,0.0,0.0,0.0,0.0,0.0,0.0,-0.06454972177743912,0.0,-0.06454972177743912,0.0,0.0,0.0,0.0,0.0,0.0,0.0,0.0,0.06454972177743912,-0.06454972177743912,0.0,0.0,0.0,0.0,0.0,0.0,0.0,0.0,0.0,0.0,0.0,0.0,0.25819888710975647,0.0,0.0,0.0,0.0,0.0,0.0,0.0,0.0,0.0,0.0,0.0,0.0,0.0,0.0,0.0,0.06454972177743912,0.0,0.0,0.0,0.0,0.0,0.0,0.0,0.0,0.06454972177743912,0.0,0.0,0.0,0.0,0.0,0.0,0.0,0.0,-0.06454972177743912,0.0,-0.06454972177743912,0.06454972177743912,0.0,0.0,0.0,0.0,0.0,0.0,0.12909944355487823,0.0,0.0,-0.06454972177743912,-0.06454972177743912,0.0,0.0,0.06454972177743912,0.0,0.0,0.0,0.0,0.06454972177743912,0.0,0.0,0.0,0.0,0.0,0.0,0.0,0.0,0.0,-0.06454972177743912,0.0,0.0,-0.06454972177743912,0.0,0.0,0.0,0.0,-0.06454972177743912,0.0,0.0,0.0,-0.06454972177743912,0.0,0.06454972177743912,0.0,0.0,0.0,-0.06454972177743912,0.0,-0.06454972177743912,0.0,0.0,0.0,0.0,0.0,0.0,-0.25819888710975647,0.0,-0.06454972177743912,0.0,0.0,0.0,0.0,0.0,0.12909944355487823,0.0,-0.06454972177743912,0.0,0.0,0.06454972177743912,0.0,0.0,-0.06454972177743912,-0.06454972177743912,0.06454972177743912,0.06454972177743912,0.0,-0.06454972177743912,0.0,0.0,0.0,0.0,0.0,0.0,0.0,-0.06454972177743912,0.0,0.0,0.0,0.19364915788173676,0.0,0.0,-0.06454972177743912,0.0,0.0,0.0,0.0,0.0,0.0,0.0,0.06454972177743912,0.0,0.0,0.0,0.0,0.0,0.0,0.0,0.0,0.0,0.0,0.0,0.0,0.0,0.0,0.0,0.0,0.0,0.0,0.06454972177743912,0.0,0.0,0.0,0.0,0.0,0.0,0.0,0.0,0.06454972177743912,0.0,-0.12909944355487823,0.0,0.0,0.0,0.0,-0.06454972177743912,0.0,-0.06454972177743912,0.0,0.06454972177743912,0.0,0.0,0.0,0.0,0.0,0.0,0.0,0.0,0.0,0.0,0.0,0.0,0.0,-0.06454972177743912,0.0,0.0,0.0,-0.12909944355487823,0.0,0.0,0.06454972177743912,0.0,0.0,-0.06454972177743912,0.0,0.0,0.06454972177743912,0.0,-0.06454972177743912,0.0,0.0,0.0,0.06454972177743912,0.0,-0.06454972177743912,-0.06454972177743912,-0.06454972177743912,0.0,0.0,0.0,0.0,0.0,0.0,0.0,0.0,0.06454972177743912,0.0,0.0,0.0,0.0,0.0,0.0,-0.06454972177743912,0.0,0.0,0.0,0.0,0.0,0.0,0.0,0.0,0.06454972177743912,0.0,0.0,-0.06454972177743912,0.0,0.0,0.0,0.0,0.0,0.0,0.0,0.0,0.12909944355487823,0.0,0.0,0.0,0.0,0.06454972177743912,0.0,0.0,0.0,0.0,0.0,0.0,0.0,0.0,0.0,0.06454972177743912,-0.06454972177743912,0.0,0.0,0.0,0.0,0.06454972177743912,0.0,-0.12909944355487823,0.0,0.0,0.0,0.0,0.0,0.06454972177743912,0.0,-0.06454972177743912,0.0,0.0,0.0,0.0,0.0,0.0,0.06454972177743912,0.0,0.0,0.0,0.0,0.0,0.0,0.0,0.0,-0.06454972177743912,0.12909944355487823,0.0,0.0,0.0,0.0,0.0,0.06454972177743912,0.0,-0.06454972177743912,0.0,-0.06454972177743912,0.0,0.0,0.19364915788173676,-0.06454972177743912,0.0,0.0,0.0,0.0,0.0,0.0,0.0,-0.06454972177743912,0.06454972177743912,0.0,0.0,0.0,0.0,0.06454972177743912,0.06454972177743912,0.0,0.0,0.0,0.06454972177743912,0.0,0.0,0.0,0.0,0.0
300769,德方纳米,绿电与清洁公用,growth,student_B,llm_deepseek_extracted,"1. 机构席位活跃，北向资金流动频繁，筹码博弈加剧。  
2. 产能回升+研发交付，业绩弹性释放，技术壁垒稳固。  
3...",-0.05986843630671501,0.0,0.0,0.0,0.0,-0.05986843630671501,0.0,0.0,0.0,0.0,0.0,0.0,0.05986843630671501,0.11973687261343002,0.0,0.0,0.0,0.0,0.0,0.0,0.0,0.0,0.0,0.0,0.0,0.0,0.0,0.0,0.0,0.0,0.0,0.05986843630671501,0.05986843630671501,0.0,0.0,0.0,0.0,0.0,0.0,0.0,0.0,0.0,-0.05986843630671501,0.0,0.0,-0.05986843630671501,0.0,0.0,0.0,0.0,0.05986843630671501,0.05986843630671501,0.0,0.05986843630671501,0.0,0.0,0.0,0.0,0.0,-0.05986843630671501,0.0,0.0,0.0,0.0,-0.05986843630671501,-0.05986843630671501,0.0,0.0,0.0,-0.05986843630671501,0.0,0.0,0.0,0.0,0.0,0.0,0.0,-0.05986843630671501,0.0,0.0,0.0,0.0,0.0,0.0,0.0,0.0,0.0,-0.05986843630671501,0.0,0.0,0.0,0.05986843630671501,0.0,0.0,0.0,0.0,0.0,0.0,0.0,0.0,0.0,0.0,0.0,0.0,0.0,0.0,0.0,-0.11973687261343002,0.0,0.0,-0.05986843630671501,0.0,0.0,0.0,0.0,0.05986843630671501,0.0,0.0,0.0,0.05986843630671501,0.0,0.05986843630671501,0.0,0.0,-0.05986843630671501,0.0,0.11973687261343002,0.0,0.0,0.0,0.0,0.05986843630671501,0.05986843630671501,-0.05986843630671501,0.0,-0.05986843630671501,0.0,0.0,0.0,0.0,0.0,0.0,0.0,0.0,0.0,0.0,0.05986843630671501,0.0,0.0,0.0,0.0,0.0,0.0,0.0,0.0,0.0,0.0,0.0,0.0,0.0,0.0,0.0,0.11973687261343002,-0.05986843630671501,0.05986843630671501,0.0,0.0,0.0,0.0,0.05986843630671501,-0.05986843630671501,-0.05986843630671501,0.0,-0.05986843630671501,0.0,0.0,0.05986843630671501,0.0,-0.05986843630671501,0.0,0.0,0.0,0.0,0.0,0.0,-0.05986843630671501,0.0,0.0,0.05986843630671501,0.0,0.0,0.0,0.05986843630671501,0.0,0.05986843630671501,0.0,0.0,0.0,0.0,0.0,0.11973687261343002,0.0,0.0,0.0,0.0,0.0,0.0,0.05986843630671501,0.0,0.0,0.0,0.05986843630671501,0.0,0.05986843630671501,0.0,0.05986843630671501,0.05986843630671501,0.0,0.0,-0.05986843630671501,-0.11973687261343002,0.0,0.0,0.0,0.0,0.0,0.0,-0.05986843630671501,0.0,0.05986843630671501,0.05986843630671501,0.05986843630671501,0.0,0.0,0.0,0.0,-0.05986843630671501,0.0,0.0,0.0,0.0,0.0,0.0,0.0,-0.05986843630671501,0.11973687261343002,0.0,-0.05986843630671501,0.0,0.0,0.0,0.05986843630671501,0.0,0.11973687261343002,0.0,0.0,0.0,0.0,0.0,0.0,0.0,0.0,0.0,0.0,0.0,0.0,0.0,0.0,0.0,0.0,0.0,0.0,0.0,0.05986843630671501,-0.05986843630671501,-0.05986843630671501,0.0,0.0,0.0,0.0,0.0,0.0,0.0,-0.05986843630671501,0.11973687261343002,0.0,-0.05986843630671501,0.0,-0.05986843630671501,0.0,0.0,0.0,0.0,0.0,0.0,0.0,0.0,0.0,0.0,0.05986843630671501,0.0,0.0,0.05986843630671501,0.0,-0.05986843630671501,0.0,0.0,-0.05986843630671501,0.0,0.0,0.0,0.05986843630671501,0.0,0.0,-0.05986843630671501,0.0,0.0,0.05986843630671501,0.0,0.0,0.0,-0.05986843630671501,0.05986843630671501,0.0,0.0,0.0,0.0,0.0,0.0,0.0,0.0,0.0,0.0,0.0,0.0,0.0,0.0,0.0,0.0,0.0,0.05986843630671501,0.0,0.0,0.0,-0.11973687261343002,0.0,0.0,0.0,0.0,0.05986843630671501,0.0,-0.05986843630671501,0.0,0.0,-0.05986843630671501,-0.05986843630671501,0.05986843630671501,0.0,0.0,0.0,-0.05986843630671501,0.0,0.0,0.0,0.0,0.0,0.0,0.0,0.0,0.0,0.0,-0.05986843630671501,-0.05986843630671501,0.0,0.0,0.0,0.0,0.0,0.0,0.0,-0.05986843630671501,0.0,0.0,0.11973687261343002,0.0,-0.05986843630671501,0.0,0.0,0.0,0.0,0.0,0.0,0.0,0.0,0.0,0.0,0.0,0.0,0.0,0.0,0.0,0.0,0.0,0.0,0.0,0.0,-0.05986843630671501,0.0,-0.05986843630671501,0.0,0.0,0.0,0.0,0.0,0.0,0.0,0.0,0.05986843630671501,0.0,0.0,0.0,0.0,0.0,0.0,0.0,0.0,0.0,0.0,0.0,0.0,0.0,0.29934218525886536,0.0,0.0,0.0,0.0,0.0,0.0,0.0,0.0,0.0,0.0,0.0,0.0,0.0,0.0,0.0,0.05986843630671501,0.0,0.0,0.0,0.0,0.0,0.0,0.0,0.0,0.05986843630671501,0.05986843630671501,0.0,0.0,0.0,0.0,0.0,0.0,0.0,-0.05986843630671501,0.0,-0.05986843630671501,0.05986843630671501,0.0,0.0,0.0,0.0,0.0,0.0,0.05986843630671501,0.0,0.0,-0.05986843630671501,-0.05986843630671501,0.0,0.0,0.0,0.0,0.0,0.0,0.0,0.05986843630671501,0.0,0.0,0.0,0.0,0.0,0.0,0.0,0.0,0.0,-0.05986843630671501,0.0,0.0,-0.05986843630671501,0.0,0.0,0.0,0.0,-0.05986843630671501,0.0,0.0,0.0,-0.05986843630671501,0.0,0.05986843630671501,0.0,0.0,0.0,-0.05986843630671501,0.0,-0.05986843630671501,0.0,0.0,0.0,0.0,0.0,0.0,-0.29934218525886536,0.0,-0.05986843630671501,0.0,0.0,0.0,0.0,0.0,0.11973687261343002,0.0,-0.05986843630671501,0.0,0.0,0.05986843630671501,0.0,0.0,0.0,-0.05986843630671501,0.05986843630671501,0.05986843630671501,0.0,-0.05986843630671501,0.0,0.0,0.0,0.0,0.0,0.0,0.0,0.0,0.0,0.0,0.0,0.17960530519485474,0.0,0.0,-0.05986843630671501,0.0,0.0,-0.05986843630671501,0.0,0.0,0.0,0.0,0.05986843630671501,0.0,0.0,0.0,0.0,0.0,0.0,0.0,0.0,0.0,0.0,0.0,0.0,0.0,0.0,0.0,0.0,0.0,0.0,0.0,0.0,0.0,0.0,0.0,0.0,-0.05986843630671501,0.0,0.0,0.0,0.0,-0.05986843630671501,0.0,0.0,0.0,0.0,-0.05986843630671501,0.0,0.0,0.0,0.05986843630671501,-0.05986843630671501,0.0,0.0,0.0,0.0,0.0,0.0,0.0,0.0,0.0,0.0,0.0,0.0,-0.05986843630671501,0.0,0.0,0.05986843630671501,-0.11973687261343002,0.0,0.0,0.05986843630671501,0.05986843630671501,0.0,-0.05986843630671501,0.0,-0.05986843630671501,0.05986843630671501,0.0,-0.05986843630671501,0.0,0.0,0.0,0.05986843630671501,0.0,-0.05986843630671501,-0.05986843630671501,-0.05986843630671501,0.0,0.0,0.0,0.0,0.0,0.0,0.0,0.0,0.05986843630671501,0.0,0.0,0.0,0.0,0.0,0.0,-0.05986843630671501,0.0,0.0,0.0,0.0,0.0,0.0,-0.05986843630671501,0.0,0.05986843630671501,0.0,0.0,-0.05986843630671501,0.0,0.0,0.0,0.0,0.0,0.0,0.0,0.0,0.11973687261343002,0.0,0.0,0.0,0.0,0.05986843630671501,0.0,0.0,0.0,-0.05986843630671501,0.0,0.0,0.0,0.0,0.0,0.05986843630671501,-0.05986843630671501,0.0,0.0,0.0,0.0,0.05986843630671501,0.0,-0.11973687261343002,0.0,0.0,0.0,0.0,0.0,0.05986843630671501,0.0,-0.05986843630671501,-0.05986843630671501,0.0,0.0,0.0,0.0,0.0,0.05986843630671501,0.0,0.0,-0.05986843630671501,0.0,0.0,0.0,0.0,0.0,-0.05986843630671501,0.11973687261343002,-0.05986843630671501,0.0,0.0,0.0,0.0,0.05986843630671501,0.0,-0.05986843630671501,0.0,-0.05986843630671501,0.0,0.0,0.11973687261343002,-0.05986843630671501,0.0,0.0,0.0,0.0,0.0,0.0,0.0,-0.05986843630671501,0.05986843630671501,0.0,0.0,0.0,0.0,0.05986843630671501,0.05986843630671501,0.0,0.0,0.0,0.05986843630671501,0.0,0.0,0.0,0.0,0.0
300037,新宙邦,绿电与清洁公用,growth,student_B,llm_deepseek_extracted,"1. 机构席位活跃，北向资金流动频繁，筹码博弈加剧，短线波动放大。  
2. 产能回升叠加研发交付，业绩弹性增强，技术壁...",-0.05415303632616997,-0.05415303632616997,0.0,0.0,-0.05415303632616997,0.0,0.0,0.0,0.0,0.0,0.0,0.0,0.05415303632616997,0.05415303632616997,0.0,0.0,0.0,0.0,0.0,0.0,0.0,0.0,0.0,0.0,0.0,0.0,-0.05415303632616997,0.0,0.0,-0.05415303632616997,0.0,0.0,0.05415303632616997,0.0,0.0,0.0,0.0,0.0,0.0,0.0,0.0,-0.05415303632616997,-0.05415303632616997,0.0,0.0,-0.10830607265233994,0.0,0.0,0.0,0.0,0.0,0.05415303632616997,0.0,0.05415303632616997,0.0,0.0,0.0,0.0,0.0,0.0,0.0,0.0,0.0,0.0,-0.05415303632616997,-0.05415303632616997,0.0,0.0,0.0,0.0,0.0,0.0,0.0,0.0,0.0,0.0,0.0,-0.05415303632616997,0.0,0.0,0.0,0.0,0.0,0.0,0.0,-0.05415303632616997,0.0,-0.05415303632616997,0.0,0.0,0.0,0.0,0.0,0.0,0.0,0.0,0.0,0.0,0.0,0.0,0.0,0.0,0.0,0.0,0.0,0.0,0.0,-0.05415303632616997,0.0,0.0,-0.05415303632616997,0.0,-0.05415303632616997,0.0,0.0,0.05415303632616997,0.0,0.05415303632616997,0.05415303632616997,0.05415303632616997,0.05415303632616997,0.05415303632616997,-0.05415303632616997,0.0,-0.05415303632616997,0.0,0.10830607265233994,0.0,0.0,0.0,0.0,0.05415303632616997,0.05415303632616997,-0.05415303632616997,0.0,-0.10830607265233994,0.0,0.0,0.0,0.0,0.0,0.0,0.0,0.0,0.0,0.0,0.05415303632616997,0.0,0.05415303632616997,0.0,0.0,-0.05415303632616997,0.0,0.0,0.0,0.05415303632616997,0.0,0.0,0.05415303632616997,0.05415303632616997,0.0,0.0,0.10830607265233994,0.0,0.05415303632616997,-0.05415303632616997,0.0,0.0,0.0,0.05415303632616997,-0.05415303632616997,-0.05415303632616997,0.0,0.0,0.0,0.0,0.05415303632616997,0.0,-0.05415303632616997,-0.05415303632616997,0.0,0.0,0.0,0.0,0.0,0.0,0.0,0.0,0.05415303632616997,0.05415303632616997,0.0,0.0,0.0,0.0,0.0,0.0,0.0,0.0,0.0,0.05415303632616997,0.05415303632616997,0.0,0.0,0.0,0.0,0.0,0.0,0.05415303632616997,0.0,-0.05415303632616997,0.0,0.05415303632616997,0.0,0.05415303632616997,0.0,0.05415303632616997,0.1624591201543808,0.0,0.0,-0.05415303632616997,0.0,0.0,0.0,0.05415303632616997,0.0,0.0,0.05415303632616997,-0.05415303632616997,0.0,0.05415303632616997,0.05415303632616997,0.05415303632616997,0.0,0.05415303632616997,0.0,0.0,-0.05415303632616997,0.0,0.0,0.0,0.0,0.0,0.0,0.0,-0.05415303632616997,0.10830607265233994,-0.05415303632616997,-0.05415303632616997,0.05415303632616997,0.0,0.0,0.0,0.0,0.10830607265233994,0.0,0.0,0.0,0.0,0.0,0.0,0.0,0.0,0.0,0.0,0.0,0.0,0.0,0.0,0.0,0.0,0.0,0.0,0.0,0.05415303632616997,-0.05415303632616997,-0.05415303632616997,0.0,-0.05415303632616997,0.0,0.0,0.0,0.0,0.0,-0.05415303632616997,0.05415303632616997,0.0,-0.05415303632616997,0.0,-0.05415303632616997,0.0,0.0,0.0,0.0,0.0,0.0,0.0,0.0,0.0,0.0,0.05415303632616997,0.05415303632616997,0.0,0.05415303632616997,0.0,-0.05415303632616997,0.0,0.0,-0.05415303632616997,0.0,0.0,0.0,0.0,0.0,0.0,-0.05415303632616997,0.0,0.0,0.05415303632616997,0.0,0.0,0.0,-0.05415303632616997,0.0,-0.05415303632616997,0.0,0.0,0.0,0.05415303632616997,0.0,0.0,0.0,-0.05415303632616997,0.0,0.0,0.0,0.0,0.0,0.0,0.0,0.0,0.05415303632616997,0.0,0.0,0.0,-0.1624591201543808,0.0,0.0,0.0,0.0,0.05415303632616997,0.0,-0.05415303632616997,0.0,0.0,0.0,-0.05415303632616997,0.05415303632616997,0.0,0.0,0.0,-0.05415303632616997,0.0,0.0,0.0,-0.05415303632616997,0.0,0.0,0.0,0.0,0.0,0.0,-0.05415303632616997,-0.05415303632616997,0.0,0.0,0.0,0.0,0.0,0.0,0.0,-0.05415303632616997,0.0,0.0,0.05415303632616997,0.0,-0.05415303632616997,0.0,0.0,0.0,0.0,0.0,0.0,0.0,0.0,0.0,0.0,0.0,0.0,0.0,0.0,0.0,0.0,0.0,0.0,0.0,0.0,-0.05415303632616997,0.0,0.0,0.0,0.0,0.0,0.0,0.0,0.0,-0.05415303632616997,0.0,0.0,0.05415303632616997,0.0,0.0,0.0,0.0,0.0,0.0,0.0,0.0,0.0,0.0,0.0,0.0,0.21661214530467987,0.0,0.0,0.0,0.0,0.0,0.0,0.0,0.0,0.0,0.05415303632616997,0.0,0.0,0.0,0.0,0.0,0.05415303632616997,0.0,0.05415303632616997,-0.05415303632616997,0.0,0.0,0.0,-0.05415303632616997,0.0,0.05415303632616997,0.05415303632616997,0.0,0.0,0.0,0.0,0.0,0.0,0.0,-0.05415303632616997,0.05415303632616997,-0.05415303632616997,0.05415303632616997,-0.05415303632616997,0.05415303632616997,0.0,0.0,0.0,0.0,-0.05415303632616997,0.0,-0.05415303632616997,-0.05415303632616997,-0.05415303632616997,0.0,0.0,0.05415303632616997,0.0,0.0,0.0,0.0,0.05415303632616997,0.0,0.0,0.0,0.0,0.0,0.0,0.0,0.0,0.0,-0.05415303632616997,-0.05415303632616997,0.0,-0.05415303632616997,0.0,0.0,0.0,0.0,-0.10830607265233994,0.0,0.0,0.0,-0.05415303632616997,0.0,0.05415303632616997,0.0,0.0,0.0,-0.05415303632616997,0.0,-0.05415303632616997,-0.05415303632616997,0.0,0.0,0.0,0.0,0.0,-0.37907126545906067,0.0,-0.05415303632616997,0.0,0.0,0.0,0.0,0.0,0.10830607265233994,0.0,-0.05415303632616997,0.0,0.0,0.0,0.0,0.0,0.0,0.0,0.05415303632616997,0.05415303632616997,0.0,0.0,0.0,0.0,0.0,-0.05415303632616997,0.0,0.05415303632616997,0.05415303632616997,-0.05415303632616997,0.05415303632616997,0.0,0.0,0.1624591201543808,0.0,0.0,-0.05415303632616997,0.0,0.0,0.0,0.0,0.0,0.0,0.0,0.05415303632616997,0.0,0.0,0.0,0.0,0.0,0.0,0.0,0.0,0.0,0.0,0.0,0.0,-0.05415303632616997,0.0,0.0,0.0,0.0,0.0,0.05415303632616997,0.0,0.0,0.0,0.0,0.0,0.0,0.0,0.0,0.0,0.0,-0.05415303632616997,0.0,0.0,0.0,0.0,-0.05415303632616997,0.0,-0.05415303632616997,0.0,0.05415303632616997,-0.05415303632616997,0.0,0.0,0.0,0.0,0.0,0.0,0.0,0.0,0.0,-0.05415303632616997,0.0,0.0,-0.05415303632616997,0.0,0.0,0.0,-0.10830607265233994,-0.05415303632616997,0.0,0.05415303632616997,0.0,-0.05415303632616997,-0.05415303632616997,0.0,0.0,0.05415303632616997,0.0,0.0,0.0,0.0,0.0,0.05415303632616997,0.0,-0.05415303632616997,-0.05415303632616997,-0.05415303632616997,0.0,0.0,0.0,0.0,0.0,0.0,0.0,-0.05415303632616997,0.05415303632616997,0.0,0.0,-0.05415303632616997,0.0,0.0,0.0,-0.05415303632616997,0.0,0.05415303632616997,0.0,0.05415303632616997,0.0,0.0,-0.10830607265233994,0.0,0.05415303632616997,0.0,0.0,0.0,0.0,0.0,0.0,-0.10830607265233994,0.0,0.0,0.0,0.0,0.10830607265233994,0.0,-0.05415303632616997,0.0,0.0,0.05415303632616997,0.0,-0.05415303632616997,0.0,0.0,0.0,0.0,0.0,0.0,0.0,0.05415303632616997,-0.05415303632616997,0.0,0.0,0.0,0.0,0.0,0.0,-0.10830607265233994,0.0,0.0,0.0,0.0,0.0,0.05415303632616997,0.0,-0.05415303632616997,0.0,0.0,0.0,0.0,-0.05415303632616997,0.0,0.05415303632616997,-0.05415303632616997,0.05415303632616997,-0.10830607265233994,0.0,0.0,0.0,0.0,0.0,0.0,0.05415303632616997,-0.05415303632616997,0.0,0.0,0.0,0.0,0.05415303632616997,-0.05415303632616997,-0.05415303632616997,0.0,-0.05415303632616997,0.0,0.0,0.10830607265233994,0.0,0.0,0.0,0.0,0.0,-0.05415303632616997,0.0,0.0,-0.05415303632616997,0.0,0.0,0.0,0.05415303632616997,0.0,0.0,0.05415303632616997,0.0,-0.05415303632616997,0.0,0.05415303632616997,0.0,0.0,-0.05415303632616997,0.05415303632616997,0.0
002407,多氟多,绿电与清洁公用,growth,student_B,llm_deepseek_extracted,"1. 机构席位活跃，北向资金流动频繁，筹码博弈加剧，短线波动放大。  
2. 产能回升叠加研发交付，业绩弹性增强，技术壁...",-0.055131785571575165,-0.055131785571575165,0.0,0.0,-0.055131785571575165,0.0,0.0,0.0,0.055131785571575165,0.0,0.0,0.0,0.055131785571575165,0.055131785571575165,0.0,0.0,0.0,0.0,0.0,0.0,0.0,0.0,0.0,0.0,0.0,0.0,-0.055131785571575165,0.0,0.0,0.0,0.0,0.0,0.055131785571575165,0.0,0.0,0.0,0.0,0.0,0.0,0.0,0.0,0.0,-0.055131785571575165,0.0,0.0,-0.055131785571575165,0.0,0.0,0.0,0.0,0.055131785571575165,0.055131785571575165,0.0,0.055131785571575165,0.0,0.0,0.0,0.0,0.0,0.0,0.0,0.0,0.0,0.0,-0.055131785571575165,-0.055131785571575165,0.0,0.0,-0.055131785571575165,0.0,0.0,0.0,0.0,0.0,0.0,0.0,0.0,-0.055131785571575165,0.0,0.0,0.0,0.0,0.0,0.0,0.0,-0.055131785571575165,0.0,-0.055131785571575165,0.0,0.0,0.0,0.0,0.0,0.0,0.0,-0.055131785571575165,0.0,0.0,0.0,0.0,0.0,0.0,0.0,0.0,0.0,0.0,0.0,-0.055131785571575165,0.0,0.0,-0.055131785571575165,0.0,-0.055131785571575165,0.0,0.0,0.055131785571575165,0.0,0.055131785571575165,0.055131785571575165,0.055131785571575165,0.0,0.055131785571575165,-0.055131785571575165,0.0,-0.055131785571575165,0.0,0.11026357114315033,0.0,0.0,0.0,0.0,0.055131785571575165,0.055131785571575165,-0.055131785571575165,0.0,-0.055131785571575165,0.0,0.0,0.0,0.0,0.0,0.0,0.0,0.0,0.0,0.0,0.055131785571575165,0.0,0.055131785571575165,0.0,0.0,0.0,0.0,0.0,0.0,0.055131785571575165,0.0,0.0,0.0,0.055131785571575165,0.0,0.0,0.11026357114315033,-0.055131785571575165,0.055131785571575165,-0.055131785571575165,0.0,0.0,0.0,0.055131785571575165,-0.055131785571575165,-0.055131785571575165,0.0,0.0,0.0,0.0,0.055131785571575165,0.0,-0.055131785571575165,0.0,0.0,0.0,0.0,0.0,0.0,0.0,0.0,0.0,0.055131785571575165,0.055131785571575165,0.0,0.0,0.0,0.0,0.0,0.0,0.0,0.0,0.0,0.11026357114315033,0.055131785571575165,0.0,0.0,0.0,0.0,0.0,0.0,0.055131785571575165,0.0,-0.055131785571575165,0.0,0.055131785571575165,0.0,0.055131785571575165,0.0,0.055131785571575165,0.1653953492641449,0.0,0.0,0.0,0.0,0.0,0.0,0.055131785571575165,0.0,0.0,0.0,-0.055131785571575165,0.0,0.055131785571575165,0.055131785571575165,0.055131785571575165,0.0,0.055131785571575165,0.0,0.0,-0.055131785571575165,0.0,0.0,0.0,0.0,0.0,0.0,0.0,-0.055131785571575165,0.11026357114315033,-0.055131785571575165,-0.055131785571575165,0.0,0.0,0.0,0.0,0.0,0.11026357114315033,0.0,0.0,0.0,0.0,0.0,0.0,0.0,0.0,0.0,0.0,0.0,0.0,0.0,0.0,0.0,0.0,0.0,0.0,0.0,0.055131785571575165,-0.055131785571575165,-0.055131785571575165,0.0,-0.055131785571575165,0.0,0.0,0.0,0.0,0.0,-0.055131785571575165,0.055131785571575165,0.0,-0.055131785571575165,0.0,-0.055131785571575165,0.0,0.0,0.0,0.0,0.0,0.0,0.0,-0.055131785571575165,0.0,0.0,0.055131785571575165,0.055131785571575165,0.0,0.055131785571575165,0.0,-0.055131785571575165,0.0,0.0,-0.055131785571575165,0.0,0.0,0.0,0.0,0.0,0.0,-0.055131785571575165,0.0,0.0,0.055131785571575165,0.0,0.055131785571575165,0.0,-0.055131785571575165,0.0,-0.055131785571575165,0.0,0.0,0.0,0.055131785571575165,0.0,0.055131785571575165,0.0,0.0,0.0,0.0,0.0,0.0,0.0,0.0,0.0,0.0,0.055131785571575165,0.0,0.0,0.0,-0.11026357114315033,0.0,0.0,0.0,0.0,0.055131785571575165,0.0,-0.055131785571575165,0.0,0.0,-0.055131785571575165,-0.055131785571575165,0.055131785571575165,0.0,0.0,0.0,-0.055131785571575165,0.0,0.0,0.0,-0.055131785571575165,0.0,0.0,0.0,0.055131785571575165,0.0,0.0,-0.055131785571575165,-0.055131785571575165,0.0,0.055131785571575165,0.0,0.0,0.0,0.0,0.0,-0.055131785571575165,0.0,0.0,0.055131785571575165,0.0,-0.055131785571575165,0.0,0.0,0.0,0.0,0.0,0.0,0.0,0.0,0.0,0.0,0.0,0.0,0.0,0.0,0.0,0.0,0.0,0.0,0.0,0.0,-0.055131785571575165,0.0,0.0,0.0,0.0,0.0,0.0,0.0,0.0,-0.055131785571575165,0.0,0.0,0.055131785571575165,0.0,0.0,0.0,0.0,-0.055131785571575165,0.0,0.0,0.0,0.0,0.0,0.0,0.0,0.22052714228630066,0.0,0.0,0.0,0.0,0.0,0.0,0.0,0.0,0.0,0.0,0.0,0.0,0.0,0.0,0.0,0.055131785571575165,0.0,0.0,-0.055131785571575165,0.0,0.0,0.0,-0.055131785571575165,0.0,0.055131785571575165,0.055131785571575165,0.0,0.0,0.0,0.0,0.0,0.0,0.0,-0.055131785571575165,0.0,-0.055131785571575165,0.055131785571575165,-0.055131785571575165,0.0,0.0,0.0,0.0,0.0,-0.055131785571575165,0.0,-0.055131785571575165,-0.055131785571575165,-0.055131785571575165,0.0,0.0,0.055131785571575165,0.0,0.0,0.0,0.0,0.055131785571575165,0.0,0.0,0.0,0.0,0.0,0.0,0.0,0.0,0.0,-0.055131785571575165,-0.055131785571575165,0.0,-0.055131785571575165,0.0,0.0,0.0,0.0,-0.11026357114315033,0.0,0.0,0.0,-0.055131785571575165,0.0,0.055131785571575165,0.0,0.0,0.0,-0.055131785571575165,0.0,-0.055131785571575165,-0.055131785571575165,0.0,0.0,0.0,0.0,0.0,-0.38592249155044556,0.0,-0.055131785571575165,0.0,0.0,0.0,0.0,0.0,0.11026357114315033,0.0,-0.055131785571575165,0.0,0.0,0.0,0.0,0.055131785571575165,0.0,0.0,0.055131785571575165,0.055131785571575165,0.0,0.0,0.0,0.0,0.0,-0.055131785571575165,0.0,0.055131785571575165,0.055131785571575165,-0.055131785571575165,0.055131785571575165,0.0,0.0,0.1653953492641449,0.0,0.0,-0.055131785571575165,0.0,0.0,0.0,0.0,0.0,0.0,0.0,0.055131785571575165,0.055131785571575165,0.0,0.0,0.0,0.0,0.0,0.0,0.0,0.0,0.0,0.0,-0.055131785571575165,-0.055131785571575165,0.0,0.0,0.0,0.0,0.0,0.055131785571575165,0.0,0.055131785571575165,0.0,0.0,0.0,0.0,0.0,0.0,0.0,0.0,-0.055131785571575165,0.0,0.055131785571575165,0.0,0.0,-0.055131785571575165,0.0,-0.055131785571575165,0.0,0.055131785571575165,-0.055131785571575165,0.0,0.0,0.0,0.0,0.0,0.0,0.0,0.0,0.0,-0.055131785571575165,0.0,0.0,-0.055131785571575165,0.0,0.0,0.0,-0.11026357114315033,0.0,0.0,0.055131785571575165,0.0,-0.055131785571575165,-0.055131785571575165,0.0,0.0,0.055131785571575165,0.0,0.0,0.0,0.0,0.0,0.055131785571575165,0.0,-0.055131785571575165,-0.055131785571575165,-0.055131785571575165,0.055131785571575165,0.0,0.0,0.0,0.0,0.0,0.0,-0.055131785571575165,0.055131785571575165,0.0,0.0,0.0,0.0,0.0,0.0,-0.055131785571575165,0.0,0.0,0.0,0.055131785571575165,0.0,0.0,-0.055131785571575165,0.0,0.055131785571575165,0.0,0.0,0.0,0.0,0.0,0.0,0.0,0.0,0.0,0.0,0.0,0.11026357114315033,0.0,0.0,0.0,0.0,0.055131785571575165,0.0,0.0,0.0,0.0,0.0,0.0,0.0,0.0,0.0,0.11026357114315033,-0.055131785571575165,0.0,0.0,0.0,0.0,0.0,0.0,-0.11026357114315033,0.0,0.0,0.0,0.0,0.0,0.055131785571575165,0.0,-0.11026357114315033,0.0,0.0,0.0,0.0,-0.055131785571575165,0.0,0.055131785571575165,-0.055131785571575165,0.055131785571575165,-0.055131785571575165,0.0,0.0,0.0,0.0,0.0,0.0,0.11026357114315033,-0.055131785571575165,0.0,0.0,0.0,0.0,0.055131785571575165,-0.055131785571575165,-0.055131785571575165,0.0,-0.055131785571575165,0.0,0.0,0.11026357114315033,0.0,0.0,0.0,0.0,0.0,0.0,0.0,0.0,-0.055131785571575165,0.0,0.0,0.0,0.055131785571575165,0.0,0.0,0.055131785571575165,0.0,-0.055131785571575165,0.0,0.055131785571575165,0.0,0.0,-0.055131785571575165,0.0,0.0
300073,当升科技,绿电与清洁公用,growth,student_B,llm_deepseek_extracted,"1. 机构席位活跃，北向资金流动频繁，筹码博弈加剧。  
2. 产能回升+研发交付，业绩弹性释放，技术壁垒稳固。  
3...",-0.06019292771816254,0.0,0.0,0.0,0.0,-0.06019292771816254,0.0,0.0,0.0,0.0,0.0,0.0,0.06019292771816254,0.12038585543632507,0.0,0.0,0.0,0.0,0.0,0.0,0.0,0.0,0.0,0.0,0.0,0.0,0.0,0.0,0.0,0.0,0.0,0.06019292771816254,0.06019292771816254,0.0,0.0,0.0,0.0,0.0,0.0,0.0,0.0,0.0,-0.06019292771816254,0.0,0.0,-0.06019292771816254,0.0,0.0,0.0,0.0,0.06019292771816254,0.06019292771816254,0.0,0.06019292771816254,0.0,0.0,0.0,0.0,0.0,-0.06019292771816254,0.0,0.0,0.0,0.0,-0.06019292771816254,-0.06019292771816254,0.0,0.0,0.0,0.0,0.0,0.0,0.0,0.0,0.0,0.0,0.0,-0.06019292771816254,0.0,0.0,0.0,0.0,0.0,0.0,0.0,0.0,0.0,-0.06019292771816254,0.0,0.0,0.0,0.06019292771816254,0.0,0.0,0.0,0.0,0.0,0.0,0.0,0.0,0.0,0.0,0.0,0.0,0.0,0.0,0.0,-0.06019292771816254,0.0,0.0,-0.06019292771816254,0.0,0.0,0.0,0.0,0.06019292771816254,0.0,0.0,0.0,0.06019292771816254,0.0,0.06019292771816254,0.0,0.0,-0.06019292771816254,0.0,0.06019292771816254,0.0,0.0,0.0,0.0,0.06019292771816254,0.06019292771816254,-0.06019292771816254,0.0,-0.06019292771816254,0.0,0.0,0.0,0.0,0.0,0.0,0.0,0.0,0.0,0.0,0.06019292771816254,0.0,0.0,0.0,0.0,0.0,0.0,0.0,0.0,0.0,0.0,0.0,0.0,0.0,0.0,0.0,0.12038585543632507,-0.06019292771816254,0.06019292771816254,0.0,0.0,0.0,0.0,0.06019292771816254,0.0,-0.06019292771816254,0.0,-0.06019292771816254,0.0,0.0,0.06019292771816254,0.0,-0.06019292771816254,0.0,0.06019292771816254,0.0,0.0,0.0,0.0,-0.06019292771816254,0.0,0.0,0.06019292771816254,0.0,0.0,0.0,0.06019292771816254,0.0,0.06019292771816254,0.0,0.0,0.0,0.0,0.0,0.12038585543632507,0.0,0.0,0.0,0.0,0.0,0.0,0.06019292771816254,0.0,0.0,0.0,0.06019292771816254,0.0,0.06019292771816254,0.0,0.06019292771816254,0.06019292771816254,0.0,0.0,-0.06019292771816254,-0.12038585543632507,0.0,0.0,0.0,0.0,0.0,0.0,-0.06019292771816254,0.0,0.06019292771816254,0.06019292771816254,0.06019292771816254,0.0,0.0,0.0,0.0,-0.06019292771816254,0.0,0.0,0.0,0.0,0.0,0.0,-0.06019292771816254,-0.06019292771816254,0.12038585543632507,0.0,-0.06019292771816254,0.0,0.0,0.0,-0.06019292771816254,0.0,0.12038585543632507,0.0,0.0,0.0,0.0,0.0,0.0,0.0,0.0,0.0,0.0,0.0,0.0,0.0,0.0,0.0,0.0,0.0,0.0,0.0,0.06019292771816254,-0.06019292771816254,-0.06019292771816254,0.0,0.0,0.0,0.0,0.0,0.0,0.0,-0.06019292771816254,0.12038585543632507,0.0,-0.06019292771816254,0.0,-0.06019292771816254,0.0,0.0,0.0,0.0,0.0,0.0,0.0,0.0,0.0,0.0,0.06019292771816254,0.0,0.0,0.06019292771816254,0.0,-0.06019292771816254,0.0,0.0,-0.06019292771816254,0.0,0.0,0.0,0.0,0.0,0.0,-0.06019292771816254,0.0,0.0,0.06019292771816254,0.0,0.0,0.0,-0.06019292771816254,0.06019292771816254,0.0,0.0,0.0,0.0,0.0,0.0,0.0,0.0,0.0,0.0,0.0,0.0,0.0,0.0,0.0,0.0,0.0,0.06019292771816254,0.0,0.0,0.0,-0.12038585543632507,0.0,0.0,0.0,0.0,0.06019292771816254,0.0,-0.06019292771816254,0.0,0.0,-0.06019292771816254,-0.06019292771816254,0.06019292771816254,0.0,0.0,0.0,-0.06019292771816254,0.0,0.0,0.0,0.0,0.0,0.0,0.0,0.0,0.0,0.0,-0.06019292771816254,-0.06019292771816254,0.0,0.0,0.0,0.0,0.0,0.0,0.0,-0.06019292771816254,0.0,-0.06019292771816254,0.12038585543632507,0.0,-0.06019292771816254,0.0,0.0,0.0,0.0,0.0,0.0,0.0,0.0,0.0,0.0,0.0,0.0,0.0,0.0,0.0,0.0,0.0,0.0,0.0,0.0,-0.06019292771816254,0.0,-0.06019292771816254,0.0,0.0,0.0,0.0,0.0,0.0,0.0,0.0,0.06019292771816254,0.0,0.0,0.0,0.0,0.0,0.0,0.0,0.0,0.0,0.0,0.0,0.0,0.0,0.3009646534919739,0.0,0.0,0.0,0.0,0.0,0.0,0.0,0.0,0.0,0.0,0.0,0.0,0.0,0.0,0.0,0.06019292771816254,0.0,0.0,0.0,0.0,0.0,0.0,0.0,0.0,0.06019292771816254,0.06019292771816254,0.0,0.0,0.0,0.0,0.0,0.0,0.0,-0.06019292771816254,0.0,-0.06019292771816254,0.06019292771816254,0.0,0.0,0.0,0.0,0.0,0.0,0.06019292771816254,0.0,0.0,-0.06019292771816254,-0.06019292771816254,0.0,0.0,0.0,0.0,0.0,0.0,0.0,0.06019292771816254,0.0,0.0,0.0,0.0,0.0,0.0,0.0,0.0,0.0,-0.06019292771816254,0.0,0.0,-0.06019292771816254,0.0,0.0,0.0,0.0,-0.06019292771816254,0.0,0.0,0.0,-0.06019292771816254,0.0,0.06019292771816254,0.0,0.0,0.0,-0.06019292771816254,0.0,-0.06019292771816254,0.0,0.0,0.0,0.0,0.0,0.0,-0.3009646534919739,0.0,-0.06019292771816254,0.0,0.0,0.0,0.0,0.0,0.12038585543632507,0.0,-0.06019292771816254,0.0,0.0,0.06019292771816254,0.0,0.0,0.0,-0.06019292771816254,0.06019292771816254,0.06019292771816254,0.0,-0.06019292771816254,0.0,0.0,0.0,0.0,0.0,0.0,0.0,0.0,0.0,0.0,0.0,0.1805787831544876,0.0,0.0,-0.06019292771816254,0.0,0.0,-0.06019292771816254,0.0,0.0,0.0,0.0,0.06019292771816254,0.0,0.0,0.0,0.0,0.0,0.0,0.0,0.0,0.0,0.0,0.0,0.0,0.0,0.0,0.0,0.0,0.0,0.0,0.0,0.0,0.0,0.0,0.0,0.0,-0.06019292771816254,0.0,0.0,0.0,0.0,-0.06019292771816254,0.0,0.0,0.0,0.0,-0.06019292771816254,0.0,0.0,0.0,0.06019292771816254,-0.06019292771816254,0.0,0.0,0.0,0.0,0.0,0.0,0.0,0.0,0.0,0.0,0.0,0.0,-0.06019292771816254,0.0,0.0,0.06019292771816254,-0.12038585543632507,0.0,0.0,0.06019292771816254,0.0,0.0,-0.06019292771816254,0.0,-0.06019292771816254,0.06019292771816254,0.0,-0.06019292771816254,0.0,0.0,0.0,0.06019292771816254,0.0,-0.06019292771816254,-0.06019292771816254,-0.06019292771816254,0.0,0.0,0.0,0.0,0.0,0.0,0.0,0.0,0.06019292771816254,0.0,0.0,0.0,0.0,0.0,0.0,-0.06019292771816254,0.0,0.0,0.0,-0.06019292771816254,0.0,0.0,-0.06019292771816254,0.0,0.06019292771816254,0.0,0.0,-0.06019292771816254,0.0,0.0,0.0,0.0,0.0,0.0,0.0,0.0,0.12038585543632507,0.0,0.0,0.0,0.0,0.06019292771816254,0.0,0.0,0.0,-0.12038585543632507,0.0,0.0,0.0,0.0,0.0,0.06019292771816254,-0.06019292771816254,0.0,0.0,0.0,0.0,0.06019292771816254,0.0,-0.12038585543632507,0.0,0.0,0.0,0.0,0.0,0.06019292771816254,0.0,-0.06019292771816254,0.0,0.0,0.0,0.0,0.0,0.0,0.06019292771816254,0.0,0.0,-0.06019292771816254,0.0,0.0,0.0,0.0,0.0,-0.06019292771816254,0.12038585543632507,-0.06019292771816254,0.0,0.0,0.0,0.0,0.06019292771816254,0.0,-0.06019292771816254,0.0,-0.06019292771816254,0.0,0.0,0.12038585543632507,-0.06019292771816254,0.0,0.0,0.0,0.0,0.0,0.0,0.06019292771816254,-0.06019292771816254,0.06019292771816254,0.0,0.0,0.0,0.0,0.06019292771816254,0.06019292771816254,0.0,0.0,0.0,0.06019292771816254,0.0,0.0,0.0,0.0,0.0
300568,星源材质,绿电与清洁公用,growth,student_B,llm_deepseek_extracted,"机构博弈筹码流动：北向资金活跃，机构席位交易分歧，筹码短期波动加大。  
业绩弹性与技术壁垒：产能回升叠加研发交付，业绩...",-0.048970211297273636,0.0,0.0,0.048970211297273636,-0.048970211297273636,0.0,0.0,0.0,-0.048970211297273636,0.0,0.0,0.0,0.048970211297273636,0.0,0.0,0.0,0.0,0.0,0.0,0.0,0.0,0.048970211297273636,0.0,0.0,0.0,0.0,-0.048970211297273636,0.0,0.0,0.0,0.0,0.0,0.0,0.0,0.0,0.048970211297273636,0.0,0.0,0.048970211297273636,0.0,0.0,0.0,-0.048970211297273636,0.0,0.0,-0.048970211297273636,0.048970211297273636,0.0,0.0,0.0,0.0,0.09794042259454727,0.0,0.0,0.0,0.0,0.0,0.0,0.0,0.0,0.0,0.0,0.0,0.0,-0.048970211297273636,-0.048970211297273636,0.0,0.0,0.0,0.0,0.0,0.0,0.0,0.0,0.0,0.0,0.0,-0.09794042259454727,0.0,0.0,0.0,0.0,0.0,0.0,0.0,0.0,0.0,-0.048970211297273636,0.0,0.0,0.0,0.0,0.048970211297273636,0.0,0.0,0.0,0.0,0.0,0.0,-0.048970211297273636,0.0,-0.048970211297273636,0.0,0.0,0.0,0.0,0.0,-0.1469106376171112,0.048970211297273636,0.0,-0.09794042259454727,0.0,-0.048970211297273636,0.0,0.0,0.048970211297273636,0.0,0.0,0.0,0.048970211297273636,0.0,0.048970211297273636,-0.09794042259454727,0.0,-0.048970211297273636,0.0,0.048970211297273636,0.0,0.0,0.0,0.0,0.048970211297273636,0.048970211297273636,-0.048970211297273636,0.0,-0.048970211297273636,0.0,0.0,0.0,0.0,0.0,0.0,0.0,0.0,0.0,0.0,0.0,0.0,0.0,0.0,0.0,0.0,0.0,0.0,0.0,0.048970211297273636,0.0,0.0,0.0,0.0,0.048970211297273636,0.0,0.1469106376171112,0.0,0.0,-0.048970211297273636,-0.048970211297273636,0.0,0.048970211297273636,0.0,-0.09794042259454727,-0.048970211297273636,0.0,0.0,0.0,-0.048970211297273636,0.048970211297273636,0.0,-0.048970211297273636,0.0,0.048970211297273636,0.0,0.0,0.0,0.0,0.0,0.048970211297273636,0.0,0.0,0.0,0.048970211297273636,0.0,0.0,0.0,0.0,0.0,-0.048970211297273636,0.0,0.0,0.0,0.09794042259454727,0.0,0.0,0.0,0.0,0.0,0.0,0.09794042259454727,0.0,0.0,0.0,0.048970211297273636,0.0,0.0,0.0,0.048970211297273636,0.09794042259454727,0.0,0.0,-0.048970211297273636,0.0,0.0,0.0,-0.048970211297273636,-0.048970211297273636,0.0,0.0,-0.09794042259454727,0.0,0.0,0.09794042259454727,0.048970211297273636,0.0,0.0,0.0,0.0,-0.048970211297273636,0.0,0.0,0.0,-0.048970211297273636,0.0,0.0,0.0,0.0,0.09794042259454727,0.0,-0.048970211297273636,0.0,0.0,0.0,0.0,0.0,0.09794042259454727,0.0,0.0,0.048970211297273636,0.0,0.0,0.0,0.0,0.0,-0.048970211297273636,-0.048970211297273636,0.0,0.0,0.0,0.0,0.0,0.0,0.0,0.0,0.0,0.048970211297273636,0.0,-0.09794042259454727,0.0,0.0,-0.048970211297273636,0.0,0.0,0.0,0.0,-0.048970211297273636,0.0,0.0,0.0,0.0,0.0,0.0,0.0,0.0,0.0,0.048970211297273636,0.0,0.0,0.0,0.0,0.0,0.048970211297273636,0.0,0.0,0.048970211297273636,0.0,-0.048970211297273636,0.0,0.0,-0.048970211297273636,0.0,0.0,0.0,0.0,0.0,0.048970211297273636,-0.048970211297273636,0.0,0.0,0.09794042259454727,0.0,0.0,0.0,-0.048970211297273636,0.0,0.0,0.0,0.0,0.0,0.0,0.0,0.0,0.0,0.0,0.0,0.0,0.0,0.0,0.0,0.0,0.0,0.0,0.048970211297273636,-0.048970211297273636,0.0,0.0,-0.1469106376171112,0.0,-0.048970211297273636,0.0,0.0,0.048970211297273636,0.0,0.0,0.0,-0.048970211297273636,-0.09794042259454727,-0.048970211297273636,0.0,0.0,0.0,0.0,-0.1469106376171112,0.0,0.0,0.0,0.0,0.0,-0.048970211297273636,0.0,0.0,0.0,0.0,-0.048970211297273636,0.0,0.0,0.0,0.0,0.0,0.0,0.0,0.0,-0.048970211297273636,-0.048970211297273636,0.0,0.048970211297273636,0.0,0.0,0.0,0.0,0.0,0.0,0.0,0.0,0.0,0.0,0.0,0.0,0.0,0.0,0.0,-0.09794042259454727,0.0,0.0,0.0,0.0,0.0,0.0,-0.09794042259454727,0.0,-0.048970211297273636,-0.048970211297273636,0.0,0.0,0.0,0.048970211297273636,0.0,-0.048970211297273636,0.0,0.048970211297273636,0.048970211297273636,0.0,0.0,-0.048970211297273636,-0.048970211297273636,0.0,0.0,0.0,0.0,0.0,0.0,0.0,0.0,0.0,0.0,0.048970211297273636,0.0,0.048970211297273636,0.0,0.0,0.0,0.0,0.0,0.0,0.0,0.0,0.0,0.0,0.0,0.048970211297273636,0.0,0.0,0.0,0.0,-0.048970211297273636,0.048970211297273636,0.048970211297273636,0.0,0.048970211297273636,0.0,0.0,0.0,0.0,0.0,0.0,0.0,0.0,0.0,0.0,0.0,0.048970211297273636,0.0,0.0,0.0,0.0,0.0,0.0,0.0,0.0,-0.048970211297273636,0.0,-0.048970211297273636,0.0,0.0,0.0,0.0,0.0,0.0,0.0,0.048970211297273636,0.0,0.0,0.0,0.0,-0.048970211297273636,0.0,-0.048970211297273636,0.0,0.0,-0.048970211297273636,0.0,0.09794042259454727,0.0,0.0,0.0,0.048970211297273636,0.0,-0.09794042259454727,0.0,0.0,0.0,-0.048970211297273636,0.0,0.048970211297273636,0.0,0.0,0.0,-0.09794042259454727,0.0,-0.09794042259454727,-0.048970211297273636,0.0,0.0,0.0,0.0,0.0,-0.2938212752342224,0.0,-0.048970211297273636,0.0,0.0,0.0,0.0,0.0,0.048970211297273636,0.0,-0.048970211297273636,0.0,0.0,0.0,0.0,0.0,-0.048970211297273636,-0.048970211297273636,0.048970211297273636,0.048970211297273636,-0.09794042259454727,0.0,0.048970211297273636,0.0,0.0,0.0,0.0,0.0,0.0,0.0,0.0,0.0,-0.048970211297273636,0.19588084518909454,0.0,0.0,-0.048970211297273636,0.0,0.0,0.0,0.0,0.0,0.0,0.0,0.0,0.09794042259454727,-0.048970211297273636,0.0,-0.048970211297273636,-0.048970211297273636,0.0,0.048970211297273636,0.0,0.0,0.0,0.0,0.0,-0.048970211297273636,0.0,0.0,0.0,0.0,0.0,0.0,0.0,0.0,-0.048970211297273636,-0.048970211297273636,0.0,0.0,0.0,0.0,0.0,0.0,-0.048970211297273636,-0.048970211297273636,0.0,0.0,0.0,-0.048970211297273636,0.0,0.0,0.0,0.09794042259454727,-0.048970211297273636,0.0,0.0,0.0,0.0,0.0,0.0,0.0,0.0,0.0,0.0,0.0,-0.048970211297273636,-0.09794042259454727,0.0,0.0,0.0,-0.09794042259454727,0.0,0.0,0.048970211297273636,0.0,0.0,-0.048970211297273636,0.0,0.0,0.0,-0.048970211297273636,-0.048970211297273636,0.0,-0.048970211297273636,-0.048970211297273636,0.0,0.0,0.0,0.09794042259454727,0.0,0.09794042259454727,0.0,-0.048970211297273636,0.0,-0.048970211297273636,0.0,-0.048970211297273636,0.0,0.0,0.0,0.0,0.0,0.0,0.0,0.0,-0.048970211297273636,0.0,0.048970211297273636,0.0,0.0,0.048970211297273636,0.0,-0.048970211297273636,0.0,0.048970211297273636,0.0,0.0,-0.048970211297273636,0.0,-0.048970211297273636,0.0,0.0,0.0,0.0,0.0,0.0,0.09794042259454727,-0.048970211297273636,0.0,0.0,0.0,0.09794042259454727,0.0,0.0,0.0,0.0,0.0,-0.048970211297273636,0.0,0.0,0.0,0.048970211297273636,0.0,0.0,0.0,0.0,0.0,0.048970211297273636,0.0,-0.19588084518909454,0.0,0.0,0.0,0.0,0.0,0.0,0.0,-0.1469106376171112,0.0,-0.048970211297273636,0.0,0.0,0.0,0.0,0.048970211297273636,0.0,0.0,-0.048970211297273636,0.0,0.0,0.0,0.0,0.0,-0.048970211297273636,0.19588084518909454,-0.048970211297273636,0.0,-0.048970211297273636,0.0,0.0,0.0,0.0,-0.09794042259454727,0.0,-0.09794042259454727,0.048970211297273636,0.0,0.09794042259454727,-0.048970211297273636,0.0,0.0,0.0,0.0,-0.048970211297273636,0.0,0.0,0.0,0.0,0.0,0.0,0.0,0.0,0.048970211297273636,-0.048970211297273636,0.0,0.0,0.0,0.048970211297273636,0.0,0.0,0.0,0.0,0.0
688772,珠海冠宇,绿电与清洁公用,growth,student_B,llm_deepseek_extracted,"1. 机构席位活跃，北向资金流动频繁，筹码博弈加剧，短期波动或放大。  
2. 产能回升叠加研发交付，业绩弹性增强；技术...",-0.10976426303386688,-0.05488213151693344,0.0,0.0,0.0,0.0,0.0,0.0,0.0,0.0,0.0,0.0,0.10976426303386688,0.05488213151693344,0.0,-0.05488213151693344,0.0,0.0,0.0,0.0,0.0,0.0,0.0,0.0,0.0,0.0,-0.05488213151693344,0.0,0.0,0.0,0.0,0.0,0.05488213151693344,0.0,0.0,0.0,0.0,-0.05488213151693344,0.0,0.0,0.0,0.0,-0.05488213151693344,0.0,0.0,-0.05488213151693344,0.05488213151693344,0.0,0.0,0.0,0.05488213151693344,0.05488213151693344,0.0,0.05488213151693344,0.0,0.0,0.0,0.0,0.0,0.0,0.0,0.0,0.0,0.0,0.0,-0.05488213151693344,0.0,0.0,-0.05488213151693344,0.0,0.0,0.0,0.0,0.0,0.0,0.0,0.0,-0.05488213151693344,0.0,0.0,0.0,0.0,0.0,0.0,0.0,0.0,0.0,-0.05488213151693344,0.0,0.0,0.0,0.0,0.0,0.0,0.0,0.0,0.0,0.0,0.0,0.05488213151693344,0.0,0.0,0.0,0.0,0.0,0.0,0.0,-0.05488213151693344,0.0,0.0,-0.05488213151693344,0.0,-0.05488213151693344,0.0,0.0,0.05488213151693344,0.0,0.05488213151693344,0.05488213151693344,0.05488213151693344,0.05488213151693344,0.05488213151693344,-0.05488213151693344,0.0,-0.05488213151693344,0.0,0.10976426303386688,0.0,0.05488213151693344,0.0,0.0,0.05488213151693344,0.05488213151693344,-0.05488213151693344,0.0,-0.05488213151693344,0.0,0.0,0.0,0.0,0.0,0.0,0.0,0.0,0.0,0.0,0.05488213151693344,0.0,0.0,0.0,0.0,-0.05488213151693344,0.0,0.0,0.0,0.0,0.0,0.0,0.0,0.05488213151693344,0.0,0.0,0.10976426303386688,0.0,0.05488213151693344,-0.10976426303386688,0.0,0.0,0.0,0.05488213151693344,-0.05488213151693344,-0.05488213151693344,0.0,0.0,0.0,0.0,0.0,0.0,-0.05488213151693344,0.0,0.05488213151693344,0.0,0.0,0.0,0.0,0.0,0.0,0.0,0.05488213151693344,0.05488213151693344,0.0,0.0,0.0,0.0,0.0,0.0,0.0,0.0,0.0,0.05488213151693344,0.05488213151693344,0.0,-0.05488213151693344,0.0,0.0,0.0,0.0,0.05488213151693344,0.0,0.0,0.0,0.05488213151693344,0.0,0.05488213151693344,0.0,0.05488213151693344,0.16464638710021973,0.0,0.0,-0.05488213151693344,-0.05488213151693344,0.0,0.0,0.05488213151693344,0.0,0.0,0.0,-0.05488213151693344,0.0,0.0,0.05488213151693344,0.05488213151693344,0.0,0.05488213151693344,0.0,0.0,-0.05488213151693344,0.0,0.0,-0.05488213151693344,-0.05488213151693344,0.0,0.0,0.0,-0.05488213151693344,0.10976426303386688,0.0,-0.05488213151693344,0.0,0.0,0.0,-0.05488213151693344,0.0,0.10976426303386688,0.0,0.0,0.0,0.0,0.05488213151693344,0.0,0.0,0.0,0.0,0.0,0.0,0.0,0.0,0.0,0.0,0.0,0.0,0.05488213151693344,0.0,0.05488213151693344,0.0,-0.05488213151693344,0.0,-0.05488213151693344,0.0,0.0,0.0,0.0,0.0,-0.05488213151693344,0.05488213151693344,0.0,-0.05488213151693344,0.0,-0.05488213151693344,0.0,0.0,0.0,0.0,0.0,0.0,0.0,0.0,0.0,0.0,0.05488213151693344,0.05488213151693344,0.0,0.05488213151693344,0.0,-0.05488213151693344,0.0,0.0,0.05488213151693344,0.0,0.0,0.0,0.05488213151693344,0.0,0.05488213151693344,-0.05488213151693344,0.0,0.0,0.05488213151693344,0.0,0.0,0.0,-0.05488213151693344,0.0,-0.05488213151693344,0.0,0.0,-0.05488213151693344,0.05488213151693344,0.0,0.0,0.0,0.0,0.0,0.0,0.0,0.0,-0.05488213151693344,0.0,0.0,0.0,0.05488213151693344,0.0,0.0,0.0,-0.10976426303386688,0.0,0.0,0.0,0.0,0.05488213151693344,0.0,-0.05488213151693344,0.0,0.0,-0.05488213151693344,-0.05488213151693344,0.05488213151693344,0.0,0.0,0.0,-0.05488213151693344,0.0,0.0,0.0,-0.05488213151693344,0.0,0.0,0.0,0.0,0.0,-0.05488213151693344,-0.05488213151693344,-0.05488213151693344,0.0,0.0,0.0,0.0,0.0,0.0,0.0,-0.05488213151693344,0.0,0.0,0.05488213151693344,0.0,-0.05488213151693344,0.0,0.0,0.0,0.0,0.0,0.0,0.0,0.0,0.0,0.0,0.0,0.0,0.0,0.0,0.0,0.0,0.0,0.0,0.0,0.0,-0.05488213151693344,0.0,0.0,0.0,0.0,0.0,0.0,0.0,0.0,-0.05488213151693344,0.0,0.0,0.05488213151693344,0.0,0.0,0.0,0.0,0.0,0.05488213151693344,0.0,0.05488213151693344,0.0,0.0,0.0,0.0,0.21952852606773376,0.0,0.05488213151693344,0.0,0.05488213151693344,0.0,0.0,0.0,0.0,0.0,0.05488213151693344,0.0,0.0,0.0,0.0,0.0,0.05488213151693344,0.0,0.0,-0.05488213151693344,0.0,0.0,0.0,-0.05488213151693344,0.0,0.05488213151693344,0.05488213151693344,0.0,0.0,0.0,0.0,0.0,0.0,0.0,-0.05488213151693344,0.05488213151693344,-0.05488213151693344,0.05488213151693344,0.0,0.0,0.0,0.0,0.0,0.0,-0.05488213151693344,0.0,-0.05488213151693344,-0.05488213151693344,-0.05488213151693344,0.0,0.0,0.05488213151693344,0.0,0.0,0.0,0.0,0.05488213151693344,0.0,0.0,0.0,0.0,0.0,0.0,0.0,0.0,0.0,-0.05488213151693344,-0.05488213151693344,0.0,-0.05488213151693344,0.0,0.0,0.0,0.0,-0.10976426303386688,0.0,0.0,0.0,-0.05488213151693344,0.05488213151693344,0.05488213151693344,0.0,0.0,0.0,-0.05488213151693344,0.0,-0.05488213151693344,-0.05488213151693344,0.0,0.0,0.0,0.0,0.0,-0.32929277420043945,0.0,-0.05488213151693344,0.0,0.0,0.0,0.0,0.0,0.10976426303386688,0.0,-0.10976426303386688,0.0,0.0,0.0,0.0,0.05488213151693344,0.0,0.0,0.05488213151693344,0.05488213151693344,0.0,0.0,0.0,0.0,0.0,-0.05488213151693344,0.0,0.05488213151693344,0.05488213151693344,-0.05488213151693344,0.05488213151693344,0.0,0.0,0.16464638710021973,0.0,0.0,-0.05488213151693344,0.0,0.0,0.0,0.0,0.0,-0.05488213151693344,0.0,0.05488213151693344,0.0,0.0,0.0,0.0,0.0,0.0,0.0,0.0,0.0,0.0,0.0,0.0,-0.05488213151693344,0.0,0.0,0.0,0.0,0.0,0.05488213151693344,0.0,0.0,0.0,0.0,0.0,0.0,0.0,0.0,0.0,0.0,-0.05488213151693344,-0.05488213151693344,0.0,0.0,0.0,-0.05488213151693344,0.0,-0.05488213151693344,0.0,0.05488213151693344,-0.10976426303386688,0.0,0.0,0.0,0.05488213151693344,0.0,0.0,0.0,0.0,0.0,-0.05488213151693344,0.0,0.0,-0.05488213151693344,0.0,0.0,0.0,-0.10976426303386688,0.0,0.0,0.05488213151693344,0.0,0.0,-0.05488213151693344,0.0,0.0,0.05488213151693344,0.0,0.0,0.0,0.0,0.0,0.05488213151693344,0.0,-0.05488213151693344,-0.05488213151693344,-0.05488213151693344,0.0,0.0,0.0,0.0,0.0,0.0,0.0,-0.05488213151693344,0.05488213151693344,0.0,0.0,0.0,0.0,0.0,0.0,-0.05488213151693344,0.0,0.0,-0.05488213151693344,-0.05488213151693344,0.0,0.0,-0.05488213151693344,0.0,0.05488213151693344,0.0,0.0,0.0,0.0,-0.05488213151693344,0.0,-0.10976426303386688,0.0,0.0,0.0,0.0,0.10976426303386688,0.0,0.0,0.0,0.0,0.05488213151693344,0.0,0.0,0.0,0.0,0.0,0.0,0.0,0.0,0.0,0.05488213151693344,0.0,0.0,0.0,0.0,0.0,0.0,0.0,-0.10976426303386688,0.0,0.0,0.0,0.0,0.0,0.0,0.0,-0.05488213151693344,0.0,0.0,0.0,0.0,-0.05488213151693344,0.0,0.05488213151693344,0.0,0.05488213151693344,-0.10976426303386688,0.0,0.0,0.0,0.0,0.0,0.0,0.05488213151693344,-0.05488213151693344,0.0,0.0,0.0,0.0,0.05488213151693344,-0.05488213151693344,-0.05488213151693344,0.0,-0.05488213151693344,0.0,0.0,0.10976426303386688,0.0,0.0,0.0,0.0,0.0,0.0,0.0,0.0,-0.05488213151693344,0.0,0.0,0.0,0.05488213151693344,0.0,0.0,0.05488213151693344,-0.05488213151693344,-0.05488213151693344,0.0,0.05488213151693344,0.0,0.0,-0.05488213151693344,0.05488213151693344,0.0
688005,容百科技,绿电与清洁公用,growth,student_B,llm_deepseek_extracted,"1. 机构席位活跃，北向资金流动频繁，筹码博弈加剧，短线波动或放大。  
2. 产能回升叠加研发交付，业绩弹性增强，技术...",-0.10814761370420456,-0.05407380685210228,0.0,0.0,-0.05407380685210228,0.0,0.0,0.0,0.0,0.0,0.0,0.0,0.10814761370420456,0.05407380685210228,0.0,-0.05407380685210228,0.0,0.0,0.0,0.0,0.0,0.0,0.0,0.0,0.0,0.0,-0.05407380685210228,0.0,0.0,0.0,0.0,0.0,0.05407380685210228,0.0,0.0,0.0,0.0,0.0,0.0,0.0,0.0,0.0,-0.05407380685210228,0.0,0.0,-0.05407380685210228,0.0,0.0,0.0,0.0,0.05407380685210228,0.05407380685210228,0.0,0.05407380685210228,0.0,0.0,0.0,0.0,0.0,0.0,0.0,0.0,0.0,0.0,0.0,-0.05407380685210228,0.0,0.0,-0.05407380685210228,0.0,0.0,0.0,0.0,0.0,0.0,0.0,0.0,-0.05407380685210228,0.0,0.0,0.0,0.0,0.0,0.0,0.0,0.0,0.0,-0.05407380685210228,0.0,0.0,0.0,0.0,0.0,0.0,0.0,0.0,0.0,0.0,0.0,0.05407380685210228,0.0,0.0,0.0,0.0,0.0,0.0,0.0,-0.05407380685210228,0.0,0.0,-0.05407380685210228,0.0,-0.05407380685210228,0.0,0.0,0.05407380685210228,0.0,0.05407380685210228,0.05407380685210228,0.05407380685210228,0.05407380685210228,0.05407380685210228,-0.05407380685210228,0.0,-0.05407380685210228,0.0,0.10814761370420456,0.0,0.05407380685210228,0.0,0.0,0.05407380685210228,0.05407380685210228,-0.05407380685210228,0.0,-0.05407380685210228,0.0,0.0,0.0,0.0,0.0,0.0,0.0,0.0,0.0,0.0,0.05407380685210228,0.0,0.05407380685210228,0.0,0.0,-0.05407380685210228,0.0,0.0,0.0,0.05407380685210228,0.0,0.0,0.0,0.05407380685210228,0.0,0.0,0.10814761370420456,0.0,0.05407380685210228,-0.10814761370420456,0.0,0.0,0.0,0.05407380685210228,-0.05407380685210228,-0.05407380685210228,0.0,0.0,0.0,0.0,0.0,0.0,-0.05407380685210228,0.0,0.05407380685210228,0.0,0.0,0.0,0.0,0.0,0.0,0.0,0.05407380685210228,0.05407380685210228,0.0,0.0,0.0,0.0,0.0,0.0,0.0,0.0,0.0,0.05407380685210228,0.05407380685210228,0.0,0.0,0.0,0.0,0.0,0.0,0.05407380685210228,0.0,-0.05407380685210228,0.0,0.05407380685210228,0.0,0.05407380685210228,0.0,0.05407380685210228,0.16222141683101654,0.0,0.0,-0.05407380685210228,0.0,0.0,0.0,0.05407380685210228,0.0,0.0,0.0,-0.05407380685210228,0.0,0.0,0.05407380685210228,0.05407380685210228,0.0,0.05407380685210228,0.0,0.0,-0.05407380685210228,0.0,0.0,-0.05407380685210228,0.0,0.0,0.0,0.0,-0.05407380685210228,0.10814761370420456,-0.05407380685210228,-0.05407380685210228,0.0,0.0,0.0,-0.05407380685210228,0.0,0.10814761370420456,0.0,0.0,0.0,0.0,0.05407380685210228,0.0,0.0,0.0,0.0,0.0,0.0,0.0,0.0,0.0,0.0,0.0,0.0,0.0,0.0,0.05407380685210228,0.0,-0.05407380685210228,0.0,-0.05407380685210228,0.0,0.0,0.0,0.0,0.0,-0.05407380685210228,0.05407380685210228,0.0,-0.05407380685210228,0.0,-0.05407380685210228,0.0,0.0,0.0,0.0,0.0,0.0,0.0,0.0,0.0,0.0,0.05407380685210228,0.05407380685210228,0.0,0.05407380685210228,0.0,-0.05407380685210228,0.0,0.0,0.05407380685210228,0.0,0.0,0.0,0.05407380685210228,0.0,0.05407380685210228,-0.05407380685210228,0.0,0.0,0.05407380685210228,0.0,0.0,0.0,-0.05407380685210228,0.0,-0.05407380685210228,0.0,0.0,-0.05407380685210228,0.05407380685210228,0.0,0.0,0.0,0.0,0.0,0.0,0.0,0.0,0.0,0.0,0.0,0.0,0.05407380685210228,0.0,0.0,0.0,-0.10814761370420456,0.0,0.0,0.0,0.0,0.05407380685210228,0.0,-0.05407380685210228,0.0,0.0,-0.05407380685210228,-0.05407380685210228,0.05407380685210228,0.0,0.0,0.0,-0.05407380685210228,0.0,0.0,0.0,-0.05407380685210228,0.0,0.0,0.0,0.0,0.0,-0.05407380685210228,-0.05407380685210228,-0.05407380685210228,0.0,0.0,0.0,0.0,0.0,0.0,0.0,-0.05407380685210228,0.0,0.0,0.05407380685210228,0.0,-0.05407380685210228,0.0,0.0,0.0,0.0,0.0,0.0,0.0,0.0,0.0,0.0,0.0,0.0,0.0,0.0,0.0,0.0,0.0,0.0,0.0,0.0,-0.05407380685210228,0.0,0.0,0.0,0.0,0.0,0.0,0.0,0.0,-0.05407380685210228,0.0,0.0,0.05407380685210228,0.0,0.0,0.0,0.0,0.0,0.0,0.0,0.05407380685210228,0.0,0.0,0.0,0.0,0.21629522740840912,0.0,0.0,0.0,0.0,0.0,0.0,0.0,0.0,0.0,0.05407380685210228,0.0,0.0,0.0,0.0,0.0,0.05407380685210228,0.0,0.0,-0.05407380685210228,0.0,0.0,0.0,-0.05407380685210228,0.0,0.05407380685210228,0.05407380685210228,0.0,0.0,0.0,0.0,0.0,0.0,0.0,-0.05407380685210228,0.05407380685210228,-0.05407380685210228,0.05407380685210228,0.0,0.0,0.0,0.0,0.0,0.0,-0.05407380685210228,0.0,-0.05407380685210228,-0.05407380685210228,-0.05407380685210228,0.0,0.0,0.10814761370420456,0.0,0.0,0.0,0.0,0.05407380685210228,0.0,0.0,0.0,0.0,0.0,0.0,0.0,0.0,0.0,-0.05407380685210228,-0.05407380685210228,0.0,-0.05407380685210228,0.0,0.0,0.0,0.0,-0.10814761370420456,0.0,0.0,0.0,-0.05407380685210228,0.05407380685210228,0.05407380685210228,0.0,0.0,0.0,-0.05407380685210228,0.0,-0.05407380685210228,-0.05407380685210228,0.0,0.0,0.0,0.0,0.0,-0.37851664423942566,0.0,-0.05407380685210228,0.0,0.0,0.0,0.0,0.0,0.10814761370420456,0.0,-0.10814761370420456,0.0,0.0,0.0,0.0,0.05407380685210228,0.0,0.0,0.05407380685210228,0.05407380685210228,0.0,0.0,0.0,0.0,0.0,-0.05407380685210228,0.0,0.05407380685210228,0.05407380685210228,-0.05407380685210228,0.05407380685210228,0.0,0.0,0.16222141683101654,0.0,0.0,-0.05407380685210228,0.0,0.0,0.0,0.0,0.0,-0.05407380685210228,0.0,0.05407380685210228,0.0,0.0,0.0,0.0,0.0,0.0,0.0,0.0,0.0,0.0,0.0,0.0,-0.05407380685210228,0.0,0.0,0.0,0.0,0.0,0.05407380685210228,0.0,0.0,0.0,0.0,0.0,0.0,0.0,0.0,0.0,0.0,-0.05407380685210228,0.0,0.0,0.0,0.0,-0.05407380685210228,0.0,-0.05407380685210228,0.0,0.05407380685210228,-0.10814761370420456,0.0,0.0,0.0,0.05407380685210228,0.0,0.0,0.0,0.0,0.0,-0.05407380685210228,0.0,0.0,-0.05407380685210228,0.0,0.0,0.0,-0.10814761370420456,0.0,0.0,0.05407380685210228,0.0,0.0,-0.05407380685210228,0.0,0.0,0.05407380685210228,0.0,0.0,0.0,0.0,0.0,0.05407380685210228,0.0,-0.05407380685210228,-0.05407380685210228,-0.05407380685210228,0.0,0.0,0.0,0.0,0.0,0.0,0.0,-0.05407380685210228,0.05407380685210228,0.0,0.0,0.0,0.0,0.0,0.0,-0.05407380685210228,0.0,0.0,-0.05407380685210228,0.0,0.0,0.0,-0.05407380685210228,0.0,0.05407380685210228,0.0,0.0,0.0,0.0,0.0,0.0,-0.10814761370420456,0.0,0.0,0.0,0.0,0.10814761370420456,0.0,0.0,0.0,0.0,0.05407380685210228,0.0,0.0,0.0,0.0,0.0,0.0,0.0,0.0,0.0,0.05407380685210228,-0.05407380685210228,0.0,0.0,0.0,0.0,0.0,0.0,-0.10814761370420456,0.0,0.0,0.0,0.0,0.0,0.05407380685210228,0.0,-0.05407380685210228,0.0,0.0,0.0,0.0,-0.05407380685210228,0.0,0.05407380685210228,-0.05407380685210228,0.05407380685210228,-0.10814761370420456,0.0,0.0,0.0,0.0,0.0,0.0,0.05407380685210228,-0.05407380685210228,0.0,0.0,0.0,0.0,0.05407380685210228,-0.05407380685210228,-0.05407380685210228,0.0,-0.05407380685210228,0.0,0.0,0.10814761370420456,0.0,0.0,0.0,0.0,0.0,0.0,0.0,0.0,-0.05407380685210228,0.0,0.0,0.0,0.05407380685210228,0.0,0.0,0.05407380685210228,0.0,-0.05407380685210228,0.0,0.05407380685210228,0.0,0.0,-0.05407380685210228,0.05407380685210228,0.0
002709,天赐材料,绿电与清洁公用,growth,student_B,llm_deepseek_extracted,"1. 机构席位活跃，北向资金流动频繁，筹码博弈加剧。  
2. 产能回升叠加研发交付，业绩弹性增强，技术壁垒稳固。  
...",-0.060633908957242966,-0.060633908957242966,0.0,0.0,0.0,0.0,0.0,0.0,0.0,0.0,0.0,0.0,0.060633908957242966,0.060633908957242966,0.0,0.0,0.0,0.0,0.060633908957242966,0.0,0.0,0.0,0.0,0.0,0.0,0.0,0.0,0.0,0.0,0.0,0.0,0.060633908957242966,0.060633908957242966,0.0,0.0,0.0,0.0,0.0,0.0,0.0,0.0,0.0,-0.060633908957242966,0.0,0.0,0.0,0.0,0.0,0.0,0.0,0.060633908957242966,0.060633908957242966,0.0,0.060633908957242966,0.0,0.0,0.0,0.0,0.0,0.0,0.0,0.0,0.0,0.0,-0.060633908957242966,-0.060633908957242966,0.0,0.0,0.0,0.0,0.0,0.0,0.0,0.0,0.0,0.0,0.0,-0.060633908957242966,0.0,0.0,0.0,0.0,0.0,0.0,0.0,0.0,0.0,-0.060633908957242966,0.0,0.0,0.0,0.0,0.0,0.0,0.0,0.0,0.0,0.0,0.0,0.0,0.0,0.0,0.0,0.0,0.0,0.0,0.0,-0.060633908957242966,0.0,0.0,-0.060633908957242966,0.0,0.0,0.0,0.0,0.060633908957242966,0.0,0.060633908957242966,0.0,0.060633908957242966,0.0,0.0,-0.060633908957242966,0.0,-0.060633908957242966,0.0,0.12126781791448593,0.0,0.0,0.0,0.0,0.060633908957242966,0.060633908957242966,-0.060633908957242966,0.0,-0.060633908957242966,0.0,0.0,0.0,0.0,0.0,0.0,0.0,0.0,0.0,0.0,0.060633908957242966,0.0,0.060633908957242966,0.0,0.0,0.0,0.0,0.0,0.0,0.0,0.0,0.0,0.0,0.0,0.0,0.0,0.12126781791448593,-0.060633908957242966,0.12126781791448593,-0.060633908957242966,0.0,0.0,0.0,0.060633908957242966,-0.060633908957242966,-0.060633908957242966,0.060633908957242966,0.0,0.0,0.0,0.060633908957242966,0.0,-0.060633908957242966,0.0,0.0,0.0,0.0,0.0,0.0,0.0,0.0,0.0,0.0,0.0,0.0,0.0,0.060633908957242966,0.0,0.0,0.0,0.0,0.0,0.0,0.0,0.12126781791448593,0.0,0.0,0.0,0.0,0.0,0.0,0.060633908957242966,0.0,0.0,0.0,0.060633908957242966,0.0,0.0,0.0,0.060633908957242966,0.12126781791448593,0.0,0.0,-0.060633908957242966,-0.060633908957242966,0.0,0.0,0.0,0.0,0.0,0.0,-0.060633908957242966,0.0,0.060633908957242966,0.060633908957242966,0.060633908957242966,0.0,0.0,0.0,0.0,0.0,0.0,0.0,0.0,0.0,0.0,0.0,0.0,-0.060633908957242966,0.12126781791448593,0.0,-0.12126781791448593,0.0,0.0,0.0,0.0,0.0,0.12126781791448593,0.0,0.0,0.0,0.0,0.0,0.0,0.0,0.0,0.0,0.0,0.0,0.0,0.0,0.0,0.0,0.0,0.0,0.0,0.0,0.060633908957242966,-0.060633908957242966,-0.060633908957242966,0.0,-0.060633908957242966,0.0,0.0,0.0,0.0,0.0,-0.060633908957242966,0.060633908957242966,0.0,-0.060633908957242966,0.0,-0.060633908957242966,0.0,0.0,0.0,0.0,0.0,0.0,0.0,0.0,0.0,0.0,0.060633908957242966,0.0,0.0,0.060633908957242966,0.0,-0.060633908957242966,0.0,0.0,-0.060633908957242966,0.0,0.0,0.0,0.0,0.0,0.0,-0.060633908957242966,0.0,0.0,0.060633908957242966,0.0,0.0,0.0,-0.060633908957242966,0.0,0.0,0.0,0.0,0.0,0.0,0.0,0.0,0.0,0.0,0.0,0.0,0.0,0.0,0.0,0.0,0.0,-0.060633908957242966,0.060633908957242966,0.0,0.0,0.0,-0.060633908957242966,0.0,0.0,0.0,0.0,0.060633908957242966,0.0,-0.060633908957242966,0.0,0.0,-0.060633908957242966,-0.060633908957242966,0.060633908957242966,0.0,0.0,0.0,-0.060633908957242966,0.060633908957242966,0.0,0.0,0.0,0.0,0.0,0.0,0.0,0.0,0.0,-0.060633908957242966,-0.060633908957242966,0.0,0.0,0.0,0.0,0.0,0.0,0.0,-0.060633908957242966,0.0,0.0,0.060633908957242966,0.0,-0.060633908957242966,0.0,0.0,0.0,0.0,0.0,0.060633908957242966,0.0,0.0,0.0,0.0,0.0,0.0,0.0,0.0,0.0,0.0,0.0,0.0,0.0,0.0,-0.060633908957242966,0.0,-0.060633908957242966,0.0,0.0,0.0,0.0,0.0,0.0,-0.060633908957242966,0.0,0.060633908957242966,0.060633908957242966,0.0,0.0,0.0,0.0,0.0,0.0,0.0,0.0,0.0,0.0,0.0,0.0,0.24253563582897186,0.0,0.0,-0.060633908957242966,0.0,0.0,0.0,0.0,0.0,0.0,0.0,0.0,0.0,0.0,0.0,0.0,0.060633908957242966,0.0,0.0,-0.060633908957242966,0.0,0.0,0.0,0.0,0.0,0.060633908957242966,0.0,0.0,0.0,0.0,0.0,0.0,0.0,0.0,-0.12126781791448593,0.0,-0.060633908957242966,0.060633908957242966,0.0,0.0,0.0,0.0,0.0,0.0,0.060633908957242966,0.0,-0.060633908957242966,-0.060633908957242966,-0.060633908957242966,0.0,0.0,0.060633908957242966,0.0,0.0,0.0,0.0,0.060633908957242966,0.0,0.0,0.0,0.0,0.0,0.0,0.0,0.0,0.0,-0.060633908957242966,0.0,0.0,-0.060633908957242966,0.0,0.0,0.0,0.0,-0.12126781791448593,0.0,0.0,0.0,0.0,0.0,0.060633908957242966,0.0,0.0,0.0,-0.060633908957242966,0.0,-0.060633908957242966,0.0,0.0,0.0,0.0,0.0,0.0,-0.3031695485115051,0.0,-0.060633908957242966,0.0,0.0,0.0,0.0,0.0,0.12126781791448593,0.0,-0.060633908957242966,0.0,0.0,0.0,0.0,0.0,0.0,-0.060633908957242966,0.060633908957242966,0.060633908957242966,0.0,-0.060633908957242966,0.0,0.0,0.0,-0.060633908957242966,0.0,0.0,0.0,-0.060633908957242966,0.0,0.0,0.0,0.1819017231464386,0.0,-0.060633908957242966,-0.060633908957242966,0.0,0.0,0.0,0.0,0.0,0.0,0.0,0.060633908957242966,0.0,0.0,0.060633908957242966,0.0,0.0,0.0,0.0,0.0,0.0,0.0,0.0,0.0,-0.060633908957242966,0.0,0.0,0.0,0.0,0.0,0.060633908957242966,0.0,0.0,0.0,0.0,0.0,0.0,0.0,0.0,0.0,0.0,-0.060633908957242966,0.0,0.0,0.0,0.0,-0.060633908957242966,0.0,-0.060633908957242966,0.0,0.060633908957242966,-0.060633908957242966,0.0,0.0,0.0,0.0,0.0,0.0,0.0,0.0,0.0,0.0,0.0,0.0,-0.060633908957242966,-0.060633908957242966,0.0,0.0,-0.12126781791448593,0.0,0.0,0.060633908957242966,0.0,0.0,-0.060633908957242966,0.0,0.0,0.060633908957242966,0.0,-0.060633908957242966,0.0,0.0,0.0,0.060633908957242966,0.0,-0.060633908957242966,-0.060633908957242966,-0.060633908957242966,0.0,0.060633908957242966,0.0,0.0,0.0,0.0,-0.060633908957242966,0.0,0.060633908957242966,0.0,0.0,0.0,0.0,0.0,0.0,-0.060633908957242966,0.0,0.0,0.0,0.0,0.0,-0.060633908957242966,-0.060633908957242966,0.0,0.060633908957242966,0.0,0.0,-0.060633908957242966,0.0,0.0,0.0,0.0,0.0,0.0,0.0,0.0,0.12126781791448593,0.0,0.0,0.0,0.0,0.060633908957242966,0.0,0.0,0.0,0.0,0.0,0.0,0.0,0.0,0.0,0.060633908957242966,-0.060633908957242966,0.0,0.0,0.0,0.0,0.060633908957242966,0.0,-0.12126781791448593,0.0,0.0,0.0,0.0,0.0,0.060633908957242966,0.0,-0.060633908957242966,0.0,0.0,0.0,0.0,0.0,0.0,0.060633908957242966,0.0,0.060633908957242966,0.0,0.0,0.0,0.0,0.0,0.0,-0.060633908957242966,0.12126781791448593,-0.060633908957242966,0.0,0.0,0.0,0.0,0.060633908957242966,0.0,-0.060633908957242966,0.0,-0.060633908957242966,0.0,-0.060633908957242966,0.12126781791448593,-0.060633908957242966,0.0,0.0,0.0,0.0,0.0,0.0,0.0,-0.060633908957242966,0.060633908957242966,0.0,0.0,0.060633908957242966,0.0,0.060633908957242966,0.060633908957242966,0.0,0.0,0.0,0.060633908957242966,0.0,0.0,0.0,0.0,0.0
002074,国轩高科,绿电与清洁公用,growth,student_B,llm_deepseek_extracted,"1. 机构博弈筹码流动：北向资金与机构席位活跃，短线筹码博弈加剧，但未现明显单边流出。  
2. 业绩弹性与技术壁垒：产...",-0.0447661466896534,0.0,0.0,0.0,-0.0447661466896534,0.0,0.0,0.0,0.0,0.0,-0.0447661466896534,0.0,0.0447661466896534,0.0447661466896534,0.0,-0.0447661466896534,0.0,0.0,0.0,0.0,0.0,0.0,0.0,-0.0447661466896534,0.0,0.0,0.0,0.0,0.0447661466896534,0.0,0.0,0.0,0.0447661466896534,0.0,0.0,0.0447661466896534,0.0,0.0,0.0447661466896534,0.0,0.0,0.0,-0.0447661466896534,0.0,0.0,0.0,0.0,0.0,0.0,0.0,0.0447661466896534,0.0895322933793068,0.0,0.0447661466896534,0.0,0.0,0.0,0.0,0.0447661466896534,0.0,0.0,0.0,0.0,0.0,-0.0447661466896534,-0.0447661466896534,0.0,0.0,0.0,0.0,0.0,0.0,0.0,0.0,0.0,0.0,-0.0447661466896534,-0.0895322933793068,0.0,0.0,0.0,0.0,0.0,0.0,0.0,0.0,-0.0447661466896534,-0.0895322933793068,0.0,0.0,0.0,0.0,0.0,0.0,-0.0447661466896534,0.0,0.0,0.0,0.0,0.0,0.0,0.0,0.0,0.0,0.0,0.0,0.0,-0.0895322933793068,0.0447661466896534,0.0,-0.0895322933793068,0.0,0.0,0.0,0.0,0.0447661466896534,-0.0447661466896534,0.0447661466896534,0.0,0.0447661466896534,0.0,0.0,-0.0895322933793068,0.0,-0.0447661466896534,0.0,0.0895322933793068,0.0,0.0,0.0,0.0,0.0447661466896534,0.0447661466896534,-0.0447661466896534,0.0,-0.0895322933793068,-0.0447661466896534,0.0,0.0,0.0,0.0,0.0,-0.0447661466896534,0.0,0.0,-0.0447661466896534,0.0447661466896534,0.0,0.0,0.0,0.0,0.0,0.0,0.0,0.0,0.0,0.0,0.0,0.0,0.0447661466896534,0.0,0.0,0.0895322933793068,-0.0447661466896534,0.0,-0.0447661466896534,0.0,0.0,0.0,0.0,-0.0895322933793068,-0.0447661466896534,0.0,0.0,-0.0447661466896534,-0.0447661466896534,0.0447661466896534,0.0,-0.0447661466896534,0.0,0.0447661466896534,0.0,0.0,0.0,0.0,0.0,0.0,0.0,0.0,0.0,-0.0447661466896534,0.0,0.0,0.0,0.0,0.0,0.0,0.0,0.0,0.0447661466896534,0.0,0.0,-0.0447661466896534,0.0,0.0,0.0,0.0,0.0895322933793068,-0.0447661466896534,0.0,0.0,0.0447661466896534,0.0,0.0,0.0,0.0447661466896534,0.1342984437942505,0.0,0.0,-0.0895322933793068,-0.0447661466896534,0.0,0.0447661466896534,-0.0447661466896534,-0.0447661466896534,0.0447661466896534,0.0,-0.0895322933793068,0.0,0.0447661466896534,0.0895322933793068,0.0,0.0,0.0447661466896534,0.0,0.0,-0.0447661466896534,0.0,0.0,0.0,0.0,0.0,0.0,0.0,-0.0447661466896534,0.1342984437942505,-0.0447661466896534,-0.0895322933793068,0.0447661466896534,0.0,0.0,0.0,0.0,0.0895322933793068,0.0,0.0,0.0,0.0,0.0447661466896534,0.0,0.0,0.0,0.0447661466896534,0.0,0.0,0.0,-0.0447661466896534,0.0,0.0,0.0,0.0,0.0447661466896534,0.0,0.0447661466896534,-0.0447661466896534,-0.1342984437942505,0.0,0.0,-0.0447661466896534,0.0,0.0447661466896534,0.0447661466896534,0.0,-0.0447661466896534,0.0,-0.0447661466896534,0.0,0.0,0.0,0.0,0.0,-0.0447661466896534,0.0,0.0,0.0,-0.0447661466896534,0.0,0.0,0.0,0.0447661466896534,0.0,0.0,0.0,0.0447661466896534,-0.0447661466896534,0.0,0.0,-0.0895322933793068,0.0,0.0,0.0,0.0,0.0,0.0,-0.0447661466896534,0.0,0.0,0.0895322933793068,0.0,0.0,0.0,-0.0447661466896534,0.0,-0.0447661466896534,0.0,0.0,0.0895322933793068,0.0,0.0,0.0,0.0,0.0,0.0,0.0,0.0,0.0,-0.0447661466896534,0.0,0.0,-0.0447661466896534,0.0,0.0,0.0,0.0,-0.0895322933793068,0.0,-0.0447661466896534,0.0,0.0,0.0447661466896534,0.0,0.0,0.0,-0.0447661466896534,-0.0447661466896534,-0.0447661466896534,0.0447661466896534,0.0,0.0,0.0447661466896534,-0.1342984437942505,0.0,0.0,0.0,-0.0447661466896534,0.0,0.0,0.0,0.0,0.0,0.0,-0.0895322933793068,-0.0447661466896534,-0.0447661466896534,0.0,0.0,0.0,0.0,0.0,0.0,-0.0447661466896534,-0.0447661466896534,0.0,0.0447661466896534,-0.0447661466896534,0.0,0.0,0.0,0.0,0.0447661466896534,0.0,0.0447661466896534,0.0,0.0,0.0,0.0,0.0,0.0,0.0,-0.0895322933793068,0.0,0.0,0.0,0.0,0.0,0.0,-0.0895322933793068,0.0,0.0,0.0,0.0,0.0,0.0,0.0,0.0,-0.0447661466896534,0.0,0.0,0.0447661466896534,0.0,0.0,0.0,0.0,0.0,0.0,0.0,0.0447661466896534,0.0,-0.0447661466896534,0.0,0.0,0.1790645867586136,0.0,0.0,-0.0447661466896534,0.0,0.0,0.0447661466896534,-0.0447661466896534,0.0,0.0,0.0,0.0447661466896534,0.0,0.0,0.0,0.0,0.0447661466896534,0.0,0.0,-0.0447661466896534,0.0,0.0,0.0,-0.0447661466896534,0.0,0.0,0.0,0.0,0.0,0.0,0.0,-0.0447661466896534,0.0,0.0,0.0447661466896534,0.0,-0.0447661466896534,0.0,0.0,0.0,0.0,0.0,0.0,0.0,-0.0447661466896534,-0.0447661466896534,-0.0447661466896534,0.0447661466896534,-0.0447661466896534,0.0,-0.0447661466896534,0.0,0.0,-0.0447661466896534,0.0,0.0,0.0,0.0,0.0,0.0,0.0,0.0,0.0,0.0,0.0,0.0,-0.0447661466896534,-0.0447661466896534,0.0447661466896534,-0.0447661466896534,0.0,0.0,0.0447661466896534,0.0,-0.0895322933793068,0.0,0.0,0.0,-0.0447661466896534,0.0,0.0447661466896534,0.0,0.0,0.0,-0.0447661466896534,0.0,-0.0895322933793068,0.0,0.0,0.0,-0.0447661466896534,0.0,0.0,-0.22383072972297668,0.0,-0.0447661466896534,0.0447661466896534,0.0,0.0,0.0,0.0,0.1342984437942505,0.0,-0.0895322933793068,0.0,0.0,0.0,0.0,0.0,-0.0447661466896534,-0.0447661466896534,0.0447661466896534,0.0447661466896534,-0.0895322933793068,0.0,-0.0447661466896534,0.0,0.0,-0.0447661466896534,0.0,0.0895322933793068,0.0,0.0895322933793068,-0.0447661466896534,0.0,-0.0447661466896534,0.1342984437942505,0.0,0.0,-0.0447661466896534,0.0,0.0,0.0,0.0,0.0,0.0,0.0,0.0447661466896534,0.0447661466896534,0.0,0.0,-0.0447661466896534,0.0,0.0,0.0,0.0,0.0,0.0,0.0,0.0,-0.0447661466896534,0.0,-0.0447661466896534,0.0,-0.0447661466896534,0.0,0.0895322933793068,0.0447661466896534,0.0,0.0,-0.0447661466896534,0.0,-0.0447661466896534,0.0,0.0,0.0,0.0895322933793068,-0.0447661466896534,0.0447661466896534,0.0447661466896534,0.0,0.0,-0.0447661466896534,0.0,0.0,0.0,0.0895322933793068,-0.0447661466896534,0.0,0.0,0.0,0.0,0.0,0.0,0.0,0.0,0.0,-0.0895322933793068,0.0447661466896534,0.0,-0.1342984437942505,0.0,0.0,0.0,-0.0447661466896534,0.0,0.0,0.0447661466896534,0.0,0.0,-0.0895322933793068,0.0,0.0447661466896534,0.0,-0.0447661466896534,0.0,0.0,-0.0447661466896534,-0.0447661466896534,0.0447661466896534,0.0,0.0,0.0,0.0,0.0,0.0447661466896534,0.0,0.0,0.0,-0.0447661466896534,-0.1342984437942505,0.0,0.0895322933793068,0.0,0.0,0.0,0.0,0.0,0.0,-0.0447661466896534,0.0447661466896534,0.0,0.0,0.0447661466896534,0.0,0.0447661466896534,0.0,0.0,0.0447661466896534,0.0,0.0,-0.0447661466896534,0.0,0.0,0.0,0.0,0.0,0.0,0.0,-0.0447661466896534,0.0895322933793068,0.0,-0.0895322933793068,0.0,0.0,0.0447661466896534,0.0,0.0,0.0,0.0,0.0,-0.0447661466896534,0.0,0.0,0.0,0.0447661466896534,0.0,0.0,0.0,0.0,0.0,0.0,0.0,-0.1790645867586136,0.0,0.0,0.0,0.0,0.0447661466896534,0.0,0.0,-0.0447661466896534,0.0,0.0,0.0,0.0,0.0,0.0,0.0895322933793068,0.0,0.0447661466896534,0.0,0.0,0.0,0.0,0.0,0.0,0.0,0.1790645867586136,-0.0447661466896534,0.0,-0.0895322933793068,-0.0447661466896534,0.0,0.0,-0.0447661466896534,-0.0895322933793068,0.0,-0.0895322933793068,0.0,-0.0447661466896534,0.0895322933793068,-0.0447661466896534,0.0,0.0,0.0,0.0,0.0,0.0,0.0,-0.0447661466896534,0.0,0.0,0.0,0.0447661466896534,0.0,0.0,0.0895322933793068,-0.0447661466896534,0.0,0.0,0.0,0.0,0.0,0.0,0.0,0.0
002080,中材科技,绿电与清洁公用,growth,student_B,llm_deepseek_extracted,"1. 机构席位活跃，北向资金流动频繁，筹码博弈加剧，短线波动或放大。  
2. 产能回升叠加研发交付，业绩弹性增强，技术...",-0.05299989506602287,-0.05299989506602287,0.0,0.0,-0.05299989506602287,0.0,0.0,0.0,0.0,0.0,0.0,0.0,0.10599979013204575,0.05299989506602287,0.0,0.0,0.0,0.0,0.0,0.0,0.0,0.0,0.0,0.0,0.0,0.0,0.0,0.0,0.0,0.0,0.0,0.0,0.05299989506602287,0.0,0.0,0.0,0.0,0.0,0.0,0.0,0.0,0.0,-0.05299989506602287,0.0,0.0,-0.05299989506602287,0.0,0.0,0.0,0.0,0.05299989506602287,0.05299989506602287,0.0,0.05299989506602287,0.0,0.0,0.0,0.0,0.0,0.0,0.0,0.0,0.0,0.0,0.0,-0.05299989506602287,0.0,0.0,0.0,0.0,0.0,0.0,0.0,0.0,0.0,0.0,0.0,-0.05299989506602287,0.0,0.0,0.0,0.0,0.0,0.0,0.0,0.0,0.0,-0.05299989506602287,0.0,0.0,0.0,0.0,0.0,0.0,0.0,0.0,0.0,0.0,0.0,0.05299989506602287,0.0,-0.05299989506602287,0.0,0.0,0.0,0.0,0.0,-0.05299989506602287,0.0,0.0,-0.05299989506602287,0.0,-0.05299989506602287,0.0,0.0,0.05299989506602287,0.0,0.05299989506602287,0.05299989506602287,0.05299989506602287,0.0,0.05299989506602287,-0.05299989506602287,0.0,-0.05299989506602287,0.0,0.10599979013204575,0.0,0.0,0.0,0.0,0.05299989506602287,0.05299989506602287,-0.05299989506602287,0.0,-0.05299989506602287,0.0,0.0,0.0,0.0,0.0,0.0,-0.05299989506602287,0.0,0.0,0.0,0.05299989506602287,0.0,0.05299989506602287,0.0,0.0,0.0,0.0,0.0,0.0,0.05299989506602287,0.0,0.0,0.0,0.05299989506602287,0.0,0.0,0.15899968147277832,-0.05299989506602287,0.05299989506602287,-0.05299989506602287,-0.05299989506602287,0.0,0.05299989506602287,0.05299989506602287,-0.05299989506602287,-0.05299989506602287,0.0,0.0,-0.05299989506602287,0.0,0.05299989506602287,0.0,-0.05299989506602287,0.0,0.0,0.0,0.0,0.0,0.0,0.0,0.0,0.0,0.05299989506602287,0.0,0.05299989506602287,0.0,0.0,0.0,0.0,0.0,0.0,0.0,0.0,0.05299989506602287,0.05299989506602287,0.0,0.0,0.0,0.0,0.0,0.0,0.05299989506602287,0.0,-0.05299989506602287,0.0,0.05299989506602287,0.0,0.05299989506602287,0.0,0.05299989506602287,0.15899968147277832,0.0,0.0,-0.05299989506602287,0.0,0.0,0.0,0.0,0.0,0.0,0.0,-0.05299989506602287,0.0,0.05299989506602287,0.05299989506602287,0.05299989506602287,0.0,0.05299989506602287,0.0,0.0,-0.05299989506602287,0.0,0.0,-0.05299989506602287,0.0,0.0,-0.05299989506602287,0.0,-0.05299989506602287,0.15899968147277832,-0.05299989506602287,-0.05299989506602287,0.0,0.0,0.0,0.0,0.0,0.10599979013204575,0.0,0.0,0.05299989506602287,0.0,0.05299989506602287,0.0,0.0,0.0,-0.05299989506602287,-0.05299989506602287,0.0,0.0,0.0,0.0,0.0,0.0,0.0,0.0,0.0,0.05299989506602287,-0.05299989506602287,-0.05299989506602287,0.0,-0.05299989506602287,0.0,0.0,0.0,0.0,0.0,-0.05299989506602287,0.05299989506602287,0.0,-0.05299989506602287,0.0,-0.05299989506602287,0.0,0.0,-0.05299989506602287,0.0,0.0,0.0,0.0,0.0,0.0,0.0,0.05299989506602287,0.05299989506602287,0.0,0.05299989506602287,0.0,-0.05299989506602287,0.0,0.0,-0.05299989506602287,0.0,0.0,0.0,0.0,0.0,0.05299989506602287,-0.05299989506602287,0.0,0.0,0.05299989506602287,0.0,0.0,0.0,-0.05299989506602287,0.0,0.0,0.0,0.0,0.0,0.0,0.0,0.0,0.0,0.0,0.0,0.0,0.0,0.0,0.0,0.0,0.0,0.0,0.05299989506602287,0.0,0.0,0.0,-0.10599979013204575,0.0,0.0,0.0,0.0,0.05299989506602287,0.0,-0.05299989506602287,0.0,0.0,-0.05299989506602287,-0.05299989506602287,0.0,0.0,0.0,0.0,-0.05299989506602287,0.0,0.0,0.0,-0.05299989506602287,0.0,0.0,0.0,0.0,0.0,0.0,0.0,-0.05299989506602287,0.0,0.0,0.0,0.0,0.0,0.0,0.0,-0.05299989506602287,0.0,0.0,0.05299989506602287,0.0,-0.05299989506602287,0.0,0.0,0.0,0.0,0.0,0.0,0.0,0.0,0.0,0.0,0.0,0.0,0.0,0.0,0.0,0.0,0.0,0.0,0.0,0.0,-0.05299989506602287,0.0,0.0,0.0,0.0,0.0,0.0,0.05299989506602287,0.0,-0.05299989506602287,0.0,0.0,0.05299989506602287,0.0,0.0,0.0,0.0,0.0,0.0,0.0,0.0,0.0,0.0,0.0,0.0,0.2119995802640915,0.0,0.0,0.0,0.0,0.0,0.0,0.0,0.0,0.0,0.0,0.0,0.0,0.0,0.0,0.0,0.05299989506602287,0.0,0.0,-0.05299989506602287,0.0,0.0,0.0,-0.05299989506602287,0.0,0.05299989506602287,0.05299989506602287,0.0,0.0,0.0,0.0,0.0,0.0,0.0,-0.05299989506602287,0.0,-0.05299989506602287,0.10599979013204575,0.0,0.0,0.0,0.0,0.0,0.0,-0.05299989506602287,0.0,-0.05299989506602287,-0.05299989506602287,-0.05299989506602287,0.0,0.0,0.05299989506602287,0.0,0.0,0.0,0.0,0.05299989506602287,0.0,0.0,0.0,0.0,0.0,0.0,0.0,0.0,0.0,-0.05299989506602287,-0.05299989506602287,0.05299989506602287,-0.05299989506602287,0.0,0.0,0.0,0.0,-0.10599979013204575,0.0,0.0,0.0,-0.05299989506602287,0.0,0.05299989506602287,0.0,0.0,0.0,-0.05299989506602287,0.0,-0.05299989506602287,-0.10599979013204575,0.0,0.0,0.0,0.0,0.0,-0.370999276638031,0.0,-0.05299989506602287,0.0,0.0,0.0,0.0,0.0,0.10599979013204575,0.0,-0.05299989506602287,0.0,0.0,0.0,0.0,0.0,0.0,-0.05299989506602287,0.05299989506602287,0.05299989506602287,0.0,0.0,0.0,0.0,0.0,-0.05299989506602287,0.0,0.0,0.05299989506602287,-0.05299989506602287,0.0,0.0,0.0,0.15899968147277832,0.0,0.0,-0.05299989506602287,0.0,0.0,0.0,0.0,0.0,0.0,0.0,0.05299989506602287,0.05299989506602287,0.0,0.0,0.0,-0.05299989506602287,0.0,0.0,0.0,0.0,0.0,0.0,0.0,-0.05299989506602287,0.0,0.0,0.0,0.0,0.0,0.05299989506602287,0.0,0.0,0.0,-0.05299989506602287,0.0,0.0,0.0,0.0,0.0,0.0,-0.05299989506602287,0.0,0.0,0.0,0.0,-0.05299989506602287,0.0,-0.05299989506602287,0.0,0.10599979013204575,-0.05299989506602287,0.0,0.0,0.0,0.0,0.0,0.0,0.0,0.0,0.0,-0.05299989506602287,0.0,-0.05299989506602287,-0.05299989506602287,0.0,0.0,0.0,-0.15899968147277832,0.0,0.0,0.05299989506602287,0.0,0.0,-0.05299989506602287,0.0,0.0,0.05299989506602287,0.0,0.0,0.0,-0.05299989506602287,0.0,0.05299989506602287,0.0,-0.05299989506602287,0.0,-0.05299989506602287,0.05299989506602287,0.0,-0.05299989506602287,0.0,0.0,0.0,0.0,-0.05299989506602287,0.05299989506602287,0.0,0.0,0.0,0.0,0.0,0.0,-0.05299989506602287,0.0,0.05299989506602287,-0.05299989506602287,0.05299989506602287,0.0,0.0,-0.05299989506602287,0.0,0.05299989506602287,0.0,0.0,0.0,0.0,0.0,0.0,0.0,0.0,0.0,0.0,0.0,0.10599979013204575,0.0,0.0,0.0,0.0,0.10599979013204575,0.0,0.0,0.0,0.0,0.0,0.0,0.0,0.0,0.0,0.05299989506602287,-0.05299989506602287,0.0,0.0,0.0,0.0,0.0,0.0,-0.15899968147277832,0.0,0.0,0.0,0.0,0.0,0.05299989506602287,0.0,-0.10599979013204575,0.0,0.0,0.0,0.0,-0.05299989506602287,0.0,0.05299989506602287,-0.05299989506602287,0.05299989506602287,0.0,0.0,0.0,0.0,0.0,0.0,0.0,0.10599979013204575,-0.05299989506602287,0.0,0.0,0.0,0.0,0.05299989506602287,-0.05299989506602287,-0.05299989506602287,0.0,-0.05299989506602287,0.05299989506602287,0.0,0.10599979013204575,-0.05299989506602287,0.0,0.0,0.0,0.0,0.0,0.0,0.0,-0.05299989506602287,0.0,0.0,0.0,0.0,0.0,0.0,0.05299989506602287,0.0,0.0,0.0,0.05299989506602287,0.0,0.0,-0.05299989506602287,0.0,0.0
601865,福莱特,绿电与清洁公用,growth,student_B,llm_deepseek_extracted,"1. 机构席位活跃，北向资金流动频繁，筹码博弈加剧，短线波动放大。  
2. 产能回升叠加研发交付，业绩弹性增强；技术壁...",-0.055727820843458176,-0.055727820843458176,0.0,-0.055727820843458176,-0.055727820843458176,0.0,0.0,0.0,0.055727820843458176,0.0,0.0,0.0,0.055727820843458176,0.055727820843458176,0.0,0.0,0.0,0.0,0.0,0.0,0.0,0.0,0.0,0.0,0.0,0.0,-0.055727820843458176,0.0,0.0,0.0,0.0,0.0,0.055727820843458176,0.0,0.0,0.0,0.0,0.0,0.0,0.0,0.0,0.0,-0.055727820843458176,0.0,0.0,-0.055727820843458176,0.0,0.0,0.0,0.0,0.055727820843458176,0.055727820843458176,0.0,0.055727820843458176,0.0,0.0,0.0,0.0,0.0,0.0,0.0,0.0,0.0,0.0,-0.055727820843458176,-0.055727820843458176,0.0,0.0,-0.055727820843458176,0.0,0.0,0.0,0.0,0.0,0.0,0.0,0.0,-0.055727820843458176,0.0,0.0,0.0,0.0,0.0,0.0,0.0,-0.055727820843458176,0.0,-0.055727820843458176,0.0,0.0,0.0,0.0,0.0,0.0,0.0,-0.055727820843458176,0.0,0.0,0.0,0.0,0.0,0.0,0.0,0.0,0.0,0.0,0.0,-0.055727820843458176,0.0,0.0,-0.055727820843458176,0.0,-0.055727820843458176,0.0,0.0,0.055727820843458176,0.0,0.055727820843458176,0.055727820843458176,0.055727820843458176,0.0,0.055727820843458176,-0.055727820843458176,0.0,-0.055727820843458176,0.0,0.11145564168691635,0.0,0.0,0.0,0.0,0.055727820843458176,0.055727820843458176,-0.055727820843458176,0.0,-0.055727820843458176,0.0,0.0,0.0,0.0,0.0,0.0,0.0,0.0,0.0,0.0,0.055727820843458176,0.0,0.0,0.0,0.0,0.0,0.0,0.0,0.0,0.0,0.0,0.0,0.0,0.055727820843458176,0.0,0.0,0.11145564168691635,-0.055727820843458176,0.055727820843458176,-0.055727820843458176,0.0,0.0,0.0,0.055727820843458176,-0.055727820843458176,-0.055727820843458176,0.0,0.0,0.0,0.0,0.0,0.0,-0.055727820843458176,0.0,0.0,0.0,0.0,0.0,0.0,0.0,0.0,0.0,0.055727820843458176,0.055727820843458176,0.0,0.0,0.0,0.0,0.0,0.0,0.0,0.0,0.0,0.055727820843458176,0.055727820843458176,0.0,-0.055727820843458176,0.0,0.0,0.0,0.0,0.055727820843458176,0.0,-0.055727820843458176,0.0,0.055727820843458176,0.0,0.055727820843458176,0.0,0.055727820843458176,0.16718345880508423,0.0,0.0,-0.055727820843458176,0.0,0.0,0.0,0.055727820843458176,0.0,0.0,0.0,-0.055727820843458176,0.0,0.055727820843458176,0.055727820843458176,0.055727820843458176,0.0,0.055727820843458176,0.0,0.0,-0.055727820843458176,0.0,0.0,0.0,0.0,0.0,0.0,0.0,-0.055727820843458176,0.11145564168691635,-0.055727820843458176,-0.055727820843458176,0.0,0.0,0.0,0.0,0.0,0.11145564168691635,0.0,0.0,0.0,0.0,0.0,0.0,0.0,0.0,0.0,0.0,0.0,0.0,0.0,0.0,0.0,0.0,0.0,0.055727820843458176,0.0,0.055727820843458176,-0.055727820843458176,-0.055727820843458176,0.0,-0.055727820843458176,0.0,0.0,0.0,0.0,0.0,-0.055727820843458176,0.055727820843458176,0.0,-0.055727820843458176,0.0,-0.055727820843458176,0.0,0.0,0.0,0.0,0.0,0.0,0.0,-0.055727820843458176,0.0,0.0,0.055727820843458176,0.055727820843458176,0.0,0.055727820843458176,0.0,-0.055727820843458176,0.0,0.0,-0.055727820843458176,0.0,0.0,0.0,0.0,0.0,0.0,-0.055727820843458176,0.0,0.0,0.055727820843458176,0.0,0.0,0.0,-0.055727820843458176,0.0,-0.055727820843458176,0.0,0.0,-0.055727820843458176,0.055727820843458176,0.0,0.055727820843458176,0.0,0.0,0.0,0.0,0.0,0.0,-0.055727820843458176,0.0,0.0,0.0,0.055727820843458176,0.0,0.0,0.0,-0.11145564168691635,0.0,0.055727820843458176,0.0,0.0,0.055727820843458176,0.0,-0.055727820843458176,0.0,0.0,-0.055727820843458176,-0.055727820843458176,0.055727820843458176,0.0,0.0,0.0,-0.055727820843458176,0.0,0.0,0.0,-0.055727820843458176,0.0,0.0,0.0,0.0,0.0,-0.055727820843458176,-0.055727820843458176,-0.055727820843458176,0.0,0.055727820843458176,0.0,0.0,0.0,0.0,0.0,-0.055727820843458176,0.0,0.0,0.055727820843458176,0.0,-0.055727820843458176,0.0,0.0,0.0,0.0,0.0,0.0,0.0,0.0,0.0,0.0,0.0,0.0,0.0,0.0,0.0,0.0,0.0,0.0,0.0,0.0,-0.055727820843458176,0.0,0.0,0.0,0.0,0.0,0.0,0.0,0.0,-0.055727820843458176,0.0,0.0,0.055727820843458176,0.0,0.0,0.0,0.0,0.0,0.055727820843458176,0.0,0.0,0.0,0.0,0.0,0.0,0.2229112833738327,0.0,0.0,0.0,0.055727820843458176,0.0,0.0,0.0,0.0,0.0,0.0,0.0,0.0,0.0,0.0,0.0,0.055727820843458176,0.0,0.0,-0.055727820843458176,0.0,0.0,0.0,-0.055727820843458176,0.0,0.055727820843458176,0.055727820843458176,0.0,0.0,0.0,0.0,0.0,0.0,0.0,-0.055727820843458176,0.0,-0.055727820843458176,0.055727820843458176,-0.055727820843458176,0.0,0.0,0.0,0.0,0.0,-0.055727820843458176,0.0,-0.055727820843458176,-0.055727820843458176,-0.055727820843458176,0.0,0.0,0.055727820843458176,0.0,0.0,0.0,0.0,0.055727820843458176,0.0,0.0,0.0,0.0,0.0,0.0,0.0,0.0,0.0,-0.055727820843458176,-0.055727820843458176,0.0,-0.055727820843458176,0.0,0.0,0.0,0.0,-0.11145564168691635,0.0,0.0,0.0,-0.055727820843458176,0.0,0.055727820843458176,0.0,0.0,0.0,-0.055727820843458176,0.0,-0.055727820843458176,-0.055727820843458176,0.0,0.0,0.0,0.0,0.0,-0.33436691761016846,0.0,-0.055727820843458176,0.0,0.0,0.0,0.0,0.0,0.11145564168691635,0.0,-0.055727820843458176,0.0,0.0,0.0,0.0,0.055727820843458176,0.0,0.0,0.055727820843458176,0.055727820843458176,0.0,0.0,0.0,0.0,0.0,-0.055727820843458176,0.0,0.055727820843458176,0.055727820843458176,-0.055727820843458176,0.055727820843458176,0.0,0.0,0.16718345880508423,0.0,0.0,-0.055727820843458176,0.0,0.0,0.0,0.0,0.0,0.0,0.0,0.055727820843458176,0.055727820843458176,0.0,0.0,0.0,0.0,0.0,0.0,0.0,0.0,0.0,0.0,0.0,-0.055727820843458176,0.0,0.0,0.0,0.0,0.0,0.055727820843458176,0.0,0.055727820843458176,0.0,0.0,0.0,0.0,0.0,0.0,0.0,0.0,-0.055727820843458176,0.0,0.055727820843458176,0.0,0.0,-0.055727820843458176,0.0,-0.055727820843458176,0.0,0.055727820843458176,-0.11145564168691635,0.0,0.0,0.0,0.055727820843458176,0.0,0.0,0.0,0.0,0.0,-0.055727820843458176,0.0,0.0,-0.055727820843458176,0.0,0.0,0.0,-0.11145564168691635,0.0,0.0,0.055727820843458176,0.0,-0.055727820843458176,-0.055727820843458176,0.0,0.0,0.055727820843458176,0.0,0.0,0.0,0.0,0.0,0.055727820843458176,0.0,-0.055727820843458176,-0.055727820843458176,-0.055727820843458176,0.055727820843458176,0.0,0.0,0.0,0.0,0.0,0.0,-0.055727820843458176,0.055727820843458176,0.0,0.0,0.0,0.0,0.0,0.0,-0.055727820843458176,0.0,0.0,0.0,0.055727820843458176,0.0,0.0,-0.055727820843458176,0.0,0.055727820843458176,0.0,0.0,0.0,0.0,0.0,0.0,0.0,0.0,0.0,0.0,0.0,0.11145564168691635,0.0,0.0,0.0,0.0,0.055727820843458176,0.0,0.0,0.0,0.0,0.0,0.0,0.0,0.0,0.0,0.11145564168691635,0.0,0.0,0.0,0.0,0.0,0.0,0.0,-0.11145564168691635,0.0,0.0,0.0,0.0,0.0,0.0,0.0,-0.11145564168691635,0.0,0.0,0.0,0.0,-0.055727820843458176,0.0,0.055727820843458176,-0.055727820843458176,0.055727820843458176,-0.11145564168691635,0.0,0.0,0.0,0.0,0.0,0.0,0.11145564168691635,-0.055727820843458176,0.0,0.0,0.0,0.0,0.055727820843458176,-0.055727820843458176,-0.055727820843458176,0.0,-0.055727820843458176,0.0,0.0,0.11145564168691635,0.0,0.0,0.0,0.0,0.0,0.0,0.0,0.0,-0.055727820843458176,0.0,0.0,0.0,0.055727820843458176,0.0,0.0,0.055727820843458176,-0.055727820843458176,-0.055727820843458176,0.0,0.055727820843458176,0.0,0.0,-0.055727820843458176,0.0,0.0
600875,东方电气,绿电与清洁公用,growth,student_B,llm_deepseek_extracted,"1. 机构席位活跃，北向资金流入，筹码博弈偏多。  
2. 产能回升+研发交付，业绩弹性增强，技术壁垒稳固。  
3. ...",-0.06324555724859238,-0.06324555724859238,0.0,0.0,0.0,0.0,0.0,0.0,0.0,0.0,0.0,0.0,0.06324555724859238,0.06324555724859238,0.0,0.0,0.0,0.0,0.0,0.0,0.0,0.0,0.0,0.0,0.0,0.0,0.0,0.0,0.0,0.0,0.0,0.06324555724859238,0.06324555724859238,0.0,0.0,0.0,0.0,0.0,0.0,0.0,0.0,0.0,-0.06324555724859238,0.0,0.0,0.0,0.0,0.0,0.0,0.0,0.06324555724859238,0.06324555724859238,0.0,0.06324555724859238,0.06324555724859238,0.0,0.0,0.0,0.0,0.0,0.0,0.0,0.0,0.0,-0.06324555724859238,-0.06324555724859238,0.0,0.0,0.0,0.0,0.0,0.0,0.0,0.0,-0.06324555724859238,0.0,0.0,-0.06324555724859238,0.0,0.0,0.0,0.0,0.0,0.0,-0.06324555724859238,0.0,0.0,-0.06324555724859238,0.0,0.0,0.0,0.06324555724859238,0.0,0.0,0.06324555724859238,0.0,0.0,0.0,0.0,0.0,0.0,0.0,0.0,0.0,0.0,0.0,0.0,-0.06324555724859238,0.0,0.0,-0.06324555724859238,0.0,0.0,0.0,0.0,0.06324555724859238,0.0,0.06324555724859238,0.0,0.06324555724859238,0.0,0.0,0.0,0.0,-0.06324555724859238,0.0,0.06324555724859238,0.0,0.0,0.0,0.0,0.06324555724859238,0.06324555724859238,-0.06324555724859238,0.0,-0.06324555724859238,0.0,0.0,0.0,0.0,0.0,0.0,0.0,0.0,0.0,0.0,0.0,0.0,0.06324555724859238,0.0,0.0,0.0,0.0,0.0,0.0,0.06324555724859238,0.0,0.0,0.0,0.0,0.0,0.0,0.12649111449718475,-0.06324555724859238,0.0,-0.06324555724859238,0.0,0.0,0.0,0.0,-0.06324555724859238,0.0,0.0,0.0,0.0,0.0,0.06324555724859238,0.0,-0.06324555724859238,0.0,0.0,0.0,0.0,0.0,0.0,0.0,0.0,0.0,0.0,0.0,0.0,0.0,0.0,0.0,0.06324555724859238,0.0,0.0,0.0,0.0,0.0,0.12649111449718475,0.0,0.0,0.0,0.0,0.0,0.0,0.06324555724859238,0.0,0.0,0.0,-0.06324555724859238,-0.06324555724859238,0.0,0.0,0.06324555724859238,0.06324555724859238,0.0,0.0,0.0,-0.06324555724859238,0.0,0.0,0.0,0.0,0.0,0.0,-0.06324555724859238,0.0,0.06324555724859238,0.06324555724859238,0.06324555724859238,0.0,0.0,0.0,0.0,-0.12649111449718475,0.0,0.0,0.0,0.06324555724859238,0.0,0.0,0.0,-0.06324555724859238,0.12649111449718475,0.0,-0.06324555724859238,0.0,0.0,0.0,0.0,0.0,0.12649111449718475,0.0,0.0,0.0,0.0,0.0,0.0,0.0,0.0,0.0,0.0,0.0,0.0,0.0,0.0,0.0,0.0,0.0,0.0,0.0,0.0,-0.06324555724859238,-0.06324555724859238,0.0,0.0,0.0,0.0,0.0,0.0,0.0,-0.06324555724859238,0.06324555724859238,0.0,0.0,0.0,-0.06324555724859238,0.0,0.0,0.0,0.0,0.0,0.0,0.0,0.06324555724859238,0.0,0.0,0.06324555724859238,0.0,0.0,0.06324555724859238,0.0,-0.06324555724859238,0.0,0.0,-0.06324555724859238,0.0,0.0,0.0,0.0,0.0,0.0,-0.06324555724859238,0.0,0.0,0.06324555724859238,0.0,0.0,0.0,-0.06324555724859238,0.06324555724859238,0.0,0.0,0.0,0.0,0.0,0.0,0.0,0.0,0.0,0.0,0.0,0.0,0.0,0.0,0.0,0.0,0.0,0.06324555724859238,0.0,0.0,0.0,0.0,0.0,0.0,0.0,0.0,0.0,0.0,-0.06324555724859238,0.0,-0.06324555724859238,0.0,-0.06324555724859238,0.06324555724859238,0.0,0.0,0.0,-0.06324555724859238,0.0,0.0,0.0,0.0,0.0,0.0,0.0,0.0,0.0,0.0,-0.06324555724859238,0.0,0.0,0.0,0.0,0.0,0.0,0.0,0.0,-0.06324555724859238,0.0,0.0,0.0,0.0,-0.06324555724859238,0.0,0.0,0.0,0.0,0.0,0.0,0.0,0.0,0.0,0.0,0.0,0.0,0.0,-0.06324555724859238,-0.06324555724859238,0.0,0.0,0.0,0.0,0.0,-0.06324555724859238,0.0,-0.06324555724859238,0.0,0.0,0.0,0.0,0.0,0.0,0.0,0.0,0.06324555724859238,-0.06324555724859238,0.0,0.0,0.0,0.0,0.0,0.0,0.0,0.0,0.0,0.0,0.0,0.0,0.2529822289943695,0.0,0.0,0.0,0.0,0.0,0.0,0.0,0.0,0.0,0.0,0.0,0.0,0.0,0.0,0.0,0.06324555724859238,0.0,0.0,0.0,0.0,0.0,0.0,0.0,0.0,0.06324555724859238,0.0,0.0,0.0,0.0,0.0,0.0,0.0,0.0,0.0,0.0,-0.06324555724859238,0.06324555724859238,0.0,0.0,0.0,0.0,0.0,0.06324555724859238,0.12649111449718475,0.0,0.0,0.0,-0.06324555724859238,0.0,0.0,0.06324555724859238,0.0,0.0,0.0,0.0,0.06324555724859238,0.0,0.0,0.0,0.0,0.0,0.0,0.0,0.0,0.0,-0.06324555724859238,0.0,0.0,-0.06324555724859238,0.0,0.0,0.0,-0.06324555724859238,0.0,0.0,0.0,0.0,-0.06324555724859238,0.0,0.06324555724859238,0.0,0.0,0.0,-0.06324555724859238,0.0,-0.06324555724859238,0.0,0.0,0.0,0.0,0.0,0.0,-0.2529822289943695,0.0,-0.06324555724859238,0.0,0.0,0.0,0.0,0.0,0.18973666429519653,0.0,-0.06324555724859238,0.0,0.0,0.06324555724859238,0.0,0.0,-0.06324555724859238,-0.06324555724859238,0.06324555724859238,0.06324555724859238,-0.06324555724859238,0.0,0.0,0.0,0.0,0.0,0.0,0.0,0.0,-0.06324555724859238,0.0,0.0,0.0,0.18973666429519653,0.0,0.0,-0.06324555724859238,0.0,0.0,0.0,0.0,0.0,0.0,-0.06324555724859238,0.06324555724859238,0.0,0.0,0.0,0.0,0.0,0.0,0.0,0.0,0.0,0.0,0.0,0.0,0.0,0.0,0.0,0.0,0.0,0.0,0.06324555724859238,0.0,0.0,-0.06324555724859238,0.0,0.0,0.06324555724859238,0.0,0.0,0.06324555724859238,0.0,-0.12649111449718475,0.0,0.0,0.0,0.0,-0.06324555724859238,0.0,-0.06324555724859238,0.0,0.06324555724859238,0.0,0.0,0.0,0.0,0.0,0.0,0.0,0.0,0.0,0.0,0.0,0.0,0.0,-0.06324555724859238,0.0,0.0,0.0,-0.06324555724859238,0.0,0.0,0.06324555724859238,0.0,0.0,-0.06324555724859238,0.0,0.0,0.06324555724859238,0.0,-0.06324555724859238,0.0,0.0,0.06324555724859238,0.06324555724859238,0.0,-0.06324555724859238,0.0,-0.06324555724859238,0.0,0.0,0.0,0.0,0.0,0.0,0.0,0.0,0.06324555724859238,0.0,0.0,0.0,0.0,0.0,0.0,-0.06324555724859238,0.0,0.0,0.0,0.0,0.0,0.0,0.0,0.0,0.06324555724859238,0.0,0.0,-0.06324555724859238,0.0,0.0,0.0,0.0,0.0,0.0,0.0,0.0,0.12649111449718475,0.0,0.0,0.0,0.0,0.06324555724859238,0.0,0.0,0.0,0.0,0.0,0.0,0.0,0.0,0.0,0.06324555724859238,-0.06324555724859238,0.0,0.0,0.0,0.0,0.06324555724859238,0.0,-0.12649111449718475,0.0,0.0,0.0,0.0,0.0,0.06324555724859238,0.0,-0.06324555724859238,0.0,0.0,0.0,0.0,0.0,0.0,0.06324555724859238,0.0,0.0,0.0,0.0,0.0,0.0,0.0,0.0,-0.06324555724859238,0.12649111449718475,0.0,0.0,0.0,0.0,0.0,0.06324555724859238,0.0,-0.06324555724859238,0.0,-0.06324555724859238,0.0,0.0,0.2529822289943695,-0.06324555724859238,0.0,0.0,0.0,0.0,0.0,0.0,0.0,-0.06324555724859238,0.0,0.0,0.0,0.0,0.0,0.06324555724859238,0.0,0.0,-0.06324555724859238,0.0,0.06324555724859238,0.0,0.0,0.0,0.0,0.0
600547,山东黄金,黄金有色与周期资源,global,student_B,llm_deepseek_extracted,"1. 机构席位活跃，北向资金流入，筹码博弈偏多。  
2. 产能回升叠加金价景气，业绩弹性强；研发交付支撑技术壁垒。  ...",-0.06324555724859238,0.0,0.0,0.0,0.0,0.0,0.0,0.0,0.0,0.0,0.0,0.0,0.06324555724859238,0.06324555724859238,0.0,0.0,0.0,0.0,0.0,0.0,0.0,0.0,0.0,0.0,0.0,0.0,0.0,0.0,0.0,0.06324555724859238,0.0,0.0,0.06324555724859238,0.0,-0.06324555724859238,0.0,0.0,0.0,0.0,0.0,0.0,0.0,-0.06324555724859238,0.0,0.0,0.0,0.0,0.0,0.0,0.0,0.0,0.06324555724859238,0.0,0.06324555724859238,0.06324555724859238,0.0,0.0,0.0,0.0,0.0,0.0,0.0,0.0,0.0,-0.06324555724859238,-0.06324555724859238,0.0,0.0,0.0,0.0,0.0,0.0,0.0,0.0,-0.06324555724859238,0.0,0.0,-0.06324555724859238,0.0,0.0,0.0,0.0,0.0,0.0,-0.06324555724859238,0.0,0.0,-0.06324555724859238,0.06324555724859238,0.0,0.0,-0.06324555724859238,0.0,0.0,0.06324555724859238,0.0,0.0,0.0,0.0,0.0,0.0,0.0,0.0,0.0,0.0,0.0,0.0,-0.06324555724859238,0.0,0.0,-0.06324555724859238,0.0,0.0,0.0,0.0,0.06324555724859238,-0.06324555724859238,0.0,0.0,0.06324555724859238,0.0,0.0,0.0,0.0,-0.06324555724859238,0.0,0.06324555724859238,0.0,0.0,0.0,0.0,0.06324555724859238,0.06324555724859238,-0.12649111449718475,0.0,-0.06324555724859238,0.0,-0.06324555724859238,0.0,0.0,0.0,0.0,0.0,0.0,0.0,0.0,0.0,0.0,0.0,0.0,0.0,0.0,0.0,0.0,0.0,0.0,0.0,0.0,0.0,0.0,0.0,0.0,0.12649111449718475,-0.06324555724859238,0.0,-0.12649111449718475,0.0,-0.06324555724859238,0.0,0.0,-0.06324555724859238,0.0,0.0,0.0,0.0,0.0,0.06324555724859238,0.0,-0.06324555724859238,0.0,0.0,0.0,0.0,0.0,0.0,0.0,0.0,0.0,0.0,0.0,0.0,0.0,0.0,0.0,0.0,0.0,0.0,0.0,0.0,0.0,0.06324555724859238,0.0,0.0,0.0,0.0,0.0,0.0,0.06324555724859238,0.0,0.0,0.0,-0.06324555724859238,-0.06324555724859238,0.0,0.0,0.06324555724859238,0.12649111449718475,0.0,0.0,0.0,-0.06324555724859238,0.0,0.0,0.0,0.0,0.0,0.0,-0.06324555724859238,0.0,0.06324555724859238,0.06324555724859238,0.06324555724859238,0.0,0.0,0.0,0.0,-0.12649111449718475,0.0,0.0,0.0,0.06324555724859238,0.0,0.0,0.0,-0.06324555724859238,0.12649111449718475,0.0,-0.06324555724859238,0.0,0.0,0.0,0.0,0.0,0.12649111449718475,-0.06324555724859238,0.0,0.0,0.0,0.0,0.0,0.0,0.0,0.0,0.0,0.0,0.0,0.0,0.0,0.0,0.0,0.0,0.06324555724859238,0.0,0.0,-0.06324555724859238,-0.06324555724859238,0.0,-0.06324555724859238,0.0,0.0,0.0,0.0,0.0,-0.06324555724859238,0.06324555724859238,0.0,0.0,0.0,-0.06324555724859238,0.0,0.0,0.0,0.0,0.0,0.0,0.0,0.06324555724859238,0.0,0.0,0.06324555724859238,0.0,0.0,0.06324555724859238,0.0,-0.06324555724859238,0.0,0.0,-0.06324555724859238,0.0,0.0,0.0,0.0,0.0,0.0,-0.12649111449718475,0.0,0.0,0.12649111449718475,0.0,0.0,0.0,-0.06324555724859238,0.0,0.0,0.0,0.0,0.0,0.0,0.0,0.0,0.0,0.0,0.0,0.0,0.0,0.0,0.0,0.0,0.0,-0.06324555724859238,0.0,0.0,0.0,0.0,0.0,0.0,0.0,0.0,0.0,0.0,0.0,-0.06324555724859238,0.0,-0.06324555724859238,0.0,-0.06324555724859238,0.06324555724859238,0.0,0.0,0.0,-0.06324555724859238,0.0,0.0,0.0,0.0,0.0,0.0,0.0,0.0,0.0,0.0,-0.06324555724859238,0.0,0.0,0.0,0.0,0.0,0.0,0.0,0.0,-0.06324555724859238,0.0,0.0,0.0,0.0,-0.06324555724859238,0.0,0.0,0.0,0.06324555724859238,0.0,0.06324555724859238,0.0,0.0,0.0,0.0,0.0,0.0,0.0,-0.06324555724859238,-0.06324555724859238,0.0,0.0,0.0,0.0,0.0,-0.06324555724859238,0.0,-0.06324555724859238,0.0,0.0,0.0,0.06324555724859238,0.0,0.0,0.0,0.0,0.0,0.0,0.0,0.0,0.0,0.0,0.0,0.0,0.0,0.0,0.0,0.0,0.0,0.0,0.2529822289943695,0.0,0.0,0.0,0.06324555724859238,0.0,0.0,0.0,0.0,0.0,0.0,0.0,0.0,0.0,0.0,0.0,0.06324555724859238,0.0,0.0,-0.06324555724859238,0.0,0.0,-0.06324555724859238,0.0,0.0,0.0,0.0,0.0,0.0,0.0,0.0,0.0,0.0,0.0,0.0,0.0,-0.06324555724859238,0.06324555724859238,0.0,0.0,0.0,0.0,0.0,0.06324555724859238,0.0,0.0,-0.06324555724859238,0.0,-0.06324555724859238,0.0,0.0,0.0,0.0,0.0,0.0,0.0,0.0,0.0,0.0,0.0,0.0,0.0,0.0,0.0,0.0,0.0,-0.06324555724859238,0.0,0.0,-0.06324555724859238,0.0,0.0,0.0,-0.06324555724859238,-0.06324555724859238,0.0,0.0,0.0,-0.06324555724859238,0.0,0.06324555724859238,0.0,0.0,0.0,-0.06324555724859238,0.0,-0.06324555724859238,0.0,0.0,-0.06324555724859238,0.0,0.0,0.0,-0.18973666429519653,0.0,-0.06324555724859238,0.0,0.0,0.0,0.0,0.0,0.18973666429519653,0.06324555724859238,-0.06324555724859238,0.0,0.0,0.0,0.0,0.0,-0.06324555724859238,0.0,0.06324555724859238,0.06324555724859238,-0.06324555724859238,0.0,0.0,0.0,0.0,-0.06324555724859238,0.0,0.0,0.0,0.06324555724859238,0.0,0.0,0.0,0.12649111449718475,0.0,0.0,-0.06324555724859238,0.0,0.0,0.0,0.0,0.0,0.0,-0.06324555724859238,0.06324555724859238,0.0,0.0,0.0,0.06324555724859238,0.0,0.0,0.0,0.0,0.0,0.0,0.0,0.0,-0.06324555724859238,0.0,0.0,0.0,0.0,0.0,0.06324555724859238,0.0,0.0,-0.06324555724859238,0.06324555724859238,0.0,0.0,0.0,0.0,0.06324555724859238,0.0,-0.12649111449718475,0.0,0.0,0.0,0.0,-0.06324555724859238,0.0,0.0,0.0,0.06324555724859238,0.0,0.0,0.0,0.0,0.0,0.0,0.0,0.0,0.0,0.0,0.0,0.0,0.0,-0.06324555724859238,0.0,0.0,0.0,-0.06324555724859238,0.0,0.0,0.06324555724859238,0.0,0.0,-0.06324555724859238,0.0,0.0,0.06324555724859238,0.0,0.0,0.0,0.0,0.06324555724859238,0.06324555724859238,0.0,-0.06324555724859238,0.0,-0.06324555724859238,0.0,0.06324555724859238,0.0,0.0,0.0,0.0,0.0,0.0,0.0,0.0,0.0,0.0,0.0,0.0,0.0,-0.06324555724859238,0.0,0.0,0.0,0.0,0.0,0.0,0.0,0.0,0.06324555724859238,0.0,0.0,0.0,0.0,0.0,0.0,0.0,0.0,0.0,0.0,0.0,0.12649111449718475,0.0,0.0,0.0,0.0,0.06324555724859238,0.0,0.0,0.0,0.0,0.0,0.0,0.0,0.0,0.0,0.06324555724859238,0.0,0.0,0.0,0.0,0.0,0.0,0.0,-0.12649111449718475,0.0,0.0,0.0,0.0,0.0,0.0,0.0,-0.06324555724859238,0.0,0.0,0.0,0.0,0.0,0.0,0.06324555724859238,0.0,0.06324555724859238,0.0,0.0,0.0,0.0,0.0,0.0,0.0,0.12649111449718475,0.0,0.0,0.0,0.0,0.06324555724859238,0.06324555724859238,-0.06324555724859238,-0.06324555724859238,0.0,-0.06324555724859238,-0.06324555724859238,0.0,0.2529822289943695,-0.06324555724859238,0.06324555724859238,0.0,0.0,0.0,0.0,0.0,0.0,-0.06324555724859238,0.0,0.0,0.0,0.0,0.0,0.0,0.0,0.0,-0.06324555724859238,0.0,0.06324555724859238,0.0,0.0,0.0,0.0,0.0
600489,中金黄金,黄金有色与周期资源,global,student_B,llm_deepseek_extracted,"1. 机构席位活跃，北向资金流入，筹码博弈偏多。  
2. 产能回升+研发交付，业绩弹性增强，技术壁垒稳固。  
3. ...",-0.06324555724859238,-0.06324555724859238,0.0,0.0,0.0,0.0,0.0,0.0,0.0,0.0,0.0,0.0,0.06324555724859238,0.06324555724859238,0.0,0.0,0.0,0.0,0.0,0.0,0.0,0.0,0.0,0.0,0.0,0.0,0.0,0.0,0.0,0.0,0.0,0.06324555724859238,0.06324555724859238,0.0,0.0,0.0,0.0,0.0,0.0,0.0,0.0,0.0,-0.06324555724859238,0.0,0.0,0.0,0.0,0.0,0.0,0.0,0.06324555724859238,0.06324555724859238,0.0,0.06324555724859238,0.06324555724859238,0.0,0.0,0.0,0.0,0.0,0.0,0.0,0.0,0.0,-0.06324555724859238,-0.06324555724859238,0.0,0.0,0.0,0.0,0.0,0.0,0.0,0.0,-0.06324555724859238,0.0,0.0,-0.06324555724859238,0.0,0.0,0.0,0.0,0.0,0.0,-0.06324555724859238,0.0,0.0,-0.06324555724859238,0.0,0.0,0.0,0.06324555724859238,0.0,0.0,0.06324555724859238,0.0,0.0,0.0,0.0,0.0,0.0,0.0,0.0,0.0,0.0,0.0,0.0,-0.06324555724859238,0.0,0.0,-0.06324555724859238,0.0,0.0,0.0,0.0,0.06324555724859238,0.0,0.06324555724859238,0.0,0.06324555724859238,0.0,0.0,0.0,0.0,-0.06324555724859238,0.0,0.06324555724859238,0.0,0.0,0.0,0.0,0.06324555724859238,0.06324555724859238,-0.06324555724859238,0.0,-0.06324555724859238,0.0,0.0,0.0,0.0,0.0,0.0,0.0,0.0,0.0,0.0,0.0,0.0,0.06324555724859238,0.0,0.0,0.0,0.0,0.0,0.0,0.06324555724859238,0.0,0.0,0.0,0.0,0.0,0.0,0.12649111449718475,-0.06324555724859238,0.0,-0.06324555724859238,0.0,0.0,0.0,0.0,-0.06324555724859238,0.0,0.0,0.0,0.0,0.0,0.06324555724859238,0.0,-0.06324555724859238,0.0,0.0,0.0,0.0,0.0,0.0,0.0,0.0,0.0,0.0,0.0,0.0,0.0,0.0,0.0,0.06324555724859238,0.0,0.0,0.0,0.0,0.0,0.12649111449718475,0.0,0.0,0.0,0.0,0.0,0.0,0.06324555724859238,0.0,0.0,0.0,-0.06324555724859238,-0.06324555724859238,0.0,0.0,0.06324555724859238,0.06324555724859238,0.0,0.0,0.0,-0.06324555724859238,0.0,0.0,0.0,0.0,0.0,0.0,-0.06324555724859238,0.0,0.06324555724859238,0.06324555724859238,0.06324555724859238,0.0,0.0,0.0,0.0,-0.12649111449718475,0.0,0.0,0.0,0.06324555724859238,0.0,0.0,0.0,-0.06324555724859238,0.12649111449718475,0.0,-0.06324555724859238,0.0,0.0,0.0,0.0,0.0,0.12649111449718475,0.0,0.0,0.0,0.0,0.0,0.0,0.0,0.0,0.0,0.0,0.0,0.0,0.0,0.0,0.0,0.0,0.0,0.0,0.0,0.0,-0.06324555724859238,-0.06324555724859238,0.0,0.0,0.0,0.0,0.0,0.0,0.0,-0.06324555724859238,0.06324555724859238,0.0,0.0,0.0,-0.06324555724859238,0.0,0.0,0.0,0.0,0.0,0.0,0.0,0.06324555724859238,0.0,0.0,0.06324555724859238,0.0,0.0,0.06324555724859238,0.0,-0.06324555724859238,0.0,0.0,-0.06324555724859238,0.0,0.0,0.0,0.0,0.0,0.0,-0.06324555724859238,0.0,0.0,0.06324555724859238,0.0,0.0,0.0,-0.06324555724859238,0.06324555724859238,0.0,0.0,0.0,0.0,0.0,0.0,0.0,0.0,0.0,0.0,0.0,0.0,0.0,0.0,0.0,0.0,0.0,0.06324555724859238,0.0,0.0,0.0,0.0,0.0,0.0,0.0,0.0,0.0,0.0,-0.06324555724859238,0.0,-0.06324555724859238,0.0,-0.06324555724859238,0.06324555724859238,0.0,0.0,0.0,-0.06324555724859238,0.0,0.0,0.0,0.0,0.0,0.0,0.0,0.0,0.0,0.0,-0.06324555724859238,0.0,0.0,0.0,0.0,0.0,0.0,0.0,0.0,-0.06324555724859238,0.0,0.0,0.0,0.0,-0.06324555724859238,0.0,0.0,0.0,0.0,0.0,0.0,0.0,0.0,0.0,0.0,0.0,0.0,0.0,-0.06324555724859238,-0.06324555724859238,0.0,0.0,0.0,0.0,0.0,-0.06324555724859238,0.0,-0.06324555724859238,0.0,0.0,0.0,0.0,0.0,0.0,0.0,0.0,0.06324555724859238,-0.06324555724859238,0.0,0.0,0.0,0.0,0.0,0.0,0.0,0.0,0.0,0.0,0.0,0.0,0.2529822289943695,0.0,0.0,0.0,0.0,0.0,0.0,0.0,0.0,0.0,0.0,0.0,0.0,0.0,0.0,0.0,0.06324555724859238,0.0,0.0,0.0,0.0,0.0,0.0,0.0,0.0,0.06324555724859238,0.0,0.0,0.0,0.0,0.0,0.0,0.0,0.0,0.0,0.0,-0.06324555724859238,0.06324555724859238,0.0,0.0,0.0,0.0,0.0,0.06324555724859238,0.12649111449718475,0.0,0.0,0.0,-0.06324555724859238,0.0,0.0,0.06324555724859238,0.0,0.0,0.0,0.0,0.06324555724859238,0.0,0.0,0.0,0.0,0.0,0.0,0.0,0.0,0.0,-0.06324555724859238,0.0,0.0,-0.06324555724859238,0.0,0.0,0.0,-0.06324555724859238,0.0,0.0,0.0,0.0,-0.06324555724859238,0.0,0.06324555724859238,0.0,0.0,0.0,-0.06324555724859238,0.0,-0.06324555724859238,0.0,0.0,0.0,0.0,0.0,0.0,-0.2529822289943695,0.0,-0.06324555724859238,0.0,0.0,0.0,0.0,0.0,0.18973666429519653,0.0,-0.06324555724859238,0.0,0.0,0.06324555724859238,0.0,0.0,-0.06324555724859238,-0.06324555724859238,0.06324555724859238,0.06324555724859238,-0.06324555724859238,0.0,0.0,0.0,0.0,0.0,0.0,0.0,0.0,-0.06324555724859238,0.0,0.0,0.0,0.18973666429519653,0.0,0.0,-0.06324555724859238,0.0,0.0,0.0,0.0,0.0,0.0,-0.06324555724859238,0.06324555724859238,0.0,0.0,0.0,0.0,0.0,0.0,0.0,0.0,0.0,0.0,0.0,0.0,0.0,0.0,0.0,0.0,0.0,0.0,0.06324555724859238,0.0,0.0,-0.06324555724859238,0.0,0.0,0.06324555724859238,0.0,0.0,0.06324555724859238,0.0,-0.12649111449718475,0.0,0.0,0.0,0.0,-0.06324555724859238,0.0,-0.06324555724859238,0.0,0.06324555724859238,0.0,0.0,0.0,0.0,0.0,0.0,0.0,0.0,0.0,0.0,0.0,0.0,0.0,-0.06324555724859238,0.0,0.0,0.0,-0.06324555724859238,0.0,0.0,0.06324555724859238,0.0,0.0,-0.06324555724859238,0.0,0.0,0.06324555724859238,0.0,-0.06324555724859238,0.0,0.0,0.06324555724859238,0.06324555724859238,0.0,-0.06324555724859238,0.0,-0.06324555724859238,0.0,0.0,0.0,0.0,0.0,0.0,0.0,0.0,0.06324555724859238,0.0,0.0,0.0,0.0,0.0,0.0,-0.06324555724859238,0.0,0.0,0.0,0.0,0.0,0.0,0.0,0.0,0.06324555724859238,0.0,0.0,-0.06324555724859238,0.0,0.0,0.0,0.0,0.0,0.0,0.0,0.0,0.12649111449718475,0.0,0.0,0.0,0.0,0.06324555724859238,0.0,0.0,0.0,0.0,0.0,0.0,0.0,0.0,0.0,0.06324555724859238,-0.06324555724859238,0.0,0.0,0.0,0.0,0.06324555724859238,0.0,-0.12649111449718475,0.0,0.0,0.0,0.0,0.0,0.06324555724859238,0.0,-0.06324555724859238,0.0,0.0,0.0,0.0,0.0,0.0,0.06324555724859238,0.0,0.0,0.0,0.0,0.0,0.0,0.0,0.0,-0.06324555724859238,0.12649111449718475,0.0,0.0,0.0,0.0,0.0,0.06324555724859238,0.0,-0.06324555724859238,0.0,-0.06324555724859238,0.0,0.0,0.2529822289943695,-0.06324555724859238,0.0,0.0,0.0,0.0,0.0,0.0,0.0,-0.06324555724859238,0.0,0.0,0.0,0.0,0.0,0.06324555724859238,0.0,0.0,-0.06324555724859238,0.0,0.06324555724859238,0.0,0.0,0.0,0.0,0.0
601899,紫金矿业,黄金有色与周期资源,global,student_B,llm_deepseek_extracted,"1. 机构席位活跃，北向资金流动积极，筹码博弈偏多。  
2. 产能回升+研发交付，业绩弹性增强，技术壁垒稳固。  
3...",-0.0629940778017044,-0.0629940778017044,0.0,0.0,0.0,0.0,0.0,0.0,0.0,0.0,0.0,0.0,0.0629940778017044,0.0629940778017044,0.0,0.0,0.0,0.0,0.0,0.0,0.0,0.0,0.0,0.0,0.0,0.0,0.0,0.0,0.0,0.0,0.0,0.0629940778017044,0.0629940778017044,0.0,0.0,0.0,0.0,0.0,0.0,0.0,0.0,0.0,-0.0629940778017044,0.0,0.0,0.0,0.0,0.0,0.0,0.0,0.0629940778017044,0.0629940778017044,0.0,0.0629940778017044,0.0629940778017044,0.0,0.0,0.0,0.0,0.0,0.0,0.0,0.0,0.0,-0.0629940778017044,-0.0629940778017044,0.0,0.0,0.0,0.0,0.0,0.0,0.0,0.0,-0.0629940778017044,0.0,0.0,-0.0629940778017044,0.0,0.0,0.0,0.0,0.0,0.0,-0.0629940778017044,0.0,0.0,-0.0629940778017044,0.0,0.0,0.0,0.0629940778017044,0.0,0.0,0.0629940778017044,0.0,0.0,0.0,0.0,0.0,0.0,0.0,0.0,0.0,0.0,0.0,0.0,-0.0629940778017044,0.0,0.0,-0.0629940778017044,0.0,0.0,0.0,0.0,0.0629940778017044,0.0,0.0629940778017044,0.0,0.0629940778017044,0.0,0.0,0.0,0.0,-0.0629940778017044,0.0,0.0629940778017044,0.0,0.0,0.0,0.0,0.0629940778017044,0.0629940778017044,-0.0629940778017044,0.0,-0.0629940778017044,0.0,0.0,0.0,0.0,0.0,0.0,0.0,0.0,0.0,0.0,0.0,0.0,0.0629940778017044,0.0,0.0,0.0,0.0,0.0,0.0,0.0629940778017044,0.0,0.0,0.0,0.0,0.0,0.0,0.1259881556034088,-0.0629940778017044,0.0,-0.0629940778017044,0.0,0.0,0.0,0.0,-0.0629940778017044,0.0,0.0,0.0,0.0,0.0,0.0629940778017044,0.0,-0.0629940778017044,0.0,0.0,0.0,0.0,0.0,0.0,0.0,0.0,0.0,0.0,0.0,0.0,0.0,0.0629940778017044,0.0,0.0629940778017044,0.0,0.0,0.0,0.0,0.0,0.1259881556034088,0.0,0.0,0.0,0.0,0.0,0.0,0.0629940778017044,0.0,0.0,0.0,-0.0629940778017044,0.0,0.0,0.0,0.0629940778017044,0.0629940778017044,0.0,0.0,-0.0629940778017044,-0.0629940778017044,0.0,0.0,0.0,0.0,0.0,0.0,-0.0629940778017044,0.0,0.0629940778017044,0.0629940778017044,0.0629940778017044,0.0,0.0,0.0,0.0,-0.0629940778017044,0.0,0.0,0.0,0.0,0.0,0.0,0.0,-0.0629940778017044,0.1259881556034088,0.0,-0.0629940778017044,0.0,0.0,0.0,0.0,0.0,0.1259881556034088,0.0,0.0,0.0,0.0,0.0,0.0,0.0,0.0,0.0,0.0,0.0,0.0,0.0,0.0,0.0,0.0,0.0,0.0,0.0,0.0,-0.0629940778017044,-0.0629940778017044,0.0,0.0,0.0,-0.0629940778017044,0.0,0.0,0.0,-0.0629940778017044,0.0629940778017044,0.0,0.0,0.0,-0.0629940778017044,0.0,0.0,0.0,0.0,0.0,0.0,0.0,0.0,0.0,0.0,0.0629940778017044,0.0,0.0,0.0629940778017044,0.0,-0.0629940778017044,0.0,0.0,-0.0629940778017044,0.0,0.0,0.0,0.0,0.0,0.0,-0.0629940778017044,0.0,0.0,0.0629940778017044,0.0,0.0,0.0,-0.0629940778017044,0.0629940778017044,0.0,0.0,0.0,0.0,0.0,0.0,0.0,0.0,0.0,0.0,0.0,0.0,0.0,0.0,0.0,0.0,0.0,0.0629940778017044,0.0,0.0,0.0,-0.0629940778017044,0.0,0.0,0.0,0.0,0.0,0.0,-0.0629940778017044,0.0,-0.0629940778017044,0.0,-0.0629940778017044,0.0629940778017044,0.0,0.0,0.0,-0.0629940778017044,0.0,0.0,0.0,0.0,0.0,0.0,0.0,0.0,0.0,0.0,-0.0629940778017044,0.0,0.0,0.0,0.0,0.0,0.0,0.0,0.0,-0.0629940778017044,0.0,0.0,0.0,0.0,-0.0629940778017044,0.0,0.0,0.0,0.0,0.0,0.0,0.0,0.0,0.0,0.0,0.0,0.0,0.0,-0.0629940778017044,-0.0629940778017044,0.0,0.0,0.0,0.0,0.0,-0.0629940778017044,0.0,-0.0629940778017044,0.0,0.0,0.0,0.0,0.0,0.0,0.0,0.0,0.0629940778017044,-0.0629940778017044,0.0,0.0,0.0,0.0,0.0629940778017044,0.0,0.0,0.0,0.0,0.0,0.0,0.0,0.2519763112068176,0.0,0.0,0.0,0.0,0.0,0.0,0.0,0.0,0.0,0.0,0.0,0.0,0.0,0.0,0.0,0.0629940778017044,0.0,0.0,0.0,0.0,0.0,0.0,0.0,0.0,0.0629940778017044,0.0,0.0,0.0,0.0,0.0,0.0,0.0,0.0629940778017044,0.0,0.0,-0.0629940778017044,0.0629940778017044,0.0,0.0,0.0,0.0,0.0,0.0629940778017044,0.1259881556034088,0.0629940778017044,0.0,0.0,-0.0629940778017044,0.0,0.0,0.0629940778017044,0.0,0.0,0.0,0.0,0.0629940778017044,0.0,0.0,0.0,0.0,0.0,0.0,0.0,0.0,0.0,-0.0629940778017044,0.0,0.0,-0.0629940778017044,0.0,0.0,0.0,0.0,0.0,0.0,0.0,0.0,-0.0629940778017044,0.0,0.0629940778017044,0.0,0.0,0.0,-0.0629940778017044,0.0,-0.1259881556034088,0.0,0.0,0.0,0.0,0.0,0.0,-0.2519763112068176,0.0,-0.0629940778017044,0.0,0.0,0.0629940778017044,0.0,0.0,0.18898223340511322,0.0,-0.0629940778017044,0.0,0.0,0.0629940778017044,0.0,0.0,-0.0629940778017044,-0.0629940778017044,0.0629940778017044,0.0629940778017044,0.0,0.0,0.0,0.0,0.0,0.0,0.0,0.0,0.0,-0.0629940778017044,0.0,0.0,0.0,0.18898223340511322,0.0,0.0,-0.0629940778017044,0.0,0.0,0.0,0.0,0.0,0.0,-0.0629940778017044,0.0629940778017044,0.0,0.0,0.0,0.0,0.0,0.0,0.0,0.0,0.0,0.0,0.0,0.0,0.0,0.0,0.0,0.0,0.0,0.0,0.0629940778017044,0.0,0.0,-0.0629940778017044,0.0,0.0,0.0629940778017044,0.0,0.0,0.0629940778017044,0.0,-0.1259881556034088,0.0,0.0,0.0,0.0,-0.0629940778017044,0.0,-0.0629940778017044,0.0,0.0629940778017044,0.0,0.0,0.0,0.0,0.0,0.0,0.0,0.0,0.0,0.0,0.0,0.0,0.0,-0.0629940778017044,0.0,0.0,0.0,-0.0629940778017044,0.0,0.0,0.0629940778017044,0.0,0.0,-0.0629940778017044,0.0,0.0,0.0629940778017044,0.0,-0.0629940778017044,0.0,0.0,0.0,0.0629940778017044,0.0,-0.0629940778017044,0.0,-0.0629940778017044,0.0,0.0,0.0,0.0,0.0,0.0,0.0,0.0,0.0629940778017044,0.0,0.0,0.0,0.0,0.0,0.0,-0.0629940778017044,0.0,0.0,0.0,-0.0629940778017044,0.0,0.0,0.0,0.0,0.0629940778017044,0.0,0.0,-0.0629940778017044,0.0,0.0,0.0,0.0,0.0,0.0,0.0,0.0,0.1259881556034088,0.0,0.0,0.0,0.0,0.0629940778017044,0.0,0.0,0.0,0.0,0.0,0.0,0.0,0.0,0.0,0.0629940778017044,-0.0629940778017044,0.0,0.0,0.0,0.0,0.0629940778017044,0.0,-0.1259881556034088,0.0,0.0,0.0,0.0,0.0,0.0629940778017044,0.0,-0.0629940778017044,0.0,0.0,0.0,0.0,0.0,0.0,0.0629940778017044,0.0,0.0,0.0,0.0,0.0,0.0,0.0,0.0,-0.0629940778017044,0.1259881556034088,0.0,0.0,0.0,0.0,0.0,0.0629940778017044,0.0,-0.0629940778017044,0.0,-0.0629940778017044,0.0,0.0,0.2519763112068176,-0.0629940778017044,0.0,0.0,0.0,0.0,0.0,0.0,0.0,-0.0629940778017044,0.0,0.0,0.0,0.0,0.0,0.0629940778017044,0.0,0.0,0.0,0.0,0.0629940778017044,0.0,0.0,0.0,0.0,0.0
002155,湖南黄金,黄金有色与周期资源,global,student_B,llm_deepseek_extracted,"1. 机构席位活跃，北向资金流入，筹码博弈偏多；  
2. 产能回升+研发交付，业绩弹性增强，技术壁垒稳固；  
3. ...",-0.0633724257349968,-0.1267448514699936,0.0,0.0,0.0,0.0,0.0,0.0,0.0,0.0,0.0,0.0,0.0633724257349968,0.0,0.0,0.0,0.0,0.0,0.0,0.0,0.0,0.0,0.0,0.0,0.0,0.0,0.0,0.0,0.0,0.0,0.0,0.0,0.0633724257349968,0.0,0.0,0.0633724257349968,0.0,0.0,0.0,0.0,0.0,0.0,-0.0633724257349968,0.0,0.0,0.0,0.0,0.0,0.0,0.0,0.0633724257349968,0.0633724257349968,0.0,0.0633724257349968,0.0,0.0,0.0,0.0,0.0,0.0,0.0,0.0,0.0,0.0,-0.0633724257349968,-0.0633724257349968,0.0,0.0,0.0,0.0,0.0,0.0,0.0,0.0,0.0,0.0,0.0,-0.0633724257349968,0.0,0.0,0.0,0.0,0.0,0.0,-0.0633724257349968,0.0,0.0,-0.0633724257349968,0.0,0.0,0.0,0.0633724257349968,0.0,0.0633724257349968,0.0633724257349968,0.0,0.0,0.0,0.0,0.0,0.0,0.0,0.0,0.0,0.0,0.0,0.0,-0.0633724257349968,0.0,0.0,-0.0633724257349968,0.0,0.0,0.0,0.0,0.0633724257349968,0.0,0.0633724257349968,0.0,0.0633724257349968,0.0,0.0,0.0,0.0,-0.0633724257349968,0.0,0.0633724257349968,0.0,0.0,0.0,0.0,0.0633724257349968,0.0633724257349968,-0.0633724257349968,0.0,-0.0633724257349968,0.0,0.0,0.0,0.0,0.0,0.0,0.0,0.0,0.0,0.0,0.0,0.0,0.0633724257349968,0.0,-0.0633724257349968,0.0,0.0,0.0,0.0,0.0633724257349968,0.0,0.0,0.0,0.0,0.0,0.0,0.1267448514699936,-0.0633724257349968,0.0,0.0,0.0,0.0,0.0,0.0,-0.0633724257349968,0.0,0.0,0.0,0.0,0.0,0.0633724257349968,0.0,-0.0633724257349968,0.0,0.0,0.0,0.0,0.0,0.0,0.0,0.0,0.0,0.0,0.0,0.0,0.0,0.0,0.0,0.0633724257349968,0.0,0.0,0.0,0.0,0.0,0.1267448514699936,0.0,0.0,0.0,0.0,0.0,0.0,0.0633724257349968,0.0,0.0,0.0,0.0,-0.0633724257349968,0.0,0.0,0.0633724257349968,0.0633724257349968,0.0,0.0,0.0,0.0,0.0,0.0,0.0,0.0,0.0,0.0,-0.0633724257349968,0.0,0.0633724257349968,0.0633724257349968,0.0633724257349968,0.0,0.0,0.0,0.0,-0.1267448514699936,0.0,0.0,0.0,0.0633724257349968,0.0,0.0,0.0,-0.0633724257349968,0.1267448514699936,0.0,-0.0633724257349968,0.0,0.0,0.0,0.0,0.0633724257349968,0.1267448514699936,0.0,0.0,0.0,0.0,0.0,0.0,0.0,0.0,0.0,0.0,0.0,0.0,0.0,0.0,0.0,0.0,0.0,0.0633724257349968,0.0,0.0,-0.0633724257349968,0.0,0.0,0.0,0.0,0.0,0.0,0.0,0.0,-0.0633724257349968,0.0633724257349968,0.0,0.0,0.0,0.0,0.0,0.0,0.0,0.0,0.0,0.0,0.0,0.0633724257349968,0.0,0.0,0.0633724257349968,0.0,0.0,0.0633724257349968,0.0,-0.0633724257349968,0.0,0.0,-0.0633724257349968,0.0,0.0,0.0633724257349968,0.0,0.0,0.0,-0.0633724257349968,0.0,0.0,0.0,0.0,0.0,0.0,-0.0633724257349968,0.0633724257349968,0.0,0.0,0.0,0.0,0.0,0.0,0.0,0.0,0.0,0.0,0.0,0.0,0.0,0.0,0.0,0.0,0.0,0.0633724257349968,0.0,0.0,0.0,0.0,0.0,0.0,0.0,0.0,0.0633724257349968,0.0,-0.0633724257349968,0.0,0.0,0.0,0.0,0.0633724257349968,0.0,0.0,0.0,-0.0633724257349968,0.0,0.0,0.0,0.0,0.0,0.0,0.0,0.0,0.0,0.0,-0.0633724257349968,0.0,0.0,0.0,0.0,0.0,0.0,0.0,0.0,-0.0633724257349968,0.0,0.0,0.1267448514699936,0.0,0.0,0.0,0.0,0.0,0.0,0.0,0.0,0.0,0.0,0.0,0.0,0.0,0.0,0.0,-0.0633724257349968,0.0,0.0,0.0,0.0,0.0,0.0,-0.0633724257349968,0.0,-0.0633724257349968,0.0,0.0,0.0,0.0,0.0,0.0,0.0,0.0,0.0633724257349968,0.0,0.0,0.0,0.0,0.0,0.0,0.0,0.0,0.0,0.0,0.0,0.0,0.0,0.2534897029399872,0.0,0.0,0.0,0.1267448514699936,0.0,0.0,0.0,0.0,0.0,0.0,0.0,0.0,0.0,0.0,0.0,0.0633724257349968,0.0,0.0,0.0,0.0,0.0,0.0,0.0,0.0,0.0633724257349968,0.0633724257349968,0.0,0.0,0.0,0.0,0.0,0.0,0.0,0.0,0.0,-0.0633724257349968,0.0633724257349968,0.0,0.0,0.0,0.0,0.0,0.0633724257349968,0.1267448514699936,0.0,0.0,0.0,-0.0633724257349968,0.0,0.0,0.0633724257349968,0.0,0.0,0.0,0.0,0.0633724257349968,0.0,0.0,0.0,0.0,0.0,0.0,0.0,0.0,0.0,-0.0633724257349968,0.0,0.0,-0.0633724257349968,0.0,0.0633724257349968,0.0,-0.0633724257349968,0.0,0.0,0.0,0.0,-0.0633724257349968,0.0,0.0633724257349968,0.0,0.0,0.0,-0.0633724257349968,0.0,-0.0633724257349968,0.0,0.0,0.0,0.0,0.0,0.0,-0.2534897029399872,0.0,-0.0633724257349968,0.0,0.0,0.0,-0.0633724257349968,0.0,0.19011728465557098,0.0,-0.0633724257349968,0.0,0.0,0.0633724257349968,0.0,0.0,0.0,-0.0633724257349968,0.0633724257349968,0.0633724257349968,-0.0633724257349968,0.0,0.0,0.0,0.0,0.0,0.0,0.0,0.0,-0.0633724257349968,0.0,0.0,0.0,0.0633724257349968,0.0633724257349968,0.0,-0.0633724257349968,0.0,0.0,0.0,0.0,0.0,0.0,-0.0633724257349968,0.0633724257349968,0.0,0.0,0.0,0.0,0.0,0.0,0.0,0.0,0.0,0.0,0.0,0.0,0.0,0.0,0.0,0.0,0.0,0.0,0.0633724257349968,0.0,0.0,-0.0633724257349968,0.0,0.0,0.0633724257349968,0.0,0.0,0.0,0.0,-0.1267448514699936,0.0,0.0,0.0,0.0,-0.1267448514699936,0.0,-0.0633724257349968,0.0,0.0633724257349968,0.0,0.0,0.0,0.0,0.0,0.0,0.0,0.0,0.0,0.0,0.0,0.0,0.0,-0.0633724257349968,0.0,0.0,0.0,-0.0633724257349968,0.0,0.0,0.0633724257349968,0.0,0.0,-0.0633724257349968,0.0,0.0,0.0633724257349968,0.0,0.0,0.0,0.0,0.0633724257349968,0.0633724257349968,0.0,-0.0633724257349968,0.0,-0.0633724257349968,0.0,0.0,0.0,0.0,0.0,0.0,0.0,0.0,0.0633724257349968,0.0,0.0,0.0,0.0,0.0,0.0,-0.0633724257349968,0.0,0.0,0.0,0.0,0.0,0.0,0.0,0.0,0.0633724257349968,0.0,0.0,-0.0633724257349968,0.0,0.0,0.0,0.0,0.0,0.0,0.0,0.0,0.1267448514699936,0.0,0.0,0.0,0.0,0.0633724257349968,0.0,0.0,0.0,0.0,0.0,0.0,0.0,0.0,0.0,0.0633724257349968,-0.0633724257349968,0.0,0.0,0.0,0.0,0.0633724257349968,0.0,-0.1267448514699936,0.0,0.0,0.0,0.0,0.0,0.0633724257349968,0.0,-0.0633724257349968,0.0,0.0,0.0,0.0,0.0,0.0,0.0633724257349968,0.0,0.0,0.0,0.0,0.0,0.0,0.0,0.0,-0.0633724257349968,0.1267448514699936,0.0,0.0,0.0,0.0,0.0,0.0633724257349968,0.0,-0.0633724257349968,0.0,-0.0633724257349968,0.0,0.0,0.2534897029399872,-0.0633724257349968,0.0,0.0,0.0,0.0,0.0,0.0,0.0,-0.0633724257349968,0.0,0.0,0.0,0.0,0.0,0.0633724257349968,0.0,0.0,-0.0633724257349968,0.0,0.0633724257349968,0.0,0.0,0.0,0.0,0.0
000975,银泰黄金,黄金有色与周期资源,global,student_B,llm_deepseek_extracted,"1. 机构席位活跃，北向资金流动频繁，筹码博弈加剧。  
2. 产能回升叠加研发交付，业绩弹性增强，技术壁垒稳固。  
...",-0.05812381953001022,-0.05812381953001022,0.0,-0.05812381953001022,0.0,0.0,-0.05812381953001022,0.0,0.0,0.0,0.0,0.0,0.05812381953001022,0.05812381953001022,0.0,0.0,0.0,0.0,0.0,0.0,0.0,0.0,0.0,0.0,0.0,0.0,0.0,0.0,0.05812381953001022,0.0,0.0,0.05812381953001022,0.11624763906002045,0.0,0.0,0.0,0.0,0.0,0.0,0.0,0.0,0.0,-0.05812381953001022,0.0,0.0,0.0,0.0,0.0,0.0,0.0,0.05812381953001022,0.05812381953001022,0.0,0.05812381953001022,0.0,0.0,0.0,0.0,0.0,0.0,0.0,0.0,0.0,0.0,-0.05812381953001022,-0.05812381953001022,0.0,0.0,0.0,0.05812381953001022,0.0,0.0,0.0,0.0,0.0,0.0,0.0,-0.05812381953001022,0.0,0.0,0.0,0.0,0.0,0.0,0.0,0.0,0.0,-0.05812381953001022,0.0,0.0,0.0,0.0,0.0,0.0,0.0,0.0,0.0,0.0,0.0,0.0,0.0,0.0,0.0,0.0,0.0,0.0,0.0,-0.05812381953001022,0.0,0.0,-0.05812381953001022,0.0,0.0,0.0,0.0,0.05812381953001022,0.0,0.11624763906002045,0.0,0.05812381953001022,0.0,0.0,-0.05812381953001022,0.0,-0.05812381953001022,0.0,0.11624763906002045,0.0,0.0,0.0,0.0,0.05812381953001022,0.05812381953001022,-0.05812381953001022,0.0,-0.05812381953001022,0.0,0.0,0.0,0.0,0.0,0.0,0.0,0.0,0.0,-0.05812381953001022,0.05812381953001022,0.0,0.05812381953001022,0.0,0.0,0.0,0.0,0.0,0.0,0.05812381953001022,0.0,0.0,0.0,0.0,0.0,0.0,0.11624763906002045,-0.05812381953001022,0.05812381953001022,-0.05812381953001022,0.0,0.0,0.0,0.05812381953001022,-0.05812381953001022,-0.05812381953001022,0.0,0.0,0.0,0.0,0.05812381953001022,0.0,-0.05812381953001022,0.0,0.0,0.0,0.0,0.0,0.0,0.0,0.0,0.0,0.0,0.0,0.0,0.0,0.05812381953001022,0.0,0.0,0.0,0.0,0.0,0.0,0.0,0.11624763906002045,0.0,0.0,0.0,0.0,0.0,0.0,0.05812381953001022,0.0,0.0,0.0,0.05812381953001022,0.0,0.05812381953001022,0.0,0.05812381953001022,0.11624763906002045,0.0,0.0,-0.05812381953001022,-0.05812381953001022,0.0,0.0,0.0,0.0,0.0,0.0,-0.05812381953001022,0.0,0.05812381953001022,0.05812381953001022,0.05812381953001022,0.0,0.0,0.0,0.0,-0.05812381953001022,0.0,0.0,0.0,0.0,0.0,0.0,0.0,-0.05812381953001022,0.11624763906002045,0.0,-0.11624763906002045,0.0,0.0,0.0,0.0,0.0,0.11624763906002045,0.0,0.0,0.0,0.0,0.0,0.0,0.0,0.0,0.0,0.0,0.0,-0.05812381953001022,0.0,0.0,0.0,0.0,0.0,0.0,0.0,0.05812381953001022,-0.05812381953001022,-0.05812381953001022,0.0,-0.05812381953001022,0.0,0.0,0.0,0.0,0.0,-0.05812381953001022,0.05812381953001022,0.0,-0.05812381953001022,0.0,-0.05812381953001022,0.0,0.0,0.0,0.05812381953001022,0.0,0.0,0.0,0.0,0.0,0.0,0.05812381953001022,0.0,0.0,0.05812381953001022,0.0,-0.05812381953001022,0.0,0.0,-0.05812381953001022,0.0,0.0,0.0,0.0,0.0,0.0,-0.05812381953001022,0.0,0.0,0.05812381953001022,0.0,0.0,0.0,-0.05812381953001022,0.0,0.0,0.0,0.0,0.0,0.0,0.0,0.0,0.0,0.0,0.0,0.0,0.0,0.0,0.0,0.0,0.0,0.0,0.05812381953001022,0.0,0.0,0.0,-0.05812381953001022,0.0,0.0,0.0,0.0,0.05812381953001022,0.0,-0.05812381953001022,0.0,0.0,-0.05812381953001022,-0.05812381953001022,0.05812381953001022,0.0,0.0,0.0,-0.05812381953001022,0.05812381953001022,0.0,0.0,0.0,0.0,0.0,0.0,0.0,0.0,0.0,-0.05812381953001022,-0.05812381953001022,0.0,0.0,0.0,0.0,0.0,0.0,0.0,-0.05812381953001022,0.0,0.0,0.05812381953001022,-0.05812381953001022,-0.05812381953001022,0.0,0.0,0.0,0.0,0.0,0.05812381953001022,0.0,0.0,0.0,0.0,0.0,0.0,0.0,0.0,0.0,0.0,0.0,0.0,0.0,0.0,-0.05812381953001022,0.0,-0.05812381953001022,0.0,0.0,0.0,0.0,0.0,0.0,-0.05812381953001022,0.0,0.05812381953001022,0.05812381953001022,0.0,0.0,0.0,0.05812381953001022,0.0,0.0,0.0,0.0,0.0,0.0,0.0,0.0,0.2324952781200409,0.0,0.0,-0.05812381953001022,-0.05812381953001022,0.0,0.0,0.0,0.0,0.0,0.0,0.0,0.0,0.0,0.0,0.0,0.05812381953001022,0.0,0.0,-0.05812381953001022,0.0,0.0,0.0,0.0,0.0,0.05812381953001022,0.0,0.0,0.0,0.0,0.0,0.0,0.0,0.0,-0.11624763906002045,0.0,-0.05812381953001022,0.05812381953001022,0.0,0.0,0.0,0.0,0.0,0.0,0.05812381953001022,0.0,-0.05812381953001022,-0.05812381953001022,-0.05812381953001022,0.0,0.05812381953001022,0.05812381953001022,0.0,0.0,0.0,0.0,0.05812381953001022,0.0,0.0,0.0,0.0,0.0,0.0,0.0,0.0,0.0,-0.05812381953001022,0.0,0.0,-0.05812381953001022,0.0,0.0,0.0,0.0,-0.11624763906002045,0.0,0.0,0.0,-0.05812381953001022,0.0,0.05812381953001022,0.0,0.0,0.0,-0.05812381953001022,0.0,-0.05812381953001022,0.0,0.0,0.0,0.0,0.0,0.0,-0.2906191051006317,0.0,-0.05812381953001022,0.0,0.0,0.0,0.0,0.0,0.11624763906002045,0.0,-0.05812381953001022,0.0,0.0,0.0,0.0,0.0,0.0,-0.05812381953001022,0.05812381953001022,0.05812381953001022,0.0,-0.05812381953001022,0.0,0.0,0.0,-0.05812381953001022,0.0,0.0,0.0,0.0,0.0,0.0,0.0,0.17437145113945007,0.0,0.0,-0.05812381953001022,0.0,0.0,0.0,0.0,0.0,0.0,0.0,0.05812381953001022,0.11624763906002045,0.0,0.0,0.0,0.0,0.0,0.0,0.0,0.0,0.0,0.0,0.05812381953001022,-0.05812381953001022,0.0,0.0,0.0,0.0,0.0,0.11624763906002045,0.05812381953001022,0.0,0.0,0.0,0.0,0.0,0.0,0.0,0.0,0.0,-0.05812381953001022,0.0,0.0,0.0,0.0,-0.05812381953001022,0.0,-0.05812381953001022,0.0,0.05812381953001022,-0.05812381953001022,0.0,0.0,0.0,0.0,0.0,0.0,0.0,0.0,0.0,0.0,0.0,0.0,-0.05812381953001022,-0.05812381953001022,0.0,0.0,-0.11624763906002045,0.0,0.0,0.05812381953001022,0.0,0.0,-0.05812381953001022,0.0,0.0,0.05812381953001022,0.0,-0.05812381953001022,0.0,0.0,0.0,0.05812381953001022,0.0,-0.05812381953001022,-0.05812381953001022,-0.05812381953001022,0.0,0.05812381953001022,0.0,0.0,0.0,0.0,0.0,0.0,0.11624763906002045,0.0,0.0,0.0,0.0,0.0,0.0,-0.05812381953001022,0.0,0.0,0.05812381953001022,0.0,0.0,0.0,0.0,0.0,0.05812381953001022,0.0,0.0,-0.05812381953001022,0.0,0.0,0.0,0.0,0.0,0.0,0.0,0.0,0.11624763906002045,0.0,-0.05812381953001022,0.0,0.0,0.05812381953001022,0.0,0.0,0.0,0.0,0.0,0.0,0.0,0.0,0.0,0.05812381953001022,-0.05812381953001022,0.0,0.0,0.0,0.0,0.05812381953001022,0.0,-0.11624763906002045,0.0,0.0,0.0,0.05812381953001022,0.0,0.05812381953001022,0.0,-0.05812381953001022,0.0,0.0,0.0,0.0,0.0,0.0,0.05812381953001022,0.0,0.05812381953001022,0.0,0.0,0.0,0.0,0.0,0.0,-0.05812381953001022,0.11624763906002045,-0.05812381953001022,0.0,0.0,0.0,0.0,0.05812381953001022,0.0,-0.05812381953001022,0.0,-0.05812381953001022,0.0,-0.05812381953001022,0.11624763906002045,-0.05812381953001022,0.0,0.0,0.0,0.0,0.0,0.0,0.0,-0.05812381953001022,0.05812381953001022,0.0,0.0,0.05812381953001022,0.0,0.05812381953001022,0.05812381953001022,0.0,0.0,0.0,0.05812381953001022,0.0,0.0,0.0,0.0,0.0
600988,赤峰黄金,黄金有色与周期资源,global,student_B,llm_deepseek_extracted,"1. 机构席位活跃，北向资金流动频繁，筹码博弈加剧，短线波动放大。  
2. 产能回升叠加金价景气，业绩弹性强；研发交付...",-0.054392825812101364,0.0,0.0,0.0,-0.054392825812101364,0.0,0.0,0.0,0.0,0.0,0.0,0.0,0.054392825812101364,0.054392825812101364,0.0,0.0,0.0,0.0,0.0,0.0,0.0,0.0,0.0,0.0,0.0,0.0,0.0,0.0,0.0,0.054392825812101364,0.0,0.0,0.054392825812101364,0.0,-0.054392825812101364,0.0,0.0,0.0,0.0,0.0,0.0,0.0,-0.054392825812101364,0.0,0.0,-0.054392825812101364,0.0,0.0,0.0,0.0,0.0,0.054392825812101364,0.0,0.054392825812101364,0.0,0.0,0.0,0.0,0.0,0.0,0.0,0.0,0.0,0.0,-0.054392825812101364,-0.054392825812101364,0.0,0.0,0.0,0.0,0.0,0.0,0.0,0.0,0.0,0.0,0.0,-0.054392825812101364,0.0,0.0,0.0,0.0,0.0,0.0,0.0,-0.054392825812101364,0.0,-0.054392825812101364,0.054392825812101364,0.0,0.0,-0.054392825812101364,0.0,0.0,0.0,0.0,0.0,0.0,0.0,0.0,0.0,-0.054392825812101364,0.0,0.0,0.0,0.0,0.0,-0.054392825812101364,0.0,0.0,-0.054392825812101364,0.0,-0.054392825812101364,0.0,0.0,0.054392825812101364,-0.054392825812101364,0.0,0.054392825812101364,0.054392825812101364,0.0,0.054392825812101364,0.0,0.0,-0.054392825812101364,0.0,0.10878565162420273,0.0,0.0,0.0,0.0,0.054392825812101364,0.054392825812101364,-0.10878565162420273,0.0,-0.054392825812101364,0.0,-0.054392825812101364,0.0,0.0,0.0,0.0,0.0,0.0,0.0,0.0,0.054392825812101364,0.0,0.0,0.0,0.0,0.0,0.0,0.0,0.0,0.0,0.0,0.0,0.0,0.0,0.0,0.0,0.163178488612175,-0.054392825812101364,0.054392825812101364,-0.054392825812101364,-0.054392825812101364,-0.054392825812101364,0.054392825812101364,0.054392825812101364,-0.054392825812101364,-0.054392825812101364,0.0,0.0,0.0,0.0,0.054392825812101364,0.0,-0.054392825812101364,0.0,0.0,0.0,0.0,0.0,0.0,0.0,0.0,0.0,0.054392825812101364,0.0,0.054392825812101364,0.0,0.0,0.0,0.0,0.0,0.0,0.0,0.0,0.0,0.054392825812101364,0.0,0.0,0.0,0.0,0.0,0.0,0.054392825812101364,0.0,-0.054392825812101364,0.0,0.054392825812101364,0.0,0.054392825812101364,0.0,0.054392825812101364,0.163178488612175,0.0,0.0,-0.054392825812101364,0.0,0.0,0.0,0.0,0.0,0.0,0.0,-0.054392825812101364,0.0,0.054392825812101364,0.054392825812101364,0.054392825812101364,0.0,0.054392825812101364,0.0,0.0,-0.054392825812101364,0.0,0.0,0.0,0.0,0.0,-0.054392825812101364,0.0,-0.054392825812101364,0.163178488612175,-0.054392825812101364,-0.054392825812101364,0.0,0.0,0.0,0.0,0.0,0.10878565162420273,-0.054392825812101364,0.0,0.054392825812101364,0.0,0.0,0.0,0.0,0.0,-0.054392825812101364,-0.054392825812101364,0.0,0.0,0.0,0.0,0.0,0.0,0.0,0.054392825812101364,0.0,0.054392825812101364,-0.054392825812101364,-0.054392825812101364,0.0,-0.054392825812101364,0.0,0.0,0.0,0.0,0.0,-0.054392825812101364,0.054392825812101364,0.0,-0.054392825812101364,0.0,-0.054392825812101364,0.0,0.0,0.0,0.0,0.0,0.0,0.0,0.0,0.0,0.0,0.054392825812101364,0.054392825812101364,0.0,0.054392825812101364,0.0,-0.054392825812101364,0.0,0.0,-0.054392825812101364,0.0,0.0,0.0,0.0,0.0,0.054392825812101364,-0.10878565162420273,0.0,0.0,0.10878565162420273,0.0,0.0,0.0,-0.054392825812101364,0.0,0.0,0.0,0.0,0.0,0.0,0.0,0.0,0.0,0.0,0.0,0.0,0.0,0.0,0.0,0.0,0.0,-0.054392825812101364,0.0,0.0,0.0,0.0,-0.10878565162420273,0.0,0.0,0.0,0.0,0.054392825812101364,0.0,-0.054392825812101364,0.0,0.0,-0.054392825812101364,-0.054392825812101364,0.0,0.0,0.0,0.0,-0.054392825812101364,0.0,0.0,0.0,0.0,0.0,0.0,0.0,0.0,0.0,0.0,0.0,-0.054392825812101364,0.0,0.0,0.0,0.0,0.0,0.0,0.0,-0.054392825812101364,0.0,0.0,0.054392825812101364,0.0,-0.054392825812101364,0.0,0.0,0.0,0.054392825812101364,0.0,0.054392825812101364,0.0,0.0,0.0,0.0,0.0,0.0,0.0,0.0,0.0,0.0,0.0,0.0,0.0,0.0,-0.054392825812101364,0.0,-0.054392825812101364,0.0,0.0,0.0,0.054392825812101364,0.054392825812101364,0.0,0.0,0.0,0.0,0.054392825812101364,0.0,0.0,0.0,0.0,0.0,0.0,0.0,0.0,0.0,0.0,0.0,0.0,0.21757130324840546,0.0,0.0,0.0,0.054392825812101364,0.0,0.0,0.0,0.0,0.0,0.0,0.0,0.0,0.0,0.0,0.0,0.054392825812101364,0.0,0.0,-0.054392825812101364,0.0,0.0,-0.054392825812101364,-0.054392825812101364,0.0,0.0,0.054392825812101364,0.0,0.0,0.0,0.0,0.0,0.0,0.0,-0.054392825812101364,0.0,-0.054392825812101364,0.10878565162420273,-0.054392825812101364,0.0,0.0,0.0,0.0,0.0,-0.054392825812101364,0.0,-0.054392825812101364,-0.054392825812101364,-0.054392825812101364,0.0,0.0,0.0,0.0,0.0,0.0,0.0,0.0,0.0,0.0,0.0,0.0,0.0,0.0,0.0,0.0,0.0,-0.054392825812101364,0.0,0.054392825812101364,-0.054392825812101364,0.0,0.0,0.0,0.0,-0.10878565162420273,0.0,0.0,0.0,-0.054392825812101364,0.0,0.054392825812101364,0.0,0.0,0.0,-0.054392825812101364,0.0,-0.054392825812101364,-0.054392825812101364,0.0,-0.054392825812101364,0.0,0.0,0.0,-0.32635697722435,0.0,-0.054392825812101364,0.0,0.0,0.0,0.0,0.0,0.10878565162420273,0.054392825812101364,-0.054392825812101364,0.0,0.0,0.0,0.0,0.0,0.0,0.0,0.054392825812101364,0.054392825812101364,0.0,0.0,0.0,0.0,0.0,-0.054392825812101364,0.0,0.0,0.0,0.054392825812101364,0.0,0.0,0.0,0.10878565162420273,0.0,0.0,-0.054392825812101364,0.0,0.0,0.0,0.0,0.0,0.0,0.0,0.054392825812101364,0.054392825812101364,0.0,0.0,0.054392825812101364,-0.054392825812101364,0.0,0.0,0.0,0.0,0.0,0.0,0.0,-0.054392825812101364,0.0,0.0,0.0,0.0,0.0,0.054392825812101364,0.0,0.0,0.0,0.0,0.0,-0.054392825812101364,0.0,0.0,0.0,0.0,-0.054392825812101364,0.0,0.0,0.0,0.0,-0.054392825812101364,0.0,0.0,0.0,0.10878565162420273,-0.054392825812101364,0.0,0.0,0.0,0.0,0.0,0.0,0.0,0.0,0.0,-0.054392825812101364,0.0,-0.054392825812101364,-0.054392825812101364,0.0,0.0,0.0,-0.163178488612175,0.0,0.0,0.054392825812101364,0.0,-0.054392825812101364,-0.054392825812101364,0.0,0.0,0.054392825812101364,0.0,0.0,0.0,-0.054392825812101364,0.0,0.054392825812101364,0.0,-0.054392825812101364,0.0,-0.054392825812101364,0.054392825812101364,0.054392825812101364,-0.054392825812101364,0.0,0.0,0.0,0.0,-0.054392825812101364,0.0,0.0,0.0,0.0,0.0,0.0,0.0,-0.054392825812101364,0.0,0.054392825812101364,0.0,0.054392825812101364,0.0,0.0,-0.054392825812101364,0.0,0.054392825812101364,0.0,0.0,0.0,0.0,0.0,0.0,0.0,0.0,0.0,0.0,0.0,0.10878565162420273,0.0,0.0,0.0,0.0,0.10878565162420273,0.0,0.0,0.0,0.0,0.0,0.0,0.0,0.0,0.0,0.054392825812101364,0.0,0.0,0.0,0.0,0.0,0.0,0.0,-0.163178488612175,0.0,0.0,0.0,0.0,0.0,0.0,0.0,-0.10878565162420273,0.0,0.0,0.0,0.0,-0.054392825812101364,0.0,0.054392825812101364,-0.054392825812101364,0.054392825812101364,0.0,0.0,0.0,0.0,0.0,0.0,0.0,0.10878565162420273,-0.054392825812101364,0.0,0.0,0.0,0.054392825812101364,0.054392825812101364,-0.054392825812101364,-0.054392825812101364,0.0,-0.054392825812101364,0.0,0.0,0.10878565162420273,-0.054392825812101364,0.054392825812101364,0.0,0.0,0.0,0.0,0.0,0.0,-0.054392825812101364,0.0,0.0,0.0,-0.054392825812101364,0.0,0.0,0.054392825812101364,0.0,0.0,0.0,0.054392825812101364,0.0,0.0,0.0,0.0,0.0
601069,西部黄金,黄金有色与周期资源,global,student_B,llm_deepseek_extracted,"1. 机构席位活跃，北向资金流入，筹码博弈偏多；  
2. 产能回升+研发交付，业绩弹性增强，Beta=1.0；  
3...",-0.0635000616312027,-0.0635000616312027,0.0,0.0,0.0,0.0,0.0,0.0,0.0,0.0,0.0,0.0,0.0635000616312027,0.0,0.0,0.0,0.0,0.0,0.0,0.0,0.0,0.0,0.0,0.0,0.0,0.0,0.0,0.0,0.0,0.0,0.0,0.0,0.0635000616312027,0.0,0.0,0.0,0.0,0.0,0.0,0.0,0.0,0.0,-0.0635000616312027,0.0,0.0,0.0,0.0,0.0,0.0,0.0,0.0635000616312027,0.0635000616312027,0.0,0.0635000616312027,0.0,0.0,0.0,0.0,0.0,0.0,0.0,0.0,0.0,0.0,-0.0635000616312027,-0.0635000616312027,0.0,0.0,0.0,0.0,0.0,0.0,0.0,0.0,0.0,0.0,0.0,0.0,0.0,0.0,0.0,0.0,0.0,0.0,-0.0635000616312027,0.0,0.0,0.0,0.0,0.0,0.0,0.0635000616312027,0.0,0.0,0.0635000616312027,0.0,0.0,0.0,0.0,0.0,0.0,0.0,0.0,0.0,0.0,0.0,0.0,-0.0635000616312027,0.0,0.0,-0.0635000616312027,0.0,0.0,0.0,0.0,0.0635000616312027,0.0,0.0635000616312027,0.0,0.0635000616312027,0.0635000616312027,0.0,0.0,0.0,-0.0635000616312027,0.0,0.0635000616312027,0.0,0.0,0.0,0.0,0.0635000616312027,0.1270001232624054,-0.0635000616312027,0.0,-0.0635000616312027,0.0,0.0,0.0,0.0,0.0,0.0,0.0,0.0,0.0,0.0,0.0,0.0,0.0635000616312027,0.0,0.0,-0.0635000616312027,0.0,0.0,0.0,0.0,0.0,0.0,0.0,0.0,0.0,0.0,0.0635000616312027,0.0,0.0,-0.0635000616312027,0.0,0.0,0.0,0.0,-0.0635000616312027,0.0,0.0,0.0,0.0,0.0,0.0635000616312027,0.0,-0.0635000616312027,0.0,0.0,0.0,0.0,0.0,0.0,0.0,0.0,0.0,0.0,0.0,0.0,0.0,0.0,0.0,0.0635000616312027,0.0,0.0,0.0,0.0,0.0,0.0635000616312027,0.0,0.0,0.0,0.0,0.0,0.0,0.0635000616312027,0.0,0.0,0.0,-0.0635000616312027,-0.0635000616312027,0.0,0.0,0.0635000616312027,0.0635000616312027,0.0,0.0,0.0,0.0,0.0,0.0,0.0635000616312027,0.0,0.0,0.0,-0.0635000616312027,0.0,0.0635000616312027,0.0635000616312027,0.0635000616312027,0.0,0.0,0.0,0.0,-0.1270001232624054,0.0635000616312027,0.0,0.0,0.0635000616312027,0.0,0.0,0.0,-0.0635000616312027,0.1905001997947693,0.0,-0.0635000616312027,0.0,0.0,0.0,0.0,0.0635000616312027,0.1270001232624054,0.0,0.0,0.0,0.0,0.0,0.0,0.0,0.0,0.0,0.0,0.0,0.0,0.0,0.0,0.0,0.0,0.0,0.0635000616312027,0.0,0.0,-0.0635000616312027,0.0,0.0,0.0,0.0,0.0,0.0,0.0,0.0,-0.0635000616312027,0.0635000616312027,0.0,0.0,0.0,0.0,0.0,0.0,0.0,0.0,0.0,0.0,0.0,0.0635000616312027,0.0,0.0,0.0635000616312027,0.0,0.0,0.0635000616312027,0.0,-0.0635000616312027,0.0,0.0,-0.0635000616312027,0.0,0.0,0.0,0.0,0.0,0.0,-0.0635000616312027,0.0,0.0,0.0635000616312027,0.0,0.0,0.0,-0.0635000616312027,0.0635000616312027,0.0,0.0,-0.0635000616312027,0.0,0.0,0.0,0.0,0.0,0.0,0.0,0.0635000616312027,0.0,0.0,0.0,0.0,0.0,0.0,0.0635000616312027,0.0,0.0,0.0,0.0,0.0,0.0,0.0,0.0,0.0,0.0,-0.0635000616312027,0.0,-0.0635000616312027,0.0,0.0,0.0635000616312027,0.0,0.0,0.0,-0.0635000616312027,0.0,0.0,0.0,0.0,0.0,0.0,0.0,0.0,0.0,0.0,0.0,0.0,0.0,0.0,0.0,0.0,0.0,0.0,0.0,-0.0635000616312027,0.0,0.0,0.0,0.0,0.0,0.0,0.0,0.0,0.0,0.0,0.0,0.0,0.0,0.0,0.0,0.0,0.0,0.0,-0.0635000616312027,0.0,0.0,0.0,0.0,0.0,0.0,0.0,0.0,-0.0635000616312027,-0.0635000616312027,0.0,0.0,0.0,0.0,0.0,0.0,0.0,0.0,-0.0635000616312027,0.0,0.0,0.0,0.0,0.0,0.0,0.0,0.0,0.0,0.0,0.0,0.0,0.3175003230571747,0.0,0.0,0.0,0.1270001232624054,0.0,0.0,0.0,0.0,0.0,0.0635000616312027,0.0,0.0,0.0,0.0,0.0,0.0635000616312027,0.0,0.0,0.0,0.0,0.0,0.0,0.0,0.0,0.0635000616312027,0.0635000616312027,0.0,0.0,0.0,0.0,0.0,0.0,0.0,0.0,0.0635000616312027,-0.0635000616312027,0.0635000616312027,0.0,0.0,0.0,0.0,0.0,0.0,0.0635000616312027,0.0,0.0,0.0,-0.0635000616312027,0.0,0.0,0.0635000616312027,0.0,0.0,0.0,0.0,0.0635000616312027,0.0635000616312027,0.0,0.0,0.0,0.0,0.0,0.0,0.0,0.0,-0.0635000616312027,0.0,0.0,-0.0635000616312027,0.0,0.0635000616312027,0.0,-0.0635000616312027,-0.0635000616312027,0.0,0.0,0.0,-0.0635000616312027,0.0,0.0635000616312027,0.0,0.0,0.0,-0.0635000616312027,0.0,-0.0635000616312027,0.0,0.0,0.0,0.0,0.0,0.0,-0.2540002465248108,0.0,-0.0635000616312027,0.0,0.0,0.0,0.0,0.0,0.1905001997947693,0.0,-0.0635000616312027,0.0,0.0,0.0635000616312027,0.0,0.0,-0.0635000616312027,-0.0635000616312027,0.0635000616312027,0.0635000616312027,-0.0635000616312027,0.0,0.0,0.0,0.0,0.0,0.0,0.0,0.0,-0.0635000616312027,0.0,0.0,0.0635000616312027,0.0635000616312027,0.0635000616312027,0.0,-0.0635000616312027,0.0,0.0,0.0,0.0,0.0,0.0,-0.0635000616312027,0.1270001232624054,0.0,0.0,0.0,0.0,0.0,0.0,0.0,0.0,0.0,0.0,0.0,0.0,0.0,0.0,0.0,0.0,0.0,0.0,0.0635000616312027,0.0,0.0,-0.0635000616312027,0.0,0.0,0.0635000616312027,0.0,0.0,0.0635000616312027,0.0,-0.1270001232624054,0.0,0.0,0.0,0.0,-0.0635000616312027,0.0,0.0,0.0,0.0635000616312027,0.0,0.0,0.0,0.0,0.0,0.0,0.0,0.0,0.0,0.0,0.0,0.0,0.0,-0.0635000616312027,0.0,0.0,0.0,-0.0635000616312027,0.0,0.0,0.0635000616312027,0.0,0.0,-0.0635000616312027,0.0,0.0,0.0635000616312027,0.0,0.0,0.0,0.0,0.0635000616312027,0.1270001232624054,0.0,-0.0635000616312027,0.0,-0.0635000616312027,0.0,0.0,0.0,0.0,0.0,0.0,-0.0635000616312027,0.0,0.0635000616312027,0.0,0.0,0.0,0.0,0.0,0.0,-0.0635000616312027,0.0,0.0,0.0,0.0,0.0,0.0,0.0,0.0,0.0635000616312027,0.0,0.0,0.0,0.0,0.0,0.0,-0.1270001232624054,0.0,0.0,0.0,0.0,0.1270001232624054,0.0,0.0,0.0,0.0,0.0,0.0,0.0,0.0,0.0,0.0,0.0,0.0,0.0,0.0,0.0635000616312027,0.0,0.0,0.0,0.0,0.0,0.0,0.0,-0.0635000616312027,0.0,0.0,0.0,0.0,0.0,0.0,0.0,-0.0635000616312027,0.0,0.0,0.0,0.0,0.0,0.0,0.0635000616312027,0.0,0.0,0.0,0.0,0.0,0.0,0.0,0.0,0.0,-0.0635000616312027,0.0,0.0,0.0,0.0,0.0,0.0635000616312027,0.0,0.0,0.0,0.0,0.0,0.0,0.2540002465248108,-0.0635000616312027,0.0,0.0,0.0,0.0,0.0,0.0,0.0,-0.0635000616312027,0.0,0.0,0.0,0.0,0.0,0.0,0.0,0.0,-0.0635000616312027,0.0,0.0635000616312027,0.0,0.0,0.0,0.0635000616312027,0.0
603993,洛阳钼业,黄金有色与周期资源,global,student_B,llm_deepseek_extracted,"1. 机构席位活跃，北向资金流入，筹码博弈偏多。  
2. 产能回升+研发交付，业绩弹性增强，技术壁垒稳固。  
3. ...",-0.06324555724859238,-0.06324555724859238,0.0,0.0,0.0,0.0,0.0,0.0,0.0,0.0,0.0,0.0,0.06324555724859238,0.06324555724859238,0.0,0.0,0.0,0.0,0.0,0.0,0.0,0.0,0.0,0.0,0.0,0.0,0.0,0.0,0.0,0.0,0.0,0.06324555724859238,0.06324555724859238,0.0,0.0,0.0,0.0,0.0,0.0,0.0,0.0,0.0,-0.06324555724859238,0.0,0.0,0.0,0.0,0.0,0.0,0.0,0.06324555724859238,0.06324555724859238,0.0,0.06324555724859238,0.06324555724859238,0.0,0.0,0.0,0.0,0.0,0.0,0.0,0.0,0.0,-0.06324555724859238,-0.06324555724859238,0.0,0.0,0.0,0.0,0.0,0.0,0.0,0.0,-0.06324555724859238,0.0,0.0,-0.06324555724859238,0.0,0.0,0.0,0.0,0.0,0.0,-0.06324555724859238,0.0,0.0,-0.06324555724859238,0.0,0.0,0.0,0.06324555724859238,0.0,0.0,0.06324555724859238,0.0,0.0,0.0,0.0,0.0,0.0,0.0,0.0,0.0,0.0,0.0,0.0,-0.06324555724859238,0.0,0.0,-0.06324555724859238,0.0,0.0,0.0,0.0,0.06324555724859238,0.0,0.06324555724859238,0.0,0.06324555724859238,0.0,0.0,0.0,0.0,-0.06324555724859238,0.0,0.06324555724859238,0.0,0.0,0.0,0.0,0.06324555724859238,0.06324555724859238,-0.06324555724859238,0.0,-0.06324555724859238,0.0,0.0,0.0,0.0,0.0,0.0,0.0,0.0,0.0,0.0,0.0,0.0,0.06324555724859238,0.0,0.0,0.0,0.0,0.0,0.0,0.06324555724859238,0.0,0.0,0.0,0.0,0.0,0.0,0.12649111449718475,-0.06324555724859238,0.0,-0.06324555724859238,0.0,0.0,0.0,0.0,-0.06324555724859238,0.0,0.0,0.0,0.0,0.0,0.06324555724859238,0.0,-0.06324555724859238,0.0,0.0,0.0,0.0,0.0,0.0,0.0,0.0,0.0,0.0,0.0,0.0,0.0,0.0,0.0,0.06324555724859238,0.0,0.0,0.0,0.0,0.0,0.12649111449718475,0.0,0.0,0.0,0.0,0.0,0.0,0.06324555724859238,0.0,0.0,0.0,-0.06324555724859238,-0.06324555724859238,0.0,0.0,0.06324555724859238,0.06324555724859238,0.0,0.0,0.0,-0.06324555724859238,0.0,0.0,0.0,0.0,0.0,0.0,-0.06324555724859238,0.0,0.06324555724859238,0.06324555724859238,0.06324555724859238,0.0,0.0,0.0,0.0,-0.12649111449718475,0.0,0.0,0.0,0.06324555724859238,0.0,0.0,0.0,-0.06324555724859238,0.12649111449718475,0.0,-0.06324555724859238,0.0,0.0,0.0,0.0,0.0,0.12649111449718475,0.0,0.0,0.0,0.0,0.0,0.0,0.0,0.0,0.0,0.0,0.0,0.0,0.0,0.0,0.0,0.0,0.0,0.0,0.0,0.0,-0.06324555724859238,-0.06324555724859238,0.0,0.0,0.0,0.0,0.0,0.0,0.0,-0.06324555724859238,0.06324555724859238,0.0,0.0,0.0,-0.06324555724859238,0.0,0.0,0.0,0.0,0.0,0.0,0.0,0.06324555724859238,0.0,0.0,0.06324555724859238,0.0,0.0,0.06324555724859238,0.0,-0.06324555724859238,0.0,0.0,-0.06324555724859238,0.0,0.0,0.0,0.0,0.0,0.0,-0.06324555724859238,0.0,0.0,0.06324555724859238,0.0,0.0,0.0,-0.06324555724859238,0.06324555724859238,0.0,0.0,0.0,0.0,0.0,0.0,0.0,0.0,0.0,0.0,0.0,0.0,0.0,0.0,0.0,0.0,0.0,0.06324555724859238,0.0,0.0,0.0,0.0,0.0,0.0,0.0,0.0,0.0,0.0,-0.06324555724859238,0.0,-0.06324555724859238,0.0,-0.06324555724859238,0.06324555724859238,0.0,0.0,0.0,-0.06324555724859238,0.0,0.0,0.0,0.0,0.0,0.0,0.0,0.0,0.0,0.0,-0.06324555724859238,0.0,0.0,0.0,0.0,0.0,0.0,0.0,0.0,-0.06324555724859238,0.0,0.0,0.0,0.0,-0.06324555724859238,0.0,0.0,0.0,0.0,0.0,0.0,0.0,0.0,0.0,0.0,0.0,0.0,0.0,-0.06324555724859238,-0.06324555724859238,0.0,0.0,0.0,0.0,0.0,-0.06324555724859238,0.0,-0.06324555724859238,0.0,0.0,0.0,0.0,0.0,0.0,0.0,0.0,0.06324555724859238,-0.06324555724859238,0.0,0.0,0.0,0.0,0.0,0.0,0.0,0.0,0.0,0.0,0.0,0.0,0.2529822289943695,0.0,0.0,0.0,0.0,0.0,0.0,0.0,0.0,0.0,0.0,0.0,0.0,0.0,0.0,0.0,0.06324555724859238,0.0,0.0,0.0,0.0,0.0,0.0,0.0,0.0,0.06324555724859238,0.0,0.0,0.0,0.0,0.0,0.0,0.0,0.0,0.0,0.0,-0.06324555724859238,0.06324555724859238,0.0,0.0,0.0,0.0,0.0,0.06324555724859238,0.12649111449718475,0.0,0.0,0.0,-0.06324555724859238,0.0,0.0,0.06324555724859238,0.0,0.0,0.0,0.0,0.06324555724859238,0.0,0.0,0.0,0.0,0.0,0.0,0.0,0.0,0.0,-0.06324555724859238,0.0,0.0,-0.06324555724859238,0.0,0.0,0.0,-0.06324555724859238,0.0,0.0,0.0,0.0,-0.06324555724859238,0.0,0.06324555724859238,0.0,0.0,0.0,-0.06324555724859238,0.0,-0.06324555724859238,0.0,0.0,0.0,0.0,0.0,0.0,-0.2529822289943695,0.0,-0.06324555724859238,0.0,0.0,0.0,0.0,0.0,0.18973666429519653,0.0,-0.06324555724859238,0.0,0.0,0.06324555724859238,0.0,0.0,-0.06324555724859238,-0.06324555724859238,0.06324555724859238,0.06324555724859238,-0.06324555724859238,0.0,0.0,0.0,0.0,0.0,0.0,0.0,0.0,-0.06324555724859238,0.0,0.0,0.0,0.18973666429519653,0.0,0.0,-0.06324555724859238,0.0,0.0,0.0,0.0,0.0,0.0,-0.06324555724859238,0.06324555724859238,0.0,0.0,0.0,0.0,0.0,0.0,0.0,0.0,0.0,0.0,0.0,0.0,0.0,0.0,0.0,0.0,0.0,0.0,0.06324555724859238,0.0,0.0,-0.06324555724859238,0.0,0.0,0.06324555724859238,0.0,0.0,0.06324555724859238,0.0,-0.12649111449718475,0.0,0.0,0.0,0.0,-0.06324555724859238,0.0,-0.06324555724859238,0.0,0.06324555724859238,0.0,0.0,0.0,0.0,0.0,0.0,0.0,0.0,0.0,0.0,0.0,0.0,0.0,-0.06324555724859238,0.0,0.0,0.0,-0.06324555724859238,0.0,0.0,0.06324555724859238,0.0,0.0,-0.06324555724859238,0.0,0.0,0.06324555724859238,0.0,-0.06324555724859238,0.0,0.0,0.06324555724859238,0.06324555724859238,0.0,-0.06324555724859238,0.0,-0.06324555724859238,0.0,0.0,0.0,0.0,0.0,0.0,0.0,0.0,0.06324555724859238,0.0,0.0,0.0,0.0,0.0,0.0,-0.06324555724859238,0.0,0.0,0.0,0.0,0.0,0.0,0.0,0.0,0.06324555724859238,0.0,0.0,-0.06324555724859238,0.0,0.0,0.0,0.0,0.0,0.0,0.0,0.0,0.12649111449718475,0.0,0.0,0.0,0.0,0.06324555724859238,0.0,0.0,0.0,0.0,0.0,0.0,0.0,0.0,0.0,0.06324555724859238,-0.06324555724859238,0.0,0.0,0.0,0.0,0.06324555724859238,0.0,-0.12649111449718475,0.0,0.0,0.0,0.0,0.0,0.06324555724859238,0.0,-0.06324555724859238,0.0,0.0,0.0,0.0,0.0,0.0,0.06324555724859238,0.0,0.0,0.0,0.0,0.0,0.0,0.0,0.0,-0.06324555724859238,0.12649111449718475,0.0,0.0,0.0,0.0,0.0,0.06324555724859238,0.0,-0.06324555724859238,0.0,-0.06324555724859238,0.0,0.0,0.2529822289943695,-0.06324555724859238,0.0,0.0,0.0,0.0,0.0,0.0,0.0,-0.06324555724859238,0.0,0.0,0.0,0.0,0.0,0.06324555724859238,0.0,0.0,-0.06324555724859238,0.0,0.06324555724859238,0.0,0.0,0.0,0.0,0.0
600362,江西铜业,黄金有色与周期资源,global,student_B,llm_deepseek_extracted,"1. 机构席位活跃，北向资金流入，筹码博弈偏多；  
2. 产能回升+研发交付，业绩弹性增强，Beta1.05放大周期收...",-0.05944383144378662,-0.05944383144378662,0.0,0.0,0.0,0.0,0.0,0.0,0.0,0.0,0.0,0.0,0.05944383144378662,0.0,0.0,0.0,0.0,0.0,0.0,0.11888766288757324,0.0,0.0,0.0,0.0,0.0,0.0,0.0,0.0,-0.05944383144378662,0.0,-0.05944383144378662,0.0,0.05944383144378662,-0.05944383144378662,0.0,0.0,0.0,0.0,0.0,0.05944383144378662,0.0,0.0,-0.05944383144378662,0.0,0.0,0.0,0.05944383144378662,0.0,0.0,0.0,0.05944383144378662,0.05944383144378662,0.0,0.05944383144378662,0.0,0.0,0.0,0.0,0.0,0.0,0.0,0.0,0.0,0.0,-0.05944383144378662,-0.05944383144378662,0.0,0.0,0.0,0.0,0.0,0.0,0.0,0.0,0.0,0.0,0.0,0.0,0.0,0.0,0.0,0.0,0.0,0.0,-0.05944383144378662,0.0,0.0,0.0,0.0,0.0,0.0,0.05944383144378662,0.05944383144378662,0.0,0.05944383144378662,0.0,0.0,0.0,0.0,0.0,0.0,0.0,0.0,0.0,0.0,0.0,0.0,0.0,0.0,0.0,-0.05944383144378662,0.0,0.0,0.0,0.0,0.05944383144378662,0.0,0.05944383144378662,0.0,0.05944383144378662,0.05944383144378662,0.0,0.0,0.0,-0.05944383144378662,0.0,0.11888766288757324,0.0,0.0,0.0,0.0,0.05944383144378662,0.11888766288757324,0.0,0.0,-0.05944383144378662,0.0,0.0,0.0,0.0,0.0,0.0,0.0,0.0,0.0,0.0,0.0,0.0,0.05944383144378662,0.0,0.0,-0.05944383144378662,0.0,0.0,0.0,0.0,0.0,0.0,0.0,0.0,0.0,0.0,0.11888766288757324,0.0,0.0,0.0,0.0,0.0,0.0,0.0,-0.05944383144378662,-0.05944383144378662,0.0,0.0,0.0,0.0,0.05944383144378662,0.0,-0.05944383144378662,0.0,0.0,0.0,0.0,0.0,0.0,0.0,0.0,0.0,0.0,0.0,0.0,0.0,0.0,0.0,0.05944383144378662,0.0,0.0,0.0,0.0,0.0,0.05944383144378662,0.0,0.0,0.0,0.0,0.0,0.0,0.05944383144378662,0.0,0.0,0.0,0.05944383144378662,-0.05944383144378662,0.0,0.0,0.05944383144378662,0.05944383144378662,0.0,0.0,0.0,0.0,-0.05944383144378662,0.0,0.05944383144378662,0.0,0.0,0.0,-0.05944383144378662,0.0,0.0,0.05944383144378662,0.05944383144378662,0.0,0.0,0.0,0.0,-0.05944383144378662,0.05944383144378662,0.0,0.0,0.05944383144378662,0.0,0.0,0.0,-0.11888766288757324,0.17833149433135986,0.0,-0.05944383144378662,0.05944383144378662,0.0,0.0,0.0,0.05944383144378662,0.11888766288757324,0.0,0.0,0.0,0.0,0.0,0.0,0.0,0.0,0.0,0.0,0.0,0.0,0.0,0.0,0.0,0.0,0.0,0.11888766288757324,0.0,0.05944383144378662,-0.05944383144378662,0.0,0.0,0.0,0.05944383144378662,0.0,0.0,0.0,0.0,-0.05944383144378662,0.05944383144378662,0.0,0.0,0.0,0.0,0.0,0.0,0.0,0.0,0.0,0.0,0.0,0.05944383144378662,0.0,0.0,0.05944383144378662,0.05944383144378662,0.0,0.05944383144378662,0.0,-0.05944383144378662,0.0,0.0,-0.05944383144378662,0.0,0.0,0.0,0.0,0.0,0.0,-0.05944383144378662,0.0,0.0,0.05944383144378662,0.0,0.0,0.0,-0.05944383144378662,0.05944383144378662,0.0,0.0,-0.05944383144378662,0.0,0.0,0.0,0.0,0.0,0.0,0.0,0.0,0.0,0.0,0.0,0.0,0.0,0.0,0.05944383144378662,0.0,0.0,0.0,0.0,0.0,0.0,0.0,0.0,0.05944383144378662,0.0,-0.05944383144378662,0.0,0.0,-0.05944383144378662,0.0,0.05944383144378662,0.0,0.0,0.0,-0.05944383144378662,0.0,0.0,0.0,0.0,0.0,0.0,-0.05944383144378662,0.0,0.0,0.0,0.0,0.0,0.0,0.0,0.0,0.0,0.0,0.0,0.0,-0.05944383144378662,0.0,0.0,0.11888766288757324,0.0,0.0,0.0,0.0,0.0,0.0,0.0,0.0,0.0,0.0,0.0,0.0,0.0,0.0,0.0,0.0,0.0,0.0,-0.05944383144378662,0.0,0.0,0.0,0.0,0.0,-0.05944383144378662,0.0,0.05944383144378662,0.0,0.0,0.0,0.0,0.0,0.0,0.0,0.0,0.0,0.0,0.0,0.0,0.0,0.0,0.0,0.0,0.05944383144378662,0.0,0.0,0.0,0.2972191572189331,-0.05944383144378662,0.0,0.0,0.11888766288757324,0.0,0.0,0.0,0.0,0.0,0.05944383144378662,0.0,0.0,0.0,0.0,0.0,0.05944383144378662,0.0,0.0,0.0,0.0,0.0,0.0,0.0,0.0,0.05944383144378662,0.11888766288757324,0.0,0.0,0.0,0.05944383144378662,0.0,0.0,0.0,0.0,0.05944383144378662,-0.05944383144378662,0.05944383144378662,0.0,0.05944383144378662,0.0,0.0,0.0,0.0,0.05944383144378662,0.0,0.0,0.0,-0.05944383144378662,0.0,0.0,0.05944383144378662,0.0,0.0,0.0,0.0,0.11888766288757324,0.0,0.05944383144378662,0.0,0.0,0.0,0.0,0.0,0.0,0.0,-0.05944383144378662,0.0,0.0,-0.05944383144378662,0.0,0.05944383144378662,0.0,-0.05944383144378662,0.0,0.0,0.0,0.0,-0.05944383144378662,0.0,0.05944383144378662,0.0,0.0,0.0,-0.05944383144378662,0.0,-0.05944383144378662,0.0,0.0,0.0,0.0,0.0,0.0,-0.2972191572189331,0.0,-0.05944383144378662,0.0,0.0,0.0,0.0,0.0,0.11888766288757324,0.0,-0.05944383144378662,0.0,-0.05944383144378662,0.05944383144378662,0.0,0.0,0.0,-0.05944383144378662,0.0,0.05944383144378662,-0.05944383144378662,0.0,0.0,0.0,0.0,0.0,0.0,0.0,0.0,-0.05944383144378662,0.0,0.0,0.0,0.05944383144378662,0.05944383144378662,0.0,-0.05944383144378662,0.0,0.0,0.0,0.0,0.0,0.0,-0.05944383144378662,0.11888766288757324,0.0,0.0,0.0,0.0,0.0,0.05944383144378662,0.0,0.0,0.0,0.05944383144378662,0.0,0.0,0.0,0.0,0.0,0.0,0.0,0.0,0.05944383144378662,0.0,-0.05944383144378662,-0.05944383144378662,0.0,0.0,0.05944383144378662,0.0,0.0,0.0,0.0,-0.11888766288757324,0.0,0.0,0.0,0.0,-0.11888766288757324,0.0,-0.05944383144378662,0.0,0.05944383144378662,-0.05944383144378662,0.0,0.0,0.0,0.0,0.05944383144378662,0.0,0.0,0.0,0.0,0.0,0.0,0.0,-0.05944383144378662,0.0,0.05944383144378662,0.0,-0.05944383144378662,0.0,0.0,0.05944383144378662,0.0,0.0,-0.05944383144378662,0.0,0.0,0.05944383144378662,0.0,0.0,0.0,0.0,0.05944383144378662,0.05944383144378662,0.0,-0.05944383144378662,0.0,-0.05944383144378662,0.0,0.0,0.0,0.0,0.0,0.0,0.0,0.0,0.05944383144378662,0.0,0.0,0.0,0.0,0.0,0.0,-0.05944383144378662,0.0,0.0,0.0,0.0,0.0,0.0,0.0,0.0,0.05944383144378662,0.0,0.0,0.0,0.0,0.0,0.0,-0.11888766288757324,0.0,0.0,0.0,0.0,0.11888766288757324,0.0,0.0,0.0,0.0,0.05944383144378662,0.0,0.0,0.0,0.0,0.0,0.0,0.0,0.0,0.0,0.05944383144378662,0.0,0.0,0.0,0.0,0.0,0.0,0.0,-0.05944383144378662,0.0,0.0,0.0,0.0,0.0,0.0,0.0,-0.05944383144378662,0.0,0.0,0.0,0.0,0.0,0.0,0.05944383144378662,0.0,0.0,0.0,0.0,0.0,0.0,0.0,0.0,0.0,-0.05944383144378662,0.0,-0.05944383144378662,0.0,0.0,0.0,0.05944383144378662,0.0,0.0,0.0,0.0,0.0,0.0,0.17833149433135986,-0.05944383144378662,0.0,0.0,0.0,0.0,0.0,0.0,0.0,0.0,0.0,0.0,0.0,0.0,0.0,0.0,0.0,0.0,-0.05944383144378662,0.0,0.05944383144378662,0.0,0.0,0.0,0.05944383144378662,0.0
000630,铜陵有色,黄金有色与周期资源,global,student_B,llm_deepseek_extracted,"1. 机构席位活跃，北向资金流动频繁，筹码博弈加剧。  
2. 产能回升+研发交付，业绩弹性增强，技术壁垒稳固。  
3...",-0.06166263669729233,-0.06166263669729233,0.0,0.0,0.0,0.0,0.0,0.0,0.0,0.0,0.0,0.0,0.06166263669729233,0.06166263669729233,0.0,0.0,0.0,0.0,0.0,0.0,0.0,0.0,0.0,0.0,0.0,0.0,0.0,0.0,0.0,0.0,0.0,0.06166263669729233,0.06166263669729233,0.0,0.0,-0.06166263669729233,0.0,0.0,0.0,0.0,0.0,0.0,-0.06166263669729233,0.0,0.0,-0.06166263669729233,0.0,0.0,0.0,0.0,0.06166263669729233,0.06166263669729233,0.0,0.06166263669729233,0.0,0.0,0.0,0.0,0.0,0.0,0.0,0.0,0.0,0.0,-0.06166263669729233,-0.06166263669729233,0.0,0.0,0.06166263669729233,0.0,0.0,0.0,0.0,0.0,0.0,0.0,0.0,-0.06166263669729233,0.0,0.0,0.0,0.0,0.0,-0.06166263669729233,0.0,0.0,0.0,-0.06166263669729233,0.0,0.0,0.0,0.06166263669729233,0.0,0.0,0.0,0.0,0.0,0.0,0.0,0.0,0.0,0.0,0.0,0.06166263669729233,0.0,0.0,0.0,-0.06166263669729233,0.0,0.0,-0.06166263669729233,0.0,0.0,0.0,0.0,0.06166263669729233,0.0,0.06166263669729233,0.0,0.06166263669729233,0.0,0.06166263669729233,0.0,0.0,-0.06166263669729233,0.0,0.0,0.0,0.0,0.0,0.0,0.06166263669729233,0.06166263669729233,-0.06166263669729233,0.0,-0.06166263669729233,0.0,0.0,0.0,0.0,0.0,0.0,0.0,0.0,0.0,0.0,0.06166263669729233,0.0,0.06166263669729233,0.0,0.0,0.0,0.0,0.0,0.0,0.06166263669729233,0.0,0.0,0.0,0.0,0.0,0.0,0.12332527339458466,-0.06166263669729233,0.06166263669729233,0.0,0.0,0.0,0.0,0.06166263669729233,-0.06166263669729233,0.0,0.0,0.0,0.0,0.0,0.0,0.0,-0.06166263669729233,0.0,0.06166263669729233,0.0,0.0,0.0,0.0,-0.06166263669729233,0.0,0.0,0.06166263669729233,0.0,0.0,0.0,0.06166263669729233,0.0,0.06166263669729233,0.0,0.0,0.0,0.0,0.0,0.12332527339458466,0.0,0.0,0.0,0.0,0.0,0.0,0.06166263669729233,0.0,0.0,0.0,0.0,0.0,0.06166263669729233,0.0,0.06166263669729233,0.06166263669729233,0.0,0.0,-0.06166263669729233,-0.12332527339458466,0.06166263669729233,0.0,0.0,0.0,0.06166263669729233,0.0,-0.06166263669729233,0.0,0.06166263669729233,0.06166263669729233,0.06166263669729233,0.0,0.0,0.0,0.0,-0.06166263669729233,0.0,0.0,0.0,0.0,0.0,0.0,-0.06166263669729233,-0.06166263669729233,0.12332527339458466,0.0,0.0,0.0,0.0,0.0,-0.06166263669729233,0.0,0.12332527339458466,0.0,0.0,0.0,0.0,0.0,0.0,0.0,0.0,0.0,0.0,0.0,0.0,0.0,0.0,0.0,0.0,0.0,0.0,0.0,0.0,-0.06166263669729233,-0.06166263669729233,0.0,0.0,0.0,0.0,0.0,0.0,0.0,-0.06166263669729233,0.06166263669729233,0.0,-0.06166263669729233,0.0,-0.06166263669729233,0.0,0.0,0.0,0.0,0.0,0.0,0.0,0.0,0.0,0.0,0.06166263669729233,0.0,0.0,0.06166263669729233,0.0,0.0,0.0,0.0,-0.06166263669729233,0.0,0.0,0.0,0.0,0.0,0.0,-0.06166263669729233,0.0,0.0,0.06166263669729233,0.0,0.0,0.0,-0.06166263669729233,0.06166263669729233,0.0,0.0,0.0,-0.06166263669729233,0.0,0.0,0.0,0.0,0.0,0.0,0.0,0.0,0.0,0.0,0.0,0.0,0.0,0.06166263669729233,0.0,0.0,0.0,-0.12332527339458466,0.0,0.0,0.0,0.0,0.0,0.0,-0.06166263669729233,0.0,0.0,-0.06166263669729233,-0.06166263669729233,0.06166263669729233,0.0,0.0,0.0,-0.06166263669729233,0.0,0.0,0.0,0.0,0.0,0.0,0.0,0.0,0.0,0.0,-0.06166263669729233,-0.06166263669729233,0.0,0.0,0.0,0.0,-0.06166263669729233,0.0,0.0,-0.06166263669729233,0.0,-0.06166263669729233,0.0,0.0,-0.06166263669729233,0.0,0.0,0.0,0.0,0.0,0.0,0.0,0.0,0.0,0.0,0.0,0.0,0.0,-0.06166263669729233,0.0,0.0,0.0,0.0,0.0,0.0,-0.06166263669729233,0.0,-0.06166263669729233,0.0,0.0,0.0,0.0,0.0,0.0,0.0,0.0,0.06166263669729233,0.0,0.0,0.0,0.0,0.0,0.0,0.0,0.0,-0.06166263669729233,0.0,0.0,0.0,0.0,0.2466505467891693,0.0,0.0,0.0,0.0,0.0,0.0,0.0,0.0,0.0,0.0,0.0,0.0,0.0,0.0,0.0,0.06166263669729233,0.0,0.0,0.0,0.0,0.0,0.0,0.0,0.0,0.06166263669729233,0.0,-0.06166263669729233,0.0,0.0,0.0,0.0,0.0,0.0,-0.06166263669729233,0.0,-0.06166263669729233,0.06166263669729233,0.0,0.0,0.0,0.0,0.0,0.0,0.06166263669729233,0.0,0.0,-0.06166263669729233,-0.06166263669729233,0.0,0.0,0.12332527339458466,0.0,0.0,0.0,0.0,0.06166263669729233,0.0,0.0,0.0,0.0,0.0,0.0,0.0,0.0,0.0,-0.06166263669729233,0.0,0.0,-0.06166263669729233,0.0,0.0,0.0,0.0,-0.06166263669729233,0.0,0.0,0.0,-0.06166263669729233,0.0,0.06166263669729233,0.0,0.0,0.0,-0.06166263669729233,0.0,-0.06166263669729233,0.0,0.0,0.0,0.0,0.0,0.0,-0.30831319093704224,0.0,-0.06166263669729233,0.0,0.0,0.0,0.0,0.0,0.12332527339458466,0.0,-0.06166263669729233,0.0,0.0,0.06166263669729233,0.0,0.06166263669729233,0.0,-0.06166263669729233,0.06166263669729233,0.06166263669729233,0.0,-0.06166263669729233,0.0,0.0,0.0,0.0,0.0,0.0,0.0,-0.06166263669729233,0.0,0.0,0.0,0.18498791754245758,0.0,0.0,-0.06166263669729233,0.0,0.0,-0.06166263669729233,0.0,0.0,0.0,0.0,0.06166263669729233,0.0,0.0,0.0,0.0,0.0,0.0,0.0,0.0,0.0,0.0,0.0,0.0,0.0,0.0,0.0,0.0,0.0,0.0,0.06166263669729233,0.0,0.0,0.0,0.0,0.0,0.0,0.0,0.0,0.0,0.0,-0.06166263669729233,0.0,0.0,0.0,0.0,-0.06166263669729233,0.0,-0.06166263669729233,0.0,0.06166263669729233,0.0,0.0,0.0,0.0,0.06166263669729233,0.0,0.0,0.0,0.0,0.0,0.0,0.0,0.0,-0.06166263669729233,0.0,0.0,0.0,-0.12332527339458466,0.0,0.0,0.06166263669729233,0.0,0.0,-0.06166263669729233,0.0,0.0,0.06166263669729233,0.0,-0.06166263669729233,0.0,0.0,0.0,0.06166263669729233,0.0,-0.06166263669729233,-0.06166263669729233,-0.06166263669729233,0.0,0.0,0.0,0.0,0.0,0.0,0.0,-0.06166263669729233,0.06166263669729233,0.0,0.0,0.0,0.0,0.0,0.0,-0.06166263669729233,0.0,0.0,0.0,-0.06166263669729233,0.0,0.0,-0.06166263669729233,0.06166263669729233,0.06166263669729233,0.0,0.0,-0.06166263669729233,0.0,0.0,0.0,0.0,0.0,0.0,0.0,0.0,0.12332527339458466,0.0,0.0,0.0,0.0,0.06166263669729233,0.0,0.0,0.0,0.0,0.0,0.0,0.0,0.0,0.0,0.06166263669729233,-0.06166263669729233,0.0,0.0,0.0,0.0,0.06166263669729233,0.0,-0.12332527339458466,0.0,0.0,0.0,0.0,0.0,0.06166263669729233,0.0,-0.06166263669729233,0.0,0.0,0.0,0.0,0.0,0.0,0.06166263669729233,0.0,0.0,-0.06166263669729233,0.0,0.0,0.0,0.0,0.0,-0.06166263669729233,0.12332527339458466,-0.06166263669729233,0.0,0.0,0.0,0.0,0.06166263669729233,0.0,-0.06166263669729233,0.0,-0.06166263669729233,0.0,0.0,0.12332527339458466,-0.06166263669729233,0.0,0.0,0.0,0.0,0.0,0.0,0.0,-0.06166263669729233,0.06166263669729233,0.0,0.0,0.0,0.0,0.06166263669729233,0.06166263669729233,0.0,0.0,0.0,0.06166263669729233,0.0,0.0,0.0,0.0,0.0
000878,云南铜业,黄金有色与周期资源,global,student_B,llm_deepseek_extracted,"1. 机构席位活跃，北向资金流动频繁，筹码博弈加剧，短线波动放大。  
2. 产能回升叠加研发交付，业绩弹性增强，Bet...",-0.05103103443980217,-0.05103103443980217,0.0,0.0,-0.05103103443980217,0.0,0.0,0.0,0.05103103443980217,0.0,0.0,0.0,0.05103103443980217,0.05103103443980217,0.0,0.0,0.0,0.0,0.0,0.0,0.0,0.0,0.0,0.0,0.0,0.0,0.0,0.0,-0.05103103443980217,0.0,0.0,0.0,0.05103103443980217,0.0,0.0,0.0,0.0,0.0,0.0,0.05103103443980217,0.0,0.0,-0.05103103443980217,0.0,0.0,-0.05103103443980217,0.05103103443980217,0.0,0.0,0.0,0.05103103443980217,0.05103103443980217,0.0,0.05103103443980217,0.0,0.0,0.0,0.0,0.0,0.0,0.0,0.0,0.0,0.0,-0.05103103443980217,-0.05103103443980217,0.0,0.0,-0.05103103443980217,0.0,0.0,0.0,0.0,0.0,0.0,0.0,0.0,0.0,0.0,0.0,0.0,0.0,0.0,0.0,0.0,-0.05103103443980217,0.0,0.0,-0.05103103443980217,0.0,0.0,0.0,0.0,0.0,0.0,-0.05103103443980217,0.0,0.0,0.0,0.0,0.0,0.0,0.0,0.0,0.0,0.0,0.0,-0.05103103443980217,0.0,0.0,-0.05103103443980217,0.0,-0.05103103443980217,0.0,0.0,0.05103103443980217,0.0,0.05103103443980217,0.05103103443980217,0.05103103443980217,0.05103103443980217,0.05103103443980217,-0.05103103443980217,0.0,-0.05103103443980217,0.0,0.10206206887960434,0.0,0.0,0.0,0.0,0.05103103443980217,0.05103103443980217,-0.05103103443980217,0.0,-0.05103103443980217,0.0,0.0,0.0,0.0,0.0,-0.05103103443980217,0.0,0.0,0.0,0.0,0.05103103443980217,0.0,0.05103103443980217,0.0,0.0,-0.05103103443980217,0.0,0.0,0.0,0.0,0.0,0.0,0.0,0.0,0.0,0.0,0.10206206887960434,0.0,0.05103103443980217,-0.05103103443980217,0.0,0.0,0.0,0.05103103443980217,-0.05103103443980217,-0.05103103443980217,0.0,0.0,0.0,0.0,0.05103103443980217,0.0,0.0,0.0,0.0,0.0,0.0,0.0,0.0,0.0,0.0,0.0,0.05103103443980217,0.0,0.0,0.0,0.0,0.0,0.0,0.0,0.0,0.0,0.0,0.05103103443980217,0.05103103443980217,0.0,0.0,0.0,0.0,0.0,0.0,0.05103103443980217,0.0,-0.05103103443980217,0.0,0.05103103443980217,0.0,0.05103103443980217,0.0,0.05103103443980217,0.1530930995941162,0.0,0.0,0.0,0.0,0.0,0.0,0.10206206887960434,0.0,0.0,0.0,-0.05103103443980217,0.0,0.0,0.05103103443980217,0.05103103443980217,0.0,0.05103103443980217,0.0,0.0,-0.05103103443980217,0.0,0.0,0.0,0.0,0.0,0.0,0.0,-0.10206206887960434,0.1530930995941162,-0.05103103443980217,-0.05103103443980217,0.0,0.0,0.0,0.0,0.0,0.10206206887960434,0.0,0.0,0.0,0.0,0.0,0.0,0.0,0.0,0.0,0.0,0.0,0.0,0.0,0.0,0.0,0.0,0.0,0.05103103443980217,0.0,0.05103103443980217,-0.05103103443980217,-0.05103103443980217,0.0,0.0,0.05103103443980217,0.0,0.0,0.0,0.0,-0.05103103443980217,0.05103103443980217,0.0,-0.05103103443980217,0.0,-0.05103103443980217,0.0,0.0,0.0,0.0,0.0,0.0,0.0,-0.05103103443980217,0.0,0.0,0.05103103443980217,0.10206206887960434,0.0,0.05103103443980217,0.0,-0.05103103443980217,0.0,0.0,-0.05103103443980217,0.0,0.0,0.0,0.0,0.0,0.0,-0.05103103443980217,0.0,0.0,0.05103103443980217,0.0,0.05103103443980217,0.0,-0.05103103443980217,0.0,0.0,0.0,-0.05103103443980217,0.0,0.0,0.0,0.05103103443980217,0.0,0.0,0.0,0.0,0.0,0.0,0.0,0.0,0.0,0.0,0.05103103443980217,0.0,0.0,0.0,-0.10206206887960434,0.0,0.0,0.0,0.0,0.05103103443980217,0.0,-0.05103103443980217,0.0,0.0,-0.05103103443980217,-0.05103103443980217,0.05103103443980217,0.0,0.0,0.0,-0.05103103443980217,0.0,0.0,0.0,0.05103103443980217,0.0,0.0,0.0,0.05103103443980217,0.0,0.0,0.0,-0.05103103443980217,0.0,0.05103103443980217,0.0,0.0,0.0,0.0,0.0,-0.05103103443980217,0.0,0.0,0.05103103443980217,0.0,-0.05103103443980217,0.0,0.0,0.0,0.0,0.0,0.0,0.0,0.0,0.0,0.0,0.0,0.0,0.0,0.0,0.0,0.0,-0.05103103443980217,0.0,0.0,0.0,0.0,0.0,-0.05103103443980217,0.0,0.0,0.0,0.0,0.0,0.0,-0.05103103443980217,0.0,0.0,0.05103103443980217,0.0,0.0,0.0,0.0,-0.05103103443980217,0.0,0.0,0.0,0.0,0.0,0.0,0.0,0.3061861991882324,0.0,0.0,0.0,0.0,0.0,0.0,0.0,0.0,0.0,0.05103103443980217,0.0,0.05103103443980217,0.0,0.0,0.0,0.05103103443980217,0.0,0.0,0.0,0.0,0.0,0.0,-0.05103103443980217,0.0,0.05103103443980217,0.10206206887960434,0.0,0.0,0.0,0.05103103443980217,0.0,0.0,0.0,-0.10206206887960434,0.05103103443980217,-0.05103103443980217,0.05103103443980217,-0.05103103443980217,0.05103103443980217,0.0,0.0,0.0,-0.05103103443980217,-0.05103103443980217,0.0,-0.05103103443980217,-0.05103103443980217,-0.05103103443980217,0.0,0.0,0.05103103443980217,0.0,0.0,0.0,0.0,0.05103103443980217,0.0,0.0,0.0,0.0,0.0,0.0,0.0,0.0,0.0,-0.05103103443980217,0.0,0.0,0.0,0.0,0.0,0.0,0.0,-0.10206206887960434,0.0,0.0,0.0,-0.05103103443980217,0.0,0.05103103443980217,0.0,0.0,0.0,-0.05103103443980217,0.0,-0.05103103443980217,0.0,0.0,0.0,0.0,0.0,0.0,-0.40824827551841736,0.0,-0.05103103443980217,0.0,0.0,0.0,0.0,0.0,0.10206206887960434,0.0,-0.05103103443980217,0.0,-0.05103103443980217,0.0,0.0,0.05103103443980217,0.0,-0.05103103443980217,0.05103103443980217,0.05103103443980217,0.0,0.0,0.0,0.0,0.0,-0.05103103443980217,0.0,0.0,0.0,-0.05103103443980217,0.0,0.0,0.0,0.1530930995941162,0.0,0.0,-0.05103103443980217,0.0,0.0,0.0,0.0,0.0,0.0,0.0,0.1530930995941162,0.05103103443980217,0.0,0.0,0.0,0.0,0.0,0.0,0.0,0.0,0.0,0.0,-0.05103103443980217,-0.05103103443980217,0.0,0.0,0.0,0.0,0.0,0.05103103443980217,0.0,0.0,0.0,0.0,0.0,0.0,0.0,0.0,0.0,0.0,-0.05103103443980217,0.0,0.05103103443980217,0.0,0.0,-0.10206206887960434,0.0,-0.05103103443980217,0.0,0.05103103443980217,-0.05103103443980217,0.0,0.0,0.0,0.0,0.0,0.0,0.0,0.0,0.0,-0.05103103443980217,0.0,0.0,-0.05103103443980217,0.0,0.05103103443980217,0.0,-0.10206206887960434,0.0,0.0,0.05103103443980217,0.0,-0.05103103443980217,-0.05103103443980217,0.0,0.0,0.05103103443980217,0.0,0.0,0.0,0.0,0.0,0.05103103443980217,0.0,-0.05103103443980217,-0.05103103443980217,-0.05103103443980217,0.05103103443980217,0.0,0.0,0.0,0.0,0.0,0.0,-0.05103103443980217,0.05103103443980217,0.0,0.0,0.0,0.0,0.0,0.0,-0.05103103443980217,0.0,0.0,0.0,0.05103103443980217,0.0,0.0,-0.05103103443980217,0.0,0.05103103443980217,0.0,0.0,0.0,0.0,0.0,0.0,-0.10206206887960434,0.0,0.0,0.0,0.0,0.10206206887960434,0.0,0.0,0.0,0.0,0.05103103443980217,0.0,0.0,0.0,0.0,0.0,0.0,0.0,0.0,0.0,0.10206206887960434,0.0,0.0,0.0,0.0,0.0,0.0,0.0,-0.05103103443980217,0.0,0.0,0.0,0.0,0.0,0.0,0.0,-0.10206206887960434,0.0,0.0,0.0,0.0,-0.05103103443980217,0.0,0.05103103443980217,-0.05103103443980217,0.0,-0.05103103443980217,0.0,0.0,0.0,0.0,0.0,0.0,-0.05103103443980217,-0.05103103443980217,-0.05103103443980217,0.0,0.0,0.0,0.05103103443980217,0.0,0.0,0.0,0.0,0.0,0.0,0.10206206887960434,-0.05103103443980217,0.0,0.0,0.0,0.0,0.0,0.0,0.0,-0.05103103443980217,0.0,0.0,0.0,0.05103103443980217,0.0,0.0,0.05103103443980217,0.0,0.0,0.0,0.05103103443980217,0.0,0.0,0.0,0.05103103443980217,0.0
601600,中国铝业,黄金有色与周期资源,global,student_B,llm_deepseek_extracted,机构博弈筹码流动：北向资金活跃，机构席位双向交易，短线筹码松动但中线承接力尚可。业绩弹性与技术壁垒：产能回升叠加研发交付...,-0.0555555559694767,0.0,0.0,0.0555555559694767,-0.0555555559694767,0.0,0.0,0.0,0.0,0.0,0.0,0.0,0.0555555559694767,0.0555555559694767,0.0,0.0555555559694767,0.0,0.0,0.0,0.0555555559694767,0.0,0.0,0.0,0.0,0.0,0.0,-0.0555555559694767,0.0,0.0,0.0,0.0,0.0,0.0,0.0,0.0,0.0,0.0,0.0,0.0,0.0,0.0,0.0,-0.0555555559694767,0.0,0.0,0.0,0.0,0.0555555559694767,0.0,0.0,0.0,0.1111111119389534,0.0,0.0555555559694767,0.0,0.0,0.0,0.0,0.0555555559694767,0.0,0.0,0.0,0.0,0.0555555559694767,-0.0555555559694767,-0.0555555559694767,0.0555555559694767,0.0,0.0,0.0,0.0,0.0,0.0,0.0,0.0,0.0,0.0,-0.0555555559694767,0.0,0.0,0.0,0.0,0.0,0.0,0.0,0.0,0.0,-0.1111111119389534,-0.0555555559694767,0.0,0.0,0.0,0.0555555559694767,0.0555555559694767,0.0,0.0555555559694767,0.0,0.0,0.0,0.0,0.0,0.0,0.0,0.0,0.0,0.0,0.0,-0.1111111119389534,0.0555555559694767,0.0,-0.0555555559694767,0.0,0.0,0.0,0.0,0.0555555559694767,0.0,0.0,0.0,0.0,0.0,0.0,-0.1111111119389534,0.0,-0.0555555559694767,0.0,0.0555555559694767,0.0,0.0,0.0,0.0,0.0555555559694767,0.0555555559694767,0.0,0.0,-0.0555555559694767,0.0555555559694767,0.0,0.0,-0.0555555559694767,0.0,0.0,0.0,0.0,0.0,0.0,0.0,-0.0555555559694767,-0.0555555559694767,0.0,0.0,0.0,0.0,0.0,0.0,-0.0555555559694767,0.0,0.0,0.0,0.0,0.0555555559694767,0.0,0.1111111119389534,0.0,0.0,-0.0555555559694767,0.0,0.0,0.0,0.0,-0.1111111119389534,-0.0555555559694767,0.0,-0.0555555559694767,0.0,-0.0555555559694767,0.0555555559694767,0.0,-0.0555555559694767,0.0,0.0555555559694767,0.0,-0.0555555559694767,0.0,0.0,0.0,0.0,0.0,-0.0555555559694767,0.0,0.0,0.0,0.0,0.0,0.0,0.0,0.0,0.0,0.0,0.0,0.0555555559694767,0.0,0.0,0.0,0.0,0.0,0.0,0.1111111119389534,0.0,0.0,0.0,0.0555555559694767,0.0,0.0,0.0,0.0555555559694767,0.1111111119389534,0.0,0.0,-0.0555555559694767,0.0,0.0,0.0,-0.0555555559694767,-0.0555555559694767,0.0,0.0,-0.0555555559694767,0.0,0.0,0.1111111119389534,0.0,0.0,0.0,0.0,-0.0555555559694767,0.0,0.0,0.0,0.0,0.0,0.0,0.0555555559694767,-0.0555555559694767,0.0,0.0555555559694767,-0.1111111119389534,-0.0555555559694767,0.0,0.0,0.0,0.0,0.0,0.1111111119389534,0.0,0.0,0.0,0.0,0.0,0.0,0.0,0.0,0.0,0.0,0.0,0.0,0.0,0.0,0.0,0.0,0.0,0.0,0.0,0.0555555559694767,0.0,-0.0555555559694767,0.0,0.0,-0.0555555559694767,0.0,0.0,0.0,0.0,-0.0555555559694767,0.0,0.0,0.0,-0.0555555559694767,0.0,0.0,0.0,0.0,0.0,0.0,0.0,0.0,-0.0555555559694767,0.0,0.0,0.0555555559694767,0.0,0.0,0.0555555559694767,0.0,-0.0555555559694767,0.0,-0.0555555559694767,-0.0555555559694767,0.0,0.0,0.0,0.0,0.0,0.0,-0.0555555559694767,0.0,0.0,0.1111111119389534,0.0,0.0,0.0,0.0,0.0,0.0,0.0,0.0,0.0,0.0,0.0,0.0,0.0,0.0,0.0,0.0,0.0,0.0,0.0,0.0,0.0,0.0,0.0555555559694767,-0.0555555559694767,0.0555555559694767,0.0,-0.1111111119389534,0.0,-0.0555555559694767,0.0,0.0,0.0,0.0,0.0,0.0555555559694767,-0.0555555559694767,0.0,-0.0555555559694767,0.0555555559694767,-0.0555555559694767,0.0,0.0,-0.1111111119389534,0.0,0.0,0.0,0.0,0.0,0.0,0.0,0.0555555559694767,0.0,0.0,-0.1111111119389534,-0.0555555559694767,0.0,0.0,0.0,0.0,0.0,0.0,0.0,-0.0555555559694767,0.0,0.0555555559694767,0.0555555559694767,0.0,0.0555555559694767,0.0,0.0,0.0555555559694767,0.0555555559694767,0.0,0.0,0.0,0.0555555559694767,0.0,0.0,0.0,0.0,0.0,-0.1111111119389534,0.0,0.0,0.0,0.0,0.0,0.0,-0.1111111119389534,0.0,-0.0555555559694767,-0.0555555559694767,0.0,0.0,0.0,0.0,0.0555555559694767,-0.0555555559694767,0.0,0.0,0.0555555559694767,0.0,0.0555555559694767,0.0,0.0,0.0,0.0,0.0,0.0,0.0,0.0,0.0,0.0,0.0,0.0,0.0,0.0,0.0,-0.0555555559694767,0.0555555559694767,0.0,0.0,0.0,0.0,0.1111111119389534,0.0,0.0,0.0,-0.0555555559694767,0.0555555559694767,0.0,0.0,0.0,0.0,0.0,0.0,-0.0555555559694767,0.0,0.0555555559694767,0.0,0.0,0.0,0.0,0.0,0.0,0.0,0.0,0.0,0.0,0.0,0.0,0.0555555559694767,0.0,0.0,0.0,0.0,-0.0555555559694767,0.0,0.0,-0.0555555559694767,0.0,-0.0555555559694767,0.0,0.0,0.0,0.0,-0.0555555559694767,0.0,0.0,0.0,0.0,0.0,0.0,0.0,0.0,0.0,0.0,0.0,0.0555555559694767,-0.0555555559694767,0.0,0.0,0.0,0.0,0.0,0.0555555559694767,0.0,-0.0555555559694767,0.0,0.0,0.0,-0.0555555559694767,0.0,0.0,0.0,0.0,0.0,-0.1111111119389534,0.0,-0.0555555559694767,0.0,0.0,0.0,-0.0555555559694767,0.0,0.0,-0.2222222238779068,0.0,-0.0555555559694767,0.0,0.0,0.0,0.0,0.0,0.0555555559694767,0.0,-0.0555555559694767,0.0,0.0,0.0,0.0,0.0,-0.0555555559694767,-0.0555555559694767,0.0,0.0555555559694767,-0.0555555559694767,0.0,0.0555555559694767,0.0,0.0,0.0,0.0,0.0,0.0,0.0,0.0,0.0,-0.0555555559694767,0.1666666716337204,0.0,0.0,-0.0555555559694767,0.0,0.0,0.0,0.0,0.0,0.0,0.0,0.0,0.0,0.0,0.0,0.0,0.0,0.0,0.0555555559694767,0.0,0.0555555559694767,0.0,0.0,0.0,-0.0555555559694767,0.0,0.0,0.0,0.0,0.0,0.0,0.0,0.0555555559694767,0.0,0.0,0.0,0.0,0.0,0.0,0.0,-0.0555555559694767,-0.0555555559694767,0.0,0.0,0.0,0.0,-0.0555555559694767,0.0,0.0,0.0,0.0555555559694767,0.0,0.0,0.0,0.0,0.0,0.0,0.0,0.0,0.0,0.0,0.0,0.0,0.0,-0.1111111119389534,0.0,0.0,0.0,-0.0555555559694767,0.0,0.0,0.0,0.0,0.0,-0.1666666716337204,0.0,0.0,0.0,-0.0555555559694767,0.0,0.0,0.0,-0.0555555559694767,0.0,0.0,0.0,0.0555555559694767,0.0,0.0,0.0,0.0,0.0,-0.0555555559694767,0.0,-0.0555555559694767,0.0,0.0,-0.0555555559694767,0.0,0.0,0.0,0.0,-0.0555555559694767,-0.0555555559694767,0.0555555559694767,0.0,0.0,0.0555555559694767,0.0,0.0555555559694767,0.0,0.0,0.1666666716337204,0.0,0.0,-0.0555555559694767,0.0,0.0,0.0,0.0,-0.0555555559694767,0.0,0.0,0.0,0.1111111119389534,0.0,-0.0555555559694767,0.0,0.0,0.1111111119389534,0.0,0.0,0.0,0.0,0.0,-0.0555555559694767,0.0,0.0,0.0,0.0555555559694767,0.0,0.0,0.0,0.0,0.0,0.0,0.0,-0.1666666716337204,0.0,0.0,0.0,0.0,0.0,0.0555555559694767,0.0,-0.0555555559694767,0.0,-0.0555555559694767,0.0,0.0,0.0,0.0,0.0555555559694767,0.0,0.0,0.0555555559694767,0.0,0.0,0.0,0.0,0.0555555559694767,0.0,0.2222222238779068,0.0,0.0,-0.0555555559694767,-0.0555555559694767,0.0,-0.0555555559694767,0.0,-0.1111111119389534,0.0,-0.1111111119389534,-0.0555555559694767,0.0,0.0555555559694767,-0.0555555559694767,0.0,0.0555555559694767,0.0,0.0,0.0555555559694767,0.0,0.0,0.0,0.0,0.0,0.0,0.0555555559694767,0.0,0.0,0.0,0.0,0.0,0.0,0.0,0.0,0.0,0.0,0.0,0.0
002532,天山铝业,黄金有色与周期资源,global,student_B,llm_deepseek_extracted,"1. 机构席位活跃，北向资金流入，筹码博弈偏多。  
2. 产能回升+研发交付，业绩弹性增强，技术壁垒稳固。  
3. ...",-0.06324555724859238,-0.06324555724859238,0.0,0.0,0.0,0.0,0.0,0.0,0.0,0.0,0.0,0.0,0.06324555724859238,0.06324555724859238,0.0,0.0,0.0,0.0,0.0,0.0,0.0,0.0,0.0,0.0,0.0,0.0,0.0,0.0,0.0,0.0,0.0,0.06324555724859238,0.06324555724859238,0.0,0.0,0.0,0.0,0.0,0.0,0.0,0.0,0.0,-0.06324555724859238,0.0,0.0,0.0,0.0,0.0,0.0,0.0,0.06324555724859238,0.06324555724859238,0.0,0.06324555724859238,0.06324555724859238,0.0,0.0,0.0,0.0,0.0,0.0,0.0,0.0,0.0,-0.06324555724859238,-0.06324555724859238,0.0,0.0,0.0,0.0,0.0,0.0,0.0,0.0,-0.06324555724859238,0.0,0.0,-0.06324555724859238,0.0,0.0,0.0,0.0,0.0,0.0,-0.06324555724859238,0.0,0.0,-0.06324555724859238,0.0,0.0,0.0,0.06324555724859238,0.0,0.0,0.06324555724859238,0.0,0.0,0.0,0.0,0.0,0.0,0.0,0.0,0.0,0.0,0.0,0.0,-0.06324555724859238,0.0,0.0,-0.06324555724859238,0.0,0.0,0.0,0.0,0.06324555724859238,0.0,0.06324555724859238,0.0,0.06324555724859238,0.0,0.0,0.0,0.0,-0.06324555724859238,0.0,0.06324555724859238,0.0,0.0,0.0,0.0,0.06324555724859238,0.06324555724859238,-0.06324555724859238,0.0,-0.06324555724859238,0.0,0.0,0.0,0.0,0.0,0.0,0.0,0.0,0.0,0.0,0.0,0.0,0.06324555724859238,0.0,0.0,0.0,0.0,0.0,0.0,0.06324555724859238,0.0,0.0,0.0,0.0,0.0,0.0,0.12649111449718475,-0.06324555724859238,0.0,-0.06324555724859238,0.0,0.0,0.0,0.0,-0.06324555724859238,0.0,0.0,0.0,0.0,0.0,0.06324555724859238,0.0,-0.06324555724859238,0.0,0.0,0.0,0.0,0.0,0.0,0.0,0.0,0.0,0.0,0.0,0.0,0.0,0.0,0.0,0.06324555724859238,0.0,0.0,0.0,0.0,0.0,0.12649111449718475,0.0,0.0,0.0,0.0,0.0,0.0,0.06324555724859238,0.0,0.0,0.0,-0.06324555724859238,-0.06324555724859238,0.0,0.0,0.06324555724859238,0.06324555724859238,0.0,0.0,0.0,-0.06324555724859238,0.0,0.0,0.0,0.0,0.0,0.0,-0.06324555724859238,0.0,0.06324555724859238,0.06324555724859238,0.06324555724859238,0.0,0.0,0.0,0.0,-0.12649111449718475,0.0,0.0,0.0,0.06324555724859238,0.0,0.0,0.0,-0.06324555724859238,0.12649111449718475,0.0,-0.06324555724859238,0.0,0.0,0.0,0.0,0.0,0.12649111449718475,0.0,0.0,0.0,0.0,0.0,0.0,0.0,0.0,0.0,0.0,0.0,0.0,0.0,0.0,0.0,0.0,0.0,0.0,0.0,0.0,-0.06324555724859238,-0.06324555724859238,0.0,0.0,0.0,0.0,0.0,0.0,0.0,-0.06324555724859238,0.06324555724859238,0.0,0.0,0.0,-0.06324555724859238,0.0,0.0,0.0,0.0,0.0,0.0,0.0,0.06324555724859238,0.0,0.0,0.06324555724859238,0.0,0.0,0.06324555724859238,0.0,-0.06324555724859238,0.0,0.0,-0.06324555724859238,0.0,0.0,0.0,0.0,0.0,0.0,-0.06324555724859238,0.0,0.0,0.06324555724859238,0.0,0.0,0.0,-0.06324555724859238,0.06324555724859238,0.0,0.0,0.0,0.0,0.0,0.0,0.0,0.0,0.0,0.0,0.0,0.0,0.0,0.0,0.0,0.0,0.0,0.06324555724859238,0.0,0.0,0.0,0.0,0.0,0.0,0.0,0.0,0.0,0.0,-0.06324555724859238,0.0,-0.06324555724859238,0.0,-0.06324555724859238,0.06324555724859238,0.0,0.0,0.0,-0.06324555724859238,0.0,0.0,0.0,0.0,0.0,0.0,0.0,0.0,0.0,0.0,-0.06324555724859238,0.0,0.0,0.0,0.0,0.0,0.0,0.0,0.0,-0.06324555724859238,0.0,0.0,0.0,0.0,-0.06324555724859238,0.0,0.0,0.0,0.0,0.0,0.0,0.0,0.0,0.0,0.0,0.0,0.0,0.0,-0.06324555724859238,-0.06324555724859238,0.0,0.0,0.0,0.0,0.0,-0.06324555724859238,0.0,-0.06324555724859238,0.0,0.0,0.0,0.0,0.0,0.0,0.0,0.0,0.06324555724859238,-0.06324555724859238,0.0,0.0,0.0,0.0,0.0,0.0,0.0,0.0,0.0,0.0,0.0,0.0,0.2529822289943695,0.0,0.0,0.0,0.0,0.0,0.0,0.0,0.0,0.0,0.0,0.0,0.0,0.0,0.0,0.0,0.06324555724859238,0.0,0.0,0.0,0.0,0.0,0.0,0.0,0.0,0.06324555724859238,0.0,0.0,0.0,0.0,0.0,0.0,0.0,0.0,0.0,0.0,-0.06324555724859238,0.06324555724859238,0.0,0.0,0.0,0.0,0.0,0.06324555724859238,0.12649111449718475,0.0,0.0,0.0,-0.06324555724859238,0.0,0.0,0.06324555724859238,0.0,0.0,0.0,0.0,0.06324555724859238,0.0,0.0,0.0,0.0,0.0,0.0,0.0,0.0,0.0,-0.06324555724859238,0.0,0.0,-0.06324555724859238,0.0,0.0,0.0,-0.06324555724859238,0.0,0.0,0.0,0.0,-0.06324555724859238,0.0,0.06324555724859238,0.0,0.0,0.0,-0.06324555724859238,0.0,-0.06324555724859238,0.0,0.0,0.0,0.0,0.0,0.0,-0.2529822289943695,0.0,-0.06324555724859238,0.0,0.0,0.0,0.0,0.0,0.18973666429519653,0.0,-0.06324555724859238,0.0,0.0,0.06324555724859238,0.0,0.0,-0.06324555724859238,-0.06324555724859238,0.06324555724859238,0.06324555724859238,-0.06324555724859238,0.0,0.0,0.0,0.0,0.0,0.0,0.0,0.0,-0.06324555724859238,0.0,0.0,0.0,0.18973666429519653,0.0,0.0,-0.06324555724859238,0.0,0.0,0.0,0.0,0.0,0.0,-0.06324555724859238,0.06324555724859238,0.0,0.0,0.0,0.0,0.0,0.0,0.0,0.0,0.0,0.0,0.0,0.0,0.0,0.0,0.0,0.0,0.0,0.0,0.06324555724859238,0.0,0.0,-0.06324555724859238,0.0,0.0,0.06324555724859238,0.0,0.0,0.06324555724859238,0.0,-0.12649111449718475,0.0,0.0,0.0,0.0,-0.06324555724859238,0.0,-0.06324555724859238,0.0,0.06324555724859238,0.0,0.0,0.0,0.0,0.0,0.0,0.0,0.0,0.0,0.0,0.0,0.0,0.0,-0.06324555724859238,0.0,0.0,0.0,-0.06324555724859238,0.0,0.0,0.06324555724859238,0.0,0.0,-0.06324555724859238,0.0,0.0,0.06324555724859238,0.0,-0.06324555724859238,0.0,0.0,0.06324555724859238,0.06324555724859238,0.0,-0.06324555724859238,0.0,-0.06324555724859238,0.0,0.0,0.0,0.0,0.0,0.0,0.0,0.0,0.06324555724859238,0.0,0.0,0.0,0.0,0.0,0.0,-0.06324555724859238,0.0,0.0,0.0,0.0,0.0,0.0,0.0,0.0,0.06324555724859238,0.0,0.0,-0.06324555724859238,0.0,0.0,0.0,0.0,0.0,0.0,0.0,0.0,0.12649111449718475,0.0,0.0,0.0,0.0,0.06324555724859238,0.0,0.0,0.0,0.0,0.0,0.0,0.0,0.0,0.0,0.06324555724859238,-0.06324555724859238,0.0,0.0,0.0,0.0,0.06324555724859238,0.0,-0.12649111449718475,0.0,0.0,0.0,0.0,0.0,0.06324555724859238,0.0,-0.06324555724859238,0.0,0.0,0.0,0.0,0.0,0.0,0.06324555724859238,0.0,0.0,0.0,0.0,0.0,0.0,0.0,0.0,-0.06324555724859238,0.12649111449718475,0.0,0.0,0.0,0.0,0.0,0.06324555724859238,0.0,-0.06324555724859238,0.0,-0.06324555724859238,0.0,0.0,0.2529822289943695,-0.06324555724859238,0.0,0.0,0.0,0.0,0.0,0.0,0.0,-0.06324555724859238,0.0,0.0,0.0,0.0,0.0,0.06324555724859238,0.0,0.0,-0.06324555724859238,0.0,0.06324555724859238,0.0,0.0,0.0,0.0,0.0
600219,南山铝业,黄金有色与周期资源,global,student_B,llm_deepseek_extracted,"1. 机构席位活跃，北向资金流入，筹码博弈偏多。  
2. 产能回升+研发交付，业绩弹性增强，技术壁垒稳固。  
3. ...",-0.06286945939064026,-0.06286945939064026,0.0,0.0,0.0,0.0,0.0,0.0,0.0,0.0,0.0,0.0,0.06286945939064026,0.06286945939064026,0.0,0.0,0.0,0.0,0.0,0.0,0.0,0.0,0.0,0.0,0.0,0.0,0.0,0.0,0.0,0.0,0.0,0.06286945939064026,0.06286945939064026,0.0,0.0,0.06286945939064026,0.0,0.0,0.0,0.0,0.0,0.0,-0.06286945939064026,0.0,0.0,0.0,0.0,0.0,0.0,0.0,0.06286945939064026,0.06286945939064026,0.0,0.06286945939064026,0.06286945939064026,0.0,0.0,0.0,0.0,0.0,0.0,0.0,0.0,0.0,-0.06286945939064026,-0.06286945939064026,0.0,0.0,0.0,0.0,0.0,0.0,0.0,0.0,-0.06286945939064026,0.0,0.0,-0.06286945939064026,0.0,0.0,0.0,0.0,0.0,0.0,-0.06286945939064026,0.0,0.0,-0.06286945939064026,0.0,0.0,0.0,0.06286945939064026,0.0,0.0,0.06286945939064026,0.0,0.0,0.0,0.0,0.0,0.0,0.0,0.0,0.0,0.0,0.0,0.0,-0.06286945939064026,0.0,0.0,-0.06286945939064026,0.0,0.0,0.0,0.0,0.06286945939064026,0.0,0.06286945939064026,0.0,0.06286945939064026,0.0,0.0,0.0,0.0,-0.06286945939064026,0.0,0.06286945939064026,0.0,0.0,0.0,0.0,0.06286945939064026,0.06286945939064026,-0.06286945939064026,0.0,-0.06286945939064026,0.0,0.0,0.0,0.0,0.0,0.0,0.0,0.0,0.0,0.0,0.0,0.0,0.06286945939064026,0.0,0.0,0.0,0.0,0.0,0.0,0.06286945939064026,0.0,0.0,0.0,0.0,0.0,0.0,0.12573891878128052,-0.06286945939064026,0.0,0.0,0.0,0.0,0.0,0.0,-0.06286945939064026,0.0,0.0,0.0,0.0,0.0,0.06286945939064026,0.0,-0.06286945939064026,0.0,0.0,0.0,0.0,0.0,0.0,0.0,0.0,0.0,0.0,0.0,0.0,0.0,0.0,0.0,0.06286945939064026,0.0,0.0,0.0,0.0,0.0,0.12573891878128052,0.0,0.0,0.0,-0.06286945939064026,0.0,0.0,0.06286945939064026,0.0,0.0,0.0,0.0,-0.06286945939064026,0.0,0.0,0.06286945939064026,0.06286945939064026,0.0,0.0,0.0,-0.06286945939064026,0.06286945939064026,0.0,0.0,0.0,0.0,0.0,-0.06286945939064026,0.0,0.06286945939064026,0.06286945939064026,0.06286945939064026,0.0,0.0,0.0,0.0,-0.12573891878128052,0.0,0.0,0.0,0.06286945939064026,0.0,0.0,0.0,-0.06286945939064026,0.12573891878128052,0.0,-0.06286945939064026,0.0,0.0,0.0,0.0,0.0,0.12573891878128052,0.0,0.0,0.0,0.0,0.0,0.0,0.0,0.0,0.0,0.0,0.0,0.0,0.0,0.0,0.0,0.0,0.0,0.0,0.0,0.0,-0.06286945939064026,-0.06286945939064026,0.0,0.0,0.0,0.0,0.0,0.0,0.0,-0.06286945939064026,0.06286945939064026,0.0,0.0,0.0,-0.06286945939064026,0.0,0.0,0.0,0.0,0.0,0.0,0.0,0.06286945939064026,0.0,0.0,0.06286945939064026,0.0,0.0,0.06286945939064026,0.0,-0.06286945939064026,0.0,0.0,-0.06286945939064026,0.0,0.0,0.0,0.0,0.0,0.0,-0.06286945939064026,0.0,0.0,0.06286945939064026,0.0,0.0,0.0,-0.06286945939064026,0.06286945939064026,0.0,0.0,0.0,0.0,0.0,0.0,0.0,0.0,0.0,0.0,0.0,0.0,0.0,0.0,0.0,0.0,0.0,0.06286945939064026,0.0,0.0,0.0,0.0,0.0,0.0,0.0,0.0,0.06286945939064026,-0.06286945939064026,-0.06286945939064026,0.0,0.0,0.0,-0.06286945939064026,0.06286945939064026,0.0,0.0,0.0,-0.06286945939064026,0.0,0.0,0.0,0.0,0.0,0.0,0.0,0.0,0.0,0.0,-0.06286945939064026,0.0,0.0,0.0,0.0,0.0,-0.06286945939064026,0.0,0.0,-0.06286945939064026,0.0,0.0,0.06286945939064026,0.0,-0.06286945939064026,0.0,0.0,0.0,0.0,0.0,0.0,0.0,0.0,0.0,0.0,0.0,0.0,0.0,-0.06286945939064026,-0.06286945939064026,0.0,0.0,0.0,0.0,0.0,-0.06286945939064026,0.0,-0.06286945939064026,0.0,0.0,0.0,0.0,0.0,0.0,0.0,0.0,0.06286945939064026,0.0,0.0,0.0,0.0,0.0,0.0,0.0,0.0,0.0,0.0,0.0,0.0,0.0,0.25147783756256104,0.0,0.0,0.0,0.0,0.0,0.0,0.0,0.0,0.0,0.0,0.0,0.0,0.0,0.0,0.0,0.06286945939064026,0.0,0.0,0.0,0.0,0.0,0.0,0.0,0.0,0.06286945939064026,0.0,0.0,0.0,0.0,0.0,0.0,0.0,0.0,0.0,0.0,-0.06286945939064026,0.06286945939064026,0.0,0.0,0.0,0.0,0.0,0.06286945939064026,0.12573891878128052,0.0,0.0,0.0,-0.06286945939064026,0.0,0.0,0.06286945939064026,0.0,0.0,0.0,0.0,0.06286945939064026,0.0,0.0,0.0,0.0,0.0,0.0,0.0,0.0,0.0,-0.06286945939064026,0.0,0.0,-0.06286945939064026,0.0,0.0,0.0,-0.06286945939064026,0.0,0.0,0.0,0.0,-0.06286945939064026,0.0,0.06286945939064026,0.0,0.0,0.0,-0.06286945939064026,0.0,-0.06286945939064026,0.0,0.0,0.0,0.0,0.0,0.0,-0.25147783756256104,0.0,-0.06286945939064026,0.0,0.0,0.0,0.0,0.0,0.18860839307308197,0.0,-0.06286945939064026,0.0,0.0,0.06286945939064026,0.0,0.0,0.0,-0.06286945939064026,0.06286945939064026,0.06286945939064026,-0.06286945939064026,0.0,0.0,0.0,0.0,0.0,0.0,0.0,0.0,-0.06286945939064026,0.0,0.0,0.0,0.18860839307308197,0.0,0.0,-0.06286945939064026,0.0,0.0,0.0,0.0,0.0,0.0,-0.06286945939064026,0.06286945939064026,0.0,0.0,0.0,0.0,0.0,0.0,0.0,0.0,0.0,0.0,0.0,0.0,0.0,0.0,0.0,0.0,0.0,0.0,0.06286945939064026,0.0,0.0,-0.06286945939064026,0.0,0.0,0.06286945939064026,0.0,0.0,0.0,0.0,-0.12573891878128052,0.0,0.0,0.0,0.0,-0.06286945939064026,0.0,-0.06286945939064026,0.0,0.06286945939064026,0.0,0.0,0.0,0.0,0.0,0.0,0.0,0.0,0.0,0.0,0.0,0.0,0.0,-0.06286945939064026,0.0,0.0,0.0,-0.06286945939064026,0.0,0.0,0.06286945939064026,0.0,0.0,-0.06286945939064026,0.0,0.0,0.06286945939064026,0.0,-0.06286945939064026,0.0,0.0,0.06286945939064026,0.06286945939064026,0.0,-0.06286945939064026,0.0,-0.06286945939064026,0.0,0.0,0.0,0.0,0.0,0.0,0.0,-0.06286945939064026,0.06286945939064026,0.0,0.0,0.0,0.0,0.0,0.06286945939064026,-0.06286945939064026,0.0,0.0,0.0,0.0,0.0,0.0,0.0,0.0,0.06286945939064026,0.0,0.0,-0.06286945939064026,0.0,0.0,0.0,0.0,0.0,0.0,0.0,0.0,0.12573891878128052,0.0,0.0,0.0,0.0,0.06286945939064026,0.0,0.0,0.0,0.0,0.0,0.0,0.0,0.0,0.0,0.06286945939064026,-0.06286945939064026,0.0,0.0,0.0,0.0,0.06286945939064026,0.0,-0.12573891878128052,0.0,0.0,0.0,0.0,0.0,0.06286945939064026,0.0,-0.06286945939064026,0.0,0.0,0.0,0.0,0.0,0.0,0.06286945939064026,0.0,0.0,0.0,0.0,0.0,0.0,0.0,0.0,-0.06286945939064026,0.12573891878128052,0.0,0.0,0.0,0.0,0.0,0.06286945939064026,0.0,-0.06286945939064026,0.0,-0.06286945939064026,0.0,0.0,0.25147783756256104,-0.06286945939064026,0.0,0.0,0.0,0.0,0.0,0.0,0.0,-0.06286945939064026,0.0,0.0,0.0,0.0,0.0,0.06286945939064026,0.0,0.0,-0.06286945939064026,0.0,0.06286945939064026,0.0,0.0,0.0,0.0,0.0
600549,厦门钨业,黄金有色与周期资源,global,student_B,llm_deepseek_extracted,"1. 机构席位活跃，北向资金流动频繁，筹码博弈加剧。  
2. 产能回升叠加研发交付，业绩弹性增强，技术壁垒稳固。  
...",-0.060633908957242966,-0.060633908957242966,0.0,0.0,0.0,0.0,0.0,0.0,0.0,0.0,0.0,0.0,0.060633908957242966,0.060633908957242966,0.0,0.0,0.0,0.0,0.060633908957242966,0.0,0.0,0.0,0.0,0.0,0.0,0.0,0.0,0.0,0.0,0.0,0.0,0.060633908957242966,0.060633908957242966,0.0,0.0,0.0,0.0,0.0,0.0,0.0,0.0,0.0,-0.060633908957242966,0.0,0.0,0.0,0.0,0.0,0.0,0.0,0.060633908957242966,0.060633908957242966,0.0,0.060633908957242966,0.0,0.0,0.0,0.0,0.0,0.0,0.0,0.0,0.0,0.0,-0.060633908957242966,-0.060633908957242966,0.0,0.0,0.0,0.0,0.0,0.0,0.0,0.0,0.0,0.0,0.0,-0.060633908957242966,0.0,0.0,0.0,0.0,0.0,0.0,0.0,0.0,0.0,-0.060633908957242966,0.0,0.0,0.0,0.0,0.0,0.0,0.0,0.0,0.0,0.0,0.0,0.0,0.0,0.0,0.0,0.0,0.0,0.0,0.0,-0.060633908957242966,0.0,0.0,-0.060633908957242966,0.0,0.0,0.0,0.0,0.060633908957242966,0.0,0.060633908957242966,0.0,0.060633908957242966,0.0,0.0,-0.060633908957242966,0.0,-0.060633908957242966,0.0,0.12126781791448593,0.0,0.0,0.0,0.0,0.060633908957242966,0.060633908957242966,-0.060633908957242966,0.0,-0.060633908957242966,0.0,0.0,0.0,0.0,0.0,0.0,0.0,0.0,0.0,0.0,0.060633908957242966,0.0,0.060633908957242966,0.0,0.0,0.0,0.0,0.0,0.0,0.0,0.0,0.0,0.0,0.0,0.0,0.0,0.12126781791448593,-0.060633908957242966,0.12126781791448593,-0.060633908957242966,0.0,0.0,0.0,0.060633908957242966,-0.060633908957242966,-0.060633908957242966,0.060633908957242966,0.0,0.0,0.0,0.060633908957242966,0.0,-0.060633908957242966,0.0,0.0,0.0,0.0,0.0,0.0,0.0,0.0,0.0,0.0,0.0,0.0,0.0,0.060633908957242966,0.0,0.0,0.0,0.0,0.0,0.0,0.0,0.12126781791448593,0.0,0.0,0.0,0.0,0.0,0.0,0.060633908957242966,0.0,0.0,0.0,0.060633908957242966,0.0,0.0,0.0,0.060633908957242966,0.12126781791448593,0.0,0.0,-0.060633908957242966,-0.060633908957242966,0.0,0.0,0.0,0.0,0.0,0.0,-0.060633908957242966,0.0,0.060633908957242966,0.060633908957242966,0.060633908957242966,0.0,0.0,0.0,0.0,0.0,0.0,0.0,0.0,0.0,0.0,0.0,0.0,-0.060633908957242966,0.12126781791448593,0.0,-0.12126781791448593,0.0,0.0,0.0,0.0,0.0,0.12126781791448593,0.0,0.0,0.0,0.0,0.0,0.0,0.0,0.0,0.0,0.0,0.0,0.0,0.0,0.0,0.0,0.0,0.0,0.0,0.0,0.060633908957242966,-0.060633908957242966,-0.060633908957242966,0.0,-0.060633908957242966,0.0,0.0,0.0,0.0,0.0,-0.060633908957242966,0.060633908957242966,0.0,-0.060633908957242966,0.0,-0.060633908957242966,0.0,0.0,0.0,0.0,0.0,0.0,0.0,0.0,0.0,0.0,0.060633908957242966,0.0,0.0,0.060633908957242966,0.0,-0.060633908957242966,0.0,0.0,-0.060633908957242966,0.0,0.0,0.0,0.0,0.0,0.0,-0.060633908957242966,0.0,0.0,0.060633908957242966,0.0,0.0,0.0,-0.060633908957242966,0.0,0.0,0.0,0.0,0.0,0.0,0.0,0.0,0.0,0.0,0.0,0.0,0.0,0.0,0.0,0.0,0.0,-0.060633908957242966,0.060633908957242966,0.0,0.0,0.0,-0.060633908957242966,0.0,0.0,0.0,0.0,0.060633908957242966,0.0,-0.060633908957242966,0.0,0.0,-0.060633908957242966,-0.060633908957242966,0.060633908957242966,0.0,0.0,0.0,-0.060633908957242966,0.060633908957242966,0.0,0.0,0.0,0.0,0.0,0.0,0.0,0.0,0.0,-0.060633908957242966,-0.060633908957242966,0.0,0.0,0.0,0.0,0.0,0.0,0.0,-0.060633908957242966,0.0,0.0,0.060633908957242966,0.0,-0.060633908957242966,0.0,0.0,0.0,0.0,0.0,0.060633908957242966,0.0,0.0,0.0,0.0,0.0,0.0,0.0,0.0,0.0,0.0,0.0,0.0,0.0,0.0,-0.060633908957242966,0.0,-0.060633908957242966,0.0,0.0,0.0,0.0,0.0,0.0,-0.060633908957242966,0.0,0.060633908957242966,0.060633908957242966,0.0,0.0,0.0,0.0,0.0,0.0,0.0,0.0,0.0,0.0,0.0,0.0,0.24253563582897186,0.0,0.0,-0.060633908957242966,0.0,0.0,0.0,0.0,0.0,0.0,0.0,0.0,0.0,0.0,0.0,0.0,0.060633908957242966,0.0,0.0,-0.060633908957242966,0.0,0.0,0.0,0.0,0.0,0.060633908957242966,0.0,0.0,0.0,0.0,0.0,0.0,0.0,0.0,-0.12126781791448593,0.0,-0.060633908957242966,0.060633908957242966,0.0,0.0,0.0,0.0,0.0,0.0,0.060633908957242966,0.0,-0.060633908957242966,-0.060633908957242966,-0.060633908957242966,0.0,0.0,0.060633908957242966,0.0,0.0,0.0,0.0,0.060633908957242966,0.0,0.0,0.0,0.0,0.0,0.0,0.0,0.0,0.0,-0.060633908957242966,0.0,0.0,-0.060633908957242966,0.0,0.0,0.0,0.0,-0.12126781791448593,0.0,0.0,0.0,0.0,0.0,0.060633908957242966,0.0,0.0,0.0,-0.060633908957242966,0.0,-0.060633908957242966,0.0,0.0,0.0,0.0,0.0,0.0,-0.3031695485115051,0.0,-0.060633908957242966,0.0,0.0,0.0,0.0,0.0,0.12126781791448593,0.0,-0.060633908957242966,0.0,0.0,0.0,0.0,0.0,0.0,-0.060633908957242966,0.060633908957242966,0.060633908957242966,0.0,-0.060633908957242966,0.0,0.0,0.0,-0.060633908957242966,0.0,0.0,0.0,-0.060633908957242966,0.0,0.0,0.0,0.1819017231464386,0.0,-0.060633908957242966,-0.060633908957242966,0.0,0.0,0.0,0.0,0.0,0.0,0.0,0.060633908957242966,0.0,0.0,0.060633908957242966,0.0,0.0,0.0,0.0,0.0,0.0,0.0,0.0,0.0,-0.060633908957242966,0.0,0.0,0.0,0.0,0.0,0.060633908957242966,0.0,0.0,0.0,0.0,0.0,0.0,0.0,0.0,0.0,0.0,-0.060633908957242966,0.0,0.0,0.0,0.0,-0.060633908957242966,0.0,-0.060633908957242966,0.0,0.060633908957242966,-0.060633908957242966,0.0,0.0,0.0,0.0,0.0,0.0,0.0,0.0,0.0,0.0,0.0,0.0,-0.060633908957242966,-0.060633908957242966,0.0,0.0,-0.12126781791448593,0.0,0.0,0.060633908957242966,0.0,0.0,-0.060633908957242966,0.0,0.0,0.060633908957242966,0.0,-0.060633908957242966,0.0,0.0,0.0,0.060633908957242966,0.0,-0.060633908957242966,-0.060633908957242966,-0.060633908957242966,0.0,0.060633908957242966,0.0,0.0,0.0,0.0,-0.060633908957242966,0.0,0.060633908957242966,0.0,0.0,0.0,0.0,0.0,0.0,-0.060633908957242966,0.0,0.0,0.0,0.0,0.0,-0.060633908957242966,-0.060633908957242966,0.0,0.060633908957242966,0.0,0.0,-0.060633908957242966,0.0,0.0,0.0,0.0,0.0,0.0,0.0,0.0,0.12126781791448593,0.0,0.0,0.0,0.0,0.060633908957242966,0.0,0.0,0.0,0.0,0.0,0.0,0.0,0.0,0.0,0.060633908957242966,-0.060633908957242966,0.0,0.0,0.0,0.0,0.060633908957242966,0.0,-0.12126781791448593,0.0,0.0,0.0,0.0,0.0,0.060633908957242966,0.0,-0.060633908957242966,0.0,0.0,0.0,0.0,0.0,0.0,0.060633908957242966,0.0,0.060633908957242966,0.0,0.0,0.0,0.0,0.0,0.0,-0.060633908957242966,0.12126781791448593,-0.060633908957242966,0.0,0.0,0.0,0.0,0.060633908957242966,0.0,-0.060633908957242966,0.0,-0.060633908957242966,0.0,-0.060633908957242966,0.12126781791448593,-0.060633908957242966,0.0,0.0,0.0,0.0,0.0,0.0,0.0,-0.060633908957242966,0.060633908957242966,0.0,0.0,0.060633908957242966,0.0,0.060633908957242966,0.060633908957242966,0.0,0.0,0.0,0.060633908957242966,0.0,0.0,0.0,0.0,0.0
600392,盛和资源,黄金有色与周期资源,global,student_B,llm_deepseek_extracted,"1. 机构席位活跃，北向资金流动频繁，筹码博弈加剧。  
2. 产能回升+研发交付，业绩弹性增强，技术壁垒稳固。  
3...",-0.05944383144378662,-0.05944383144378662,0.0,0.0,0.0,0.0,0.0,0.0,0.0,0.0,0.0,0.0,0.05944383144378662,0.05944383144378662,0.0,0.0,0.0,0.0,0.0,0.0,0.0,0.0,0.0,0.0,0.0,0.0,0.0,0.0,0.0,0.0,0.0,0.05944383144378662,0.05944383144378662,0.0,0.0,0.0,0.0,0.0,0.0,0.0,0.0,0.0,-0.05944383144378662,0.0,0.0,0.0,0.0,0.0,0.0,0.0,0.05944383144378662,0.05944383144378662,0.0,0.05944383144378662,0.0,0.0,0.0,0.0,0.0,0.0,0.0,0.0,0.0,0.0,-0.11888766288757324,-0.05944383144378662,0.0,0.0,0.0,0.0,0.0,0.0,0.0,0.0,0.0,0.0,0.0,-0.05944383144378662,0.0,0.0,0.0,0.0,0.0,0.0,0.0,0.0,0.0,-0.05944383144378662,0.0,0.0,0.0,0.05944383144378662,0.0,0.0,0.0,0.0,0.0,0.0,0.0,0.0,0.0,0.0,0.0,0.0,0.0,0.0,0.0,-0.05944383144378662,0.0,0.0,-0.05944383144378662,0.0,0.0,0.0,0.0,0.05944383144378662,0.0,0.05944383144378662,0.0,0.05944383144378662,0.0,0.0,0.0,0.0,-0.05944383144378662,0.0,0.11888766288757324,0.0,0.0,0.0,0.0,0.05944383144378662,0.05944383144378662,-0.05944383144378662,0.0,-0.05944383144378662,0.0,0.0,0.0,0.0,0.0,0.0,0.0,0.0,0.0,0.0,0.05944383144378662,0.0,0.05944383144378662,0.0,0.0,0.0,0.0,0.0,0.0,0.05944383144378662,0.0,0.0,0.0,0.0,0.0,0.0,0.11888766288757324,-0.05944383144378662,0.11888766288757324,0.0,0.0,0.0,0.0,0.05944383144378662,-0.05944383144378662,-0.05944383144378662,0.05944383144378662,0.0,0.0,0.0,0.05944383144378662,0.0,-0.05944383144378662,0.0,0.0,0.0,0.0,0.0,0.0,0.0,0.0,0.0,0.0,0.0,0.0,0.0,0.05944383144378662,0.0,0.05944383144378662,0.0,0.0,0.0,0.0,0.0,0.11888766288757324,0.0,0.0,-0.05944383144378662,0.0,0.0,0.0,0.05944383144378662,0.0,0.0,0.0,0.05944383144378662,0.0,0.05944383144378662,0.0,0.05944383144378662,0.05944383144378662,0.0,0.0,-0.05944383144378662,-0.05944383144378662,0.0,0.0,0.0,0.0,0.0,0.0,-0.05944383144378662,0.0,0.11888766288757324,0.05944383144378662,0.0,0.0,0.0,0.0,0.0,-0.05944383144378662,0.0,0.0,0.0,0.0,0.0,0.0,0.0,-0.05944383144378662,0.11888766288757324,0.0,-0.11888766288757324,0.0,0.0,0.0,0.0,0.0,0.11888766288757324,0.0,0.0,0.0,0.0,0.0,0.0,0.0,0.0,0.0,0.0,0.0,0.0,0.0,0.0,0.0,0.0,0.0,0.0,0.0,0.05944383144378662,-0.05944383144378662,-0.05944383144378662,0.0,-0.05944383144378662,0.0,0.0,0.0,0.0,0.0,-0.05944383144378662,0.05944383144378662,0.0,-0.05944383144378662,0.0,-0.05944383144378662,0.0,0.0,0.0,0.0,0.0,0.0,0.0,0.0,0.0,0.0,0.05944383144378662,0.0,0.0,0.05944383144378662,0.0,-0.05944383144378662,0.0,0.0,-0.05944383144378662,0.0,0.0,0.0,0.0,0.0,0.0,-0.05944383144378662,0.0,0.0,0.05944383144378662,0.0,0.0,0.0,-0.05944383144378662,0.05944383144378662,0.0,0.0,0.0,0.0,0.0,0.0,0.0,0.0,0.0,0.0,0.0,0.0,0.0,0.0,0.0,0.0,0.0,0.05944383144378662,0.0,0.0,0.0,-0.05944383144378662,0.0,0.0,0.0,0.0,0.05944383144378662,0.0,-0.05944383144378662,0.0,0.0,-0.05944383144378662,-0.05944383144378662,0.05944383144378662,0.0,0.0,0.0,-0.05944383144378662,0.05944383144378662,0.0,0.0,0.0,0.0,0.0,0.0,0.0,0.0,0.0,-0.05944383144378662,-0.05944383144378662,0.0,0.0,0.0,0.0,0.0,0.0,0.0,-0.05944383144378662,0.0,0.0,0.05944383144378662,0.0,-0.05944383144378662,0.0,0.0,0.0,0.0,0.0,0.05944383144378662,0.0,0.0,0.0,0.0,0.0,0.0,0.0,0.0,0.0,0.0,0.0,0.0,0.0,0.0,-0.05944383144378662,0.0,-0.05944383144378662,0.0,0.0,0.0,0.0,0.0,0.0,0.0,0.0,0.05944383144378662,0.0,0.0,0.0,0.0,0.0,0.0,0.0,0.0,0.0,0.0,0.0,0.0,0.0,0.23777532577514648,0.0,0.0,-0.05944383144378662,0.0,0.0,0.0,0.0,0.0,0.0,0.0,0.0,0.0,0.0,0.0,0.0,0.05944383144378662,0.0,0.0,-0.05944383144378662,0.0,0.0,0.0,0.0,0.0,0.05944383144378662,0.0,0.0,0.0,0.0,0.0,0.0,0.0,0.0,-0.11888766288757324,0.0,-0.05944383144378662,0.05944383144378662,0.0,0.0,0.0,0.0,0.0,0.0,0.11888766288757324,0.0,0.0,-0.05944383144378662,-0.05944383144378662,0.0,0.0,0.05944383144378662,0.0,0.0,0.0,0.0,0.05944383144378662,0.0,0.0,0.0,0.0,0.0,0.0,0.0,0.0,0.0,-0.05944383144378662,0.0,0.0,-0.05944383144378662,0.0,0.0,0.0,0.0,-0.05944383144378662,0.0,0.0,0.0,-0.05944383144378662,0.0,0.05944383144378662,0.0,0.0,0.0,-0.05944383144378662,0.0,-0.05944383144378662,0.0,0.0,0.0,0.0,0.0,0.0,-0.2972191572189331,0.0,-0.05944383144378662,0.0,0.0,0.0,0.0,0.0,0.11888766288757324,0.0,-0.05944383144378662,0.0,0.0,0.05944383144378662,0.0,0.0,0.0,-0.05944383144378662,0.05944383144378662,0.05944383144378662,0.0,-0.05944383144378662,0.0,0.0,0.0,0.0,0.0,0.0,0.0,-0.05944383144378662,0.0,0.0,0.0,0.17833149433135986,0.0,0.0,-0.05944383144378662,0.0,0.0,0.0,0.0,0.0,0.0,0.0,0.05944383144378662,0.0,0.0,0.05944383144378662,0.0,0.0,0.0,0.0,0.0,0.0,0.0,0.0,0.05944383144378662,0.0,0.0,0.0,0.0,0.0,0.05944383144378662,0.11888766288757324,0.05944383144378662,0.0,0.0,0.0,0.0,0.0,0.0,0.0,0.0,0.0,-0.05944383144378662,0.0,0.0,0.0,0.0,-0.05944383144378662,0.0,-0.05944383144378662,0.0,0.05944383144378662,-0.05944383144378662,0.0,0.0,0.0,0.0,0.0,0.0,0.0,0.0,0.0,0.0,0.0,0.0,-0.05944383144378662,-0.05944383144378662,0.0,0.0,-0.11888766288757324,0.0,0.0,0.05944383144378662,0.0,0.0,-0.05944383144378662,0.0,0.0,0.05944383144378662,0.0,-0.05944383144378662,0.0,0.0,0.0,0.05944383144378662,0.0,-0.05944383144378662,-0.05944383144378662,-0.05944383144378662,0.0,0.05944383144378662,0.0,0.0,0.0,0.0,-0.05944383144378662,0.0,0.05944383144378662,0.0,0.0,0.0,0.0,0.0,0.0,-0.05944383144378662,0.0,0.0,0.05944383144378662,0.0,0.0,-0.05944383144378662,-0.11888766288757324,0.0,0.05944383144378662,0.0,0.0,-0.05944383144378662,0.0,0.0,0.0,0.0,0.0,0.0,0.0,0.0,0.11888766288757324,0.0,-0.05944383144378662,0.0,0.0,0.05944383144378662,0.0,0.0,0.0,0.0,0.0,0.0,0.0,0.0,0.0,0.05944383144378662,-0.05944383144378662,0.0,0.0,0.0,0.0,0.05944383144378662,0.0,-0.11888766288757324,0.0,0.0,0.0,0.0,0.0,0.05944383144378662,0.0,-0.05944383144378662,0.0,0.0,0.0,0.0,0.0,0.0,0.05944383144378662,0.0,0.05944383144378662,0.0,0.0,0.0,0.0,0.0,0.0,-0.05944383144378662,0.11888766288757324,-0.05944383144378662,0.0,0.0,0.0,0.0,0.05944383144378662,0.0,-0.05944383144378662,0.0,-0.05944383144378662,0.0,-0.05944383144378662,0.11888766288757324,-0.05944383144378662,0.0,0.0,0.0,0.0,0.0,0.0,0.0,-0.05944383144378662,0.05944383144378662,0.0,0.0,0.0,0.0,0.05944383144378662,0.05944383144378662,0.0,0.0,0.0,0.05944383144378662,0.0,0.0,0.0,0.0,0.0
600111,北方稀土,黄金有色与周期资源,global,student_B,llm_deepseek_extracted,"1. 机构席位活跃，北向资金流入，筹码博弈偏多。  
2. 产能回升+研发交付，业绩弹性高，技术壁垒稳固。  
3. 多...",-0.0678844228386879,0.0,0.0,0.0,0.0,0.0,0.0,0.0,0.0,0.0,0.0,0.0,0.0678844228386879,0.0678844228386879,0.0,0.0,-0.0678844228386879,0.0,0.0,0.0,-0.0678844228386879,0.0,0.0,0.0,0.0,0.0,0.0,0.0,0.0,0.0,0.0,0.0678844228386879,0.0678844228386879,0.0,0.0,0.0,0.0,0.0,0.0,0.0,0.0,0.0,-0.0678844228386879,0.0,0.0,0.0,0.0,0.0,0.0,0.0,0.0678844228386879,0.0678844228386879,0.0,0.0678844228386879,0.0678844228386879,0.0,0.0,0.0,0.0,0.0,0.0,0.0,0.0,0.0,-0.0678844228386879,-0.0678844228386879,0.0,0.0,0.0,0.0,0.0,0.0,0.0,0.0,-0.0678844228386879,0.0,0.0,-0.0678844228386879,0.0,0.0,0.0,0.0,0.0,0.0,-0.0678844228386879,0.0,0.0,-0.0678844228386879,0.0,0.0,0.0,0.0678844228386879,0.0,0.0,0.0,0.0,0.0,0.0,0.0,0.0,0.0,0.0,0.0,0.0,0.0,0.0,0.0,-0.0678844228386879,0.0,0.0,-0.0678844228386879,0.0,0.0,0.0,0.0,0.0678844228386879,0.0,0.0,0.0,0.0,0.0,0.0,0.0,0.0,-0.0678844228386879,0.0,0.0678844228386879,0.0,0.0,0.0,0.0,0.0678844228386879,0.0678844228386879,0.0,0.0,-0.0678844228386879,0.0,0.0,0.0,0.0,0.0,0.0,0.0,0.0,0.0,0.0,0.0,0.0,0.0,0.0,0.0,0.0,0.0,0.0,0.0,0.0,0.0,0.0,0.0,0.0,0.0,0.0,0.1357688456773758,-0.0678844228386879,0.0,-0.0678844228386879,0.0,0.0,0.0,0.0,-0.0678844228386879,0.0,0.0,0.0,0.0,0.0,0.0678844228386879,0.0,-0.0678844228386879,0.0,0.0,0.0,0.0,0.0,0.0,0.0,0.0678844228386879,0.0,0.0,0.0,0.0,0.0,0.0,0.0,0.0678844228386879,0.0,0.0,0.0,0.0,0.0,0.1357688456773758,0.0,0.0,0.0,0.0,0.0,0.0,0.0678844228386879,0.0,0.0,0.0,0.0,-0.0678844228386879,0.0,0.0,0.0678844228386879,0.0678844228386879,0.0,0.0,0.0,-0.0678844228386879,0.0,0.0,0.0,0.0,0.0,0.0,-0.0678844228386879,0.0,0.0678844228386879,0.0678844228386879,0.0678844228386879,0.0,0.0,0.0,0.0678844228386879,-0.0678844228386879,0.0,0.0,0.0,0.0678844228386879,0.0,0.0,0.0,-0.0678844228386879,0.1357688456773758,0.0,-0.0678844228386879,0.0,0.0,0.0,0.0,0.0,0.1357688456773758,0.0,0.0,0.0,0.0,0.0,0.0,0.0,0.0,0.0,0.0,0.0,0.0,0.0,0.0,0.0,0.0,0.0,0.0,0.0,0.0,-0.0678844228386879,-0.0678844228386879,0.0,0.0,0.0,0.0,0.0,0.0,0.0,-0.0678844228386879,0.0678844228386879,0.0,0.0,0.0,-0.0678844228386879,0.0,0.0,0.0,0.0,0.0,0.0,0.0,0.0678844228386879,0.0,0.0,0.0678844228386879,0.0,0.0,0.0678844228386879,0.0,-0.0678844228386879,0.0,0.0,-0.0678844228386879,0.0,0.0,0.0,0.0678844228386879,0.0,0.0,-0.0678844228386879,0.0,0.0,0.0678844228386879,0.0,0.0,0.0,-0.0678844228386879,0.0678844228386879,0.0,0.0,0.0,0.0,0.0,0.0,0.0,0.0,0.0,0.0,0.0,0.0,0.0,0.0,0.0,0.0,0.0,0.0678844228386879,0.0,0.0,0.0,0.0,0.0,0.0,0.0,0.0,0.0,0.0,-0.0678844228386879,0.0,0.0,0.0,-0.0678844228386879,0.0678844228386879,0.0,0.0,0.0,-0.0678844228386879,0.0,0.0,0.0,0.0,0.0,0.0,0.0,0.0,0.0,0.0,-0.0678844228386879,0.0,0.0,0.0,0.0,0.0,0.0,0.0,0.0,-0.0678844228386879,0.0,0.0,0.0,0.0,-0.0678844228386879,0.0,0.0,0.0,0.0,0.0,0.0678844228386879,0.0,0.0,0.0,0.0,0.0,0.0,0.0,-0.0678844228386879,-0.0678844228386879,0.0,0.0,0.0,0.0,0.0,-0.0678844228386879,0.0,-0.0678844228386879,0.0,0.0,0.0,0.0,0.0,-0.0678844228386879,0.0,0.0,0.0678844228386879,-0.0678844228386879,0.0,0.0,0.0,0.0,0.0,0.0,0.0,0.0,0.0,0.0,0.0,0.0,0.2715376913547516,0.0,0.0,0.0,0.0,0.0,0.0,0.0,0.0,0.0,0.0,0.0,0.0,0.0,0.0,0.0,0.0678844228386879,0.0,0.0,0.0,0.0,0.0,0.0,0.0,0.0,0.0678844228386879,0.0,0.0,0.0,0.0,0.0,0.0,0.0,0.0,0.0,0.0,-0.0678844228386879,0.0678844228386879,0.0,0.0,0.0,0.0,0.0,0.0678844228386879,0.1357688456773758,0.0,0.0,0.0,-0.0678844228386879,0.0,0.0,0.0,0.0,0.0,0.0,0.0,0.0678844228386879,0.0,0.0,0.0,0.0,0.0,0.0,0.0,0.0,0.0,-0.0678844228386879,0.0,0.0,-0.0678844228386879,0.0,0.0,0.0,-0.0678844228386879,0.0,0.0,0.0,0.0,-0.0678844228386879,0.0,0.0678844228386879,0.0,0.0,0.0,-0.0678844228386879,0.0,0.0,0.0,0.0,0.0,0.0,0.0,0.0,-0.2715376913547516,0.0,-0.0678844228386879,0.0,0.0,0.0,0.0,0.0,0.1357688456773758,0.0,-0.0678844228386879,0.0,0.0,0.0678844228386879,0.0,0.0,-0.0678844228386879,-0.0678844228386879,0.0,0.0678844228386879,-0.0678844228386879,0.0,0.0,0.0,0.0,0.0,0.0,0.0,0.0,0.0,0.0,0.0,0.0,0.2036532759666443,0.0,0.0,-0.0678844228386879,0.0,0.0,0.0,0.0,0.0,0.0,-0.0678844228386879,0.0678844228386879,0.0,0.0,0.0,0.0,0.0,0.0,0.0,0.0,0.0,0.0,0.0,0.0,0.0,0.0,0.0,0.0,0.0,0.0,0.0,0.0,0.0,-0.0678844228386879,0.0,0.0,0.0,0.0,0.0,0.0,0.0,-0.0678844228386879,0.0,0.0,0.0,0.0,-0.0678844228386879,0.0,0.0,0.0,0.0678844228386879,0.0,0.0,0.0,0.0,0.0,0.0,0.0,0.0,0.0,0.0,0.0,0.0,0.0,-0.0678844228386879,0.0,0.0,0.0,-0.0678844228386879,0.0,0.0,0.0,0.0,0.0,-0.0678844228386879,0.0,0.0,0.0678844228386879,0.0,-0.0678844228386879,0.0,0.0,0.0678844228386879,0.0678844228386879,0.0,-0.0678844228386879,0.0,-0.0678844228386879,0.0,0.0,0.0,0.0,0.0,0.0,0.0,0.0,0.0678844228386879,0.0,0.0,0.0,0.0,0.0,0.0,-0.0678844228386879,0.0,0.0,0.0,0.0,0.0,0.0,0.0,0.0,0.0678844228386879,0.0,0.0,-0.0678844228386879,0.0,0.0,0.0,0.0,0.0,0.0,0.0,0.0,0.1357688456773758,0.0,0.0,0.0,0.0,0.0678844228386879,0.0,0.0,0.0,0.0,0.0,0.0,0.0,0.0,0.0,0.0678844228386879,-0.0678844228386879,0.0,0.0,0.0,0.0,0.0678844228386879,0.0,-0.1357688456773758,0.0,0.0,0.0,0.0,0.0,0.0678844228386879,0.0,-0.0678844228386879,0.0,0.0,0.0,0.0,0.0,0.0,0.0678844228386879,0.0,0.0,-0.0678844228386879,0.0,0.0,0.0,0.0,0.0,-0.0678844228386879,0.1357688456773758,0.0,0.0,0.0,0.0,0.0,0.0678844228386879,0.0,-0.0678844228386879,0.0,-0.0678844228386879,0.0,0.0,0.1357688456773758,-0.0678844228386879,0.0,0.0,0.0,0.0,0.0,0.0,0.0,-0.0678844228386879,0.0,0.0,0.0,0.0,0.0,0.0678844228386879,0.0,0.0,-0.0678844228386879,0.0,0.0678844228386879,0.0,0.0,0.0,0.0,0.0
000831,中国稀土,黄金有色与周期资源,global,student_B,llm_deepseek_extracted,"1. 机构席位与北向资金活跃，筹码博弈加剧，短线波动放大。  
2. 产能回升叠加研发交付，业绩弹性增强，稀土技术壁垒稳...",-0.0555555559694767,-0.0555555559694767,0.0,0.0,-0.0555555559694767,0.0,0.0,0.0,0.0,0.0,0.0,0.0,0.0555555559694767,0.0555555559694767,0.0,0.0,0.0,0.0,0.0555555559694767,0.0,0.0,0.0,0.0,0.0,0.0,0.0,0.0,0.0,0.0,0.0,0.0,0.0555555559694767,0.0,0.0,0.0,0.1111111119389534,0.0,0.0,-0.0555555559694767,0.0,0.0,0.0,-0.0555555559694767,0.0,0.0,-0.0555555559694767,0.0,0.0,0.0,0.0,0.0555555559694767,0.0555555559694767,0.0,0.0555555559694767,0.0,0.0,0.0,0.0,0.0,0.0,0.0,0.0,0.0,0.0,-0.0555555559694767,-0.0555555559694767,0.0,0.0,0.0,0.0,0.0,0.0,0.0,0.0,0.0,0.0,0.0,-0.0555555559694767,0.0,0.0,0.0,0.0,0.0,0.0,0.0,-0.0555555559694767,0.0,0.0,0.0,0.0,0.0,0.0,0.0555555559694767,0.0,0.0,0.0,0.0,0.0,0.0,0.0,0.0555555559694767,0.0,0.0,0.0,0.0,0.0,0.0,-0.0555555559694767,0.0,0.0,-0.0555555559694767,0.0,-0.0555555559694767,0.0,0.0,0.0555555559694767,0.0,0.0555555559694767,0.0555555559694767,0.0555555559694767,0.0,0.0,-0.0555555559694767,0.0,-0.0555555559694767,0.0,0.1111111119389534,0.0,0.0,0.0,0.0,0.0555555559694767,0.0555555559694767,-0.0555555559694767,0.0,-0.0555555559694767,0.0,0.0,0.0,0.0,0.0,0.0,0.0,0.0,0.0,0.0,0.0555555559694767,0.0,0.0555555559694767,0.0,0.0,0.0,0.0,0.0,0.0,-0.0555555559694767,0.0,0.0,0.0,0.0,0.0,0.0,0.1111111119389534,-0.1111111119389534,0.0,-0.0555555559694767,0.0,0.0,0.0,0.0,-0.0555555559694767,-0.0555555559694767,0.0,0.0,0.0555555559694767,0.0,0.0555555559694767,0.0,-0.0555555559694767,0.0,0.0,0.0,0.0,0.0,0.0,-0.0555555559694767,0.0,0.0,0.0,0.0,0.0,0.0,0.0,0.0,0.0,0.0,0.0,0.0,0.0,0.0,0.1111111119389534,0.0,0.0,0.0,0.0,0.0,0.0,0.0555555559694767,0.0,-0.0555555559694767,0.0,0.0555555559694767,0.0,-0.0555555559694767,0.0,0.0555555559694767,0.1666666716337204,0.0,0.0,0.0,0.0,0.0,0.0,0.0,0.0,0.0,0.0,-0.0555555559694767,0.0,0.0555555559694767,0.0555555559694767,0.0555555559694767,0.0,0.0555555559694767,0.0,0.0,0.0,0.0,0.0,0.0555555559694767,0.0,0.0,0.0,0.0,0.0,0.1111111119389534,-0.0555555559694767,-0.0555555559694767,0.0,0.0,0.0,0.0,0.0,0.1111111119389534,0.0,0.0,0.0,0.0,0.0,0.0,0.0,0.0,0.0,0.0,0.0,0.0,0.0,0.0,0.0,0.0,0.0,0.0,0.0,0.0555555559694767,-0.0555555559694767,-0.0555555559694767,0.0,-0.0555555559694767,0.0,0.0,0.0,0.0,0.0,-0.1111111119389534,0.0555555559694767,0.0,0.0,0.0,-0.0555555559694767,0.0555555559694767,0.0,0.0,0.0,0.0,0.0,0.0,0.0,0.0,0.0,0.0555555559694767,0.0555555559694767,0.0,0.0555555559694767,0.0,-0.0555555559694767,0.0,0.0,-0.0555555559694767,0.0,0.0,0.0,0.0,0.0,0.0,-0.0555555559694767,0.0,0.0,0.0555555559694767,0.0,0.1111111119389534,0.0,-0.0555555559694767,0.0,0.0,0.0,0.0,0.0,0.0,0.0,0.0,0.0,0.0,0.0,0.0,0.0,0.0,0.0,0.0,0.0,-0.0555555559694767,0.0555555559694767,-0.0555555559694767,0.0,0.0,-0.0555555559694767,0.0,0.0,0.0,0.0,0.0555555559694767,0.0,0.0,0.0,0.0,-0.0555555559694767,-0.0555555559694767,0.0555555559694767,0.0,0.0,0.0,-0.0555555559694767,0.0555555559694767,0.0,0.0,0.0,0.0,0.0,0.0,0.0,0.0,0.0,-0.0555555559694767,0.0,0.0,0.0,0.0,0.0,0.0,0.0,0.0,-0.0555555559694767,-0.0555555559694767,0.0,0.0555555559694767,0.0,-0.0555555559694767,0.0,0.0,0.0,0.1111111119389534,0.0,0.0555555559694767,0.0,0.0,0.0,0.0,0.0,0.0,0.0,0.0,0.0,0.0,0.0,0.0,0.0,-0.0555555559694767,-0.0555555559694767,0.0,-0.0555555559694767,0.0,0.0,0.0,0.0,0.0,0.0555555559694767,-0.0555555559694767,0.0,0.0555555559694767,0.1111111119389534,0.0,0.0,0.0,0.0,0.0,0.0,0.0,0.0,0.0,0.0,0.0,0.0,0.2222222238779068,0.0,0.0,0.0,0.0,0.0,0.0,0.0,0.0,0.0,0.0,0.0,0.0,0.0,0.0,0.0,0.0555555559694767,0.0,0.0,-0.0555555559694767,0.0,0.0,0.0,-0.0555555559694767,0.0,0.0555555559694767,0.0555555559694767,0.0,0.0,0.0,0.0555555559694767,0.0,-0.0555555559694767,0.0,-0.0555555559694767,0.0,-0.0555555559694767,0.0,-0.0555555559694767,0.0,0.0,0.0,0.0,-0.0555555559694767,0.0555555559694767,0.0,-0.0555555559694767,0.0,-0.0555555559694767,0.0,0.0,0.0555555559694767,0.0555555559694767,0.0,0.0,0.0,0.0555555559694767,0.0,0.0,0.0,0.0,0.0,0.0,0.0,0.0,0.0,-0.0555555559694767,0.0,0.0,-0.0555555559694767,0.0,0.0,0.0,0.0,-0.1111111119389534,0.0,0.0,0.0,-0.0555555559694767,0.0,0.0555555559694767,0.0,0.0,0.0,-0.0555555559694767,0.0,-0.0555555559694767,0.0,0.0,0.0,0.0,0.0,0.0,-0.3333333432674408,0.0,-0.0555555559694767,0.0,0.0,0.0,0.0,0.0,0.1111111119389534,0.0,-0.0555555559694767,0.0,0.0,0.0,0.0,0.0,0.0,-0.0555555559694767,0.0555555559694767,0.0555555559694767,-0.0555555559694767,0.0,0.0,0.0,0.0,-0.0555555559694767,-0.0555555559694767,0.0,0.0,-0.0555555559694767,0.0,0.0,0.0,0.1666666716337204,0.0,-0.0555555559694767,-0.1111111119389534,0.0,0.0,0.0,0.0,0.0,0.0,0.0,0.0555555559694767,0.0,0.0,0.0,0.0,0.0,0.0,0.0,0.0,0.0,0.0,0.0,0.0,-0.0555555559694767,0.0,0.0,0.0,0.0,0.0,0.0555555559694767,0.0,0.0,0.0,0.0,0.0,0.0,0.0,0.0,0.0,0.0,-0.0555555559694767,0.0,0.0,0.0,0.0,-0.0555555559694767,0.0,-0.0555555559694767,0.0,0.0555555559694767,0.0,0.0,0.0,0.0,0.0,0.0,0.0,0.0,0.0,0.0,-0.0555555559694767,0.0555555559694767,0.0,-0.0555555559694767,-0.0555555559694767,0.0,0.0,-0.0555555559694767,0.0,0.0,0.0555555559694767,0.0,-0.0555555559694767,-0.0555555559694767,0.0,0.0,0.0,0.0,-0.0555555559694767,0.0,0.0,0.0,0.0555555559694767,0.0,-0.0555555559694767,-0.0555555559694767,-0.0555555559694767,0.0,0.0555555559694767,0.0,0.0,0.0,0.0,-0.1111111119389534,-0.0555555559694767,0.1666666716337204,0.0,0.0,0.0,0.0,0.0,0.0,-0.0555555559694767,0.0,0.0,0.0,0.0555555559694767,0.0,0.0,-0.0555555559694767,0.0,0.0555555559694767,0.0,0.0,-0.0555555559694767,0.0,0.0,0.0,0.0,0.0,0.0,0.0,0.0,0.1111111119389534,0.0,0.0,0.0,0.0,0.0555555559694767,0.0,0.0,0.0,0.0,0.0,0.0,0.0,0.0,0.0,0.0555555559694767,0.0,0.0,0.0,0.0,0.0,0.0555555559694767,0.0,-0.1111111119389534,0.0,0.0,0.0,0.0,0.0,0.0,0.0,-0.0555555559694767,0.0,0.0,0.0,0.0,-0.0555555559694767,0.0,0.0,-0.0555555559694767,0.0555555559694767,0.0,0.0,0.0,0.0,0.0,-0.0555555559694767,-0.0555555559694767,0.1111111119389534,-0.0555555559694767,0.0,0.0,0.0,0.0,0.0,0.0,-0.0555555559694767,0.0,-0.0555555559694767,0.0,0.0,0.1111111119389534,-0.0555555559694767,0.0,0.0,0.0,0.0,0.0,0.0,0.0,-0.0555555559694767,0.0,0.0,0.0,0.0555555559694767,0.0,0.0555555559694767,0.0,0.0,0.0,0.0,0.0555555559694767,0.0,0.0,0.0,0.0,0.0
002240,盛新锂能,黄金有色与周期资源,global,student_B,llm_deepseek_extracted,"1. 机构席位活跃，北向资金流入，筹码博弈偏多。  
2. 产能回升+研发交付，业绩弹性高，技术壁垒稳固。  
3. 多...",-0.06362847983837128,0.0,0.0,0.0,0.0,0.0,0.0,0.0,0.0,0.0,0.0,0.0,0.06362847983837128,0.06362847983837128,0.0,0.0,0.0,0.0,0.0,0.0,0.0,0.0,0.0,0.0,0.0,0.0,0.0,0.0,0.0,0.0,0.0,0.06362847983837128,0.06362847983837128,0.0,0.0,0.0,0.0,0.0,0.0,0.0,0.0,0.0,-0.06362847983837128,0.0,0.0,0.0,0.0,0.0,0.0,0.0,0.06362847983837128,0.06362847983837128,0.0,0.06362847983837128,0.06362847983837128,0.0,0.0,0.0,0.0,0.0,0.0,0.0,0.0,0.0,-0.06362847983837128,-0.06362847983837128,0.0,0.0,0.0,0.0,0.0,0.0,0.0,0.0,-0.06362847983837128,0.0,0.0,-0.06362847983837128,0.0,0.0,0.0,0.0,0.0,0.0,-0.06362847983837128,0.0,0.0,-0.06362847983837128,0.0,0.0,0.0,0.06362847983837128,0.0,0.0,0.06362847983837128,0.0,0.0,0.0,0.0,0.0,0.0,0.0,0.0,0.0,0.0,0.0,0.0,-0.06362847983837128,0.0,0.0,-0.06362847983837128,0.0,0.0,0.0,0.0,0.06362847983837128,0.0,0.0,0.0,0.06362847983837128,0.0,0.0,0.0,0.0,-0.06362847983837128,0.0,0.06362847983837128,0.0,0.0,0.0,0.0,0.06362847983837128,0.06362847983837128,-0.06362847983837128,0.0,-0.06362847983837128,0.0,0.0,0.0,0.0,0.0,0.0,0.0,0.0,0.0,0.0,0.0,0.0,0.0,0.0,0.0,0.0,0.0,0.0,0.0,0.0,0.0,0.0,0.0,0.0,0.0,0.0,0.12725695967674255,-0.06362847983837128,0.0,-0.06362847983837128,0.0,0.0,0.0,0.0,-0.06362847983837128,0.0,0.0,0.0,0.0,0.0,0.06362847983837128,0.0,-0.06362847983837128,0.0,0.0,0.0,0.0,0.0,0.0,0.0,0.06362847983837128,0.0,0.0,0.0,0.0,0.0,0.0,0.0,0.06362847983837128,0.0,0.0,0.0,0.0,0.0,0.12725695967674255,0.0,0.0,0.0,0.0,0.0,0.0,0.06362847983837128,0.0,0.0,0.0,-0.06362847983837128,-0.06362847983837128,0.0,0.0,0.06362847983837128,0.06362847983837128,0.0,0.0,0.0,-0.06362847983837128,0.0,0.0,0.0,0.0,0.0,0.0,-0.06362847983837128,0.0,0.06362847983837128,0.06362847983837128,0.06362847983837128,0.0,0.0,0.0,0.06362847983837128,-0.12725695967674255,0.0,0.0,0.0,0.06362847983837128,0.0,0.0,0.0,-0.06362847983837128,0.12725695967674255,0.0,-0.06362847983837128,0.0,0.0,0.0,0.0,0.0,0.12725695967674255,0.0,0.0,0.0,0.0,0.0,0.0,0.0,0.0,0.0,0.0,0.0,0.0,0.0,0.0,0.0,0.0,0.0,0.0,0.0,0.0,-0.06362847983837128,-0.06362847983837128,0.0,0.0,0.0,0.0,0.0,0.0,0.0,-0.06362847983837128,0.06362847983837128,0.0,0.0,0.0,-0.06362847983837128,0.0,0.0,0.0,0.0,0.0,0.0,0.0,0.06362847983837128,0.0,0.0,0.06362847983837128,0.0,0.0,0.06362847983837128,0.0,-0.06362847983837128,0.0,0.0,-0.06362847983837128,0.0,0.0,0.0,0.06362847983837128,0.0,0.0,-0.06362847983837128,0.0,0.0,0.06362847983837128,0.0,0.0,0.0,-0.06362847983837128,0.06362847983837128,0.0,0.0,0.0,0.0,0.0,0.0,0.0,0.0,0.0,0.0,0.0,0.0,0.0,0.0,0.0,0.0,0.0,0.06362847983837128,0.0,0.0,0.0,0.0,0.0,0.0,0.0,0.0,0.0,0.0,-0.06362847983837128,0.0,-0.06362847983837128,0.0,-0.06362847983837128,0.06362847983837128,0.0,0.0,0.0,-0.06362847983837128,0.0,0.0,0.0,0.0,0.0,0.0,0.0,0.0,0.0,0.0,-0.06362847983837128,0.0,0.0,0.0,0.0,0.0,0.0,0.0,0.0,-0.06362847983837128,0.0,0.0,0.0,0.0,-0.06362847983837128,0.0,0.0,0.0,0.0,0.0,0.06362847983837128,0.0,0.0,0.0,0.0,0.0,0.0,0.0,-0.06362847983837128,-0.06362847983837128,0.0,0.0,0.0,0.0,0.0,-0.06362847983837128,0.0,-0.06362847983837128,0.0,0.0,0.0,0.0,0.0,-0.06362847983837128,0.0,0.0,0.06362847983837128,-0.06362847983837128,0.0,0.0,0.0,0.0,0.0,0.0,0.0,0.0,0.0,0.0,0.0,0.0,0.2545139193534851,0.0,0.0,0.0,0.0,0.0,0.0,0.0,0.0,0.0,0.0,0.0,0.0,0.0,0.0,0.0,0.06362847983837128,0.0,0.0,0.0,0.0,0.0,0.0,0.0,0.0,0.06362847983837128,0.0,0.0,0.0,0.0,0.0,0.0,0.0,0.0,0.0,0.0,-0.06362847983837128,0.06362847983837128,0.0,0.0,0.0,0.0,0.0,0.06362847983837128,0.12725695967674255,0.0,0.0,0.0,-0.06362847983837128,0.0,0.0,0.0,0.0,0.0,0.0,0.0,0.06362847983837128,0.0,0.0,0.0,0.0,0.0,0.0,0.0,0.0,0.0,-0.06362847983837128,0.0,0.0,-0.06362847983837128,0.0,0.0,0.0,-0.06362847983837128,0.0,0.0,0.0,0.0,-0.06362847983837128,0.0,0.06362847983837128,0.0,0.0,0.0,-0.06362847983837128,0.0,-0.06362847983837128,0.0,0.0,0.0,0.0,0.0,0.0,-0.2545139193534851,0.0,-0.06362847983837128,0.0,0.0,0.0,0.0,0.0,0.19088543951511383,0.0,-0.06362847983837128,0.0,0.0,0.06362847983837128,0.0,0.0,-0.06362847983837128,-0.06362847983837128,0.06362847983837128,0.06362847983837128,-0.06362847983837128,0.0,0.0,0.0,0.0,0.0,0.0,0.0,0.0,0.0,0.0,0.0,0.0,0.19088543951511383,0.0,0.0,-0.06362847983837128,0.0,0.0,0.0,0.0,0.0,0.0,-0.06362847983837128,0.06362847983837128,0.0,0.0,0.0,0.0,0.0,0.0,0.0,0.0,0.0,0.0,0.0,0.0,0.0,0.0,0.0,0.0,0.0,0.0,0.0,0.0,0.0,-0.06362847983837128,0.0,0.0,0.0,0.0,0.0,0.06362847983837128,0.0,-0.12725695967674255,0.0,0.0,0.0,0.0,-0.06362847983837128,0.0,0.0,0.0,0.06362847983837128,0.0,0.0,0.0,0.0,0.0,0.0,0.0,0.0,0.0,0.0,0.0,0.0,0.0,-0.06362847983837128,0.0,0.0,0.0,-0.06362847983837128,0.0,0.0,0.06362847983837128,0.0,0.0,-0.06362847983837128,0.0,0.0,0.06362847983837128,0.0,-0.06362847983837128,0.0,0.0,0.06362847983837128,0.06362847983837128,0.0,-0.06362847983837128,0.0,-0.06362847983837128,0.0,0.0,0.0,0.0,0.0,0.0,0.0,0.0,0.06362847983837128,0.0,0.0,0.0,0.0,0.0,0.0,-0.06362847983837128,0.0,0.0,0.0,0.0,0.0,0.0,0.0,0.0,0.06362847983837128,0.0,0.0,-0.06362847983837128,0.0,0.0,0.0,0.0,0.0,0.0,0.0,0.0,0.12725695967674255,0.0,0.0,0.0,0.0,0.06362847983837128,0.0,0.0,0.0,0.0,0.0,0.0,0.0,0.0,0.0,0.06362847983837128,-0.06362847983837128,0.0,0.0,0.0,0.0,0.06362847983837128,0.0,-0.12725695967674255,0.0,0.0,0.0,0.0,0.0,0.06362847983837128,0.0,-0.06362847983837128,0.0,0.0,0.0,0.0,0.0,0.0,0.06362847983837128,0.0,0.0,-0.06362847983837128,0.0,0.0,0.0,0.0,0.0,-0.06362847983837128,0.12725695967674255,0.0,0.0,0.0,0.0,0.0,0.06362847983837128,0.0,-0.06362847983837128,0.0,-0.06362847983837128,0.0,0.0,0.2545139193534851,-0.06362847983837128,0.0,0.0,0.0,0.0,0.0,0.0,0.0,-0.06362847983837128,0.0,0.0,0.0,0.0,0.0,0.06362847983837128,0.0,0.0,-0.06362847983837128,0.0,0.06362847983837128,0.0,0.0,0.0,0.0,0.0
002756,永兴材料,黄金有色与周期资源,global,student_B,llm_deepseek_extracted,"1. 机构席位活跃，北向资金流入，筹码博弈偏多。  
2. 产能回升+研发交付，业绩弹性增强，技术壁垒稳固。  
3. ...",-0.06324555724859238,-0.06324555724859238,0.0,0.0,0.0,0.0,0.0,0.0,0.0,0.0,0.0,0.0,0.06324555724859238,0.06324555724859238,0.0,0.0,0.0,0.0,0.0,0.0,0.0,0.0,0.0,0.0,0.0,0.0,0.0,0.0,0.0,0.0,0.0,0.06324555724859238,0.06324555724859238,0.0,0.0,0.0,0.0,0.0,0.0,0.0,0.0,0.0,-0.06324555724859238,0.0,0.0,0.0,0.0,0.0,0.0,0.0,0.06324555724859238,0.06324555724859238,0.0,0.06324555724859238,0.06324555724859238,0.0,0.0,0.0,0.0,0.0,0.0,0.0,0.0,0.0,-0.06324555724859238,-0.06324555724859238,0.0,0.0,0.0,0.0,0.0,0.0,0.0,0.0,-0.06324555724859238,0.0,0.0,-0.06324555724859238,0.0,0.0,0.0,0.0,0.0,0.0,-0.06324555724859238,0.0,0.0,-0.06324555724859238,0.0,0.0,0.0,0.06324555724859238,0.0,0.0,0.06324555724859238,0.0,0.0,0.0,0.0,0.0,0.0,0.0,0.0,0.0,0.0,0.0,0.0,-0.06324555724859238,0.0,0.0,-0.06324555724859238,0.0,0.0,0.0,0.0,0.06324555724859238,0.0,0.06324555724859238,0.0,0.06324555724859238,0.0,0.0,0.0,0.0,-0.06324555724859238,0.0,0.06324555724859238,0.0,0.0,0.0,0.0,0.06324555724859238,0.06324555724859238,-0.06324555724859238,0.0,-0.06324555724859238,0.0,0.0,0.0,0.0,0.0,0.0,0.0,0.0,0.0,0.0,0.0,0.0,0.06324555724859238,0.0,0.0,0.0,0.0,0.0,0.0,0.06324555724859238,0.0,0.0,0.0,0.0,0.0,0.0,0.12649111449718475,-0.06324555724859238,0.0,-0.06324555724859238,0.0,0.0,0.0,0.0,-0.06324555724859238,0.0,0.0,0.0,0.0,0.0,0.06324555724859238,0.0,-0.06324555724859238,0.0,0.0,0.0,0.0,0.0,0.0,0.0,0.0,0.0,0.0,0.0,0.0,0.0,0.0,0.0,0.06324555724859238,0.0,0.0,0.0,0.0,0.0,0.12649111449718475,0.0,0.0,0.0,0.0,0.0,0.0,0.06324555724859238,0.0,0.0,0.0,-0.06324555724859238,-0.06324555724859238,0.0,0.0,0.06324555724859238,0.06324555724859238,0.0,0.0,0.0,-0.06324555724859238,0.0,0.0,0.0,0.0,0.0,0.0,-0.06324555724859238,0.0,0.06324555724859238,0.06324555724859238,0.06324555724859238,0.0,0.0,0.0,0.0,-0.12649111449718475,0.0,0.0,0.0,0.06324555724859238,0.0,0.0,0.0,-0.06324555724859238,0.12649111449718475,0.0,-0.06324555724859238,0.0,0.0,0.0,0.0,0.0,0.12649111449718475,0.0,0.0,0.0,0.0,0.0,0.0,0.0,0.0,0.0,0.0,0.0,0.0,0.0,0.0,0.0,0.0,0.0,0.0,0.0,0.0,-0.06324555724859238,-0.06324555724859238,0.0,0.0,0.0,0.0,0.0,0.0,0.0,-0.06324555724859238,0.06324555724859238,0.0,0.0,0.0,-0.06324555724859238,0.0,0.0,0.0,0.0,0.0,0.0,0.0,0.06324555724859238,0.0,0.0,0.06324555724859238,0.0,0.0,0.06324555724859238,0.0,-0.06324555724859238,0.0,0.0,-0.06324555724859238,0.0,0.0,0.0,0.0,0.0,0.0,-0.06324555724859238,0.0,0.0,0.06324555724859238,0.0,0.0,0.0,-0.06324555724859238,0.06324555724859238,0.0,0.0,0.0,0.0,0.0,0.0,0.0,0.0,0.0,0.0,0.0,0.0,0.0,0.0,0.0,0.0,0.0,0.06324555724859238,0.0,0.0,0.0,0.0,0.0,0.0,0.0,0.0,0.0,0.0,-0.06324555724859238,0.0,-0.06324555724859238,0.0,-0.06324555724859238,0.06324555724859238,0.0,0.0,0.0,-0.06324555724859238,0.0,0.0,0.0,0.0,0.0,0.0,0.0,0.0,0.0,0.0,-0.06324555724859238,0.0,0.0,0.0,0.0,0.0,0.0,0.0,0.0,-0.06324555724859238,0.0,0.0,0.0,0.0,-0.06324555724859238,0.0,0.0,0.0,0.0,0.0,0.0,0.0,0.0,0.0,0.0,0.0,0.0,0.0,-0.06324555724859238,-0.06324555724859238,0.0,0.0,0.0,0.0,0.0,-0.06324555724859238,0.0,-0.06324555724859238,0.0,0.0,0.0,0.0,0.0,0.0,0.0,0.0,0.06324555724859238,-0.06324555724859238,0.0,0.0,0.0,0.0,0.0,0.0,0.0,0.0,0.0,0.0,0.0,0.0,0.2529822289943695,0.0,0.0,0.0,0.0,0.0,0.0,0.0,0.0,0.0,0.0,0.0,0.0,0.0,0.0,0.0,0.06324555724859238,0.0,0.0,0.0,0.0,0.0,0.0,0.0,0.0,0.06324555724859238,0.0,0.0,0.0,0.0,0.0,0.0,0.0,0.0,0.0,0.0,-0.06324555724859238,0.06324555724859238,0.0,0.0,0.0,0.0,0.0,0.06324555724859238,0.12649111449718475,0.0,0.0,0.0,-0.06324555724859238,0.0,0.0,0.06324555724859238,0.0,0.0,0.0,0.0,0.06324555724859238,0.0,0.0,0.0,0.0,0.0,0.0,0.0,0.0,0.0,-0.06324555724859238,0.0,0.0,-0.06324555724859238,0.0,0.0,0.0,-0.06324555724859238,0.0,0.0,0.0,0.0,-0.06324555724859238,0.0,0.06324555724859238,0.0,0.0,0.0,-0.06324555724859238,0.0,-0.06324555724859238,0.0,0.0,0.0,0.0,0.0,0.0,-0.2529822289943695,0.0,-0.06324555724859238,0.0,0.0,0.0,0.0,0.0,0.18973666429519653,0.0,-0.06324555724859238,0.0,0.0,0.06324555724859238,0.0,0.0,-0.06324555724859238,-0.06324555724859238,0.06324555724859238,0.06324555724859238,-0.06324555724859238,0.0,0.0,0.0,0.0,0.0,0.0,0.0,0.0,-0.06324555724859238,0.0,0.0,0.0,0.18973666429519653,0.0,0.0,-0.06324555724859238,0.0,0.0,0.0,0.0,0.0,0.0,-0.06324555724859238,0.06324555724859238,0.0,0.0,0.0,0.0,0.0,0.0,0.0,0.0,0.0,0.0,0.0,0.0,0.0,0.0,0.0,0.0,0.0,0.0,0.06324555724859238,0.0,0.0,-0.06324555724859238,0.0,0.0,0.06324555724859238,0.0,0.0,0.06324555724859238,0.0,-0.12649111449718475,0.0,0.0,0.0,0.0,-0.06324555724859238,0.0,-0.06324555724859238,0.0,0.06324555724859238,0.0,0.0,0.0,0.0,0.0,0.0,0.0,0.0,0.0,0.0,0.0,0.0,0.0,-0.06324555724859238,0.0,0.0,0.0,-0.06324555724859238,0.0,0.0,0.06324555724859238,0.0,0.0,-0.06324555724859238,0.0,0.0,0.06324555724859238,0.0,-0.06324555724859238,0.0,0.0,0.06324555724859238,0.06324555724859238,0.0,-0.06324555724859238,0.0,-0.06324555724859238,0.0,0.0,0.0,0.0,0.0,0.0,0.0,0.0,0.06324555724859238,0.0,0.0,0.0,0.0,0.0,0.0,-0.06324555724859238,0.0,0.0,0.0,0.0,0.0,0.0,0.0,0.0,0.06324555724859238,0.0,0.0,-0.06324555724859238,0.0,0.0,0.0,0.0,0.0,0.0,0.0,0.0,0.12649111449718475,0.0,0.0,0.0,0.0,0.06324555724859238,0.0,0.0,0.0,0.0,0.0,0.0,0.0,0.0,0.0,0.06324555724859238,-0.06324555724859238,0.0,0.0,0.0,0.0,0.06324555724859238,0.0,-0.12649111449718475,0.0,0.0,0.0,0.0,0.0,0.06324555724859238,0.0,-0.06324555724859238,0.0,0.0,0.0,0.0,0.0,0.0,0.06324555724859238,0.0,0.0,0.0,0.0,0.0,0.0,0.0,0.0,-0.06324555724859238,0.12649111449718475,0.0,0.0,0.0,0.0,0.0,0.06324555724859238,0.0,-0.06324555724859238,0.0,-0.06324555724859238,0.0,0.0,0.2529822289943695,-0.06324555724859238,0.0,0.0,0.0,0.0,0.0,0.0,0.0,-0.06324555724859238,0.0,0.0,0.0,0.0,0.0,0.06324555724859238,0.0,0.0,-0.06324555724859238,0.0,0.06324555724859238,0.0,0.0,0.0,0.0,0.0
002738,中矿资源,黄金有色与周期资源,global,student_B,llm_deepseek_extracted,"1. 机构席位活跃，北向资金流动频繁，筹码博弈加剧。  
2. 产能回升+研发交付，业绩弹性增强，技术壁垒稳固。  
3...",-0.06201736629009247,-0.06201736629009247,0.0,0.0,0.0,0.0,0.0,0.0,0.0,0.0,0.0,0.0,0.06201736629009247,0.12403473258018494,0.0,0.0,0.0,0.0,0.0,0.0,0.0,0.0,0.0,0.0,0.0,0.0,0.0,0.0,0.0,0.0,0.0,0.06201736629009247,0.06201736629009247,0.0,0.0,0.0,0.0,0.0,0.0,0.0,0.0,0.0,-0.06201736629009247,0.0,0.0,-0.06201736629009247,0.0,0.0,0.0,0.0,0.06201736629009247,0.06201736629009247,0.0,0.06201736629009247,0.0,0.0,0.0,0.0,0.0,0.0,0.0,0.0,0.0,0.0,-0.06201736629009247,-0.06201736629009247,0.0,0.0,0.0,0.0,0.0,0.0,0.0,0.0,0.0,0.0,0.0,-0.06201736629009247,0.0,0.0,0.0,0.0,0.0,0.0,0.0,0.0,0.0,-0.06201736629009247,0.0,0.0,0.0,0.06201736629009247,0.0,0.0,0.0,0.0,0.0,0.0,0.0,0.0,0.0,0.0,0.0,0.0,0.0,0.0,0.0,-0.06201736629009247,0.0,0.0,-0.06201736629009247,0.0,0.0,0.0,0.0,0.06201736629009247,0.0,0.06201736629009247,0.0,0.06201736629009247,0.0,0.06201736629009247,0.0,0.0,-0.06201736629009247,0.0,0.06201736629009247,0.0,0.0,0.0,0.0,0.06201736629009247,0.06201736629009247,-0.06201736629009247,0.0,-0.06201736629009247,0.0,0.0,0.0,0.0,0.0,0.0,0.0,0.0,0.0,0.0,0.06201736629009247,0.0,0.06201736629009247,0.0,0.0,0.0,0.0,0.0,0.0,0.06201736629009247,0.0,0.0,0.0,0.0,0.0,0.0,0.12403473258018494,-0.06201736629009247,0.06201736629009247,0.0,0.0,0.0,0.0,0.06201736629009247,0.0,-0.06201736629009247,0.0,0.0,0.0,0.0,0.06201736629009247,0.0,-0.06201736629009247,0.0,0.06201736629009247,0.0,0.0,0.0,0.0,-0.06201736629009247,0.0,0.0,0.06201736629009247,0.0,0.0,0.0,0.06201736629009247,0.0,0.06201736629009247,0.0,0.0,0.0,0.0,0.0,0.12403473258018494,0.0,0.0,0.0,0.0,0.0,0.0,0.06201736629009247,0.0,0.0,0.0,0.06201736629009247,0.0,0.06201736629009247,0.0,0.06201736629009247,0.06201736629009247,0.0,0.0,-0.06201736629009247,-0.12403473258018494,0.0,0.0,0.0,0.0,0.0,0.0,-0.06201736629009247,0.0,0.06201736629009247,0.06201736629009247,0.06201736629009247,0.0,0.0,0.0,0.0,-0.06201736629009247,0.0,0.0,0.0,0.0,0.0,0.0,-0.06201736629009247,-0.06201736629009247,0.12403473258018494,0.0,-0.06201736629009247,0.0,0.0,0.0,-0.06201736629009247,0.0,0.12403473258018494,0.0,0.0,0.0,0.0,0.0,0.0,0.0,0.0,0.0,0.0,0.0,0.0,0.0,0.0,0.0,0.0,0.0,0.0,0.0,0.06201736629009247,-0.06201736629009247,-0.06201736629009247,0.0,0.0,0.0,0.0,0.0,0.0,0.0,-0.06201736629009247,0.06201736629009247,0.0,-0.06201736629009247,0.0,-0.06201736629009247,0.0,0.0,0.0,0.0,0.0,0.0,0.0,0.0,0.0,0.0,0.06201736629009247,0.0,0.0,0.06201736629009247,0.0,-0.06201736629009247,0.0,0.0,-0.06201736629009247,0.0,0.0,0.0,0.0,0.0,0.0,-0.06201736629009247,0.0,0.0,0.06201736629009247,0.0,0.0,0.0,-0.06201736629009247,0.06201736629009247,0.0,0.0,0.0,0.0,0.0,0.0,0.0,0.0,0.0,0.0,0.0,0.0,0.0,0.0,0.0,0.0,0.0,0.06201736629009247,0.0,0.0,0.0,-0.12403473258018494,0.0,0.0,0.0,0.0,0.06201736629009247,0.0,-0.06201736629009247,0.0,0.0,-0.06201736629009247,-0.06201736629009247,0.06201736629009247,0.0,0.0,0.0,-0.06201736629009247,0.0,0.0,0.0,0.0,0.0,0.0,0.0,0.0,0.0,0.0,-0.06201736629009247,-0.06201736629009247,0.0,0.0,0.0,0.0,0.0,0.0,0.0,-0.06201736629009247,0.0,-0.06201736629009247,0.06201736629009247,0.0,-0.06201736629009247,0.0,0.0,0.0,0.0,0.0,0.0,0.0,0.0,0.0,0.0,0.0,0.0,0.0,0.0,0.0,0.0,0.0,0.0,0.0,0.0,-0.06201736629009247,0.0,-0.06201736629009247,0.0,0.0,0.0,0.0,0.0,0.0,0.0,0.0,0.06201736629009247,0.0,0.0,0.0,0.0,0.0,0.0,0.0,0.0,0.0,0.0,0.0,0.0,0.0,0.24806946516036987,0.0,0.0,0.0,0.0,0.0,0.0,0.0,0.0,0.0,0.0,0.0,0.0,0.0,0.0,0.0,0.06201736629009247,0.0,0.0,0.0,0.0,0.0,0.0,0.0,0.0,0.06201736629009247,0.0,0.0,0.0,0.0,0.0,0.0,0.0,0.0,-0.06201736629009247,0.0,-0.06201736629009247,0.06201736629009247,0.0,0.0,0.0,0.0,0.0,0.0,0.06201736629009247,0.0,0.0,-0.06201736629009247,-0.06201736629009247,0.0,0.0,0.06201736629009247,0.0,0.0,0.0,0.0,0.06201736629009247,0.0,0.0,0.0,0.0,0.0,0.0,0.0,0.0,0.0,-0.06201736629009247,0.0,0.0,-0.06201736629009247,0.0,0.0,0.0,0.0,-0.06201736629009247,0.0,0.0,0.0,-0.06201736629009247,0.0,0.06201736629009247,0.0,0.0,0.0,-0.06201736629009247,0.0,-0.06201736629009247,0.0,0.0,0.0,0.0,0.0,0.0,-0.31008684635162354,0.0,-0.06201736629009247,0.0,0.0,0.0,0.0,0.0,0.12403473258018494,0.0,-0.06201736629009247,0.0,0.0,0.06201736629009247,0.0,0.0,0.0,-0.06201736629009247,0.06201736629009247,0.06201736629009247,0.0,-0.06201736629009247,0.0,0.0,0.0,0.0,0.0,0.0,0.0,-0.06201736629009247,0.0,0.0,0.0,0.1860520988702774,0.0,0.0,-0.06201736629009247,0.0,0.0,-0.06201736629009247,0.0,0.0,0.0,0.0,0.06201736629009247,0.0,0.0,0.0,0.0,0.0,0.0,0.0,0.0,0.0,0.0,0.0,0.0,0.0,0.0,0.0,0.0,0.0,0.0,0.06201736629009247,0.0,0.0,0.0,0.0,0.0,0.0,0.0,0.0,0.0,0.0,-0.06201736629009247,0.0,0.0,0.0,0.0,-0.06201736629009247,0.0,-0.06201736629009247,0.0,0.06201736629009247,-0.06201736629009247,0.0,0.0,0.0,0.0,0.0,0.0,0.0,0.0,0.0,0.0,0.0,0.0,-0.06201736629009247,0.0,0.0,0.06201736629009247,-0.12403473258018494,0.0,0.0,0.06201736629009247,0.0,0.0,-0.06201736629009247,0.0,0.0,0.06201736629009247,0.0,-0.06201736629009247,0.0,0.0,0.0,0.06201736629009247,0.0,-0.06201736629009247,-0.06201736629009247,-0.06201736629009247,0.0,0.0,0.0,0.0,0.0,0.0,0.0,0.0,0.06201736629009247,0.0,0.0,0.0,0.0,0.0,0.0,-0.06201736629009247,0.0,0.0,0.0,-0.06201736629009247,0.0,0.0,-0.06201736629009247,0.0,0.06201736629009247,0.0,0.0,-0.06201736629009247,0.0,0.0,0.0,0.0,0.0,0.0,0.0,0.0,0.12403473258018494,0.0,0.0,0.0,0.0,0.06201736629009247,0.0,0.0,0.0,-0.06201736629009247,0.0,0.0,0.0,0.0,0.0,0.06201736629009247,-0.06201736629009247,0.0,0.0,0.0,0.0,0.06201736629009247,0.0,-0.12403473258018494,0.0,0.0,0.0,0.0,0.0,0.06201736629009247,0.0,-0.06201736629009247,0.0,0.0,0.0,0.0,0.0,0.0,0.06201736629009247,0.0,0.0,-0.06201736629009247,0.0,0.0,0.0,0.0,0.0,-0.06201736629009247,0.12403473258018494,-0.06201736629009247,0.0,0.0,0.0,0.0,0.06201736629009247,0.0,-0.06201736629009247,0.0,-0.06201736629009247,0.0,0.0,0.12403473258018494,-0.06201736629009247,0.0,0.0,0.0,0.0,0.0,0.0,0.06201736629009247,-0.06201736629009247,0.06201736629009247,0.0,0.0,0.0,0.0,0.06201736629009247,0.06201736629009247,0.0,0.0,0.0,0.06201736629009247,0.0,0.0,0.0,0.0,0.0
002497,雅化集团,黄金有色与周期资源,global,student_B,llm_deepseek_extracted,机构博弈筹码流动：北向资金活跃，机构席位多空分歧，筹码换手率偏高。业绩弹性与技术壁垒：产能回升叠加研发交付，Beta 1...,-0.05521576106548309,0.0,0.0,0.05521576106548309,0.0,0.0,0.0,0.0,0.0,0.0,0.0,0.0,0.05521576106548309,0.0,0.0,0.0,0.0,0.0,0.0,0.05521576106548309,0.0,0.0,0.0,0.0,0.0,0.0,0.0,0.0,-0.05521576106548309,0.0,0.0,0.0,0.0,0.0,-0.05521576106548309,0.0,0.0,0.0,0.05521576106548309,0.0,0.0,0.0,-0.05521576106548309,0.0,0.0,0.0,-0.05521576106548309,0.0,0.0,0.0,0.0,0.11043152213096619,0.0,0.05521576106548309,0.0,0.0,0.0,0.0,0.05521576106548309,0.0,0.0,0.0,0.0,0.0,-0.05521576106548309,-0.05521576106548309,0.0,-0.05521576106548309,0.0,0.0,0.0,0.0,0.0,0.0,0.0,0.0,0.0,-0.11043152213096619,0.0,0.0,0.0,0.0,0.0,0.0,0.0,0.0,0.0,-0.11043152213096619,0.0,0.0,0.0,0.0,0.05521576106548309,0.0,0.0,0.0,0.0,0.0,0.0,-0.05521576106548309,0.0,0.0,0.0,0.0,0.0,0.0,0.0,-0.11043152213096619,0.05521576106548309,0.0,-0.05521576106548309,0.0,0.0,0.0,0.05521576106548309,0.0,0.0,0.0,0.0,0.0,0.05521576106548309,0.0,-0.11043152213096619,0.0,-0.05521576106548309,0.0,0.05521576106548309,0.0,0.0,0.0,0.0,0.05521576106548309,0.05521576106548309,0.0,0.0,-0.05521576106548309,0.0,0.0,0.0,0.0,0.0,0.0,0.0,0.0,0.0,0.0,0.0,0.0,0.0,0.0,0.0,-0.05521576106548309,-0.05521576106548309,0.0,0.0,0.0,-0.05521576106548309,0.05521576106548309,0.0,0.0,0.0,0.0,0.16564728319644928,0.05521576106548309,0.0,0.0,0.0,0.0,0.0,0.0,-0.11043152213096619,-0.05521576106548309,0.0,0.0,0.0,-0.05521576106548309,0.05521576106548309,0.0,-0.05521576106548309,0.0,0.05521576106548309,0.0,0.0,0.0,0.0,0.0,0.0,0.0,-0.05521576106548309,0.0,0.0,0.0,0.0,0.0,0.0,0.0,0.0,0.0,0.05521576106548309,0.0,0.05521576106548309,0.0,0.0,0.0,0.0,0.0,0.0,0.11043152213096619,0.0,0.0,0.0,0.05521576106548309,0.0,0.0,0.0,0.05521576106548309,0.05521576106548309,0.0,0.0,-0.05521576106548309,0.0,0.0,0.05521576106548309,0.0,-0.05521576106548309,0.0,0.0,-0.05521576106548309,0.0,0.0,0.11043152213096619,0.05521576106548309,0.0,0.0,0.0,0.0,0.0,0.0,0.0,0.0,0.0,0.0,0.05521576106548309,0.0,0.0,0.11043152213096619,0.0,-0.05521576106548309,0.0,-0.05521576106548309,0.0,0.0,0.0,0.11043152213096619,0.0,0.0,0.0,0.0,0.0,0.05521576106548309,0.0,0.0,-0.05521576106548309,0.0,0.0,0.0,0.0,0.0,0.0,0.0,0.0,0.0,0.0,0.05521576106548309,0.0,-0.05521576106548309,0.0,0.0,-0.05521576106548309,0.0,0.0,0.0,0.0,-0.05521576106548309,0.0,0.0,0.0,0.0,0.0,0.0,0.0,0.0,0.0,0.0,0.0,0.0,0.0,0.0,0.0,0.05521576106548309,0.05521576106548309,0.0,0.05521576106548309,0.0,-0.05521576106548309,0.0,-0.05521576106548309,-0.05521576106548309,0.0,0.0,0.0,0.0,0.0,0.0,-0.05521576106548309,0.0,0.0,0.11043152213096619,0.0,0.0,0.0,0.0,0.0,0.0,0.0,-0.05521576106548309,0.0,0.0,0.0,0.0,0.0,0.0,0.0,0.0,0.0,0.0,0.0,0.0,0.0,0.0,0.05521576106548309,-0.05521576106548309,0.0,0.0,-0.05521576106548309,0.0,-0.05521576106548309,0.0,0.0,0.0,0.0,0.0,0.0,-0.05521576106548309,0.0,-0.05521576106548309,0.05521576106548309,0.0,0.0,0.0,-0.11043152213096619,0.0,0.0,0.0,0.0,0.0,0.0,0.0,0.05521576106548309,0.0,0.0,-0.11043152213096619,0.0,0.0,0.0,0.0,0.0,0.0,0.0,0.0,-0.05521576106548309,-0.05521576106548309,0.0,0.11043152213096619,0.0,0.0,0.0,0.0,0.0,0.05521576106548309,0.0,0.0,0.0,0.0,0.0,0.0,0.0,0.0,0.0,-0.11043152213096619,0.0,0.0,0.05521576106548309,0.0,0.05521576106548309,0.0,-0.11043152213096619,0.0,-0.05521576106548309,-0.05521576106548309,0.0,0.0,0.0,0.0,0.05521576106548309,-0.05521576106548309,0.0,0.0,0.11043152213096619,0.0,0.0,-0.05521576106548309,0.0,0.0,0.0,0.0,0.0,0.0,0.0,0.0,0.0,0.05521576106548309,0.0,0.0,0.0,0.0,0.0,0.0,0.0,0.0,0.0,0.05521576106548309,0.05521576106548309,0.0,0.0,0.0,-0.05521576106548309,0.05521576106548309,0.0,0.0,0.0,0.0,0.0,0.0,0.0,0.0,0.05521576106548309,0.0,0.0,0.0,0.0,0.05521576106548309,0.0,0.0,0.0,0.0,0.05521576106548309,0.0,0.0,0.0,0.05521576106548309,0.0,0.0,0.0,-0.05521576106548309,0.0,0.0,-0.05521576106548309,0.0,0.0,0.0,0.0,0.0,0.0,0.0,0.0,0.0,0.0,0.0,0.0,0.0,0.0,0.0,0.0,0.0,0.0,0.0,-0.05521576106548309,0.0,0.0,-0.05521576106548309,0.0,0.0,0.05521576106548309,0.0,-0.05521576106548309,-0.05521576106548309,0.0,0.0,-0.05521576106548309,0.0,0.0,0.0,0.0,0.0,-0.11043152213096619,0.0,-0.05521576106548309,0.0,0.0,-0.05521576106548309,-0.05521576106548309,0.0,0.0,-0.2760787904262543,0.0,-0.05521576106548309,0.0,0.0,0.0,0.0,0.0,0.05521576106548309,0.0,-0.05521576106548309,0.0,0.0,0.0,0.0,0.0,-0.05521576106548309,-0.05521576106548309,0.0,0.05521576106548309,-0.05521576106548309,0.0,0.05521576106548309,0.0,0.0,0.0,0.0,0.0,0.0,0.0,0.0,0.0,-0.05521576106548309,0.16564728319644928,0.0,0.0,-0.16564728319644928,0.0,0.0,0.0,0.0,0.0,0.0,0.0,0.05521576106548309,0.05521576106548309,0.0,0.0,0.0,0.0,0.0,0.11043152213096619,0.0,0.0,0.0,0.0,0.0,-0.05521576106548309,0.0,0.0,0.0,0.0,0.0,0.0,0.0,0.0,0.0,0.0,0.0,0.0,0.0,0.0,0.0,0.0,-0.05521576106548309,0.05521576106548309,0.0,0.0,0.0,-0.05521576106548309,0.0,0.0,0.0,0.05521576106548309,0.0,0.0,0.0,0.0,0.0,-0.05521576106548309,0.0,0.0,0.0,0.0,0.0,0.0,0.0,-0.11043152213096619,0.0,0.0,0.0,-0.11043152213096619,-0.05521576106548309,0.0,0.0,0.0,0.0,-0.11043152213096619,0.0,0.0,0.0,-0.05521576106548309,0.0,0.0,0.0,-0.05521576106548309,0.0,0.0,0.0,0.05521576106548309,0.0,0.05521576106548309,0.0,0.0,0.0,-0.11043152213096619,0.0,0.0,0.0,0.05521576106548309,0.0,0.0,0.0,0.0,0.0,0.0,-0.05521576106548309,0.0,0.0,0.0,0.0,0.0,0.05521576106548309,0.0,0.0,0.05521576106548309,0.0,0.0,-0.05521576106548309,0.0,0.0,0.0,-0.11043152213096619,0.05521576106548309,0.0,0.0,0.0,0.11043152213096619,0.0,0.0,0.0,0.0,0.05521576106548309,0.0,0.0,0.0,0.0,0.0,-0.05521576106548309,0.0,0.0,0.0,0.05521576106548309,0.0,0.0,0.0,0.0,0.0,0.0,0.0,-0.16564728319644928,0.0,0.0,0.0,0.0,0.0,0.05521576106548309,0.0,-0.11043152213096619,0.0,-0.05521576106548309,0.0,0.0,0.0,0.0,0.05521576106548309,0.0,0.0,-0.05521576106548309,0.0,0.0,0.0,0.0,0.0,0.0,0.16564728319644928,0.0,0.0,-0.05521576106548309,0.0,0.0,0.0,0.0,-0.11043152213096619,0.0,-0.11043152213096619,0.0,0.0,0.11043152213096619,-0.05521576106548309,0.0,0.0,0.0,0.0,0.0,0.0,0.0,0.0,0.0,0.0,0.0,0.05521576106548309,0.0,0.0,-0.05521576106548309,0.0,0.0,0.0,0.05521576106548309,0.0,0.0,0.0,0.05521576106548309,0.0
000960,锡业股份,黄金有色与周期资源,global,student_B,llm_deepseek_extracted,"1. 机构席位活跃，北向资金流动频繁，筹码博弈加剧，短线波动放大。  
2. 产能回升叠加研发交付，业绩弹性增强，Bet...",-0.049937617033720016,-0.049937617033720016,0.0,0.0,-0.049937617033720016,0.0,0.0,0.0,0.0,0.0,0.0,0.0,0.049937617033720016,0.049937617033720016,-0.049937617033720016,0.0,0.0,0.0,0.0,0.049937617033720016,0.0,0.0,0.0,0.0,0.0,0.0,0.0,0.0,-0.049937617033720016,0.0,0.0,0.0,0.049937617033720016,0.0,0.0,0.049937617033720016,0.0,0.0,0.0,0.09987523406744003,0.0,0.0,-0.049937617033720016,0.0,0.0,-0.049937617033720016,0.049937617033720016,0.0,0.0,0.0,0.049937617033720016,0.049937617033720016,0.0,0.049937617033720016,0.0,0.0,0.0,0.0,0.0,0.0,0.0,0.0,0.0,0.0,-0.049937617033720016,-0.049937617033720016,0.049937617033720016,0.0,0.0,0.0,0.0,0.0,0.0,0.0,0.0,0.0,0.0,0.0,0.0,0.0,0.0,0.0,0.0,0.0,0.0,-0.049937617033720016,0.0,0.0,0.0,0.0,0.0,0.0,0.0,0.0,0.0,0.0,0.0,0.0,0.0,0.0,0.0,0.0,0.0,0.0,0.0,0.0,0.0,-0.049937617033720016,0.0,0.0,-0.049937617033720016,0.0,-0.049937617033720016,0.0,0.0,0.049937617033720016,0.0,0.049937617033720016,0.049937617033720016,0.049937617033720016,0.09987523406744003,0.049937617033720016,-0.049937617033720016,0.0,-0.049937617033720016,0.0,0.09987523406744003,0.049937617033720016,0.0,0.0,0.0,0.049937617033720016,0.049937617033720016,-0.049937617033720016,0.0,-0.049937617033720016,0.0,0.0,0.0,0.0,0.0,0.0,0.0,0.0,0.0,0.0,0.049937617033720016,0.0,0.049937617033720016,0.0,0.0,-0.09987523406744003,0.0,0.0,0.0,0.0,0.0,0.0,0.0,0.0,0.0,0.0,0.09987523406744003,0.049937617033720016,0.049937617033720016,-0.049937617033720016,0.0,0.0,0.0,0.049937617033720016,-0.049937617033720016,-0.049937617033720016,0.0,0.0,0.0,0.0,0.049937617033720016,0.0,-0.049937617033720016,0.0,0.0,0.0,0.0,0.0,0.0,0.0,0.0,0.0,0.049937617033720016,0.0,0.0,0.0,0.0,0.0,0.0,0.0,0.0,0.0,0.0,0.0,0.049937617033720016,0.0,0.0,0.0,0.0,0.0,0.0,0.049937617033720016,0.0,-0.049937617033720016,0.0,0.049937617033720016,0.0,0.09987523406744003,0.0,0.049937617033720016,0.14981284737586975,0.0,0.0,-0.049937617033720016,0.0,0.0,0.0,0.049937617033720016,0.0,0.0,-0.049937617033720016,-0.049937617033720016,0.0,0.049937617033720016,0.049937617033720016,0.049937617033720016,0.0,0.0,0.0,0.0,-0.049937617033720016,-0.049937617033720016,0.0,0.0,0.0,0.0,0.0,0.0,-0.049937617033720016,0.14981284737586975,-0.049937617033720016,-0.049937617033720016,0.049937617033720016,0.0,0.0,0.0,0.0,0.09987523406744003,0.0,0.0,0.0,0.0,0.0,0.0,0.0,0.0,0.0,0.0,0.0,0.0,0.0,0.0,-0.049937617033720016,0.0,0.0,0.0,0.0,0.049937617033720016,-0.049937617033720016,-0.049937617033720016,0.0,-0.049937617033720016,0.049937617033720016,0.0,0.049937617033720016,0.0,0.0,-0.049937617033720016,0.049937617033720016,0.0,-0.049937617033720016,0.0,-0.049937617033720016,0.0,0.0,0.0,0.0,0.0,0.0,0.0,0.0,0.0,0.0,0.049937617033720016,0.09987523406744003,0.0,0.0,0.0,-0.049937617033720016,0.0,0.0,-0.049937617033720016,0.0,0.0,0.0,0.0,0.0,0.049937617033720016,-0.049937617033720016,0.0,0.0,0.049937617033720016,0.0,0.0,0.0,-0.049937617033720016,0.0,0.0,0.0,-0.049937617033720016,0.049937617033720016,0.0,0.0,0.0,0.0,0.0,0.0,0.0,0.049937617033720016,0.0,0.0,0.0,0.0,0.0,0.049937617033720016,0.0,0.0,0.0,-0.14981284737586975,0.0,0.0,0.0,0.0,0.049937617033720016,0.0,-0.049937617033720016,0.0,0.0,-0.09987523406744003,-0.049937617033720016,0.049937617033720016,0.0,0.0,0.0,-0.049937617033720016,0.0,0.0,0.0,0.049937617033720016,0.0,0.0,0.0,0.0,0.0,0.0,0.0,-0.049937617033720016,0.0,0.0,0.0,0.0,0.0,0.0,0.0,-0.049937617033720016,0.0,0.0,0.09987523406744003,0.0,-0.049937617033720016,0.0,0.0,0.0,0.0,0.0,0.0,0.0,0.0,0.0,0.0,0.0,0.0,0.0,0.0,0.0,0.0,-0.049937617033720016,0.0,0.0,0.0,0.0,0.0,-0.049937617033720016,0.0,0.0,0.0,0.0,0.0,0.0,-0.049937617033720016,0.0,0.049937617033720016,0.049937617033720016,0.0,0.0,0.0,0.0,0.0,0.0,0.0,0.0,0.0,0.0,0.0,0.0,0.24968808889389038,0.0,0.0,0.0,0.0,0.0,0.0,0.0,0.0,0.0,0.09987523406744003,0.0,0.049937617033720016,0.0,0.0,0.0,0.049937617033720016,0.0,0.0,0.0,0.0,0.0,0.0,-0.049937617033720016,0.0,0.049937617033720016,0.09987523406744003,0.0,0.0,0.0,0.049937617033720016,0.0,0.0,0.0,-0.049937617033720016,0.09987523406744003,-0.049937617033720016,0.049937617033720016,-0.049937617033720016,0.049937617033720016,0.0,0.0,0.0,-0.049937617033720016,-0.049937617033720016,0.0,-0.049937617033720016,-0.049937617033720016,-0.049937617033720016,0.0,0.0,0.049937617033720016,0.0,0.0,0.0,0.0,0.049937617033720016,0.0,0.0,0.0,0.0,0.0,0.0,0.0,0.0,0.0,-0.049937617033720016,0.0,0.0,-0.049937617033720016,0.0,0.0,0.0,0.0,-0.09987523406744003,0.0,0.0,0.0,-0.049937617033720016,0.0,0.049937617033720016,0.0,0.0,0.0,-0.049937617033720016,0.0,-0.049937617033720016,0.0,0.0,0.0,0.0,0.0,0.0,-0.39950093626976013,0.0,-0.049937617033720016,0.0,0.0,0.0,0.0,0.0,0.049937617033720016,0.0,-0.049937617033720016,0.0,-0.049937617033720016,0.0,0.0,0.0,0.0,-0.049937617033720016,0.0,0.049937617033720016,0.0,0.0,0.0,0.0,0.0,-0.049937617033720016,0.0,0.0,0.0,-0.049937617033720016,0.0,0.0,0.0,0.14981284737586975,0.0,0.0,-0.049937617033720016,0.0,0.0,0.0,0.0,0.0,-0.049937617033720016,0.0,0.14981284737586975,0.0,0.0,0.0,0.0,0.0,0.0,0.0,0.0,0.0,0.0,0.0,0.0,-0.049937617033720016,0.0,0.0,0.0,0.0,0.0,0.049937617033720016,0.0,0.0,0.0,0.0,0.0,0.0,0.0,0.0,0.0,0.0,-0.049937617033720016,0.0,0.0,0.0,0.0,-0.049937617033720016,0.0,-0.049937617033720016,0.0,0.049937617033720016,-0.049937617033720016,0.0,0.0,0.0,0.0,0.0,0.0,0.0,0.0,0.0,-0.049937617033720016,0.0,0.0,-0.049937617033720016,0.0,0.049937617033720016,0.0,-0.09987523406744003,0.0,0.0,0.049937617033720016,0.0,-0.049937617033720016,-0.049937617033720016,0.0,0.0,0.049937617033720016,0.0,0.0,0.0,0.0,0.0,0.049937617033720016,0.0,-0.049937617033720016,-0.049937617033720016,-0.049937617033720016,0.0,0.0,0.0,0.0,0.0,0.0,0.049937617033720016,-0.049937617033720016,0.049937617033720016,0.0,0.0,-0.049937617033720016,0.0,0.0,0.0,-0.049937617033720016,0.0,0.0,0.0,0.049937617033720016,0.0,0.0,-0.049937617033720016,0.0,0.049937617033720016,0.0,0.0,0.0,0.0,0.0,0.0,-0.19975046813488007,0.0,0.0,0.0,0.0,0.09987523406744003,0.0,-0.049937617033720016,0.0,0.0,0.049937617033720016,0.0,0.0,0.0,0.0,0.0,0.0,0.0,0.0,0.0,0.049937617033720016,0.0,0.0,0.0,0.0,0.0,0.0,0.0,-0.049937617033720016,0.0,0.0,0.0,0.0,0.0,0.0,0.0,-0.049937617033720016,0.0,0.0,0.0,0.0,-0.049937617033720016,0.0,0.049937617033720016,-0.049937617033720016,0.0,-0.049937617033720016,0.0,0.0,0.0,0.0,0.0,0.0,-0.09987523406744003,-0.049937617033720016,0.0,0.0,0.0,0.0,0.049937617033720016,0.0,0.0,0.0,0.0,0.0,0.0,0.09987523406744003,-0.049937617033720016,0.0,0.0,0.0,0.0,0.0,0.0,0.0,-0.049937617033720016,0.0,0.0,0.0,0.049937617033720016,0.0,0.0,0.049937617033720016,0.0,0.0,0.0,0.049937617033720016,0.0,0.0,0.0,0.09987523406744003,0.0
600961,株冶集团,黄金有色与周期资源,global,student_B,llm_deepseek_extracted,"机构博弈筹码流动：北向资金与机构席位活跃，短线筹码博弈加剧，但未现明显集中流出。  
业绩弹性与技术壁垒：产能回升叠加研...",-0.04932636395096779,0.0,0.0,0.04932636395096779,-0.04932636395096779,0.0,0.0,0.0,0.0,0.0,-0.04932636395096779,0.0,0.04932636395096779,0.0,0.0,-0.04932636395096779,0.0,0.0,0.0,0.0,0.0,0.0,0.0,0.0,0.0,0.0,0.0,0.0,0.04932636395096779,0.0,0.0,-0.04932636395096779,0.0,0.0,0.0,0.04932636395096779,0.0,0.0,0.04932636395096779,0.0,0.0,0.0,-0.04932636395096779,0.0,0.0,0.0,0.0,0.0,0.0,0.0,0.0,0.09865272790193558,0.0,0.04932636395096779,0.0,0.0,0.0,0.0,0.04932636395096779,0.0,0.0,0.0,0.0,0.0,-0.09865272790193558,-0.04932636395096779,0.0,0.0,0.0,0.0,0.0,0.0,0.0,0.0,0.0,0.0,-0.04932636395096779,-0.09865272790193558,0.0,0.0,0.0,0.0,0.0,0.0,0.0,0.0,-0.04932636395096779,-0.09865272790193558,0.0,0.0,0.0,0.0,0.0,0.0,0.0,0.0,0.0,0.0,0.0,-0.04932636395096779,0.0,0.0,0.0,0.0,0.0,0.0,0.0,-0.09865272790193558,0.04932636395096779,0.0,-0.09865272790193558,0.0,0.0,0.0,0.0,0.04932636395096779,0.0,0.04932636395096779,0.0,0.04932636395096779,0.0,0.0,-0.09865272790193558,0.0,-0.04932636395096779,0.0,0.04932636395096779,0.0,0.0,0.0,0.0,0.04932636395096779,0.04932636395096779,-0.04932636395096779,0.0,-0.09865272790193558,0.0,0.0,0.0,0.04932636395096779,0.0,0.0,0.0,0.0,0.0,-0.04932636395096779,0.09865272790193558,0.0,0.0,0.0,0.0,0.0,0.0,0.0,0.0,0.04932636395096779,0.0,0.0,0.0,0.0,0.0,0.0,0.09865272790193558,-0.04932636395096779,0.0,-0.04932636395096779,0.0,0.0,0.0,0.0,-0.09865272790193558,-0.04932636395096779,0.0,0.0,0.0,-0.04932636395096779,0.04932636395096779,0.0,-0.04932636395096779,0.0,0.04932636395096779,0.0,0.0,0.0,0.0,0.0,0.0,0.0,-0.04932636395096779,0.0,-0.04932636395096779,0.0,0.0,0.0,0.0,0.0,0.0,0.0,0.0,0.0,0.04932636395096779,0.0,0.0,-0.04932636395096779,0.0,0.0,0.0,0.09865272790193558,0.0,-0.04932636395096779,0.0,0.04932636395096779,0.0,0.0,0.0,0.04932636395096779,0.09865272790193558,0.0,0.0,-0.04932636395096779,0.0,0.0,0.0,-0.04932636395096779,-0.04932636395096779,0.0,0.0,-0.09865272790193558,0.0,0.04932636395096779,0.09865272790193558,0.0,0.0,0.04932636395096779,0.0,0.0,-0.04932636395096779,0.0,0.0,0.0,0.0,0.0,0.0,0.0,-0.04932636395096779,0.09865272790193558,-0.04932636395096779,-0.09865272790193558,0.04932636395096779,0.0,0.0,-0.04932636395096779,0.0,0.09865272790193558,0.0,0.0,0.0,0.0,0.0,0.0,0.0,0.0,0.04932636395096779,0.0,0.0,0.0,0.0,0.0,0.0,0.0,0.0,0.0,0.0,0.04932636395096779,0.0,-0.09865272790193558,0.0,0.0,-0.04932636395096779,0.0,0.0,0.0,0.0,-0.04932636395096779,0.0,0.0,0.0,0.0,0.04932636395096779,0.0,0.0,0.0,0.0,0.0,0.0,0.0,0.0,0.0,0.0,0.04932636395096779,0.0,0.0,0.0,0.0,-0.04932636395096779,0.0,0.0,-0.09865272790193558,0.0,0.0,0.0,0.0,0.0,0.0,0.0,0.0,0.0,0.09865272790193558,0.0,0.0,0.0,-0.04932636395096779,0.0,0.0,0.0,0.0,0.0,0.0,0.0,0.0,0.0,0.0,0.0,0.0,0.0,0.0,0.0,0.0,0.0,0.0,0.04932636395096779,0.0,0.0,0.0,-0.04932636395096779,0.0,-0.04932636395096779,0.0,0.0,0.04932636395096779,0.0,0.0,0.0,-0.04932636395096779,-0.04932636395096779,-0.04932636395096779,0.04932636395096779,0.0,0.0,0.04932636395096779,-0.14797909557819366,0.04932636395096779,0.0,0.0,0.0,0.0,0.0,0.0,0.0,0.0,0.0,-0.09865272790193558,0.0,0.0,0.0,0.0,0.0,0.0,0.0,0.0,-0.04932636395096779,0.0,0.0,0.04932636395096779,-0.04932636395096779,0.04932636395096779,0.0,0.0,0.0,0.04932636395096779,0.0,0.04932636395096779,0.0,0.0,0.0,0.0,0.0,0.0,0.0,-0.09865272790193558,0.0,0.0,0.0,0.0,0.0,0.0,-0.09865272790193558,0.0,-0.04932636395096779,-0.09865272790193558,0.0,0.0,0.0,0.0,0.04932636395096779,-0.04932636395096779,0.0,0.0,0.04932636395096779,0.0,0.0,0.0,0.0,0.0,0.0,0.0,0.0,0.0,0.0,0.0,0.0,0.0,0.0,0.0,-0.04932636395096779,-0.04932636395096779,0.0,0.0,-0.04932636395096779,0.0,0.0,0.0,0.04932636395096779,0.0,0.0,0.0,0.0,0.04932636395096779,0.0,0.0,-0.04932636395096779,0.0,0.0,0.0,0.0,0.0,0.04932636395096779,0.0,0.0,0.0,0.0,0.0,0.0,0.0,0.0,-0.04932636395096779,0.0,0.0,0.0,0.0,0.0,0.0,0.0,0.0,0.0,-0.04932636395096779,-0.04932636395096779,-0.04932636395096779,0.0,-0.04932636395096779,0.0,0.0,0.04932636395096779,0.0,-0.04932636395096779,0.0,0.0,0.04932636395096779,0.0,0.0,0.0,0.0,0.0,0.0,0.0,0.0,0.0,-0.04932636395096779,0.0,0.0,-0.04932636395096779,0.0,0.0,0.04932636395096779,0.0,-0.09865272790193558,0.04932636395096779,0.0,0.0,-0.04932636395096779,0.0,0.0,0.0,0.0,0.0,-0.04932636395096779,0.0,-0.09865272790193558,0.0,0.0,0.0,-0.04932636395096779,0.0,0.0,-0.24663181602954865,0.0,-0.04932636395096779,0.0,0.0,0.0,0.0,0.0,0.09865272790193558,0.0,-0.04932636395096779,0.0,0.0,0.0,0.0,0.0,-0.04932636395096779,-0.04932636395096779,0.04932636395096779,0.04932636395096779,-0.09865272790193558,0.0,0.0,0.0,0.0,-0.04932636395096779,0.0,0.0,0.0,0.0,-0.04932636395096779,0.0,-0.04932636395096779,0.14797909557819366,0.0,0.0,-0.04932636395096779,0.0,0.0,0.0,0.0,0.0,-0.04932636395096779,0.0,0.0,0.04932636395096779,0.0,0.0,-0.04932636395096779,0.0,0.0,0.0,0.0,0.0,0.0,0.0,0.04932636395096779,-0.04932636395096779,0.0,-0.04932636395096779,0.0,0.0,0.04932636395096779,0.09865272790193558,0.04932636395096779,0.0,0.0,0.0,0.0,-0.04932636395096779,0.0,0.0,0.0,0.04932636395096779,-0.04932636395096779,0.0,0.0,0.0,0.0,-0.04932636395096779,0.0,0.0,0.0,0.09865272790193558,-0.04932636395096779,0.0,0.0,0.0,0.0,0.0,0.0,0.0,0.0,0.0,-0.04932636395096779,0.0,0.0,-0.09865272790193558,-0.04932636395096779,0.0,0.0,-0.04932636395096779,0.0,0.0,0.04932636395096779,0.0,0.0,-0.14797909557819366,0.0,0.0,0.04932636395096779,-0.04932636395096779,0.0,0.0,-0.04932636395096779,-0.04932636395096779,0.04932636395096779,0.0,0.0,0.0,0.0,0.0,0.04932636395096779,0.0,0.0,0.0,0.0,-0.14797909557819366,0.0,0.0,0.0,0.0,0.0,0.0,0.0,-0.04932636395096779,-0.04932636395096779,0.04932636395096779,0.0,0.04932636395096779,0.09865272790193558,0.0,0.0,-0.09865272790193558,0.0,0.04932636395096779,0.0,0.0,-0.04932636395096779,0.0,0.0,0.0,0.0,0.0,0.0,0.0,0.0,0.09865272790193558,0.0,-0.04932636395096779,0.0,0.0,0.04932636395096779,0.0,0.0,0.0,0.0,0.0,-0.04932636395096779,0.0,0.0,0.0,0.04932636395096779,0.0,0.0,0.0,0.0,0.0,0.0,0.0,-0.19730545580387115,0.0,0.0,0.0,0.0,0.0,0.04932636395096779,0.0,-0.04932636395096779,0.0,-0.04932636395096779,0.0,0.0,0.0,0.0,0.09865272790193558,0.0,0.04932636395096779,0.0,0.0,0.0,0.0,0.0,0.0,0.0,0.19730545580387115,-0.04932636395096779,0.0,-0.09865272790193558,0.0,0.0,0.0,0.0,-0.09865272790193558,0.0,-0.09865272790193558,0.0,-0.04932636395096779,0.09865272790193558,-0.04932636395096779,0.0,0.0,0.0,0.0,0.0,0.0,0.0,0.0,0.0,0.0,0.0,0.04932636395096779,0.0,0.0,0.09865272790193558,0.0,0.0,0.0,0.0,0.0,0.0,0.0,0.0,0.0
600497,驰宏锌锗,黄金有色与周期资源,global,student_B,llm_deepseek_extracted,"1. 机构席位活跃，北向资金流动频繁，筹码博弈加剧。  
2. 产能回升+研发交付，业绩弹性增强，技术壁垒稳固。  
3...",-0.06154574453830719,-0.06154574453830719,0.0,0.0,0.0,0.0,0.0,0.0,0.0,0.0,0.0,0.0,0.06154574453830719,0.06154574453830719,0.0,0.0,0.0,0.0,0.0,0.0,0.0,0.0,0.0,0.0,0.0,0.0,0.0,0.0,0.0,0.0,0.0,0.06154574453830719,0.06154574453830719,0.0,0.0,0.0,0.0,0.0,0.0,0.0,0.0,0.0,-0.06154574453830719,0.0,0.0,-0.06154574453830719,0.0,0.0,0.0,0.0,0.06154574453830719,0.06154574453830719,0.0,0.06154574453830719,0.0,0.0,0.0,0.0,0.0,0.0,0.0,0.0,0.0,0.0,-0.06154574453830719,-0.06154574453830719,0.0,0.0,0.0,0.0,0.0,0.0,0.0,0.0,0.0,0.0,0.0,-0.06154574453830719,0.0,0.0,0.0,0.0,0.0,-0.06154574453830719,0.0,0.0,0.0,-0.06154574453830719,0.0,0.0,0.0,0.06154574453830719,0.0,0.0,0.0,0.0,0.0,0.0,0.0,0.0,0.0,0.0,0.0,0.06154574453830719,0.0,0.0,0.0,-0.06154574453830719,0.0,0.0,-0.06154574453830719,0.0,0.0,0.0,0.0,0.06154574453830719,0.0,0.06154574453830719,0.0,0.06154574453830719,0.0,0.06154574453830719,0.0,0.0,-0.06154574453830719,0.0,0.06154574453830719,0.0,0.0,0.0,0.0,0.06154574453830719,0.06154574453830719,-0.06154574453830719,0.0,-0.06154574453830719,0.0,0.0,0.0,0.0,0.0,0.0,0.0,0.0,0.0,0.0,0.06154574453830719,0.0,0.06154574453830719,0.0,0.0,0.0,0.0,0.0,0.0,0.06154574453830719,0.0,0.0,0.0,0.0,0.0,0.0,0.12309148907661438,-0.06154574453830719,0.06154574453830719,0.0,0.0,0.0,0.0,0.06154574453830719,-0.06154574453830719,-0.06154574453830719,0.0,0.0,0.0,0.0,0.0,0.0,-0.06154574453830719,0.0,0.06154574453830719,0.0,0.0,0.0,0.0,-0.06154574453830719,0.0,0.0,0.06154574453830719,0.0,0.0,0.0,0.06154574453830719,0.0,0.06154574453830719,0.0,0.0,0.0,0.0,0.0,0.12309148907661438,0.0,0.0,0.0,0.0,0.0,0.0,0.06154574453830719,0.0,0.0,0.0,0.06154574453830719,0.0,0.06154574453830719,0.0,0.06154574453830719,0.06154574453830719,0.0,0.0,-0.06154574453830719,-0.12309148907661438,0.0,0.0,0.0,0.0,0.06154574453830719,0.0,-0.06154574453830719,0.0,0.06154574453830719,0.06154574453830719,0.06154574453830719,0.0,0.0,0.0,0.0,-0.06154574453830719,0.0,0.0,0.0,0.0,0.0,0.0,-0.06154574453830719,-0.06154574453830719,0.12309148907661438,0.0,0.0,0.0,0.0,0.0,-0.06154574453830719,0.0,0.12309148907661438,0.0,0.0,0.0,0.0,0.0,0.0,0.0,0.0,0.0,0.0,0.0,0.0,0.0,0.0,0.0,0.0,0.0,0.0,0.0,0.06154574453830719,-0.06154574453830719,-0.06154574453830719,0.0,0.0,0.0,0.0,0.0,0.0,0.0,-0.06154574453830719,0.06154574453830719,0.0,-0.06154574453830719,0.0,-0.06154574453830719,0.0,0.0,0.0,0.0,0.0,0.0,0.0,0.0,0.0,0.0,0.06154574453830719,0.0,0.0,0.06154574453830719,0.0,-0.06154574453830719,0.0,0.0,-0.06154574453830719,0.0,0.0,0.0,0.0,0.0,0.0,-0.06154574453830719,0.0,0.0,0.06154574453830719,0.0,0.0,0.0,-0.06154574453830719,0.06154574453830719,0.0,0.0,0.0,-0.06154574453830719,0.0,0.0,0.0,0.0,0.0,0.0,0.0,0.0,0.0,0.0,0.0,0.0,0.0,0.06154574453830719,0.0,0.0,0.0,-0.12309148907661438,0.0,0.0,0.0,0.0,0.06154574453830719,0.0,-0.06154574453830719,0.0,0.0,-0.06154574453830719,-0.06154574453830719,0.06154574453830719,0.0,0.0,0.0,-0.06154574453830719,0.0,0.0,0.0,0.0,0.0,0.0,0.0,0.0,0.0,0.0,-0.06154574453830719,-0.06154574453830719,0.0,0.0,0.0,0.0,0.0,0.0,0.0,-0.06154574453830719,0.0,-0.06154574453830719,0.06154574453830719,0.0,-0.06154574453830719,0.0,0.0,0.0,0.0,0.0,0.0,0.0,0.0,0.0,0.0,0.0,0.0,0.0,0.0,0.0,0.0,0.0,0.0,0.0,0.0,-0.06154574453830719,0.0,-0.06154574453830719,0.0,0.0,0.0,0.0,0.0,0.0,0.0,0.0,0.06154574453830719,0.0,0.0,0.0,0.0,0.0,0.0,0.0,0.0,-0.06154574453830719,0.0,0.0,0.0,0.0,0.24618297815322876,0.0,0.0,0.0,0.0,0.0,0.0,0.0,0.0,0.0,0.0,0.0,0.0,0.0,0.0,0.0,0.06154574453830719,0.0,0.0,0.0,0.0,0.0,0.0,0.0,0.0,0.06154574453830719,0.0,0.0,0.0,0.0,0.0,0.0,0.0,0.0,-0.06154574453830719,0.0,-0.06154574453830719,0.06154574453830719,0.0,0.0,0.0,0.0,0.0,0.0,0.06154574453830719,0.0,0.0,-0.06154574453830719,-0.06154574453830719,0.0,0.0,0.12309148907661438,0.0,0.0,0.0,0.0,0.06154574453830719,0.0,0.0,0.0,0.0,0.0,0.0,0.0,0.0,0.0,-0.06154574453830719,0.0,0.0,-0.06154574453830719,0.0,0.0,0.0,0.0,-0.06154574453830719,0.0,0.0,0.0,-0.06154574453830719,0.0,0.06154574453830719,0.0,0.0,0.0,-0.06154574453830719,0.0,-0.06154574453830719,0.0,0.0,0.0,0.0,0.0,0.0,-0.30772870779037476,0.0,-0.06154574453830719,0.0,0.0,0.0,0.0,0.0,0.12309148907661438,0.0,-0.06154574453830719,0.0,0.0,0.06154574453830719,0.0,0.06154574453830719,0.0,-0.06154574453830719,0.06154574453830719,0.06154574453830719,0.0,-0.06154574453830719,0.0,0.0,0.0,0.0,0.0,0.0,0.0,-0.06154574453830719,0.0,0.0,0.0,0.18463723361492157,0.0,0.0,-0.06154574453830719,0.0,0.0,-0.06154574453830719,0.0,0.0,0.0,0.0,0.06154574453830719,0.0,0.0,0.0,0.0,0.0,0.0,0.0,0.0,0.0,0.0,0.0,0.0,0.0,0.0,0.0,0.0,0.0,0.0,0.06154574453830719,0.0,0.0,0.0,0.0,0.0,0.0,0.0,0.0,0.0,0.0,-0.06154574453830719,0.0,0.0,0.0,0.0,-0.06154574453830719,0.0,-0.06154574453830719,0.0,0.06154574453830719,-0.06154574453830719,0.0,0.0,0.0,0.06154574453830719,0.0,0.0,0.0,0.0,0.0,0.0,0.0,0.0,-0.06154574453830719,0.0,0.0,0.0,-0.12309148907661438,0.0,0.0,0.06154574453830719,0.0,0.0,-0.06154574453830719,0.0,0.0,0.06154574453830719,0.0,-0.06154574453830719,0.0,0.0,0.0,0.06154574453830719,0.0,-0.06154574453830719,-0.06154574453830719,-0.06154574453830719,0.0,0.0,0.0,0.0,0.0,0.0,0.0,0.0,0.06154574453830719,0.0,0.0,0.0,0.0,0.0,0.0,-0.06154574453830719,0.0,0.0,0.0,-0.06154574453830719,0.0,0.0,-0.06154574453830719,0.06154574453830719,0.06154574453830719,0.0,0.0,-0.06154574453830719,0.0,0.0,0.0,0.0,0.0,0.0,0.0,0.0,0.12309148907661438,0.0,0.0,0.0,0.0,0.06154574453830719,0.0,0.0,0.0,0.0,0.0,0.0,0.0,0.0,0.0,0.06154574453830719,-0.06154574453830719,0.0,0.0,0.0,0.0,0.06154574453830719,0.0,-0.12309148907661438,0.0,0.0,0.0,0.0,0.0,0.06154574453830719,0.0,-0.06154574453830719,0.0,0.0,0.0,0.0,0.0,0.0,0.06154574453830719,0.0,0.0,-0.06154574453830719,0.0,0.0,0.0,0.0,0.0,-0.06154574453830719,0.12309148907661438,-0.06154574453830719,0.0,0.0,0.0,0.0,0.06154574453830719,0.0,-0.06154574453830719,0.0,-0.06154574453830719,0.0,0.0,0.12309148907661438,-0.06154574453830719,0.0,0.0,0.0,0.0,0.0,0.0,0.0,-0.06154574453830719,0.06154574453830719,0.0,0.0,0.0,0.0,0.06154574453830719,0.06154574453830719,0.0,0.0,0.0,0.06154574453830719,0.0,0.0,0.0,0.0,0.0
000060,中金岭南,黄金有色与周期资源,global,student_B,llm_deepseek_extracted,"1. 机构席位活跃，北向资金流入，筹码博弈偏多。  
2. 产能回升+研发交付，业绩弹性增强，Beta1.08放大周期收...",-0.059654999524354935,-0.059654999524354935,0.0,0.0,0.0,0.0,0.0,0.0,0.0,0.0,0.0,0.0,0.059654999524354935,0.059654999524354935,0.0,0.0,0.0,0.0,0.0,0.059654999524354935,0.0,0.0,0.0,0.0,0.0,0.0,0.0,0.0,-0.059654999524354935,0.0,-0.059654999524354935,0.0,0.059654999524354935,0.0,0.0,0.0,0.0,0.0,0.0,0.059654999524354935,0.0,0.0,-0.059654999524354935,0.0,0.0,0.0,0.059654999524354935,0.0,0.0,0.0,0.059654999524354935,0.059654999524354935,0.0,0.059654999524354935,0.059654999524354935,0.0,0.0,0.0,0.0,0.0,0.0,0.0,0.0,0.0,-0.059654999524354935,-0.059654999524354935,0.0,0.0,0.0,0.0,0.0,0.0,0.0,0.0,-0.059654999524354935,0.0,0.0,0.0,0.0,0.0,0.0,0.0,0.0,0.0,-0.059654999524354935,0.0,0.0,0.0,0.0,0.0,0.0,0.059654999524354935,0.059654999524354935,0.0,0.059654999524354935,0.0,0.0,0.0,0.0,0.0,0.0,0.0,0.0,0.0,0.0,0.0,0.0,0.0,0.0,0.0,-0.059654999524354935,0.0,0.0,0.0,0.0,0.059654999524354935,0.0,0.059654999524354935,0.0,0.059654999524354935,0.059654999524354935,0.0,0.0,0.0,-0.059654999524354935,0.0,0.11930999904870987,0.0,0.0,-0.059654999524354935,0.0,0.059654999524354935,0.11930999904870987,0.0,0.0,-0.059654999524354935,0.0,0.0,0.0,0.0,0.0,-0.059654999524354935,0.0,0.0,0.0,0.0,0.0,0.0,0.059654999524354935,0.0,0.0,-0.059654999524354935,0.0,0.0,0.0,0.0,0.0,0.0,0.0,0.0,0.0,0.0,0.11930999904870987,0.0,0.0,0.0,0.0,0.0,0.0,0.0,-0.059654999524354935,-0.059654999524354935,0.0,0.0,0.0,0.0,0.059654999524354935,0.0,0.0,0.0,0.0,0.0,0.0,0.0,0.0,0.0,0.0,0.0,0.0,0.0,0.0,-0.059654999524354935,0.0,0.0,0.059654999524354935,0.0,0.0,0.0,0.0,0.0,0.059654999524354935,0.0,0.0,0.0,0.0,0.0,0.0,0.059654999524354935,0.0,0.0,0.0,0.059654999524354935,-0.059654999524354935,0.0,0.0,0.059654999524354935,0.059654999524354935,0.0,0.0,0.0,-0.059654999524354935,0.0,0.0,0.059654999524354935,0.0,0.0,0.0,-0.059654999524354935,0.0,0.0,0.11930999904870987,0.059654999524354935,0.0,0.0,0.0,0.0,-0.059654999524354935,0.059654999524354935,0.0,0.0,0.059654999524354935,0.0,0.0,0.0,-0.11930999904870987,0.1789650022983551,0.0,-0.059654999524354935,0.059654999524354935,0.0,0.0,0.0,0.0,0.11930999904870987,0.0,0.0,0.0,0.0,0.0,0.0,0.0,0.0,0.0,0.0,0.0,0.0,0.0,0.0,0.0,0.0,0.0,0.059654999524354935,0.0,0.059654999524354935,-0.059654999524354935,-0.059654999524354935,0.0,0.0,0.059654999524354935,0.0,0.0,0.0,0.0,-0.059654999524354935,0.059654999524354935,0.0,0.0,0.0,-0.059654999524354935,0.0,0.0,0.0,0.0,0.0,0.0,0.0,0.059654999524354935,0.0,0.0,0.059654999524354935,0.059654999524354935,0.0,0.059654999524354935,0.0,-0.059654999524354935,0.0,0.0,-0.059654999524354935,0.0,0.0,0.0,0.0,0.0,0.0,-0.059654999524354935,0.0,0.0,0.059654999524354935,0.0,0.0,0.0,-0.059654999524354935,0.059654999524354935,0.0,0.0,-0.059654999524354935,0.0,0.0,0.0,0.0,0.0,0.0,0.0,0.0,0.0,0.0,0.0,0.0,0.0,0.0,0.059654999524354935,0.0,0.0,0.0,0.0,0.0,0.0,0.0,0.0,0.059654999524354935,0.0,-0.059654999524354935,0.0,0.0,0.0,-0.059654999524354935,0.059654999524354935,0.0,0.0,0.0,-0.059654999524354935,0.0,0.0,0.0,0.0,0.0,0.0,-0.059654999524354935,0.0,0.0,0.0,0.0,0.0,0.0,0.0,0.0,0.0,0.0,0.0,0.0,-0.059654999524354935,0.0,0.0,0.059654999524354935,0.0,-0.059654999524354935,0.0,0.0,0.0,0.0,0.0,0.0,0.0,0.0,0.0,0.0,0.0,0.0,0.0,0.0,-0.059654999524354935,0.0,-0.059654999524354935,0.0,0.0,0.0,0.0,0.0,-0.059654999524354935,0.0,0.059654999524354935,0.0,0.0,0.0,0.0,0.0,0.0,0.0,0.0,0.0,0.0,0.0,0.0,0.0,0.0,0.0,0.0,0.059654999524354935,0.0,0.0,0.0,0.2982749938964844,-0.059654999524354935,0.0,0.0,0.0,0.0,0.0,0.0,0.0,0.0,0.059654999524354935,0.0,0.0,0.0,0.0,0.0,0.059654999524354935,0.0,0.0,0.0,0.0,0.0,0.0,0.0,0.0,0.059654999524354935,0.059654999524354935,0.0,0.0,0.0,0.059654999524354935,0.0,0.0,0.0,0.0,0.059654999524354935,-0.059654999524354935,0.059654999524354935,0.0,0.059654999524354935,0.0,0.0,0.0,0.0,0.059654999524354935,0.0,0.0,0.0,-0.059654999524354935,0.0,0.0,0.059654999524354935,0.0,0.0,0.0,0.0,0.059654999524354935,0.0,0.059654999524354935,0.0,0.0,0.0,0.0,0.0,0.0,0.0,-0.059654999524354935,0.0,0.0,0.0,0.0,0.0,0.0,-0.059654999524354935,0.0,0.0,0.0,0.0,-0.059654999524354935,0.0,0.059654999524354935,0.0,0.0,0.0,-0.059654999524354935,0.0,-0.059654999524354935,0.0,0.0,0.0,0.0,0.0,0.0,-0.2982749938964844,0.0,-0.059654999524354935,0.0,0.0,0.0,0.0,0.0,0.11930999904870987,0.0,-0.059654999524354935,0.0,-0.059654999524354935,0.059654999524354935,0.0,0.0,0.0,-0.059654999524354935,0.0,0.059654999524354935,-0.059654999524354935,0.0,0.0,0.0,0.0,0.0,0.0,0.0,0.0,-0.059654999524354935,0.0,0.0,0.0,0.1789650022983551,0.0,0.0,-0.059654999524354935,0.0,0.0,0.0,0.0,0.0,0.0,-0.059654999524354935,0.11930999904870987,0.0,0.0,0.0,0.0,0.0,0.0,0.0,0.0,0.0,0.059654999524354935,0.0,0.0,0.0,0.0,0.0,0.0,0.0,0.0,0.059654999524354935,0.0,-0.059654999524354935,-0.059654999524354935,0.0,0.0,0.059654999524354935,0.0,0.0,0.0,0.0,-0.11930999904870987,0.0,0.0,0.0,0.0,-0.11930999904870987,0.0,-0.059654999524354935,0.0,0.059654999524354935,-0.059654999524354935,0.0,0.0,0.0,0.0,0.059654999524354935,0.0,0.0,0.0,0.0,0.0,0.0,0.0,-0.059654999524354935,0.0,0.059654999524354935,0.0,-0.059654999524354935,0.0,0.0,0.059654999524354935,0.0,0.0,-0.059654999524354935,0.0,0.0,0.059654999524354935,0.0,0.0,0.0,0.0,0.059654999524354935,0.0,0.0,-0.059654999524354935,0.0,-0.059654999524354935,0.0,0.0,0.0,0.0,0.0,0.0,-0.059654999524354935,0.0,0.059654999524354935,0.0,0.0,0.0,0.0,0.0,0.0,-0.059654999524354935,0.059654999524354935,0.0,0.0,0.0,0.0,0.0,0.0,0.0,0.059654999524354935,0.0,0.0,0.0,0.0,0.0,0.059654999524354935,-0.11930999904870987,0.0,0.0,0.0,0.0,0.11930999904870987,0.0,0.0,0.0,0.0,0.059654999524354935,0.0,0.0,0.0,0.0,0.0,0.0,0.0,0.0,0.0,0.059654999524354935,0.0,0.0,0.0,0.0,0.0,0.0,0.0,-0.059654999524354935,0.0,0.0,0.0,0.0,0.0,0.0,0.0,-0.059654999524354935,0.0,0.0,0.0,0.0,0.0,0.0,0.059654999524354935,0.0,0.0,0.0,0.0,0.0,0.0,0.0,0.0,0.0,-0.059654999524354935,0.0,-0.059654999524354935,0.0,0.0,0.0,0.059654999524354935,0.0,0.0,0.0,0.0,0.0,0.0,0.1789650022983551,-0.059654999524354935,0.0,0.0,0.0,0.0,0.0,0.0,0.0,-0.059654999524354935,0.0,0.0,0.0,0.0,0.0,0.0,0.0,0.0,-0.059654999524354935,0.0,0.059654999524354935,0.0,0.0,0.0,0.059654999524354935,0.0
600338,西藏珠峰,黄金有色与周期资源,global,student_B,llm_deepseek_extracted,机构博弈筹码流动：北向与机构席位活跃，短线筹码交换频繁，但未现单边吸筹迹象。业绩弹性与技术壁垒：产能回升叠加研发交付，业...,-0.056433264166116714,0.0,0.0,0.056433264166116714,0.0,0.0,0.0,0.0,0.0,0.0,-0.056433264166116714,0.0,0.056433264166116714,0.0,-0.056433264166116714,0.0,0.0,0.0,0.0,0.0,0.0,0.0,0.0,0.0,0.0,0.0,0.0,0.0,-0.056433264166116714,0.0,0.0,0.056433264166116714,0.056433264166116714,0.0,0.0,-0.056433264166116714,0.0,0.0,0.056433264166116714,0.0,0.0,0.0,0.0,0.0,0.0,-0.056433264166116714,0.0,0.0,0.0,0.0,0.0,0.11286652833223343,0.0,0.056433264166116714,0.0,0.0,0.0,0.0,0.0,0.0,0.0,0.0,0.0,0.0,-0.056433264166116714,-0.056433264166116714,0.0,0.0,0.0,0.0,0.0,0.0,0.0,0.0,0.0,0.0,-0.056433264166116714,-0.056433264166116714,0.0,0.0,0.0,0.0,0.0,0.0,0.0,0.0,0.0,-0.056433264166116714,0.0,0.0,0.0,0.0,0.0,0.0,0.0,0.0,0.0,0.0,0.0,0.0,0.0,0.0,0.0,0.0,0.0,0.0,0.0,-0.11286652833223343,0.056433264166116714,0.056433264166116714,-0.11286652833223343,0.0,0.0,0.0,0.056433264166116714,0.056433264166116714,0.0,0.0,0.056433264166116714,0.0,0.056433264166116714,0.0,-0.11286652833223343,0.0,-0.056433264166116714,0.0,0.056433264166116714,0.0,0.0,0.0,0.0,0.056433264166116714,0.056433264166116714,0.0,0.0,-0.11286652833223343,0.0,0.0,0.0,0.0,0.0,0.0,0.0,0.0,0.0,0.0,0.0,0.0,0.0,0.0,0.0,-0.056433264166116714,0.0,0.0,0.0,0.0,0.0,0.0,0.0,0.0,0.0,0.0,0.056433264166116714,0.056433264166116714,0.0,-0.056433264166116714,0.0,0.0,0.0,0.0,-0.11286652833223343,-0.056433264166116714,0.0,0.0,0.0,-0.056433264166116714,0.056433264166116714,0.0,-0.056433264166116714,0.0,0.056433264166116714,0.0,0.0,0.0,0.056433264166116714,0.0,0.0,0.0,0.056433264166116714,0.0,-0.056433264166116714,0.056433264166116714,0.0,0.0,0.0,0.0,0.0,0.0,0.056433264166116714,0.0,0.056433264166116714,0.0,0.0,0.0,0.0,0.0,0.0,0.056433264166116714,0.0,0.0,0.0,0.056433264166116714,0.0,0.056433264166116714,0.0,0.056433264166116714,0.11286652833223343,0.0,0.0,-0.056433264166116714,0.0,0.0,0.0,0.0,-0.056433264166116714,0.0,0.0,-0.11286652833223343,0.0,0.0,0.11286652833223343,0.0,0.0,0.0,0.0,0.0,0.0,0.0,0.0,0.0,0.0,0.0,0.0,0.0,-0.056433264166116714,0.11286652833223343,0.0,-0.056433264166116714,0.0,0.0,0.0,0.0,0.0,0.11286652833223343,0.0,0.0,0.0,0.0,0.0,0.0,0.0,0.0,0.0,0.0,0.0,0.0,0.0,0.0,0.0,0.0,0.0,0.0,0.0,0.056433264166116714,0.0,-0.11286652833223343,0.0,0.056433264166116714,-0.056433264166116714,0.0,0.0,0.0,0.0,-0.056433264166116714,0.0,0.0,0.0,0.0,0.056433264166116714,0.0,0.0,0.0,0.056433264166116714,0.056433264166116714,0.0,0.0,0.0,0.0,0.0,0.056433264166116714,0.056433264166116714,0.0,0.0,0.0,-0.056433264166116714,0.0,-0.056433264166116714,-0.056433264166116714,0.0,0.0,0.0,0.0,0.0,0.0,-0.056433264166116714,0.0,0.0,0.11286652833223343,0.0,0.0,0.0,-0.056433264166116714,0.0,0.0,0.0,-0.056433264166116714,0.056433264166116714,0.0,0.0,0.0,0.0,0.0,0.056433264166116714,0.0,0.0,0.0,0.0,0.0,0.0,0.0,0.056433264166116714,0.056433264166116714,0.0,0.0,-0.11286652833223343,0.0,-0.056433264166116714,0.0,-0.056433264166116714,0.0,0.0,0.0,0.0,-0.056433264166116714,0.0,-0.056433264166116714,0.056433264166116714,0.0,0.0,0.056433264166116714,-0.16929979622364044,0.0,0.0,0.0,0.0,0.0,0.0,0.0,0.056433264166116714,-0.056433264166116714,0.056433264166116714,-0.056433264166116714,-0.11286652833223343,0.0,0.0,0.0,0.0,0.0,0.0,0.0,-0.056433264166116714,0.0,0.0,0.056433264166116714,0.0,0.056433264166116714,0.0,0.0,0.0,0.0,0.056433264166116714,0.0,0.0,0.0,0.0,0.0,0.0,0.0,0.0,-0.11286652833223343,0.0,0.0,0.0,0.0,0.0,0.0,-0.056433264166116714,0.0,0.0,-0.056433264166116714,0.0,0.0,0.0,0.0,0.0,-0.056433264166116714,0.0,0.0,0.056433264166116714,0.0,0.0,0.0,0.0,0.0,0.0,0.0,0.0,0.0,0.0,0.0,0.0,0.056433264166116714,0.0,-0.056433264166116714,0.0,0.0,0.056433264166116714,0.0,0.0,0.0,0.0,0.056433264166116714,0.0,0.0,0.0,0.0,0.0,0.056433264166116714,0.0,0.0,0.0,0.0,0.0,0.0,-0.056433264166116714,0.0,0.056433264166116714,0.056433264166116714,0.0,0.0,0.0,0.056433264166116714,0.0,0.0,0.0,-0.056433264166116714,0.056433264166116714,0.0,0.0,0.0,0.056433264166116714,0.0,0.0,0.0,0.0,-0.056433264166116714,0.0,-0.056433264166116714,0.0,-0.056433264166116714,0.0,0.0,0.056433264166116714,0.0,-0.056433264166116714,0.0,0.0,0.056433264166116714,0.0,0.0,0.0,0.0,0.0,0.0,0.0,0.0,0.0,-0.056433264166116714,0.0,0.0,0.0,0.0,0.0,0.056433264166116714,0.0,-0.056433264166116714,0.056433264166116714,0.0,0.0,-0.056433264166116714,-0.056433264166116714,0.0,0.0,0.0,0.0,-0.16929979622364044,0.0,-0.056433264166116714,0.0,0.0,0.0,0.0,0.0,0.0,-0.28216633200645447,0.0,-0.056433264166116714,0.0,0.0,0.0,0.0,0.0,0.056433264166116714,0.0,-0.056433264166116714,0.0,0.056433264166116714,0.0,0.056433264166116714,0.0,-0.056433264166116714,-0.056433264166116714,0.0,0.056433264166116714,-0.11286652833223343,0.0,0.0,0.0,0.0,0.0,0.0,0.0,0.0,0.0,0.0,0.0,-0.056433264166116714,0.16929979622364044,0.0,0.0,0.0,-0.056433264166116714,0.0,0.0,0.0,0.0,0.0,0.0,0.056433264166116714,0.0,0.0,0.056433264166116714,0.0,0.0,0.0,0.0,0.0,0.0,0.056433264166116714,0.056433264166116714,0.0,-0.056433264166116714,0.0,-0.11286652833223343,0.0,0.0,0.0,0.056433264166116714,0.0,0.0,0.056433264166116714,0.0,0.0,0.056433264166116714,0.0,0.0,0.0,0.056433264166116714,-0.056433264166116714,0.0,0.0,0.0,0.0,-0.056433264166116714,0.0,0.0,0.0,0.056433264166116714,0.0,0.0,0.0,0.0,0.0,0.0,0.0,0.0,0.0,0.0,0.0,0.0,0.0,-0.11286652833223343,0.0,0.0,0.0,-0.11286652833223343,0.0,0.0,0.0,0.0,0.0,-0.11286652833223343,0.0,0.0,0.056433264166116714,-0.056433264166116714,0.0,0.0,-0.056433264166116714,-0.056433264166116714,0.0,0.0,0.0,0.056433264166116714,0.0,0.0,0.0,0.0,0.0,-0.056433264166116714,-0.056433264166116714,-0.11286652833223343,0.0,0.056433264166116714,0.0,0.0,0.0,0.0,0.0,0.0,-0.056433264166116714,0.056433264166116714,0.0,0.0,0.056433264166116714,0.0,0.0,-0.056433264166116714,0.0,0.056433264166116714,0.0,0.0,0.0,0.0,0.0,0.0,-0.11286652833223343,0.0,0.0,0.0,0.0,0.11286652833223343,0.0,0.0,0.0,0.0,0.056433264166116714,0.0,0.0,0.0,0.0,0.0,-0.056433264166116714,0.0,0.0,0.0,0.056433264166116714,0.0,0.0,0.0,0.0,0.0,0.0,0.0,-0.11286652833223343,0.0,0.0,0.0,0.0,0.0,0.0,0.0,-0.056433264166116714,0.0,-0.056433264166116714,0.0,0.0,0.0,0.0,0.056433264166116714,0.0,0.0,0.0,0.0,0.0,0.0,0.0,0.056433264166116714,0.0,0.056433264166116714,0.0,0.0,0.0,0.0,0.0,0.0,0.0,-0.056433264166116714,0.0,-0.056433264166116714,0.0,0.0,0.056433264166116714,0.0,0.0,0.0,0.0,0.0,0.0,0.0,0.0,0.0,0.0,0.0,-0.056433264166116714,0.056433264166116714,0.0,0.0,0.056433264166116714,0.0,0.0,0.0,0.0,0.0,0.0,0.0,0.056433264166116714,0.0
601168,西部矿业,黄金有色与周期资源,global,student_B,llm_deepseek_extracted,"1. 机构席位活跃，北向资金流入，筹码博弈偏多。  
2. 产能回升+研发交付，业绩弹性增强，技术壁垒稳固。  
3. ...",-0.06324555724859238,-0.06324555724859238,0.0,0.0,0.0,0.0,0.0,0.0,0.0,0.0,0.0,0.0,0.06324555724859238,0.06324555724859238,0.0,0.0,0.0,0.0,0.0,0.0,0.0,0.0,0.0,0.0,0.0,0.0,0.0,0.0,0.0,0.0,0.0,0.06324555724859238,0.06324555724859238,0.0,0.0,0.0,0.0,0.0,0.0,0.0,0.0,0.0,-0.06324555724859238,0.0,0.0,0.0,0.0,0.0,0.0,0.0,0.06324555724859238,0.06324555724859238,0.0,0.06324555724859238,0.06324555724859238,0.0,0.0,0.0,0.0,0.0,0.0,0.0,0.0,0.0,-0.06324555724859238,-0.06324555724859238,0.0,0.0,0.0,0.0,0.0,0.0,0.0,0.0,-0.06324555724859238,0.0,0.0,-0.06324555724859238,0.0,0.0,0.0,0.0,0.0,0.0,-0.06324555724859238,0.0,0.0,-0.06324555724859238,0.0,0.0,0.0,0.06324555724859238,0.0,0.0,0.06324555724859238,0.0,0.0,0.0,0.0,0.0,0.0,0.0,0.0,0.0,0.0,0.0,0.0,-0.06324555724859238,0.0,0.0,-0.06324555724859238,0.0,0.0,0.0,0.0,0.06324555724859238,0.0,0.06324555724859238,0.0,0.06324555724859238,0.0,0.0,0.0,0.0,-0.06324555724859238,0.0,0.06324555724859238,0.0,0.0,0.0,0.0,0.06324555724859238,0.06324555724859238,-0.06324555724859238,0.0,-0.06324555724859238,0.0,0.0,0.0,0.0,0.0,0.0,0.0,0.0,0.0,0.0,0.0,0.0,0.06324555724859238,0.0,0.0,0.0,0.0,0.0,0.0,0.06324555724859238,0.0,0.0,0.0,0.0,0.0,0.0,0.12649111449718475,-0.06324555724859238,0.0,-0.06324555724859238,0.0,0.0,0.0,0.0,-0.06324555724859238,0.0,0.0,0.0,0.0,0.0,0.06324555724859238,0.0,-0.06324555724859238,0.0,0.0,0.0,0.0,0.0,0.0,0.0,0.0,0.0,0.0,0.0,0.0,0.0,0.0,0.0,0.06324555724859238,0.0,0.0,0.0,0.0,0.0,0.12649111449718475,0.0,0.0,0.0,0.0,0.0,0.0,0.06324555724859238,0.0,0.0,0.0,-0.06324555724859238,-0.06324555724859238,0.0,0.0,0.06324555724859238,0.06324555724859238,0.0,0.0,0.0,-0.06324555724859238,0.0,0.0,0.0,0.0,0.0,0.0,-0.06324555724859238,0.0,0.06324555724859238,0.06324555724859238,0.06324555724859238,0.0,0.0,0.0,0.0,-0.12649111449718475,0.0,0.0,0.0,0.06324555724859238,0.0,0.0,0.0,-0.06324555724859238,0.12649111449718475,0.0,-0.06324555724859238,0.0,0.0,0.0,0.0,0.0,0.12649111449718475,0.0,0.0,0.0,0.0,0.0,0.0,0.0,0.0,0.0,0.0,0.0,0.0,0.0,0.0,0.0,0.0,0.0,0.0,0.0,0.0,-0.06324555724859238,-0.06324555724859238,0.0,0.0,0.0,0.0,0.0,0.0,0.0,-0.06324555724859238,0.06324555724859238,0.0,0.0,0.0,-0.06324555724859238,0.0,0.0,0.0,0.0,0.0,0.0,0.0,0.06324555724859238,0.0,0.0,0.06324555724859238,0.0,0.0,0.06324555724859238,0.0,-0.06324555724859238,0.0,0.0,-0.06324555724859238,0.0,0.0,0.0,0.0,0.0,0.0,-0.06324555724859238,0.0,0.0,0.06324555724859238,0.0,0.0,0.0,-0.06324555724859238,0.06324555724859238,0.0,0.0,0.0,0.0,0.0,0.0,0.0,0.0,0.0,0.0,0.0,0.0,0.0,0.0,0.0,0.0,0.0,0.06324555724859238,0.0,0.0,0.0,0.0,0.0,0.0,0.0,0.0,0.0,0.0,-0.06324555724859238,0.0,-0.06324555724859238,0.0,-0.06324555724859238,0.06324555724859238,0.0,0.0,0.0,-0.06324555724859238,0.0,0.0,0.0,0.0,0.0,0.0,0.0,0.0,0.0,0.0,-0.06324555724859238,0.0,0.0,0.0,0.0,0.0,0.0,0.0,0.0,-0.06324555724859238,0.0,0.0,0.0,0.0,-0.06324555724859238,0.0,0.0,0.0,0.0,0.0,0.0,0.0,0.0,0.0,0.0,0.0,0.0,0.0,-0.06324555724859238,-0.06324555724859238,0.0,0.0,0.0,0.0,0.0,-0.06324555724859238,0.0,-0.06324555724859238,0.0,0.0,0.0,0.0,0.0,0.0,0.0,0.0,0.06324555724859238,-0.06324555724859238,0.0,0.0,0.0,0.0,0.0,0.0,0.0,0.0,0.0,0.0,0.0,0.0,0.2529822289943695,0.0,0.0,0.0,0.0,0.0,0.0,0.0,0.0,0.0,0.0,0.0,0.0,0.0,0.0,0.0,0.06324555724859238,0.0,0.0,0.0,0.0,0.0,0.0,0.0,0.0,0.06324555724859238,0.0,0.0,0.0,0.0,0.0,0.0,0.0,0.0,0.0,0.0,-0.06324555724859238,0.06324555724859238,0.0,0.0,0.0,0.0,0.0,0.06324555724859238,0.12649111449718475,0.0,0.0,0.0,-0.06324555724859238,0.0,0.0,0.06324555724859238,0.0,0.0,0.0,0.0,0.06324555724859238,0.0,0.0,0.0,0.0,0.0,0.0,0.0,0.0,0.0,-0.06324555724859238,0.0,0.0,-0.06324555724859238,0.0,0.0,0.0,-0.06324555724859238,0.0,0.0,0.0,0.0,-0.06324555724859238,0.0,0.06324555724859238,0.0,0.0,0.0,-0.06324555724859238,0.0,-0.06324555724859238,0.0,0.0,0.0,0.0,0.0,0.0,-0.2529822289943695,0.0,-0.06324555724859238,0.0,0.0,0.0,0.0,0.0,0.18973666429519653,0.0,-0.06324555724859238,0.0,0.0,0.06324555724859238,0.0,0.0,-0.06324555724859238,-0.06324555724859238,0.06324555724859238,0.06324555724859238,-0.06324555724859238,0.0,0.0,0.0,0.0,0.0,0.0,0.0,0.0,-0.06324555724859238,0.0,0.0,0.0,0.18973666429519653,0.0,0.0,-0.06324555724859238,0.0,0.0,0.0,0.0,0.0,0.0,-0.06324555724859238,0.06324555724859238,0.0,0.0,0.0,0.0,0.0,0.0,0.0,0.0,0.0,0.0,0.0,0.0,0.0,0.0,0.0,0.0,0.0,0.0,0.06324555724859238,0.0,0.0,-0.06324555724859238,0.0,0.0,0.06324555724859238,0.0,0.0,0.06324555724859238,0.0,-0.12649111449718475,0.0,0.0,0.0,0.0,-0.06324555724859238,0.0,-0.06324555724859238,0.0,0.06324555724859238,0.0,0.0,0.0,0.0,0.0,0.0,0.0,0.0,0.0,0.0,0.0,0.0,0.0,-0.06324555724859238,0.0,0.0,0.0,-0.06324555724859238,0.0,0.0,0.06324555724859238,0.0,0.0,-0.06324555724859238,0.0,0.0,0.06324555724859238,0.0,-0.06324555724859238,0.0,0.0,0.06324555724859238,0.06324555724859238,0.0,-0.06324555724859238,0.0,-0.06324555724859238,0.0,0.0,0.0,0.0,0.0,0.0,0.0,0.0,0.06324555724859238,0.0,0.0,0.0,0.0,0.0,0.0,-0.06324555724859238,0.0,0.0,0.0,0.0,0.0,0.0,0.0,0.0,0.06324555724859238,0.0,0.0,-0.06324555724859238,0.0,0.0,0.0,0.0,0.0,0.0,0.0,0.0,0.12649111449718475,0.0,0.0,0.0,0.0,0.06324555724859238,0.0,0.0,0.0,0.0,0.0,0.0,0.0,0.0,0.0,0.06324555724859238,-0.06324555724859238,0.0,0.0,0.0,0.0,0.06324555724859238,0.0,-0.12649111449718475,0.0,0.0,0.0,0.0,0.0,0.06324555724859238,0.0,-0.06324555724859238,0.0,0.0,0.0,0.0,0.0,0.0,0.06324555724859238,0.0,0.0,0.0,0.0,0.0,0.0,0.0,0.0,-0.06324555724859238,0.12649111449718475,0.0,0.0,0.0,0.0,0.0,0.06324555724859238,0.0,-0.06324555724859238,0.0,-0.06324555724859238,0.0,0.0,0.2529822289943695,-0.06324555724859238,0.0,0.0,0.0,0.0,0.0,0.0,0.0,-0.06324555724859238,0.0,0.0,0.0,0.0,0.0,0.06324555724859238,0.0,0.0,-0.06324555724859238,0.0,0.06324555724859238,0.0,0.0,0.0,0.0,0.0
000688,国城矿业,黄金有色与周期资源,global,student_B,llm_deepseek_extracted,"1. 机构席位活跃，北向资金流动频繁，筹码博弈加剧。  
2. 产能回升+研发交付，业绩弹性增强，技术壁垒稳固。  
3...",-0.06142951548099518,-0.06142951548099518,0.0,0.0,0.0,0.0,0.0,0.0,0.0,0.0,0.0,0.0,0.06142951548099518,0.12285903096199036,0.0,0.0,0.0,0.0,0.0,0.0,0.0,0.0,0.0,0.0,0.0,0.0,0.0,0.0,0.0,0.0,0.0,0.06142951548099518,0.06142951548099518,0.0,0.0,0.0,0.0,0.0,0.0,0.0,0.0,0.0,-0.06142951548099518,0.0,0.0,-0.06142951548099518,0.0,0.0,0.0,0.0,0.06142951548099518,0.06142951548099518,0.0,0.06142951548099518,0.0,0.0,0.0,0.0,0.0,0.0,0.0,0.0,0.0,0.0,-0.06142951548099518,-0.06142951548099518,0.0,0.0,0.0,-0.06142951548099518,0.0,0.0,0.0,0.0,0.0,0.0,0.0,-0.06142951548099518,0.0,0.0,0.0,0.0,0.0,0.0,0.0,0.0,0.0,-0.06142951548099518,0.0,0.0,0.0,0.06142951548099518,0.0,0.0,0.0,0.0,0.0,0.0,0.0,0.0,0.0,0.0,0.0,0.0,0.0,0.0,0.0,-0.12285903096199036,0.0,0.0,-0.06142951548099518,0.0,0.0,0.0,0.0,0.06142951548099518,0.0,0.06142951548099518,0.0,0.06142951548099518,0.0,0.06142951548099518,0.0,0.0,-0.06142951548099518,0.0,0.12285903096199036,0.0,0.0,0.0,0.0,0.06142951548099518,0.06142951548099518,-0.06142951548099518,0.0,-0.06142951548099518,0.0,0.0,0.0,0.0,0.0,0.0,0.0,0.0,0.0,0.0,0.06142951548099518,0.0,0.06142951548099518,0.0,0.0,0.0,0.0,0.0,0.0,0.06142951548099518,0.0,0.0,0.0,0.0,0.0,0.0,0.12285903096199036,-0.06142951548099518,0.06142951548099518,0.0,0.0,0.0,0.0,0.06142951548099518,-0.06142951548099518,-0.06142951548099518,0.0,0.0,0.0,0.0,0.06142951548099518,0.0,-0.06142951548099518,0.0,0.0,0.0,0.0,0.0,0.0,-0.06142951548099518,0.0,0.0,0.06142951548099518,0.0,0.0,0.0,0.06142951548099518,0.0,0.06142951548099518,0.0,0.0,0.0,0.0,0.0,0.12285903096199036,0.0,0.0,0.0,0.0,0.0,0.0,0.06142951548099518,0.0,0.0,0.0,0.06142951548099518,0.0,0.06142951548099518,0.0,0.06142951548099518,0.06142951548099518,0.0,0.0,-0.06142951548099518,-0.12285903096199036,0.0,0.0,0.0,0.0,0.0,0.0,-0.06142951548099518,0.0,0.06142951548099518,0.06142951548099518,0.06142951548099518,0.0,0.0,0.0,0.0,-0.06142951548099518,0.0,0.0,0.0,0.0,0.0,0.0,0.0,-0.06142951548099518,0.12285903096199036,0.0,-0.06142951548099518,0.0,0.0,0.0,0.06142951548099518,0.0,0.12285903096199036,0.0,0.0,0.0,0.0,0.0,0.0,0.0,0.0,0.0,0.0,0.0,0.0,0.0,0.0,0.0,0.0,0.0,0.0,0.0,0.06142951548099518,-0.06142951548099518,-0.06142951548099518,0.0,0.0,0.0,0.0,0.0,0.0,0.0,-0.06142951548099518,0.06142951548099518,0.0,-0.06142951548099518,0.0,-0.06142951548099518,0.0,0.0,0.0,0.0,0.0,0.0,0.0,0.0,0.0,0.0,0.06142951548099518,0.0,0.0,0.06142951548099518,0.0,-0.06142951548099518,0.0,0.0,-0.06142951548099518,0.0,0.0,0.0,0.06142951548099518,0.0,0.0,-0.06142951548099518,0.0,0.0,0.06142951548099518,0.0,0.0,0.0,-0.06142951548099518,0.06142951548099518,0.0,0.0,0.0,0.0,0.0,0.0,0.0,0.0,0.0,0.0,0.0,0.0,0.0,0.0,0.0,0.0,0.0,0.06142951548099518,0.0,0.0,0.0,-0.12285903096199036,0.0,0.0,0.0,0.0,0.06142951548099518,0.0,-0.06142951548099518,0.0,0.0,-0.06142951548099518,-0.06142951548099518,0.06142951548099518,0.0,0.0,0.0,-0.06142951548099518,0.0,0.0,0.0,0.0,0.0,0.0,0.0,0.0,0.0,0.0,-0.06142951548099518,-0.06142951548099518,0.0,0.0,0.0,0.0,0.0,0.0,0.0,-0.06142951548099518,0.0,0.0,0.06142951548099518,0.0,-0.06142951548099518,0.0,0.0,0.0,0.0,0.0,0.0,0.0,0.0,0.0,0.0,0.0,0.0,0.0,0.0,0.0,0.0,0.0,0.0,0.0,0.0,-0.06142951548099518,0.0,-0.06142951548099518,0.0,0.0,0.0,0.0,0.0,0.0,0.0,0.0,0.06142951548099518,0.0,0.0,0.0,0.0,0.0,0.0,0.0,0.0,0.0,0.0,0.0,0.0,0.0,0.2457180619239807,0.0,0.0,0.0,0.0,0.0,0.0,0.0,0.0,0.0,0.0,0.0,0.0,0.0,0.0,0.0,0.06142951548099518,0.0,0.0,0.0,0.0,0.0,0.0,0.0,0.0,0.06142951548099518,0.0,0.0,0.0,0.0,0.0,0.0,0.0,0.0,-0.06142951548099518,0.0,-0.06142951548099518,0.06142951548099518,0.0,0.0,0.0,0.0,0.0,0.0,0.06142951548099518,0.0,0.0,-0.06142951548099518,-0.06142951548099518,0.0,0.0,0.06142951548099518,0.0,0.0,0.0,0.0,0.06142951548099518,0.0,0.0,0.0,0.0,0.0,0.0,0.0,0.0,0.0,-0.06142951548099518,0.0,0.0,-0.06142951548099518,0.0,0.0,0.0,0.0,-0.06142951548099518,0.0,0.0,0.0,-0.06142951548099518,0.0,0.06142951548099518,0.0,0.0,0.0,-0.06142951548099518,0.0,-0.06142951548099518,0.0,0.0,0.0,0.0,0.0,0.0,-0.3071475625038147,0.0,-0.06142951548099518,0.0,0.0,0.0,0.0,0.0,0.12285903096199036,0.0,-0.06142951548099518,0.0,0.0,0.06142951548099518,0.0,0.0,0.0,-0.06142951548099518,0.06142951548099518,0.06142951548099518,0.0,-0.06142951548099518,0.0,0.0,0.0,0.0,0.0,0.0,0.0,-0.06142951548099518,0.0,0.0,0.0,0.18428854644298553,0.0,0.0,-0.06142951548099518,0.0,0.0,-0.06142951548099518,0.0,0.0,0.0,0.0,0.06142951548099518,0.0,0.0,0.0,0.0,0.0,0.0,0.0,0.0,0.0,0.0,0.0,0.0,0.0,0.0,0.0,0.0,0.0,0.0,0.06142951548099518,0.0,0.0,0.0,0.0,0.0,0.0,0.0,0.0,0.0,0.0,-0.06142951548099518,0.0,0.0,0.0,0.0,-0.06142951548099518,0.0,-0.06142951548099518,0.0,0.06142951548099518,-0.06142951548099518,0.0,0.0,0.0,0.0,0.0,0.0,0.0,0.0,0.0,0.0,0.0,0.0,-0.06142951548099518,0.0,0.0,0.06142951548099518,-0.12285903096199036,0.0,0.0,0.06142951548099518,0.06142951548099518,0.0,-0.06142951548099518,0.0,0.0,0.06142951548099518,0.0,-0.06142951548099518,0.0,0.0,0.0,0.06142951548099518,0.0,-0.06142951548099518,-0.06142951548099518,-0.06142951548099518,0.0,0.0,0.0,0.0,0.0,0.0,0.0,0.0,0.06142951548099518,0.0,0.0,0.0,0.0,0.0,0.0,-0.06142951548099518,0.0,0.0,0.0,0.0,0.0,0.0,-0.06142951548099518,0.0,0.06142951548099518,0.0,0.0,-0.06142951548099518,0.0,0.0,0.0,0.0,0.0,0.0,0.0,0.0,0.12285903096199036,0.0,0.0,0.0,0.0,0.06142951548099518,0.0,0.0,0.0,0.0,0.0,0.0,0.0,0.0,0.0,0.06142951548099518,-0.06142951548099518,0.0,0.0,0.0,0.0,0.06142951548099518,0.0,-0.12285903096199036,0.0,0.0,0.0,0.0,0.0,0.06142951548099518,0.0,-0.06142951548099518,-0.06142951548099518,0.0,0.0,0.0,0.0,0.0,0.06142951548099518,0.0,0.0,-0.06142951548099518,0.0,0.0,0.0,0.0,0.0,-0.06142951548099518,0.12285903096199036,-0.06142951548099518,0.0,0.0,0.0,0.0,0.06142951548099518,0.0,-0.06142951548099518,0.0,-0.06142951548099518,0.0,0.0,0.12285903096199036,-0.06142951548099518,0.0,0.0,0.0,0.0,0.0,0.0,0.0,-0.06142951548099518,0.06142951548099518,0.0,0.0,0.0,0.0,0.06142951548099518,0.06142951548099518,0.0,0.0,0.0,0.06142951548099518,0.0,0.0,0.0,0.0,0.0
002114,罗平锌电,黄金有色与周期资源,global,student_B,llm_deepseek_extracted,"1. 机构席位活跃，北向资金流入，筹码博弈偏多。  
2. 产能回升+研发交付，业绩弹性增强，Beta1.12放大周期波...",-0.05944383144378662,-0.05944383144378662,0.0,0.0,0.0,0.0,0.0,0.0,0.0,0.0,0.0,0.0,0.05944383144378662,0.05944383144378662,0.0,0.0,0.0,0.0,0.0,0.0,0.0,0.0,0.0,0.0,0.0,0.0,0.0,0.0,-0.05944383144378662,0.0,0.0,0.0,0.05944383144378662,0.0,0.0,0.0,0.0,0.0,0.0,0.05944383144378662,0.0,0.0,-0.05944383144378662,0.0,0.0,-0.05944383144378662,0.05944383144378662,0.0,0.0,0.0,0.05944383144378662,0.05944383144378662,0.0,0.05944383144378662,0.05944383144378662,0.0,0.0,0.0,0.0,0.0,0.0,0.05944383144378662,0.0,0.0,-0.05944383144378662,-0.05944383144378662,0.0,0.0,0.0,0.0,0.0,0.0,0.0,0.0,-0.05944383144378662,0.0,0.0,0.0,0.0,0.0,0.0,0.0,0.0,0.0,-0.05944383144378662,0.0,0.05944383144378662,0.0,0.0,0.0,0.0,0.05944383144378662,0.0,0.0,0.05944383144378662,0.0,0.0,0.0,0.0,0.0,0.0,0.0,0.0,0.0,0.0,0.0,0.0,0.0,0.0,0.0,-0.05944383144378662,0.0,0.0,0.0,0.0,0.05944383144378662,0.0,0.05944383144378662,0.0,0.05944383144378662,0.05944383144378662,0.0,0.0,0.0,-0.05944383144378662,0.0,0.11888766288757324,0.0,0.0,0.0,0.0,0.05944383144378662,0.05944383144378662,0.0,0.0,-0.05944383144378662,0.0,0.0,0.0,0.0,0.0,0.0,0.0,0.0,0.0,0.0,0.0,0.0,0.05944383144378662,0.0,0.0,-0.05944383144378662,0.0,0.0,0.0,0.0,0.0,0.0,0.0,0.0,0.0,0.0,0.11888766288757324,0.0,0.0,0.0,0.0,0.0,0.0,0.0,-0.05944383144378662,-0.05944383144378662,0.0,0.0,0.0,0.0,0.05944383144378662,0.0,-0.05944383144378662,0.0,0.0,0.0,0.0,0.0,0.0,0.0,0.0,0.0,0.0,0.0,0.0,0.0,0.0,0.0,0.05944383144378662,0.0,0.0,0.0,0.0,0.0,0.05944383144378662,0.0,0.0,0.0,0.0,0.0,0.0,0.05944383144378662,0.0,0.0,0.0,0.05944383144378662,-0.05944383144378662,0.0,0.0,0.05944383144378662,0.05944383144378662,0.0,0.0,0.0,-0.05944383144378662,0.0,0.0,0.05944383144378662,0.0,-0.05944383144378662,0.0,-0.05944383144378662,0.0,0.05944383144378662,0.05944383144378662,0.05944383144378662,0.0,0.0,0.0,0.0,-0.05944383144378662,0.0,0.0,0.0,0.0,0.0,0.0,0.0,-0.05944383144378662,0.17833149433135986,0.0,-0.05944383144378662,0.0,0.0,0.0,0.0,0.0,0.11888766288757324,0.0,0.0,0.0,0.0,0.0,0.0,0.0,0.0,0.0,0.0,0.0,0.0,0.0,0.0,0.05944383144378662,0.0,0.0,0.0,0.0,0.05944383144378662,-0.05944383144378662,-0.05944383144378662,0.05944383144378662,-0.05944383144378662,0.05944383144378662,0.0,0.0,0.0,0.0,-0.05944383144378662,0.05944383144378662,0.0,0.0,0.0,-0.05944383144378662,0.0,0.0,0.0,0.0,0.0,0.0,0.0,0.05944383144378662,0.0,0.0,0.05944383144378662,0.05944383144378662,0.0,0.05944383144378662,0.0,-0.05944383144378662,0.0,0.0,-0.05944383144378662,0.0,0.0,0.0,0.0,0.0,0.0,-0.05944383144378662,0.0,0.0,0.05944383144378662,0.0,0.0,0.0,-0.05944383144378662,0.05944383144378662,0.0,0.0,-0.05944383144378662,0.0,0.0,0.0,0.0,0.0,0.0,0.0,0.0,0.0,0.0,0.0,0.0,0.0,0.0,0.05944383144378662,0.0,0.0,0.0,-0.05944383144378662,0.0,0.0,0.0,0.0,0.05944383144378662,0.0,-0.05944383144378662,0.0,0.0,0.0,-0.05944383144378662,0.05944383144378662,0.0,0.0,0.0,-0.05944383144378662,0.0,0.0,0.0,0.05944383144378662,0.0,0.0,-0.05944383144378662,0.0,0.0,0.0,0.0,0.0,0.0,0.0,0.0,0.0,0.0,0.0,0.0,-0.05944383144378662,0.0,0.0,0.05944383144378662,0.0,-0.05944383144378662,0.0,0.0,0.0,0.0,0.05944383144378662,0.0,0.0,0.0,0.0,0.0,0.0,0.0,0.0,0.0,-0.05944383144378662,0.0,-0.05944383144378662,0.0,0.0,0.0,0.0,0.0,-0.05944383144378662,0.0,0.05944383144378662,0.0,0.0,0.0,0.05944383144378662,0.0,0.0,0.0,0.0,0.0,0.0,0.0,0.0,0.0,0.0,0.0,0.0,0.0,0.0,0.0,0.0,0.2972191572189331,0.0,0.05944383144378662,0.0,0.0,0.0,0.0,0.0,0.0,0.0,0.05944383144378662,0.0,0.05944383144378662,0.0,0.0,0.0,0.05944383144378662,0.0,0.0,0.0,0.0,0.0,0.0,0.0,0.0,0.05944383144378662,0.05944383144378662,0.0,0.0,0.0,0.05944383144378662,0.0,0.0,0.0,0.0,0.05944383144378662,-0.05944383144378662,0.05944383144378662,0.0,0.05944383144378662,0.0,0.0,0.0,0.0,0.05944383144378662,0.0,0.0,0.0,-0.05944383144378662,0.0,0.0,0.05944383144378662,0.0,0.0,0.0,0.0,0.05944383144378662,0.0,0.0,0.0,0.05944383144378662,0.0,0.0,0.0,0.0,0.0,-0.05944383144378662,0.0,0.0,-0.05944383144378662,0.0,0.0,0.0,-0.05944383144378662,0.0,0.0,0.0,0.0,-0.05944383144378662,0.0,0.05944383144378662,0.0,0.0,0.0,-0.05944383144378662,0.0,-0.05944383144378662,0.0,0.0,0.0,0.0,0.0,0.0,-0.2972191572189331,0.0,-0.05944383144378662,0.0,0.0,0.0,0.0,0.0,0.11888766288757324,0.0,-0.05944383144378662,0.0,-0.05944383144378662,0.05944383144378662,0.0,0.0,0.0,-0.05944383144378662,0.0,0.05944383144378662,-0.05944383144378662,0.0,0.0,0.0,0.0,0.0,0.0,0.0,0.0,-0.05944383144378662,0.0,0.05944383144378662,0.0,0.17833149433135986,0.0,0.0,-0.05944383144378662,0.0,0.0,0.0,0.0,0.0,0.0,-0.05944383144378662,0.17833149433135986,0.0,0.0,0.0,0.0,0.0,0.0,0.0,0.0,0.0,0.0,0.05944383144378662,0.0,0.0,0.0,0.0,0.0,0.0,0.0,0.05944383144378662,0.05944383144378662,0.0,-0.05944383144378662,0.0,0.0,0.05944383144378662,0.0,0.0,0.0,0.0,-0.11888766288757324,0.0,0.0,0.0,0.0,0.0,0.0,-0.05944383144378662,0.0,0.05944383144378662,-0.05944383144378662,0.0,0.0,0.0,0.0,0.0,0.0,0.0,0.0,0.0,0.0,0.0,0.0,-0.05944383144378662,0.0,0.05944383144378662,0.0,-0.05944383144378662,0.0,0.0,0.05944383144378662,0.0,0.0,-0.05944383144378662,0.0,0.0,0.05944383144378662,0.0,0.0,0.0,0.0,0.05944383144378662,0.05944383144378662,0.0,-0.05944383144378662,0.0,-0.05944383144378662,0.0,0.0,0.0,0.0,0.0,0.0,0.0,0.0,0.11888766288757324,0.0,0.0,0.0,0.0,0.0,0.0,-0.05944383144378662,0.0,0.0,0.0,0.0,0.0,0.0,-0.05944383144378662,0.0,0.05944383144378662,0.0,0.0,0.0,0.0,0.0,0.0,-0.11888766288757324,0.0,0.0,0.0,0.0,0.11888766288757324,0.0,0.0,0.0,0.0,0.05944383144378662,0.0,0.0,0.0,0.0,0.0,0.0,0.0,0.0,0.0,0.05944383144378662,0.0,0.0,0.0,0.0,0.0,0.0,0.0,-0.05944383144378662,0.0,0.0,0.0,0.0,0.0,0.0,0.0,-0.05944383144378662,0.0,0.0,0.0,0.0,0.0,0.0,0.05944383144378662,0.0,0.0,0.0,0.0,0.0,0.0,0.0,0.05944383144378662,0.0,-0.05944383144378662,0.0,0.05944383144378662,0.0,0.0,0.0,0.05944383144378662,0.0,0.0,0.0,0.0,0.0,0.0,0.17833149433135986,-0.05944383144378662,0.0,0.05944383144378662,0.0,0.0,0.0,0.0,0.0,-0.05944383144378662,0.0,0.0,-0.05944383144378662,0.0,0.0,0.0,0.0,0.0,-0.05944383144378662,0.0,0.05944383144378662,0.0,0.0,0.05944383144378662,0.05944383144378662,0.0
600019,宝钢股份,黄金有色与周期资源,bluechip,student_B,llm_deepseek_extracted,"1. 机构席位活跃，北向资金流入，筹码博弈偏多。  
2. 产能回升，研发交付推进，业绩弹性中等，壁垒稳固。  
3. ...",-0.0635000616312027,0.0,0.0,0.0,0.0,0.0,0.0,0.0,0.0,0.0,0.0635000616312027,0.0,0.0635000616312027,0.0635000616312027,0.0,0.0,0.0,0.0,0.0,0.0,0.0,0.0,0.0,0.0,0.0,0.0,0.0,0.0,0.0,0.0,0.0,0.0635000616312027,0.0635000616312027,0.0,0.0,0.0,0.0,0.0,0.0,0.0,0.0,0.0,-0.0635000616312027,0.0,0.0,0.0,0.0,0.0,0.0635000616312027,0.0,0.0635000616312027,0.0635000616312027,0.0,0.0635000616312027,0.0635000616312027,0.0,0.0,0.0,0.0635000616312027,0.0,0.0,0.0635000616312027,0.0,0.0,-0.0635000616312027,-0.0635000616312027,0.0,0.0,0.0,0.0,0.0,0.0,0.0,0.0,-0.0635000616312027,0.0,0.0,0.0,0.0,0.0,0.0,0.0,0.0,0.0,-0.0635000616312027,0.0,0.0635000616312027,-0.0635000616312027,0.0,0.0,0.0,0.0,0.0,0.0,0.0635000616312027,0.0,0.0,0.0,0.0,0.0,0.0,0.0,0.0,0.0,0.0,0.0,0.0,0.0,0.0,0.0,-0.0635000616312027,0.0,0.0,0.0,0.0,0.0635000616312027,0.0,0.0,0.0,0.0635000616312027,0.0,0.0,0.0,0.0,-0.0635000616312027,0.0,0.1270001232624054,0.0,0.0,0.0,0.0,0.0635000616312027,0.0635000616312027,0.0,0.0,-0.0635000616312027,0.0,0.0,0.0,0.0,0.0,0.0,0.0,0.0,0.0,0.0,0.0,0.0,0.0,0.0,0.0,0.0,0.0,0.0,0.0,0.0,0.0,0.0,0.0,0.0,0.0,0.0,0.1270001232624054,-0.0635000616312027,0.0,0.0,0.0,0.0,0.0,0.0,-0.0635000616312027,-0.0635000616312027,0.0,0.0,0.0,0.0,0.0635000616312027,0.0,-0.0635000616312027,0.0,0.0,0.0,0.0,0.0,0.0,0.0,0.0,0.0,-0.0635000616312027,0.0,0.0,0.0,0.0,-0.0635000616312027,0.0,0.0,0.0,0.0,0.0,0.0,0.1270001232624054,0.0,0.0,0.0,0.0,0.0,0.0,0.0635000616312027,0.0,0.0,0.0,0.0,-0.0635000616312027,0.0,0.0,0.0635000616312027,0.0635000616312027,0.0,0.0,0.0,-0.0635000616312027,0.0,0.0,0.0,0.0,0.0,0.0,-0.0635000616312027,0.0,0.0635000616312027,0.0635000616312027,0.0635000616312027,0.0,0.0,0.0,0.0,-0.0635000616312027,0.0,0.0,0.0,0.0635000616312027,0.0,0.0,0.0,-0.0635000616312027,0.1270001232624054,0.0,-0.0635000616312027,0.0,0.0,0.0,0.0,0.0,0.1270001232624054,0.0,0.0,0.0,0.0,0.0,0.0,0.0,0.0,0.0,-0.0635000616312027,0.0,0.0,0.0,0.0,0.0,0.0,0.0,0.0,0.0,0.0,-0.0635000616312027,-0.0635000616312027,0.0635000616312027,-0.0635000616312027,0.0,0.0,0.0,0.0,0.0,-0.0635000616312027,0.0635000616312027,0.0,0.0,0.0,-0.0635000616312027,0.0,0.0,0.0,0.0,0.0,0.0,0.0,0.0,0.0,0.0,0.0635000616312027,0.0,0.0,0.0635000616312027,0.0,-0.0635000616312027,0.0,0.0,-0.0635000616312027,0.0,0.0,0.0,0.0,0.0,0.0,-0.0635000616312027,0.0,0.0,0.0635000616312027,0.0,0.0,0.0,-0.0635000616312027,0.0,0.0,0.0,0.0,0.0,0.0,0.0,0.0,0.0,0.0,0.0,0.0,0.0,0.0,0.0,0.0,0.0,0.0,0.0,0.0,0.0,0.0,0.0,0.0,0.0,0.0,0.0,0.0,0.0,-0.0635000616312027,0.0,0.0,0.0,-0.0635000616312027,0.0635000616312027,0.0,0.0,0.0,-0.0635000616312027,0.0,0.0,0.0,0.0,0.0,0.0,-0.0635000616312027,0.0,0.0,0.0,-0.0635000616312027,0.0,0.0,0.0,0.0,0.0,0.0,0.0,0.0,-0.0635000616312027,0.0,0.0,0.0,0.0,-0.0635000616312027,0.0,0.0,0.0,0.0,0.0,0.0,0.0,0.0,0.0,0.0,0.0,0.0,0.0,0.0,-0.0635000616312027,0.0,0.0,0.0,0.0,0.0,0.0,0.0,-0.0635000616312027,0.0,0.0635000616312027,0.0,0.0,0.0,0.0,0.0,0.0,0.0635000616312027,0.0635000616312027,0.0,0.0,0.0,0.0,0.0,0.0,0.0,0.0,0.0635000616312027,-0.0635000616312027,0.0,0.0,0.2540002465248108,0.0,0.0,0.0,0.0,0.0,0.0,-0.0635000616312027,0.0,0.0,0.0,0.1270001232624054,0.0,0.0,0.0,0.0,0.0635000616312027,0.0,0.0,0.0,0.0,0.0,0.0,0.0,0.0,0.0,0.0,0.0,0.0,0.0,0.0,0.0,0.0,0.0,0.0635000616312027,0.0,-0.0635000616312027,0.0635000616312027,0.0,-0.0635000616312027,0.0,0.0,0.0,0.0635000616312027,0.1270001232624054,0.0,0.0,0.0,-0.0635000616312027,0.0,0.0,0.0,0.0,0.0,0.0,0.0,0.0,0.0,0.0,0.0,0.0,0.0,0.0,0.0,0.0,0.0,-0.0635000616312027,0.0,0.0,-0.0635000616312027,0.0,0.0,0.0,-0.0635000616312027,0.0,0.0,0.0,0.0,-0.0635000616312027,0.0,0.0635000616312027,0.0,0.0,0.0,-0.0635000616312027,0.0,-0.0635000616312027,0.0,0.0,0.0,0.0,0.0,0.0,-0.3175003230571747,0.0,-0.0635000616312027,0.0635000616312027,-0.0635000616312027,0.0,0.0,0.0,0.1270001232624054,0.0,-0.0635000616312027,0.0,0.0,0.0,0.0,0.0,0.0,-0.0635000616312027,0.0,0.0635000616312027,-0.0635000616312027,0.0,0.0,0.0,0.0,-0.0635000616312027,0.0,0.0,0.0,0.0,0.0,0.0,0.0,0.1905001997947693,0.0,0.0,-0.0635000616312027,0.0,0.0,0.0,0.0,0.0,0.0,-0.0635000616312027,0.0,0.0,0.0,0.0,0.0,0.0,0.0,0.0,0.0,0.0,0.0,0.0,0.0,0.0,0.0,0.0,0.0,0.0,0.0,0.0,0.0635000616312027,0.0,-0.0635000616312027,0.0,0.0,0.0635000616312027,0.0,0.0,0.0,0.0,-0.1270001232624054,0.0,0.0635000616312027,0.0,0.0,0.0,0.0,0.0,0.0,0.0635000616312027,0.0,0.0,0.0,0.0,0.0,0.0,0.0,0.0,0.0,0.0,0.0,0.0,0.0,-0.1270001232624054,0.0,0.0,0.0,-0.0635000616312027,0.0,0.0,0.0635000616312027,0.0,0.0,-0.0635000616312027,0.0,0.0635000616312027,0.0635000616312027,0.0,-0.0635000616312027,0.0,0.0,0.0635000616312027,0.0635000616312027,0.0,-0.0635000616312027,0.0,-0.0635000616312027,0.0,0.0,0.0,0.0,0.0,-0.0635000616312027,0.0,0.0,0.0635000616312027,0.0,0.0,0.0,0.0,0.0,0.0,-0.0635000616312027,0.0,0.0,0.0,0.0,0.0,0.0,0.0,0.0,0.0635000616312027,0.0,0.0,-0.0635000616312027,0.0,0.0,0.0,0.0,0.0,0.0,0.0,0.0,0.1270001232624054,0.0,0.0,0.0,0.0,0.0635000616312027,0.0,0.0,0.0,0.0,0.0,0.0,0.0,0.0,0.0,0.1270001232624054,0.0,0.0,0.0,0.0,0.0,0.0635000616312027,0.0,-0.0635000616312027,0.0635000616312027,0.0,0.0,0.0,0.0635000616312027,0.0,0.0,-0.0635000616312027,0.0,0.0,0.0,0.0,0.0,0.0,0.0635000616312027,0.0,0.0,0.0,0.0,0.0,0.0,0.0,0.0,-0.0635000616312027,0.0635000616312027,0.0,0.0635000616312027,0.0,0.0,0.0,0.0635000616312027,0.0,0.0,0.0,0.0,0.0,0.0,0.1905001997947693,-0.0635000616312027,0.0,0.0,0.0,0.0,0.0,0.0,0.0,-0.0635000616312027,0.0,0.0,0.0,0.0,0.0,0.0635000616312027,0.0,0.0,-0.0635000616312027,0.0635000616312027,0.0635000616312027,0.0,0.0,0.0635000616312027,0.0,0.0
000932,华菱钢铁,黄金有色与周期资源,bluechip,student_B,llm_deepseek_extracted,"1. 机构席位活跃，北向资金流入，筹码博弈偏多。  
2. 产能回升+研发交付，业绩弹性增强，技术壁垒稳固。  
3. ...",-0.06324555724859238,-0.06324555724859238,0.0,0.0,0.0,0.0,0.0,0.0,0.0,0.0,0.0,0.0,0.06324555724859238,0.06324555724859238,0.0,0.0,0.0,0.0,0.0,0.0,0.0,0.0,0.0,0.0,0.0,0.0,0.0,0.0,0.0,0.0,0.0,0.06324555724859238,0.06324555724859238,0.0,0.0,0.0,0.0,0.0,0.0,0.0,0.0,0.0,-0.06324555724859238,0.0,0.0,0.0,0.0,0.0,0.0,0.0,0.06324555724859238,0.06324555724859238,0.0,0.06324555724859238,0.06324555724859238,0.0,0.0,0.0,0.0,0.0,0.0,0.0,0.0,0.0,-0.06324555724859238,-0.06324555724859238,0.0,0.0,0.0,0.0,0.0,0.0,0.0,0.0,-0.06324555724859238,0.0,0.0,-0.06324555724859238,0.0,0.0,0.0,0.0,0.0,0.0,-0.06324555724859238,0.0,0.0,-0.06324555724859238,0.0,0.0,0.0,0.06324555724859238,0.0,0.0,0.06324555724859238,0.0,0.0,0.0,0.0,0.0,0.0,0.0,0.0,0.0,0.0,0.0,0.0,-0.06324555724859238,0.0,0.0,-0.06324555724859238,0.0,0.0,0.0,0.0,0.06324555724859238,0.0,0.06324555724859238,0.0,0.06324555724859238,0.0,0.0,0.0,0.0,-0.06324555724859238,0.0,0.06324555724859238,0.0,0.0,0.0,0.0,0.06324555724859238,0.06324555724859238,-0.06324555724859238,0.0,-0.06324555724859238,0.0,0.0,0.0,0.0,0.0,0.0,0.0,0.0,0.0,0.0,0.0,0.0,0.06324555724859238,0.0,0.0,0.0,0.0,0.0,0.0,0.06324555724859238,0.0,0.0,0.0,0.0,0.0,0.0,0.12649111449718475,-0.06324555724859238,0.0,-0.06324555724859238,0.0,0.0,0.0,0.0,-0.06324555724859238,0.0,0.0,0.0,0.0,0.0,0.06324555724859238,0.0,-0.06324555724859238,0.0,0.0,0.0,0.0,0.0,0.0,0.0,0.0,0.0,0.0,0.0,0.0,0.0,0.0,0.0,0.06324555724859238,0.0,0.0,0.0,0.0,0.0,0.12649111449718475,0.0,0.0,0.0,0.0,0.0,0.0,0.06324555724859238,0.0,0.0,0.0,-0.06324555724859238,-0.06324555724859238,0.0,0.0,0.06324555724859238,0.06324555724859238,0.0,0.0,0.0,-0.06324555724859238,0.0,0.0,0.0,0.0,0.0,0.0,-0.06324555724859238,0.0,0.06324555724859238,0.06324555724859238,0.06324555724859238,0.0,0.0,0.0,0.0,-0.12649111449718475,0.0,0.0,0.0,0.06324555724859238,0.0,0.0,0.0,-0.06324555724859238,0.12649111449718475,0.0,-0.06324555724859238,0.0,0.0,0.0,0.0,0.0,0.12649111449718475,0.0,0.0,0.0,0.0,0.0,0.0,0.0,0.0,0.0,0.0,0.0,0.0,0.0,0.0,0.0,0.0,0.0,0.0,0.0,0.0,-0.06324555724859238,-0.06324555724859238,0.0,0.0,0.0,0.0,0.0,0.0,0.0,-0.06324555724859238,0.06324555724859238,0.0,0.0,0.0,-0.06324555724859238,0.0,0.0,0.0,0.0,0.0,0.0,0.0,0.06324555724859238,0.0,0.0,0.06324555724859238,0.0,0.0,0.06324555724859238,0.0,-0.06324555724859238,0.0,0.0,-0.06324555724859238,0.0,0.0,0.0,0.0,0.0,0.0,-0.06324555724859238,0.0,0.0,0.06324555724859238,0.0,0.0,0.0,-0.06324555724859238,0.06324555724859238,0.0,0.0,0.0,0.0,0.0,0.0,0.0,0.0,0.0,0.0,0.0,0.0,0.0,0.0,0.0,0.0,0.0,0.06324555724859238,0.0,0.0,0.0,0.0,0.0,0.0,0.0,0.0,0.0,0.0,-0.06324555724859238,0.0,-0.06324555724859238,0.0,-0.06324555724859238,0.06324555724859238,0.0,0.0,0.0,-0.06324555724859238,0.0,0.0,0.0,0.0,0.0,0.0,0.0,0.0,0.0,0.0,-0.06324555724859238,0.0,0.0,0.0,0.0,0.0,0.0,0.0,0.0,-0.06324555724859238,0.0,0.0,0.0,0.0,-0.06324555724859238,0.0,0.0,0.0,0.0,0.0,0.0,0.0,0.0,0.0,0.0,0.0,0.0,0.0,-0.06324555724859238,-0.06324555724859238,0.0,0.0,0.0,0.0,0.0,-0.06324555724859238,0.0,-0.06324555724859238,0.0,0.0,0.0,0.0,0.0,0.0,0.0,0.0,0.06324555724859238,-0.06324555724859238,0.0,0.0,0.0,0.0,0.0,0.0,0.0,0.0,0.0,0.0,0.0,0.0,0.2529822289943695,0.0,0.0,0.0,0.0,0.0,0.0,0.0,0.0,0.0,0.0,0.0,0.0,0.0,0.0,0.0,0.06324555724859238,0.0,0.0,0.0,0.0,0.0,0.0,0.0,0.0,0.06324555724859238,0.0,0.0,0.0,0.0,0.0,0.0,0.0,0.0,0.0,0.0,-0.06324555724859238,0.06324555724859238,0.0,0.0,0.0,0.0,0.0,0.06324555724859238,0.12649111449718475,0.0,0.0,0.0,-0.06324555724859238,0.0,0.0,0.06324555724859238,0.0,0.0,0.0,0.0,0.06324555724859238,0.0,0.0,0.0,0.0,0.0,0.0,0.0,0.0,0.0,-0.06324555724859238,0.0,0.0,-0.06324555724859238,0.0,0.0,0.0,-0.06324555724859238,0.0,0.0,0.0,0.0,-0.06324555724859238,0.0,0.06324555724859238,0.0,0.0,0.0,-0.06324555724859238,0.0,-0.06324555724859238,0.0,0.0,0.0,0.0,0.0,0.0,-0.2529822289943695,0.0,-0.06324555724859238,0.0,0.0,0.0,0.0,0.0,0.18973666429519653,0.0,-0.06324555724859238,0.0,0.0,0.06324555724859238,0.0,0.0,-0.06324555724859238,-0.06324555724859238,0.06324555724859238,0.06324555724859238,-0.06324555724859238,0.0,0.0,0.0,0.0,0.0,0.0,0.0,0.0,-0.06324555724859238,0.0,0.0,0.0,0.18973666429519653,0.0,0.0,-0.06324555724859238,0.0,0.0,0.0,0.0,0.0,0.0,-0.06324555724859238,0.06324555724859238,0.0,0.0,0.0,0.0,0.0,0.0,0.0,0.0,0.0,0.0,0.0,0.0,0.0,0.0,0.0,0.0,0.0,0.0,0.06324555724859238,0.0,0.0,-0.06324555724859238,0.0,0.0,0.06324555724859238,0.0,0.0,0.06324555724859238,0.0,-0.12649111449718475,0.0,0.0,0.0,0.0,-0.06324555724859238,0.0,-0.06324555724859238,0.0,0.06324555724859238,0.0,0.0,0.0,0.0,0.0,0.0,0.0,0.0,0.0,0.0,0.0,0.0,0.0,-0.06324555724859238,0.0,0.0,0.0,-0.06324555724859238,0.0,0.0,0.06324555724859238,0.0,0.0,-0.06324555724859238,0.0,0.0,0.06324555724859238,0.0,-0.06324555724859238,0.0,0.0,0.06324555724859238,0.06324555724859238,0.0,-0.06324555724859238,0.0,-0.06324555724859238,0.0,0.0,0.0,0.0,0.0,0.0,0.0,0.0,0.06324555724859238,0.0,0.0,0.0,0.0,0.0,0.0,-0.06324555724859238,0.0,0.0,0.0,0.0,0.0,0.0,0.0,0.0,0.06324555724859238,0.0,0.0,-0.06324555724859238,0.0,0.0,0.0,0.0,0.0,0.0,0.0,0.0,0.12649111449718475,0.0,0.0,0.0,0.0,0.06324555724859238,0.0,0.0,0.0,0.0,0.0,0.0,0.0,0.0,0.0,0.06324555724859238,-0.06324555724859238,0.0,0.0,0.0,0.0,0.06324555724859238,0.0,-0.12649111449718475,0.0,0.0,0.0,0.0,0.0,0.06324555724859238,0.0,-0.06324555724859238,0.0,0.0,0.0,0.0,0.0,0.0,0.06324555724859238,0.0,0.0,0.0,0.0,0.0,0.0,0.0,0.0,-0.06324555724859238,0.12649111449718475,0.0,0.0,0.0,0.0,0.0,0.06324555724859238,0.0,-0.06324555724859238,0.0,-0.06324555724859238,0.0,0.0,0.2529822289943695,-0.06324555724859238,0.0,0.0,0.0,0.0,0.0,0.0,0.0,-0.06324555724859238,0.0,0.0,0.0,0.0,0.0,0.06324555724859238,0.0,0.0,-0.06324555724859238,0.0,0.06324555724859238,0.0,0.0,0.0,0.0,0.0
600585,海螺水泥,黄金有色与周期资源,bluechip,student_B,llm_deepseek_extracted,"1. 机构席位活跃，北向资金流入，筹码博弈偏多。  
2. 产能回升，研发交付推进，业绩弹性温和，壁垒稳固。  
3. ...",-0.0625,0.0,0.0,0.0,0.0,0.0,0.0,0.0,0.0,0.0,0.0625,0.0,0.0625,0.0625,0.0,0.0,-0.0625,0.0,0.0,0.0,0.0,0.0,0.0,0.0,0.0,0.0,0.0,0.0,0.0,0.0,0.0,0.0625,0.0625,0.0,0.0,0.0,0.0625,0.0,0.0,-0.0625,0.0,0.0,-0.0625,0.0,0.0,0.0,0.0,0.0,0.0625,0.0,0.0625,0.0625,0.0,0.0625,0.0625,0.0,0.0,0.0,0.0,0.0,0.0,0.0,0.0,0.0,-0.0625,-0.0625,0.0,0.0,0.0,0.0,0.0,0.0,0.0,0.0,-0.0625,0.0,0.0,0.0,0.0,0.0,0.0,0.0,0.0,0.0,-0.0625,-0.0625,0.0,-0.0625,0.0,0.0,0.0,0.0,0.0,-0.0625,0.0,0.0,0.0,0.0,0.0,0.0,0.0,0.0,0.0,0.0,0.0,0.0,0.0,-0.0625,0.0,0.0,-0.0625,0.0,0.0625,0.0,0.0,0.0625,0.0,0.0,0.0,0.0625,0.0,0.0,0.0,0.0,-0.0625,0.0,0.125,0.0,0.0,0.0,0.0,0.0625,0.0625,-0.0625,0.0,-0.0625,0.0,0.0,0.0,0.0,0.0,0.0,0.0,0.0,0.0,0.0,0.0,0.0,0.0,0.0,0.0,0.0,0.0,0.0,0.0,0.0,0.0,0.0,0.0,0.0,0.0,0.0,0.125,-0.0625,0.0,0.0,0.0,0.0,0.0,0.0,-0.0625,-0.0625,0.0,0.0,0.0,0.0,0.0625,0.0625,-0.0625,0.0,0.0,0.0,0.0,0.0,0.0,0.0,0.0,0.0,0.0,0.0,0.0,0.0,0.0,-0.0625,0.0,0.0,0.0,0.0,0.0,0.0,0.125,0.0,0.0,0.0,0.0,0.0,0.0,0.0625,0.0,0.0,-0.0625,0.0,-0.0625,0.0,0.0,0.0625,0.0625,0.0,0.0,0.0,-0.0625,0.0,0.0,0.0,0.0,0.0,0.0,-0.0625,0.0,0.0625,0.0625,0.0625,0.0,0.0,0.0,0.0,-0.125,0.0,0.0,0.0,0.0625,0.0,0.0,0.0,-0.0625,0.125,0.0,-0.0625,0.0625,0.0,0.0,0.0,0.0,0.125,0.0,0.0,0.0,0.0,0.0,0.0,0.0,0.0,0.0,-0.0625,0.0,0.0,0.0,0.0,0.0,0.0,0.0,0.0,0.0,0.0,-0.0625,-0.0625,0.0,0.0,0.0,0.0,0.0,0.0,0.0,-0.0625,0.0625,0.0,0.0,0.0,-0.0625,0.0,0.0,0.0,0.0,0.0,0.0,0.0,0.0625,0.0,0.0,0.0625,0.0,0.0,0.0,0.0,-0.0625,0.0,0.0,-0.0625,0.0,0.0,0.0,0.0,0.0,0.0,-0.0625,0.0,0.0,0.0625,0.0,0.0,0.0,-0.0625,0.0,0.0,0.0,0.0,0.0,0.0,0.0,0.0,0.0,0.0,0.0,0.0,0.0,0.0,0.0,0.0,0.0,0.0,0.0,0.0,0.0,0.0,0.0,0.0,0.0,0.0,0.0,0.0,0.0,-0.0625,0.0,0.0,0.0,-0.0625,0.0625,0.0,0.0,0.0,-0.0625,0.0,0.0,0.0,0.0,0.0,0.0,0.0,0.0,0.0,0.0,-0.0625,0.0,0.0,0.0,0.0,0.0,0.0,0.0,0.0,-0.0625,0.0,0.0,0.0,0.0,-0.0625,0.0,0.0,0.0,0.0,0.0,0.0,0.0,0.0,0.0,0.0,0.0,0.0,0.0,0.0,-0.0625,0.0,0.0,0.0,0.0625,0.0,0.0,0.0,-0.0625,0.0,0.0,0.0,0.0,0.0,0.0,0.0,-0.0625,0.0625,0.0625,0.0,0.0,0.0,0.0,0.0,0.0,0.0,0.0,0.0,-0.0625,0.0,0.0,0.25,-0.0625,0.0,0.0,0.0,0.0,0.0,0.0,0.0,0.0,0.0,0.0,0.0,0.0,0.0,0.0,0.0625,0.0,0.0,0.0,0.0,0.0,0.0,0.0,0.0,0.0,0.0,0.0,0.0,0.0,0.0,0.0,0.0,0.0,0.0,0.0,-0.0625,0.0625,0.0,-0.0625,0.0,0.0,0.0,0.0625,0.125,0.0,0.0,0.0,-0.0625,0.0,0.0,0.0,0.0,0.0,0.0,0.0,0.0,0.0,0.0,0.0,0.0,0.0,0.0,0.0,0.0,0.0,-0.0625,0.0,0.0,-0.0625,0.0,0.0,0.0,-0.0625,0.0,0.0,0.0,0.0,-0.0625,0.0,0.0625,0.0,0.0,0.0,-0.0625,0.0,-0.0625,0.0,0.0,0.0,0.0,0.0,0.0,-0.3125,0.0,-0.0625,0.0625,0.0,0.0,0.0,0.0,0.1875,0.0,-0.0625,0.0,0.0,0.0,0.0,0.0,0.0,-0.0625,0.0625,0.0625,-0.0625,0.0,0.0,0.0,0.0,-0.0625,0.0,0.0,0.0,0.0,0.0,0.0,0.0,0.1875,0.0,0.0,-0.0625,0.0,0.0,0.0,0.0,0.0,0.0,-0.0625,0.0,0.0,0.0,0.0,-0.0625,0.0,0.0,-0.0625,0.0,0.0,0.0625,0.0,0.0,0.0,0.0,0.0,0.0,0.0,0.0,0.0,0.0,0.0,-0.0625,0.0,0.0,0.0,0.0,0.0,0.0,0.0,-0.0625,0.0,0.0625,0.0,0.0,-0.0625,0.0,0.0,0.0,0.0625,0.0,0.0,0.0,0.0,0.0,0.0,0.0,0.0,0.0,0.0,0.0,0.0,0.0,-0.125,0.0,0.0,0.0,-0.0625,0.0,0.0,0.0625,0.0,0.0,-0.0625,0.0,0.0625,0.0625,0.0,-0.0625,0.0,0.0,0.0625,0.0625,0.0,-0.0625,0.0,-0.0625,0.0,0.0,0.0,0.0,0.0,-0.0625,0.0,0.0,0.0625,0.0,0.0,0.0,0.0,0.0,0.0,-0.0625,0.0,0.0,0.0,0.0,0.0,0.0,0.0,0.0,0.0625,0.0,0.0,-0.0625,0.0,0.0,0.0,0.0,0.0,0.0,0.0,0.0,0.125,0.0625,0.0,0.0,0.0,0.0625,0.0,0.0,0.0,0.0,0.0,0.0,0.0,0.0,0.0,0.125,0.0,0.0,0.0,0.0,0.0,0.0625,0.0,-0.0625,0.0625,0.0,0.0,0.0,0.0625,0.0,0.0,-0.0625,0.0,0.0,0.0,0.0,0.0,0.0,0.0625,0.0,0.0,0.0,0.0,0.0,0.0,0.0,0.0,-0.0625,0.0625,0.0,0.0,0.0,0.0,0.0,0.125,0.0,0.0,0.0,0.0,0.0,0.0,0.1875,-0.0625,0.0,0.0,0.0,0.0,0.0,0.0,0.0,-0.0625,0.0,0.0,0.0,0.0,0.0,0.0625,0.0,0.0,-0.0625,0.0625,0.0625,0.0,0.0,0.0,0.0,-0.0625
600309,万华化学,黄金有色与周期资源,bluechip,student_B,llm_deepseek_extracted,"1. 机构席位活跃，北向资金流入，筹码博弈偏多；  
2. 产能回升+研发交付，业绩弹性增强，技术壁垒稳固；  
3. ...",-0.06401843577623367,-0.06401843577623367,0.0,0.0,0.0,0.0,0.0,0.0,0.0,0.0,0.0,0.0,0.06401843577623367,0.0,0.0,0.0,0.0,0.0,0.0,0.0,0.0,0.0,0.0,0.0,0.0,0.0,0.0,0.0,0.0,0.0,0.0,0.0,0.06401843577623367,0.0,0.0,0.0,0.0,0.0,0.0,0.0,0.0,0.0,-0.06401843577623367,0.0,0.0,0.0,0.0,0.0,0.0,0.0,0.06401843577623367,0.06401843577623367,0.0,0.06401843577623367,0.0,0.0,0.0,0.0,0.0,0.0,0.0,0.0,0.0,0.0,-0.06401843577623367,-0.06401843577623367,0.0,0.0,0.0,0.0,0.0,0.0,0.0,0.0,0.0,0.0,0.0,-0.06401843577623367,0.0,0.0,0.0,0.0,0.0,0.0,-0.06401843577623367,0.0,0.0,-0.06401843577623367,0.0,0.0,0.0,0.06401843577623367,0.0,0.06401843577623367,0.06401843577623367,0.0,0.0,0.0,0.0,0.0,0.0,0.0,0.0,0.0,0.0,0.0,0.0,-0.06401843577623367,0.0,0.0,-0.06401843577623367,0.0,0.0,0.0,0.0,0.06401843577623367,0.0,0.06401843577623367,0.0,0.06401843577623367,0.0,0.0,0.0,0.0,-0.06401843577623367,0.0,0.06401843577623367,0.0,0.0,0.0,0.0,0.06401843577623367,0.06401843577623367,-0.06401843577623367,0.0,-0.06401843577623367,0.0,0.0,0.0,0.0,0.0,0.0,0.0,0.0,0.0,0.0,0.0,0.0,0.06401843577623367,0.0,-0.06401843577623367,0.0,0.0,0.0,0.0,0.06401843577623367,0.0,0.0,0.0,0.0,0.0,0.0,0.12803687155246735,-0.06401843577623367,0.0,-0.06401843577623367,0.0,0.0,0.0,0.0,-0.06401843577623367,0.0,0.0,0.0,0.0,0.0,0.06401843577623367,0.0,-0.06401843577623367,0.0,0.0,0.0,0.0,0.0,0.0,0.0,0.0,0.0,0.0,0.0,0.0,0.0,0.0,0.0,0.06401843577623367,0.0,0.0,0.0,0.0,0.0,0.12803687155246735,0.0,0.0,0.0,0.0,0.0,0.0,0.06401843577623367,0.0,0.0,0.0,-0.06401843577623367,-0.06401843577623367,0.0,0.0,0.06401843577623367,0.06401843577623367,0.0,0.0,0.0,0.0,0.0,0.0,0.0,0.0,0.0,0.0,-0.06401843577623367,0.0,0.06401843577623367,0.06401843577623367,0.06401843577623367,0.0,0.0,0.0,0.0,-0.12803687155246735,0.0,0.0,0.0,0.06401843577623367,0.0,0.0,0.0,-0.06401843577623367,0.12803687155246735,0.0,-0.06401843577623367,0.0,0.0,0.0,0.0,0.06401843577623367,0.12803687155246735,0.0,0.0,0.0,0.0,0.0,0.0,0.0,0.0,0.0,0.0,0.0,0.0,0.0,0.0,0.0,0.0,0.0,0.06401843577623367,0.0,0.0,-0.06401843577623367,0.0,0.0,0.0,0.0,0.0,0.0,0.0,0.0,-0.06401843577623367,0.06401843577623367,0.0,0.0,0.0,0.0,0.0,0.0,0.0,0.0,0.0,0.0,0.0,0.06401843577623367,0.0,0.0,0.06401843577623367,0.0,0.0,0.06401843577623367,0.0,-0.06401843577623367,0.0,0.0,-0.06401843577623367,0.0,0.0,0.0,0.0,0.0,0.0,-0.06401843577623367,0.0,0.0,0.06401843577623367,0.0,0.0,0.0,-0.06401843577623367,0.06401843577623367,0.0,0.0,0.0,0.0,0.0,0.0,0.0,0.0,0.0,0.0,0.0,0.0,0.0,0.0,0.0,0.0,0.0,0.06401843577623367,0.0,0.0,0.0,0.0,0.0,0.0,0.0,0.0,0.0,0.0,-0.06401843577623367,0.0,-0.06401843577623367,0.0,0.0,0.06401843577623367,0.0,0.0,0.0,-0.06401843577623367,0.0,0.0,0.0,0.0,0.0,0.0,0.0,0.0,0.0,0.0,-0.06401843577623367,0.0,0.0,0.0,0.0,0.0,0.0,0.0,0.0,-0.06401843577623367,0.0,0.0,0.0,0.0,0.0,0.0,0.0,0.0,0.0,0.0,0.0,0.0,0.0,0.0,0.0,0.0,0.0,0.0,-0.06401843577623367,0.0,0.0,0.0,0.0,0.0,0.0,-0.06401843577623367,0.0,-0.06401843577623367,0.0,0.0,0.0,0.0,0.0,0.0,0.0,0.0,0.06401843577623367,-0.06401843577623367,0.0,0.0,0.0,0.0,0.0,0.0,0.0,0.0,0.0,0.0,0.0,0.0,0.2560737431049347,0.0,0.0,0.0,0.12803687155246735,0.0,0.0,0.0,0.0,0.0,0.0,0.0,0.0,0.0,0.0,0.0,0.06401843577623367,0.0,0.0,0.0,0.0,0.0,0.0,0.0,0.0,0.06401843577623367,0.06401843577623367,0.0,0.0,0.0,0.0,0.0,0.0,0.0,0.0,0.0,-0.06401843577623367,0.06401843577623367,0.0,0.0,0.0,0.0,0.0,0.06401843577623367,0.12803687155246735,0.0,0.0,0.0,-0.06401843577623367,0.0,0.0,0.06401843577623367,0.0,0.0,0.0,0.0,0.06401843577623367,0.0,0.0,0.0,0.0,0.0,0.0,0.0,0.0,0.0,-0.06401843577623367,0.0,0.0,-0.06401843577623367,0.0,0.06401843577623367,0.0,-0.06401843577623367,0.0,0.0,0.0,0.0,-0.06401843577623367,0.0,0.06401843577623367,0.0,0.0,0.0,-0.06401843577623367,0.0,-0.06401843577623367,0.0,0.0,0.0,0.0,0.0,0.0,-0.2560737431049347,0.0,-0.06401843577623367,0.0,0.0,0.0,0.0,0.0,0.19205531477928162,0.0,-0.06401843577623367,0.0,0.0,0.06401843577623367,0.0,0.0,-0.06401843577623367,-0.06401843577623367,0.06401843577623367,0.06401843577623367,-0.06401843577623367,0.0,0.0,0.0,0.0,0.0,0.0,0.0,0.0,-0.06401843577623367,0.0,0.0,0.0,0.06401843577623367,0.06401843577623367,0.0,-0.06401843577623367,0.0,0.0,0.0,0.0,0.0,0.0,-0.06401843577623367,0.06401843577623367,0.0,0.0,0.0,0.0,0.0,0.0,0.0,0.0,0.0,0.0,0.0,0.0,0.0,0.0,0.0,0.0,0.0,0.0,0.06401843577623367,0.0,0.0,-0.06401843577623367,0.0,0.0,0.06401843577623367,0.0,0.0,0.06401843577623367,0.0,-0.12803687155246735,0.0,0.0,0.0,0.0,-0.12803687155246735,0.0,-0.06401843577623367,0.0,0.06401843577623367,0.0,0.0,0.0,0.0,0.0,0.0,0.0,0.0,0.0,0.0,0.0,0.0,0.0,-0.06401843577623367,0.0,0.0,0.0,-0.06401843577623367,0.0,0.0,0.06401843577623367,0.0,0.0,-0.06401843577623367,0.0,0.0,0.06401843577623367,0.0,0.0,0.0,0.0,0.06401843577623367,0.06401843577623367,0.0,-0.06401843577623367,0.0,-0.06401843577623367,0.0,0.0,0.0,0.0,0.0,0.0,0.0,0.0,0.06401843577623367,0.0,0.0,0.0,0.0,0.0,0.0,-0.06401843577623367,0.0,0.0,0.0,0.0,0.0,0.0,0.0,0.0,0.06401843577623367,0.0,0.0,-0.06401843577623367,0.0,0.0,0.0,0.0,0.0,0.0,0.0,0.0,0.12803687155246735,0.0,0.0,0.0,0.0,0.06401843577623367,0.0,0.0,0.0,0.0,0.0,0.0,0.0,0.0,0.0,0.06401843577623367,-0.06401843577623367,0.0,0.0,0.0,0.0,0.06401843577623367,0.0,-0.12803687155246735,0.0,0.0,0.0,0.0,0.0,0.06401843577623367,0.0,-0.06401843577623367,0.0,0.0,0.0,0.0,0.0,0.0,0.06401843577623367,0.0,0.0,0.0,0.0,0.0,0.0,0.0,0.0,-0.06401843577623367,0.12803687155246735,0.0,0.0,0.0,0.0,0.0,0.06401843577623367,0.0,-0.06401843577623367,0.0,-0.06401843577623367,0.0,0.0,0.2560737431049347,-0.06401843577623367,0.0,0.0,0.0,0.0,0.0,0.0,0.0,-0.06401843577623367,0.0,0.0,0.0,0.0,0.0,0.0,0.0,0.0,-0.06401843577623367,0.0,0.06401843577623367,0.0,0.0,0.0,0.0,0.0
600346,恒力石化,黄金有色与周期资源,bluechip,student_B,llm_deepseek_extracted,"1. 机构席位活跃，北向资金流动积极，筹码博弈偏多。  
2. 产能回升叠加研发交付，业绩弹性增强，技术壁垒稳固。  
...",-0.06237828731536865,-0.06237828731536865,0.0,0.0,0.0,0.0,0.0,0.0,0.0,0.0,0.0,0.0,0.06237828731536865,0.06237828731536865,0.0,0.0,0.0,0.0,0.0,0.0,0.0,0.0,0.0,0.0,0.0,0.0,0.0,0.0,0.0,0.0,0.0,0.06237828731536865,0.06237828731536865,0.0,0.0,0.0,0.0,0.0,0.0,0.0,0.0,0.0,-0.06237828731536865,0.0,0.0,0.0,0.0,0.0,0.0,0.0,0.06237828731536865,0.06237828731536865,0.0,0.06237828731536865,0.06237828731536865,0.0,0.0,0.0,0.0,0.0,0.0,0.0,0.0,0.0,-0.06237828731536865,-0.06237828731536865,0.0,0.0,0.0,0.0,0.0,0.0,0.0,0.0,-0.06237828731536865,0.0,0.0,-0.06237828731536865,0.0,0.0,0.0,0.0,0.0,0.0,-0.06237828731536865,0.0,0.0,-0.06237828731536865,0.0,0.0,0.0,0.0,0.0,0.0,0.06237828731536865,0.0,0.0,0.0,0.0,0.0,0.0,0.0,0.0,0.0,0.0,0.0,0.0,-0.06237828731536865,0.0,0.0,-0.06237828731536865,0.0,0.0,0.0,0.0,0.06237828731536865,0.0,0.06237828731536865,0.0,0.06237828731536865,0.0,0.0,-0.06237828731536865,0.0,-0.06237828731536865,0.0,0.06237828731536865,0.0,0.0,0.0,0.0,0.06237828731536865,0.06237828731536865,-0.06237828731536865,0.0,-0.06237828731536865,0.0,0.0,0.0,0.0,0.0,0.0,0.0,0.0,0.0,0.0,0.0,0.0,0.06237828731536865,0.0,0.0,0.0,0.0,0.0,0.0,0.06237828731536865,0.0,0.0,0.0,0.0,0.0,0.0,0.1247565746307373,-0.06237828731536865,0.0,-0.1247565746307373,0.0,0.0,0.0,0.0,-0.06237828731536865,0.0,0.0,0.0,0.0,0.0,0.06237828731536865,0.0,-0.06237828731536865,0.0,0.0,0.0,0.0,0.0,0.0,0.0,0.0,0.0,0.0,0.0,0.0,0.0,0.06237828731536865,0.0,0.0,0.0,0.0,0.0,0.0,0.0,0.1247565746307373,0.0,0.0,0.0,0.0,0.0,0.0,0.06237828731536865,0.0,0.0,0.0,-0.06237828731536865,0.0,0.0,0.0,0.06237828731536865,0.1247565746307373,0.0,0.0,-0.06237828731536865,-0.06237828731536865,0.0,0.0,0.0,0.0,0.0,0.0,-0.06237828731536865,0.0,0.06237828731536865,0.06237828731536865,0.06237828731536865,0.0,0.0,0.0,0.0,-0.06237828731536865,0.0,0.0,0.0,0.0,0.0,0.0,0.0,-0.06237828731536865,0.1247565746307373,0.0,-0.06237828731536865,0.0,0.0,0.0,0.0,0.0,0.1247565746307373,0.0,0.0,0.0,0.0,0.0,0.0,0.0,0.0,0.0,0.0,0.0,0.0,0.0,0.0,0.0,0.0,0.0,0.0,0.0,0.0,-0.06237828731536865,-0.06237828731536865,0.0,0.0,0.0,-0.06237828731536865,0.0,0.0,0.0,-0.06237828731536865,0.06237828731536865,0.0,0.0,0.0,-0.06237828731536865,0.0,0.0,0.0,0.0,0.0,0.0,0.0,0.0,0.0,0.0,0.06237828731536865,0.0,0.0,0.06237828731536865,0.0,-0.06237828731536865,0.0,0.0,-0.06237828731536865,0.0,0.0,0.0,0.0,0.0,0.0,-0.06237828731536865,0.0,0.0,0.06237828731536865,0.0,0.0,0.0,-0.06237828731536865,0.0,0.0,0.0,0.0,0.0,0.0,0.0,0.0,0.0,0.0,0.0,0.0,0.0,0.0,0.0,0.0,0.0,0.0,0.06237828731536865,0.0,0.0,0.0,-0.06237828731536865,0.0,0.0,0.0,0.0,0.0,0.0,-0.06237828731536865,0.0,-0.06237828731536865,0.0,-0.06237828731536865,0.06237828731536865,0.0,0.0,0.0,-0.06237828731536865,0.0,0.0,0.0,0.0,0.0,0.0,0.0,0.0,0.0,0.0,-0.06237828731536865,0.0,0.0,0.0,0.0,0.0,0.0,0.0,0.0,-0.06237828731536865,0.0,0.0,0.0,0.0,-0.06237828731536865,0.0,0.0,0.0,0.0,0.0,0.0,0.0,0.0,0.0,0.0,0.0,0.0,0.0,-0.06237828731536865,-0.06237828731536865,0.0,0.0,0.0,0.0,0.0,-0.06237828731536865,0.0,-0.06237828731536865,0.0,0.0,0.0,0.0,0.0,0.0,-0.06237828731536865,0.0,0.06237828731536865,0.0,0.0,0.0,0.0,0.0,0.06237828731536865,0.0,0.0,0.0,0.0,0.0,0.0,0.0,0.2495131492614746,0.0,0.0,0.0,0.0,0.0,0.0,0.0,0.0,0.0,0.0,0.0,0.0,0.0,0.0,0.0,0.06237828731536865,0.0,0.0,0.0,0.0,0.0,0.0,0.0,0.0,0.06237828731536865,0.0,0.0,0.0,0.0,0.0,0.0,0.0,0.06237828731536865,0.0,0.0,-0.06237828731536865,0.06237828731536865,0.0,0.0,0.0,0.0,0.0,0.06237828731536865,0.06237828731536865,0.06237828731536865,-0.06237828731536865,0.0,-0.06237828731536865,0.0,0.0,0.06237828731536865,0.0,0.0,0.0,0.0,0.06237828731536865,0.0,0.0,0.0,0.0,0.0,0.0,0.0,0.0,0.0,-0.06237828731536865,0.0,0.0,-0.06237828731536865,0.0,0.0,0.0,0.0,-0.06237828731536865,0.0,0.0,0.0,-0.06237828731536865,0.0,0.06237828731536865,0.0,0.0,0.0,-0.06237828731536865,0.0,-0.1247565746307373,0.0,0.0,0.0,0.0,0.0,0.0,-0.2495131492614746,0.0,-0.06237828731536865,0.0,0.0,0.06237828731536865,0.0,0.0,0.18713486194610596,0.0,-0.06237828731536865,0.0,0.0,0.0,0.0,0.0,-0.06237828731536865,-0.06237828731536865,0.06237828731536865,0.06237828731536865,0.0,0.0,0.0,0.0,0.0,-0.06237828731536865,0.0,0.0,0.0,-0.06237828731536865,0.0,0.0,0.0,0.18713486194610596,0.0,0.0,-0.06237828731536865,0.0,0.0,0.0,0.0,0.0,0.0,-0.06237828731536865,0.06237828731536865,0.0,0.0,0.0,0.0,0.0,0.0,0.0,0.0,0.0,0.0,0.0,0.0,-0.06237828731536865,0.0,0.0,0.0,0.0,0.0,0.06237828731536865,0.0,0.0,-0.06237828731536865,0.0,0.0,0.06237828731536865,0.0,0.0,0.06237828731536865,0.0,-0.1247565746307373,0.0,0.0,0.0,0.0,-0.06237828731536865,0.0,-0.06237828731536865,0.0,0.06237828731536865,0.0,0.0,0.0,0.0,0.0,0.0,0.0,0.0,0.0,0.0,0.0,0.0,0.0,-0.06237828731536865,0.0,0.0,0.0,-0.06237828731536865,0.0,0.0,0.06237828731536865,0.0,0.0,-0.06237828731536865,0.0,0.0,0.06237828731536865,0.0,-0.06237828731536865,0.0,0.0,0.0,0.06237828731536865,0.0,-0.06237828731536865,0.0,-0.06237828731536865,0.0,0.0,0.0,0.0,0.0,0.0,0.0,0.0,0.06237828731536865,0.0,0.0,0.0,0.0,0.0,0.0,-0.06237828731536865,0.0,0.0,0.0,-0.06237828731536865,0.0,0.0,0.0,0.0,0.06237828731536865,0.0,0.0,-0.06237828731536865,0.0,0.0,0.0,0.0,0.0,0.0,0.0,0.0,0.1247565746307373,0.0,0.0,0.0,0.0,0.06237828731536865,0.0,0.0,0.0,0.0,0.0,0.0,0.0,0.0,0.0,0.06237828731536865,-0.06237828731536865,0.0,0.0,0.0,0.0,0.06237828731536865,0.0,-0.1247565746307373,0.0,0.0,0.0,0.0,0.0,0.06237828731536865,0.0,-0.06237828731536865,0.0,0.0,0.0,0.0,0.0,0.0,0.06237828731536865,0.0,0.0,0.0,0.0,0.0,0.0,0.0,0.0,-0.06237828731536865,0.1247565746307373,0.0,0.0,0.0,0.0,0.0,0.06237828731536865,0.0,-0.06237828731536865,0.0,-0.06237828731536865,0.0,0.0,0.2495131492614746,-0.06237828731536865,0.0,0.0,0.0,0.0,0.0,0.0,0.0,-0.06237828731536865,0.0,0.0,0.0,0.06237828731536865,0.0,0.06237828731536865,0.0,0.0,0.0,0.0,0.06237828731536865,0.0,0.0,0.0,0.0,0.0
002493,荣盛石化,黄金有色与周期资源,bluechip,student_B,llm_deepseek_extracted,"1. 机构席位活跃，北向资金流入，筹码博弈偏多。  
2. 产能回升+研发交付，业绩弹性增强，技术壁垒稳固。  
3. ...",-0.06324555724859238,-0.06324555724859238,0.0,0.0,0.0,0.0,0.0,0.0,0.0,0.0,0.0,0.0,0.06324555724859238,0.06324555724859238,0.0,0.0,0.0,0.0,0.0,0.0,0.0,0.0,0.0,0.0,0.0,0.0,0.0,0.0,0.0,0.0,0.0,0.06324555724859238,0.06324555724859238,0.0,0.0,0.0,0.0,0.0,0.0,0.0,0.0,0.0,-0.06324555724859238,0.0,0.0,0.0,0.0,0.0,0.0,0.0,0.06324555724859238,0.06324555724859238,0.0,0.06324555724859238,0.06324555724859238,0.0,0.0,0.0,0.0,0.0,0.0,0.0,0.0,0.0,-0.06324555724859238,-0.06324555724859238,0.0,0.0,0.0,0.0,0.0,0.0,0.0,0.0,-0.06324555724859238,0.0,0.0,-0.06324555724859238,0.0,0.0,0.0,0.0,0.0,0.0,-0.06324555724859238,0.0,0.0,-0.06324555724859238,0.0,0.0,0.0,0.06324555724859238,0.0,0.0,0.06324555724859238,0.0,0.0,0.0,0.0,0.0,0.0,0.0,0.0,0.0,0.0,0.0,0.0,-0.06324555724859238,0.0,0.0,-0.06324555724859238,0.0,0.0,0.0,0.0,0.06324555724859238,0.0,0.06324555724859238,0.0,0.06324555724859238,0.0,0.0,0.0,0.0,-0.06324555724859238,0.0,0.06324555724859238,0.0,0.0,0.0,0.0,0.06324555724859238,0.06324555724859238,-0.06324555724859238,0.0,-0.06324555724859238,0.0,0.0,0.0,0.0,0.0,0.0,0.0,0.0,0.0,0.0,0.0,0.0,0.06324555724859238,0.0,0.0,0.0,0.0,0.0,0.0,0.06324555724859238,0.0,0.0,0.0,0.0,0.0,0.0,0.12649111449718475,-0.06324555724859238,0.0,-0.06324555724859238,0.0,0.0,0.0,0.0,-0.06324555724859238,0.0,0.0,0.0,0.0,0.0,0.06324555724859238,0.0,-0.06324555724859238,0.0,0.0,0.0,0.0,0.0,0.0,0.0,0.0,0.0,0.0,0.0,0.0,0.0,0.0,0.0,0.06324555724859238,0.0,0.0,0.0,0.0,0.0,0.12649111449718475,0.0,0.0,0.0,0.0,0.0,0.0,0.06324555724859238,0.0,0.0,0.0,-0.06324555724859238,-0.06324555724859238,0.0,0.0,0.06324555724859238,0.06324555724859238,0.0,0.0,0.0,-0.06324555724859238,0.0,0.0,0.0,0.0,0.0,0.0,-0.06324555724859238,0.0,0.06324555724859238,0.06324555724859238,0.06324555724859238,0.0,0.0,0.0,0.0,-0.12649111449718475,0.0,0.0,0.0,0.06324555724859238,0.0,0.0,0.0,-0.06324555724859238,0.12649111449718475,0.0,-0.06324555724859238,0.0,0.0,0.0,0.0,0.0,0.12649111449718475,0.0,0.0,0.0,0.0,0.0,0.0,0.0,0.0,0.0,0.0,0.0,0.0,0.0,0.0,0.0,0.0,0.0,0.0,0.0,0.0,-0.06324555724859238,-0.06324555724859238,0.0,0.0,0.0,0.0,0.0,0.0,0.0,-0.06324555724859238,0.06324555724859238,0.0,0.0,0.0,-0.06324555724859238,0.0,0.0,0.0,0.0,0.0,0.0,0.0,0.06324555724859238,0.0,0.0,0.06324555724859238,0.0,0.0,0.06324555724859238,0.0,-0.06324555724859238,0.0,0.0,-0.06324555724859238,0.0,0.0,0.0,0.0,0.0,0.0,-0.06324555724859238,0.0,0.0,0.06324555724859238,0.0,0.0,0.0,-0.06324555724859238,0.06324555724859238,0.0,0.0,0.0,0.0,0.0,0.0,0.0,0.0,0.0,0.0,0.0,0.0,0.0,0.0,0.0,0.0,0.0,0.06324555724859238,0.0,0.0,0.0,0.0,0.0,0.0,0.0,0.0,0.0,0.0,-0.06324555724859238,0.0,-0.06324555724859238,0.0,-0.06324555724859238,0.06324555724859238,0.0,0.0,0.0,-0.06324555724859238,0.0,0.0,0.0,0.0,0.0,0.0,0.0,0.0,0.0,0.0,-0.06324555724859238,0.0,0.0,0.0,0.0,0.0,0.0,0.0,0.0,-0.06324555724859238,0.0,0.0,0.0,0.0,-0.06324555724859238,0.0,0.0,0.0,0.0,0.0,0.0,0.0,0.0,0.0,0.0,0.0,0.0,0.0,-0.06324555724859238,-0.06324555724859238,0.0,0.0,0.0,0.0,0.0,-0.06324555724859238,0.0,-0.06324555724859238,0.0,0.0,0.0,0.0,0.0,0.0,0.0,0.0,0.06324555724859238,-0.06324555724859238,0.0,0.0,0.0,0.0,0.0,0.0,0.0,0.0,0.0,0.0,0.0,0.0,0.2529822289943695,0.0,0.0,0.0,0.0,0.0,0.0,0.0,0.0,0.0,0.0,0.0,0.0,0.0,0.0,0.0,0.06324555724859238,0.0,0.0,0.0,0.0,0.0,0.0,0.0,0.0,0.06324555724859238,0.0,0.0,0.0,0.0,0.0,0.0,0.0,0.0,0.0,0.0,-0.06324555724859238,0.06324555724859238,0.0,0.0,0.0,0.0,0.0,0.06324555724859238,0.12649111449718475,0.0,0.0,0.0,-0.06324555724859238,0.0,0.0,0.06324555724859238,0.0,0.0,0.0,0.0,0.06324555724859238,0.0,0.0,0.0,0.0,0.0,0.0,0.0,0.0,0.0,-0.06324555724859238,0.0,0.0,-0.06324555724859238,0.0,0.0,0.0,-0.06324555724859238,0.0,0.0,0.0,0.0,-0.06324555724859238,0.0,0.06324555724859238,0.0,0.0,0.0,-0.06324555724859238,0.0,-0.06324555724859238,0.0,0.0,0.0,0.0,0.0,0.0,-0.2529822289943695,0.0,-0.06324555724859238,0.0,0.0,0.0,0.0,0.0,0.18973666429519653,0.0,-0.06324555724859238,0.0,0.0,0.06324555724859238,0.0,0.0,-0.06324555724859238,-0.06324555724859238,0.06324555724859238,0.06324555724859238,-0.06324555724859238,0.0,0.0,0.0,0.0,0.0,0.0,0.0,0.0,-0.06324555724859238,0.0,0.0,0.0,0.18973666429519653,0.0,0.0,-0.06324555724859238,0.0,0.0,0.0,0.0,0.0,0.0,-0.06324555724859238,0.06324555724859238,0.0,0.0,0.0,0.0,0.0,0.0,0.0,0.0,0.0,0.0,0.0,0.0,0.0,0.0,0.0,0.0,0.0,0.0,0.06324555724859238,0.0,0.0,-0.06324555724859238,0.0,0.0,0.06324555724859238,0.0,0.0,0.06324555724859238,0.0,-0.12649111449718475,0.0,0.0,0.0,0.0,-0.06324555724859238,0.0,-0.06324555724859238,0.0,0.06324555724859238,0.0,0.0,0.0,0.0,0.0,0.0,0.0,0.0,0.0,0.0,0.0,0.0,0.0,-0.06324555724859238,0.0,0.0,0.0,-0.06324555724859238,0.0,0.0,0.06324555724859238,0.0,0.0,-0.06324555724859238,0.0,0.0,0.06324555724859238,0.0,-0.06324555724859238,0.0,0.0,0.06324555724859238,0.06324555724859238,0.0,-0.06324555724859238,0.0,-0.06324555724859238,0.0,0.0,0.0,0.0,0.0,0.0,0.0,0.0,0.06324555724859238,0.0,0.0,0.0,0.0,0.0,0.0,-0.06324555724859238,0.0,0.0,0.0,0.0,0.0,0.0,0.0,0.0,0.06324555724859238,0.0,0.0,-0.06324555724859238,0.0,0.0,0.0,0.0,0.0,0.0,0.0,0.0,0.12649111449718475,0.0,0.0,0.0,0.0,0.06324555724859238,0.0,0.0,0.0,0.0,0.0,0.0,0.0,0.0,0.0,0.06324555724859238,-0.06324555724859238,0.0,0.0,0.0,0.0,0.06324555724859238,0.0,-0.12649111449718475,0.0,0.0,0.0,0.0,0.0,0.06324555724859238,0.0,-0.06324555724859238,0.0,0.0,0.0,0.0,0.0,0.0,0.06324555724859238,0.0,0.0,0.0,0.0,0.0,0.0,0.0,0.0,-0.06324555724859238,0.12649111449718475,0.0,0.0,0.0,0.0,0.0,0.06324555724859238,0.0,-0.06324555724859238,0.0,-0.06324555724859238,0.0,0.0,0.2529822289943695,-0.06324555724859238,0.0,0.0,0.0,0.0,0.0,0.0,0.0,-0.06324555724859238,0.0,0.0,0.0,0.0,0.0,0.06324555724859238,0.0,0.0,-0.06324555724859238,0.0,0.06324555724859238,0.0,0.0,0.0,0.0,0.0
000301,东方盛虹,黄金有色与周期资源,bluechip,student_B,llm_deepseek_extracted,"1. 机构席位活跃，北向资金流入，筹码博弈偏多；  
2. 产能回升+研发交付，业绩弹性增强，技术壁垒稳固；  
3. ...",-0.06401843577623367,-0.06401843577623367,0.0,0.0,0.0,0.0,0.0,0.0,0.0,0.0,0.0,0.0,0.06401843577623367,0.0,0.0,0.0,0.0,0.0,0.0,0.0,0.0,0.0,0.0,0.0,0.0,0.0,0.0,0.0,0.0,0.0,0.0,0.0,0.06401843577623367,0.0,0.0,0.0,0.0,0.0,0.0,0.0,0.0,0.0,-0.06401843577623367,0.0,0.0,0.0,0.0,0.0,0.0,0.0,0.06401843577623367,0.06401843577623367,0.0,0.06401843577623367,0.0,0.0,0.0,0.0,0.0,0.0,0.0,0.0,0.0,0.0,-0.06401843577623367,-0.06401843577623367,0.0,0.0,0.0,0.0,0.0,0.0,0.0,0.0,0.0,0.0,0.0,-0.06401843577623367,0.0,0.0,0.0,0.0,0.0,0.0,-0.06401843577623367,0.0,0.0,-0.06401843577623367,0.0,0.0,0.0,0.06401843577623367,0.0,0.06401843577623367,0.06401843577623367,0.0,0.0,0.0,0.0,0.0,0.0,0.0,0.0,0.0,0.0,0.0,0.0,-0.06401843577623367,0.0,0.0,-0.06401843577623367,0.0,0.0,0.0,0.0,0.06401843577623367,0.0,0.06401843577623367,0.0,0.06401843577623367,0.0,0.0,0.0,0.0,-0.06401843577623367,0.0,0.06401843577623367,0.0,0.0,0.0,0.0,0.06401843577623367,0.06401843577623367,-0.06401843577623367,0.0,-0.06401843577623367,0.0,0.0,0.0,0.0,0.0,0.0,0.0,0.0,0.0,0.0,0.0,0.0,0.06401843577623367,0.0,-0.06401843577623367,0.0,0.0,0.0,0.0,0.06401843577623367,0.0,0.0,0.0,0.0,0.0,0.0,0.12803687155246735,-0.06401843577623367,0.0,-0.06401843577623367,0.0,0.0,0.0,0.0,-0.06401843577623367,0.0,0.0,0.0,0.0,0.0,0.06401843577623367,0.0,-0.06401843577623367,0.0,0.0,0.0,0.0,0.0,0.0,0.0,0.0,0.0,0.0,0.0,0.0,0.0,0.0,0.0,0.06401843577623367,0.0,0.0,0.0,0.0,0.0,0.12803687155246735,0.0,0.0,0.0,0.0,0.0,0.0,0.06401843577623367,0.0,0.0,0.0,-0.06401843577623367,-0.06401843577623367,0.0,0.0,0.06401843577623367,0.06401843577623367,0.0,0.0,0.0,0.0,0.0,0.0,0.0,0.0,0.0,0.0,-0.06401843577623367,0.0,0.06401843577623367,0.06401843577623367,0.06401843577623367,0.0,0.0,0.0,0.0,-0.12803687155246735,0.0,0.0,0.0,0.06401843577623367,0.0,0.0,0.0,-0.06401843577623367,0.12803687155246735,0.0,-0.06401843577623367,0.0,0.0,0.0,0.0,0.06401843577623367,0.12803687155246735,0.0,0.0,0.0,0.0,0.0,0.0,0.0,0.0,0.0,0.0,0.0,0.0,0.0,0.0,0.0,0.0,0.0,0.06401843577623367,0.0,0.0,-0.06401843577623367,0.0,0.0,0.0,0.0,0.0,0.0,0.0,0.0,-0.06401843577623367,0.06401843577623367,0.0,0.0,0.0,0.0,0.0,0.0,0.0,0.0,0.0,0.0,0.0,0.06401843577623367,0.0,0.0,0.06401843577623367,0.0,0.0,0.06401843577623367,0.0,-0.06401843577623367,0.0,0.0,-0.06401843577623367,0.0,0.0,0.0,0.0,0.0,0.0,-0.06401843577623367,0.0,0.0,0.06401843577623367,0.0,0.0,0.0,-0.06401843577623367,0.06401843577623367,0.0,0.0,0.0,0.0,0.0,0.0,0.0,0.0,0.0,0.0,0.0,0.0,0.0,0.0,0.0,0.0,0.0,0.06401843577623367,0.0,0.0,0.0,0.0,0.0,0.0,0.0,0.0,0.0,0.0,-0.06401843577623367,0.0,-0.06401843577623367,0.0,0.0,0.06401843577623367,0.0,0.0,0.0,-0.06401843577623367,0.0,0.0,0.0,0.0,0.0,0.0,0.0,0.0,0.0,0.0,-0.06401843577623367,0.0,0.0,0.0,0.0,0.0,0.0,0.0,0.0,-0.06401843577623367,0.0,0.0,0.0,0.0,0.0,0.0,0.0,0.0,0.0,0.0,0.0,0.0,0.0,0.0,0.0,0.0,0.0,0.0,-0.06401843577623367,0.0,0.0,0.0,0.0,0.0,0.0,-0.06401843577623367,0.0,-0.06401843577623367,0.0,0.0,0.0,0.0,0.0,0.0,0.0,0.0,0.06401843577623367,-0.06401843577623367,0.0,0.0,0.0,0.0,0.0,0.0,0.0,0.0,0.0,0.0,0.0,0.0,0.2560737431049347,0.0,0.0,0.0,0.12803687155246735,0.0,0.0,0.0,0.0,0.0,0.0,0.0,0.0,0.0,0.0,0.0,0.06401843577623367,0.0,0.0,0.0,0.0,0.0,0.0,0.0,0.0,0.06401843577623367,0.06401843577623367,0.0,0.0,0.0,0.0,0.0,0.0,0.0,0.0,0.0,-0.06401843577623367,0.06401843577623367,0.0,0.0,0.0,0.0,0.0,0.06401843577623367,0.12803687155246735,0.0,0.0,0.0,-0.06401843577623367,0.0,0.0,0.06401843577623367,0.0,0.0,0.0,0.0,0.06401843577623367,0.0,0.0,0.0,0.0,0.0,0.0,0.0,0.0,0.0,-0.06401843577623367,0.0,0.0,-0.06401843577623367,0.0,0.06401843577623367,0.0,-0.06401843577623367,0.0,0.0,0.0,0.0,-0.06401843577623367,0.0,0.06401843577623367,0.0,0.0,0.0,-0.06401843577623367,0.0,-0.06401843577623367,0.0,0.0,0.0,0.0,0.0,0.0,-0.2560737431049347,0.0,-0.06401843577623367,0.0,0.0,0.0,0.0,0.0,0.19205531477928162,0.0,-0.06401843577623367,0.0,0.0,0.06401843577623367,0.0,0.0,-0.06401843577623367,-0.06401843577623367,0.06401843577623367,0.06401843577623367,-0.06401843577623367,0.0,0.0,0.0,0.0,0.0,0.0,0.0,0.0,-0.06401843577623367,0.0,0.0,0.0,0.06401843577623367,0.06401843577623367,0.0,-0.06401843577623367,0.0,0.0,0.0,0.0,0.0,0.0,-0.06401843577623367,0.06401843577623367,0.0,0.0,0.0,0.0,0.0,0.0,0.0,0.0,0.0,0.0,0.0,0.0,0.0,0.0,0.0,0.0,0.0,0.0,0.06401843577623367,0.0,0.0,-0.06401843577623367,0.0,0.0,0.06401843577623367,0.0,0.0,0.06401843577623367,0.0,-0.12803687155246735,0.0,0.0,0.0,0.0,-0.12803687155246735,0.0,-0.06401843577623367,0.0,0.06401843577623367,0.0,0.0,0.0,0.0,0.0,0.0,0.0,0.0,0.0,0.0,0.0,0.0,0.0,-0.06401843577623367,0.0,0.0,0.0,-0.06401843577623367,0.0,0.0,0.06401843577623367,0.0,0.0,-0.06401843577623367,0.0,0.0,0.06401843577623367,0.0,0.0,0.0,0.0,0.06401843577623367,0.06401843577623367,0.0,-0.06401843577623367,0.0,-0.06401843577623367,0.0,0.0,0.0,0.0,0.0,0.0,0.0,0.0,0.06401843577623367,0.0,0.0,0.0,0.0,0.0,0.0,-0.06401843577623367,0.0,0.0,0.0,0.0,0.0,0.0,0.0,0.0,0.06401843577623367,0.0,0.0,-0.06401843577623367,0.0,0.0,0.0,0.0,0.0,0.0,0.0,0.0,0.12803687155246735,0.0,0.0,0.0,0.0,0.06401843577623367,0.0,0.0,0.0,0.0,0.0,0.0,0.0,0.0,0.0,0.06401843577623367,-0.06401843577623367,0.0,0.0,0.0,0.0,0.06401843577623367,0.0,-0.12803687155246735,0.0,0.0,0.0,0.0,0.0,0.06401843577623367,0.0,-0.06401843577623367,0.0,0.0,0.0,0.0,0.0,0.0,0.06401843577623367,0.0,0.0,0.0,0.0,0.0,0.0,0.0,0.0,-0.06401843577623367,0.12803687155246735,0.0,0.0,0.0,0.0,0.0,0.06401843577623367,0.0,-0.06401843577623367,0.0,-0.06401843577623367,0.0,0.0,0.2560737431049347,-0.06401843577623367,0.0,0.0,0.0,0.0,0.0,0.0,0.0,-0.06401843577623367,0.0,0.0,0.0,0.0,0.0,0.0,0.0,0.0,-0.06401843577623367,0.0,0.06401843577623367,0.0,0.0,0.0,0.0,0.0
002648,卫星化学,黄金有色与周期资源,growth,student_B,llm_deepseek_extracted,"1. 机构博弈筹码流动：北向资金活跃，机构席位多空分歧，筹码呈净流入迹象。  
2. 业绩弹性与技术壁垒：产能景气回升，...",-0.053760331124067307,0.0,0.053760331124067307,0.0,0.0,0.0,0.0,0.0,0.0,0.0,0.0,0.0,0.053760331124067307,0.053760331124067307,0.0,0.0,0.0,0.0,0.0,0.0,0.0,0.0,0.0,0.0,0.0,0.0,0.0,0.0,0.0,0.0,0.0,0.053760331124067307,0.0,0.0,0.0,-0.053760331124067307,0.0,0.0,0.053760331124067307,0.0,0.0,0.0,-0.053760331124067307,0.0,0.0,0.0,0.0,0.053760331124067307,0.053760331124067307,0.0,0.053760331124067307,0.10752066224813461,0.0,0.053760331124067307,0.0,0.053760331124067307,0.0,0.0,0.0,0.0,0.0,0.0,0.0,0.0,-0.053760331124067307,-0.10752066224813461,0.0,0.0,0.0,0.0,0.0,0.0,0.0,0.0,0.0,0.0,0.0,-0.053760331124067307,-0.053760331124067307,0.0,0.0,0.0,0.0,0.0,0.0,0.0,0.0,-0.053760331124067307,0.0,0.0,0.0,0.0,0.053760331124067307,0.0,0.053760331124067307,0.0,0.0,0.0,0.0,-0.053760331124067307,0.053760331124067307,0.0,0.0,0.0,0.0,0.0,0.0,-0.10752066224813461,0.053760331124067307,0.0,-0.053760331124067307,0.0,0.0,-0.053760331124067307,0.0,0.0,0.0,0.0,0.053760331124067307,0.053760331124067307,0.0,0.0,-0.053760331124067307,0.0,-0.053760331124067307,0.0,0.053760331124067307,0.0,0.0,0.0,0.0,0.053760331124067307,0.053760331124067307,-0.053760331124067307,0.0,-0.053760331124067307,0.0,0.0,0.0,-0.053760331124067307,0.0,0.0,0.0,0.0,0.0,0.0,0.0,0.0,0.0,0.0,0.0,0.0,0.0,0.0,0.0,0.0,0.0,0.0,0.0,0.0,0.0,0.0,0.16128098964691162,0.0,0.0,-0.053760331124067307,0.0,0.0,0.0,0.0,-0.10752066224813461,0.0,0.0,0.0,0.0,-0.053760331124067307,0.053760331124067307,0.0,-0.053760331124067307,0.0,0.053760331124067307,0.0,0.0,0.053760331124067307,0.0,0.0,0.0,0.0,0.0,0.0,0.0,-0.053760331124067307,0.0,-0.053760331124067307,0.0,0.0,0.0,0.053760331124067307,0.0,0.0,0.0,0.0,0.0,0.0,0.0,0.0,0.0,0.10752066224813461,0.0,0.0,0.053760331124067307,-0.053760331124067307,0.0,0.0,0.0,0.053760331124067307,0.053760331124067307,0.0,0.0,-0.10752066224813461,-0.053760331124067307,0.0,0.0,-0.10752066224813461,-0.053760331124067307,0.0,0.0,-0.053760331124067307,0.0,0.053760331124067307,0.10752066224813461,0.053760331124067307,0.0,0.0,0.0,0.0,-0.053760331124067307,0.0,0.0,0.0,0.0,0.0,0.053760331124067307,0.0,0.0,0.10752066224813461,0.0,-0.053760331124067307,0.0,0.053760331124067307,0.0,0.0,-0.053760331124067307,0.053760331124067307,0.0,0.0,0.0,0.0,0.0,0.0,0.0,0.0,0.0,-0.053760331124067307,0.0,0.0,0.0,0.0,0.0,0.0,0.0,0.0,0.0,0.0,-0.053760331124067307,-0.053760331124067307,0.0,0.0,-0.053760331124067307,0.0,0.0,0.0,0.0,-0.053760331124067307,0.0,0.0,0.0,0.0,-0.053760331124067307,0.0,0.0,0.0,0.0,0.0,0.0,0.0,-0.053760331124067307,0.0,0.0,0.053760331124067307,0.0,0.0,0.053760331124067307,0.0,0.0,0.0,0.0,-0.053760331124067307,0.0,0.0,0.053760331124067307,0.0,0.0,0.0,-0.053760331124067307,0.0,0.0,0.16128098964691162,0.0,0.0,0.0,0.0,0.0,0.0,0.0,0.0,0.0,0.0,0.053760331124067307,0.0,0.0,0.0,0.0,0.0,0.0,0.0,0.0,0.0,0.0,-0.053760331124067307,0.0,-0.053760331124067307,0.0,0.0,-0.053760331124067307,0.0,-0.053760331124067307,0.0,-0.053760331124067307,0.0,0.0,0.0,0.0,-0.10752066224813461,0.0,-0.053760331124067307,0.053760331124067307,0.0,-0.053760331124067307,-0.053760331124067307,-0.10752066224813461,0.0,0.0,0.0,0.0,0.0,0.0,0.0,-0.053760331124067307,0.0,0.0,-0.053760331124067307,0.0,-0.053760331124067307,0.0,0.0,0.0,0.0,0.0,0.0,-0.053760331124067307,-0.053760331124067307,0.0,0.0,0.0,-0.053760331124067307,0.0,0.0,0.0,0.053760331124067307,0.0,0.10752066224813461,0.0,0.0,0.0,0.0,0.0,0.0,0.0,-0.16128098964691162,0.0,0.0,0.0,0.0,0.0,0.0,-0.053760331124067307,0.0,-0.053760331124067307,0.0,0.0,0.0,0.0,0.0,0.0,0.0,0.0,0.053760331124067307,0.053760331124067307,0.0,0.0,-0.053760331124067307,0.0,0.0,0.0,0.0,0.0,0.0,-0.053760331124067307,0.0,0.0,0.16128098964691162,0.0,0.0,0.0,0.0,0.053760331124067307,0.0,0.0,0.0,0.0,0.0,0.053760331124067307,0.0,0.0,0.0,0.0,0.053760331124067307,0.0,0.0,0.0,0.0,0.0,0.0,0.0,0.0,0.0,-0.053760331124067307,0.0,0.0,0.0,0.0,0.0,0.0,0.0,0.0,0.0,-0.053760331124067307,0.0,0.0,-0.053760331124067307,0.0,0.0,0.0,0.0,0.0,0.0,0.0,0.0,-0.10752066224813461,0.0,0.0,0.0,0.0,0.0,0.0,0.0,0.0,0.0,0.0,0.0,0.0,0.0,0.0,0.0,0.0,0.0,-0.053760331124067307,0.0,0.0,-0.053760331124067307,0.0,0.0,0.053760331124067307,0.0,0.0,-0.053760331124067307,0.0,0.0,-0.053760331124067307,0.0,0.053760331124067307,0.0,0.0,0.0,-0.10752066224813461,0.0,-0.10752066224813461,0.0,0.0,0.0,0.0,0.0,0.0,-0.21504132449626923,0.0,-0.053760331124067307,0.0,0.0,0.0,0.0,0.0,0.10752066224813461,0.0,-0.053760331124067307,0.0,0.0,0.0,0.053760331124067307,0.0,-0.10752066224813461,-0.053760331124067307,0.053760331124067307,0.053760331124067307,-0.053760331124067307,0.0,0.053760331124067307,0.0,0.0,0.053760331124067307,0.0,0.0,0.0,0.0,0.0,0.0,-0.053760331124067307,0.16128098964691162,0.0,0.0,-0.053760331124067307,0.0,0.0,0.0,0.0,0.0,0.0,0.0,0.053760331124067307,0.053760331124067307,0.0,0.0,0.0,0.0,0.0,0.053760331124067307,0.0,0.0,0.0,0.0,0.0,0.0,0.0,0.0,0.0,-0.053760331124067307,0.0,0.0,0.0,0.0,0.0,0.0,0.0,0.0,0.0,0.0,0.053760331124067307,-0.053760331124067307,-0.10752066224813461,0.0,0.053760331124067307,0.0,0.0,-0.053760331124067307,0.0,0.0,0.0,0.053760331124067307,0.0,0.0,0.0,0.0,0.0,0.0,0.0,0.0,0.0,0.0,0.0,0.053760331124067307,0.0,-0.16128098964691162,0.0,0.0,0.0,-0.10752066224813461,-0.053760331124067307,0.0,0.053760331124067307,0.0,0.0,-0.053760331124067307,0.0,0.053760331124067307,0.0,-0.10752066224813461,-0.053760331124067307,0.0,0.0,0.0,0.0,0.0,0.0,0.053760331124067307,0.0,0.053760331124067307,0.053760331124067307,0.0,0.0,-0.10752066224813461,-0.053760331124067307,-0.10752066224813461,0.0,0.053760331124067307,-0.053760331124067307,0.0,0.0,0.0,0.0,0.0,-0.053760331124067307,0.0,0.0,0.0,0.0,0.0,0.0,0.0,0.0,0.053760331124067307,0.0,0.0,-0.053760331124067307,0.0,0.0,0.0,0.0,0.0,0.053760331124067307,0.0,0.0,0.10752066224813461,0.0,0.0,0.0,0.0,0.053760331124067307,0.0,0.0,0.0,0.0,0.0,-0.053760331124067307,0.0,0.0,0.0,0.053760331124067307,0.0,0.0,0.0,0.0,0.0,0.053760331124067307,0.0,-0.10752066224813461,0.053760331124067307,0.0,0.0,0.0,0.053760331124067307,0.0,0.0,-0.10752066224813461,0.0,0.0,0.0,0.0,0.0,0.0,0.10752066224813461,0.0,0.0,0.053760331124067307,0.0,0.0,-0.053760331124067307,0.0,0.0,0.0,0.10752066224813461,0.0,0.0,-0.053760331124067307,0.0,0.0,0.0,0.0,-0.053760331124067307,0.0,-0.053760331124067307,-0.053760331124067307,0.0,0.16128098964691162,-0.053760331124067307,0.0,0.0,0.0,0.0,-0.053760331124067307,0.0,0.0,-0.053760331124067307,0.0,0.0,0.0,0.0,0.0,0.053760331124067307,-0.053760331124067307,0.0,0.0,0.053760331124067307,0.0,0.0,0.0,0.0,0.0,0.0
000792,盐湖股份,黄金有色与周期资源,growth,student_B,llm_deepseek_extracted,"1. 机构席位活跃，北向资金流动频繁，筹码博弈加剧。  
2. 产能回升+研发交付，业绩弹性增强，技术壁垒稳固。  
3...",-0.06154574453830719,-0.06154574453830719,0.0,0.0,0.0,0.0,0.0,0.0,0.0,0.0,0.0,0.0,0.06154574453830719,0.06154574453830719,0.0,0.0,0.0,0.0,0.0,0.0,0.0,0.0,0.0,0.0,0.0,0.0,0.0,0.0,0.0,0.0,0.0,0.06154574453830719,0.06154574453830719,0.0,0.0,0.0,0.0,0.0,0.0,0.0,0.0,0.0,-0.06154574453830719,0.0,0.0,-0.06154574453830719,0.0,0.0,0.0,0.0,0.06154574453830719,0.06154574453830719,0.0,0.06154574453830719,0.0,0.0,0.0,0.0,0.0,0.0,0.0,0.0,0.0,0.0,-0.06154574453830719,-0.06154574453830719,0.0,0.0,0.0,0.0,0.0,0.0,0.0,0.0,0.0,0.0,0.0,-0.06154574453830719,0.0,0.0,0.0,0.0,0.0,-0.06154574453830719,0.0,0.0,0.0,-0.06154574453830719,0.0,0.0,0.0,0.06154574453830719,0.0,0.0,0.0,0.0,0.0,0.0,0.0,0.0,0.0,0.0,0.0,0.06154574453830719,0.0,0.0,0.0,-0.06154574453830719,0.0,0.0,-0.06154574453830719,0.0,0.0,0.0,0.0,0.06154574453830719,0.0,0.06154574453830719,0.0,0.06154574453830719,0.0,0.06154574453830719,0.0,0.0,-0.06154574453830719,0.0,0.06154574453830719,0.0,0.0,0.0,0.0,0.06154574453830719,0.06154574453830719,-0.06154574453830719,0.0,-0.06154574453830719,0.0,0.0,0.0,0.0,0.0,0.0,0.0,0.0,0.0,0.0,0.06154574453830719,0.0,0.06154574453830719,0.0,0.0,0.0,0.0,0.0,0.0,0.06154574453830719,0.0,0.0,0.0,0.0,0.0,0.0,0.12309148907661438,-0.06154574453830719,0.06154574453830719,0.0,0.0,0.0,0.0,0.06154574453830719,-0.06154574453830719,-0.06154574453830719,0.0,0.0,0.0,0.0,0.0,0.0,-0.06154574453830719,0.0,0.06154574453830719,0.0,0.0,0.0,0.0,-0.06154574453830719,0.0,0.0,0.06154574453830719,0.0,0.0,0.0,0.06154574453830719,0.0,0.06154574453830719,0.0,0.0,0.0,0.0,0.0,0.12309148907661438,0.0,0.0,0.0,0.0,0.0,0.0,0.06154574453830719,0.0,0.0,0.0,0.06154574453830719,0.0,0.06154574453830719,0.0,0.06154574453830719,0.06154574453830719,0.0,0.0,-0.06154574453830719,-0.12309148907661438,0.0,0.0,0.0,0.0,0.06154574453830719,0.0,-0.06154574453830719,0.0,0.06154574453830719,0.06154574453830719,0.06154574453830719,0.0,0.0,0.0,0.0,-0.06154574453830719,0.0,0.0,0.0,0.0,0.0,0.0,-0.06154574453830719,-0.06154574453830719,0.12309148907661438,0.0,0.0,0.0,0.0,0.0,-0.06154574453830719,0.0,0.12309148907661438,0.0,0.0,0.0,0.0,0.0,0.0,0.0,0.0,0.0,0.0,0.0,0.0,0.0,0.0,0.0,0.0,0.0,0.0,0.0,0.06154574453830719,-0.06154574453830719,-0.06154574453830719,0.0,0.0,0.0,0.0,0.0,0.0,0.0,-0.06154574453830719,0.06154574453830719,0.0,-0.06154574453830719,0.0,-0.06154574453830719,0.0,0.0,0.0,0.0,0.0,0.0,0.0,0.0,0.0,0.0,0.06154574453830719,0.0,0.0,0.06154574453830719,0.0,-0.06154574453830719,0.0,0.0,-0.06154574453830719,0.0,0.0,0.0,0.0,0.0,0.0,-0.06154574453830719,0.0,0.0,0.06154574453830719,0.0,0.0,0.0,-0.06154574453830719,0.06154574453830719,0.0,0.0,0.0,-0.06154574453830719,0.0,0.0,0.0,0.0,0.0,0.0,0.0,0.0,0.0,0.0,0.0,0.0,0.0,0.06154574453830719,0.0,0.0,0.0,-0.12309148907661438,0.0,0.0,0.0,0.0,0.06154574453830719,0.0,-0.06154574453830719,0.0,0.0,-0.06154574453830719,-0.06154574453830719,0.06154574453830719,0.0,0.0,0.0,-0.06154574453830719,0.0,0.0,0.0,0.0,0.0,0.0,0.0,0.0,0.0,0.0,-0.06154574453830719,-0.06154574453830719,0.0,0.0,0.0,0.0,0.0,0.0,0.0,-0.06154574453830719,0.0,-0.06154574453830719,0.06154574453830719,0.0,-0.06154574453830719,0.0,0.0,0.0,0.0,0.0,0.0,0.0,0.0,0.0,0.0,0.0,0.0,0.0,0.0,0.0,0.0,0.0,0.0,0.0,0.0,-0.06154574453830719,0.0,-0.06154574453830719,0.0,0.0,0.0,0.0,0.0,0.0,0.0,0.0,0.06154574453830719,0.0,0.0,0.0,0.0,0.0,0.0,0.0,0.0,-0.06154574453830719,0.0,0.0,0.0,0.0,0.24618297815322876,0.0,0.0,0.0,0.0,0.0,0.0,0.0,0.0,0.0,0.0,0.0,0.0,0.0,0.0,0.0,0.06154574453830719,0.0,0.0,0.0,0.0,0.0,0.0,0.0,0.0,0.06154574453830719,0.0,0.0,0.0,0.0,0.0,0.0,0.0,0.0,-0.06154574453830719,0.0,-0.06154574453830719,0.06154574453830719,0.0,0.0,0.0,0.0,0.0,0.0,0.06154574453830719,0.0,0.0,-0.06154574453830719,-0.06154574453830719,0.0,0.0,0.12309148907661438,0.0,0.0,0.0,0.0,0.06154574453830719,0.0,0.0,0.0,0.0,0.0,0.0,0.0,0.0,0.0,-0.06154574453830719,0.0,0.0,-0.06154574453830719,0.0,0.0,0.0,0.0,-0.06154574453830719,0.0,0.0,0.0,-0.06154574453830719,0.0,0.06154574453830719,0.0,0.0,0.0,-0.06154574453830719,0.0,-0.06154574453830719,0.0,0.0,0.0,0.0,0.0,0.0,-0.30772870779037476,0.0,-0.06154574453830719,0.0,0.0,0.0,0.0,0.0,0.12309148907661438,0.0,-0.06154574453830719,0.0,0.0,0.06154574453830719,0.0,0.06154574453830719,0.0,-0.06154574453830719,0.06154574453830719,0.06154574453830719,0.0,-0.06154574453830719,0.0,0.0,0.0,0.0,0.0,0.0,0.0,-0.06154574453830719,0.0,0.0,0.0,0.18463723361492157,0.0,0.0,-0.06154574453830719,0.0,0.0,-0.06154574453830719,0.0,0.0,0.0,0.0,0.06154574453830719,0.0,0.0,0.0,0.0,0.0,0.0,0.0,0.0,0.0,0.0,0.0,0.0,0.0,0.0,0.0,0.0,0.0,0.0,0.06154574453830719,0.0,0.0,0.0,0.0,0.0,0.0,0.0,0.0,0.0,0.0,-0.06154574453830719,0.0,0.0,0.0,0.0,-0.06154574453830719,0.0,-0.06154574453830719,0.0,0.06154574453830719,-0.06154574453830719,0.0,0.0,0.0,0.06154574453830719,0.0,0.0,0.0,0.0,0.0,0.0,0.0,0.0,-0.06154574453830719,0.0,0.0,0.0,-0.12309148907661438,0.0,0.0,0.06154574453830719,0.0,0.0,-0.06154574453830719,0.0,0.0,0.06154574453830719,0.0,-0.06154574453830719,0.0,0.0,0.0,0.06154574453830719,0.0,-0.06154574453830719,-0.06154574453830719,-0.06154574453830719,0.0,0.0,0.0,0.0,0.0,0.0,0.0,0.0,0.06154574453830719,0.0,0.0,0.0,0.0,0.0,0.0,-0.06154574453830719,0.0,0.0,0.0,-0.06154574453830719,0.0,0.0,-0.06154574453830719,0.06154574453830719,0.06154574453830719,0.0,0.0,-0.06154574453830719,0.0,0.0,0.0,0.0,0.0,0.0,0.0,0.0,0.12309148907661438,0.0,0.0,0.0,0.0,0.06154574453830719,0.0,0.0,0.0,0.0,0.0,0.0,0.0,0.0,0.0,0.06154574453830719,-0.06154574453830719,0.0,0.0,0.0,0.0,0.06154574453830719,0.0,-0.12309148907661438,0.0,0.0,0.0,0.0,0.0,0.06154574453830719,0.0,-0.06154574453830719,0.0,0.0,0.0,0.0,0.0,0.0,0.06154574453830719,0.0,0.0,-0.06154574453830719,0.0,0.0,0.0,0.0,0.0,-0.06154574453830719,0.12309148907661438,-0.06154574453830719,0.0,0.0,0.0,0.0,0.06154574453830719,0.0,-0.06154574453830719,0.0,-0.06154574453830719,0.0,0.0,0.12309148907661438,-0.06154574453830719,0.0,0.0,0.0,0.0,0.0,0.0,0.0,-0.06154574453830719,0.06154574453830719,0.0,0.0,0.0,0.0,0.06154574453830719,0.06154574453830719,0.0,0.0,0.0,0.06154574453830719,0.0,0.0,0.0,0.0,0.0
000408,藏格矿业,黄金有色与周期资源,growth,student_B,llm_deepseek_extracted,"1. 机构席位活跃，北向资金流动频繁，筹码博弈加剧。  
2. 产能回升+研发交付，业绩弹性释放，技术壁垒稳固。  
3...",-0.0629940778017044,0.0,0.0,0.0,0.0,-0.0629940778017044,0.0,0.0,0.0,0.0,0.0,0.0,0.0629940778017044,0.0629940778017044,0.0,0.0,0.0,0.0,0.0,0.0,0.0,0.0,0.0,0.0,0.0,0.0,0.0,0.0,0.0,0.0,0.0,0.0629940778017044,0.0629940778017044,0.0,0.0,-0.0629940778017044,0.0,0.0,0.0,0.0,0.0,0.0,-0.0629940778017044,0.0,0.0,0.0,0.0,0.0,0.0,0.0,0.0629940778017044,0.0629940778017044,0.0,0.0629940778017044,0.0,0.0,0.0,0.0,0.0,-0.0629940778017044,0.0,0.0,0.0,0.0,-0.0629940778017044,-0.0629940778017044,0.0,0.0,0.0,0.0,0.0,0.0,0.0,0.0,0.0,0.0,0.0,-0.0629940778017044,0.0,0.0,0.0,0.0,0.0,0.0,0.0,0.0,0.0,-0.0629940778017044,0.0,0.0,0.0,0.0629940778017044,0.0,0.0,0.0629940778017044,0.0,0.0,0.0,0.0,0.0,0.0,0.0,0.0,0.0,0.0,0.0,0.0,-0.0629940778017044,0.0,0.0,-0.0629940778017044,0.0,0.0,0.0,0.0,0.0629940778017044,0.0,0.0,0.0,0.0629940778017044,0.0,0.0,0.0,0.0,-0.0629940778017044,0.0,0.0629940778017044,0.0,0.0,0.0,0.0,0.0629940778017044,0.0629940778017044,-0.0629940778017044,0.0,-0.0629940778017044,0.0,0.0,0.0,0.0,0.0,0.0,0.0,0.0,0.0,0.0,0.0629940778017044,0.0,0.0,0.0,0.0,0.0,0.0,0.0,0.0,0.0,0.0,0.0,0.0,0.0,0.0,0.0,0.1259881556034088,-0.0629940778017044,0.0629940778017044,-0.0629940778017044,0.0,0.0,0.0,0.0629940778017044,-0.0629940778017044,0.0,0.0,-0.0629940778017044,0.0,0.0,0.0629940778017044,0.0,-0.0629940778017044,0.0,0.0,0.0,0.0,0.0,0.0,0.0,0.0,0.0,0.0,0.0,0.0,0.0,0.0629940778017044,0.0,0.0629940778017044,0.0,0.0,0.0,0.0,0.0,0.1259881556034088,0.0,0.0,0.0,0.0,0.0,0.0,0.0629940778017044,0.0,0.0,0.0,-0.0629940778017044,0.0,0.0629940778017044,0.0,0.0629940778017044,0.0629940778017044,0.0,0.0,-0.0629940778017044,-0.0629940778017044,0.0,0.0,0.0,0.0,0.0,0.0,-0.0629940778017044,0.0,0.0629940778017044,0.0629940778017044,0.0629940778017044,0.0,0.0,0.0,0.0,-0.0629940778017044,0.0,0.0,0.0,0.0,0.0,0.0,0.0,-0.0629940778017044,0.1259881556034088,0.0,-0.0629940778017044,0.0,0.0,0.0,0.0,0.0,0.1259881556034088,0.0,0.0,0.0,0.0,0.0,0.0,0.0,0.0,0.0,0.0,0.0,0.0,0.0,0.0,0.0,0.0,0.0,0.0,0.0,0.0,-0.0629940778017044,-0.0629940778017044,0.0,0.0,0.0,0.0,0.0,0.0,0.0,-0.0629940778017044,0.1259881556034088,0.0,-0.0629940778017044,0.0,-0.0629940778017044,0.0,0.0,0.0,0.0,0.0,0.0,0.0,0.0,0.0,0.0,0.0629940778017044,0.0,0.0,0.0629940778017044,0.0,-0.0629940778017044,0.0,0.0,-0.0629940778017044,0.0,0.0,0.0,0.0,0.0,0.0,-0.0629940778017044,0.0,0.0,0.0629940778017044,0.0,0.0,0.0,-0.0629940778017044,0.0629940778017044,0.0,0.0,0.0,0.0,0.0,0.0,0.0,0.0,0.0,0.0,0.0,0.0,0.0,0.0,0.0,0.0,0.0,0.0629940778017044,0.0,0.0,0.0,-0.0629940778017044,0.0,0.0,0.0,0.0,0.0,0.0,-0.0629940778017044,0.0,-0.0629940778017044,0.0,-0.0629940778017044,0.0629940778017044,0.0,0.0,0.0,-0.0629940778017044,0.0,0.0,0.0,0.0,0.0,0.0,0.0,0.0,0.0,0.0,-0.0629940778017044,-0.0629940778017044,0.0,0.0,0.0,0.0,0.0,0.0,0.0,-0.0629940778017044,0.0,0.0,0.0629940778017044,0.0,-0.0629940778017044,0.0,0.0,0.0,0.0,0.0,0.0,0.0,0.0,0.0,0.0,0.0,0.0,0.0,-0.0629940778017044,0.0,0.0,0.0,0.0,0.0,0.0,-0.0629940778017044,0.0,-0.0629940778017044,0.0,0.0,0.0,0.0,0.0,0.0,0.0,0.0,0.0629940778017044,-0.0629940778017044,0.0,0.0,0.0,0.0,0.0,0.0,0.0,0.0,0.0,0.0,0.0,0.0,0.3149704039096832,0.0,0.0,0.0,0.0,0.0,0.0,0.0,0.0,0.0,0.0,0.0,0.0,0.0,0.0,0.0,0.0629940778017044,0.0,0.0,0.0,0.0,0.0,0.0,0.0,0.0,0.0629940778017044,0.0629940778017044,0.0,0.0,0.0,0.0,0.0,0.0,0.0,-0.0629940778017044,0.0,-0.0629940778017044,0.0629940778017044,0.0,0.0,0.0,0.0,0.0,0.0,0.1259881556034088,0.0,0.0,-0.0629940778017044,-0.0629940778017044,0.0,0.0,0.0,0.0,0.0,0.0,0.0,0.0629940778017044,0.0,0.0,0.0,0.0,0.0,0.0,0.0,0.0,0.0,-0.0629940778017044,0.0,0.0,-0.0629940778017044,0.0,0.0,0.0,0.0,-0.0629940778017044,0.0,0.0,0.0,-0.0629940778017044,0.0,0.0629940778017044,0.0,0.0,0.0,-0.0629940778017044,0.0,-0.0629940778017044,0.0,0.0,0.0,0.0,0.0,0.0,-0.2519763112068176,0.0,-0.0629940778017044,0.0,0.0,0.0,0.0,0.0,0.1259881556034088,0.0,-0.0629940778017044,0.0,0.0,0.0629940778017044,0.0,0.0,-0.0629940778017044,-0.0629940778017044,0.0629940778017044,0.0629940778017044,0.0,-0.0629940778017044,0.0,0.0,0.0,0.0,0.0,0.0,0.0,0.0,0.0,0.0,0.0,0.18898223340511322,0.0,0.0,-0.0629940778017044,0.0,0.0,0.0,0.0,0.0,0.0,0.0,0.0629940778017044,0.0,0.0,0.0,0.0,0.0,0.0,0.0,0.0,0.0,0.0,0.0,0.0,0.0,0.0,0.0,0.0,0.0,0.0,0.0,0.0,0.0,0.0,0.0,0.0,-0.0629940778017044,0.0,0.0,0.0629940778017044,0.0,-0.1259881556034088,0.0,0.0,0.0,0.0,-0.0629940778017044,0.0,0.0,0.0,0.0629940778017044,0.0,0.0,0.0,0.0,0.0,0.0,0.0,0.0,0.0,0.0,0.0,0.0,0.0,-0.0629940778017044,0.0,0.0,0.0,-0.1259881556034088,0.0,0.0,0.0629940778017044,0.0,0.0,-0.0629940778017044,0.0,-0.0629940778017044,0.0629940778017044,0.0,-0.0629940778017044,0.0,0.0,0.0,0.0629940778017044,0.0,-0.0629940778017044,-0.0629940778017044,-0.0629940778017044,0.0,0.0,0.0,0.0,0.0,0.0,0.0,0.0,0.0629940778017044,0.0,0.0,0.0,0.0,0.0,0.0,-0.0629940778017044,0.0,0.0,0.0,0.0,0.0,0.0,0.0,0.0,0.0629940778017044,0.0,0.0,-0.0629940778017044,0.0,0.0,0.0,0.0,0.0,0.0,0.0,0.0,0.1259881556034088,0.0,0.0,0.0,0.0,0.0629940778017044,0.0,0.0,0.0,-0.0629940778017044,0.0,0.0,0.0,0.0,0.0,0.0629940778017044,-0.0629940778017044,0.0,0.0,0.0,0.0,0.0629940778017044,0.0,-0.1259881556034088,0.0,0.0,0.0,0.0,0.0,0.0629940778017044,0.0,-0.0629940778017044,0.0,0.0,0.0,0.0,0.0,0.0,0.0629940778017044,0.0,0.0,0.0,0.0,0.0,0.0,0.0,0.0,-0.0629940778017044,0.1259881556034088,0.0,0.0,0.0,0.0,0.0,0.0629940778017044,0.0,-0.0629940778017044,0.0,-0.0629940778017044,0.0,0.0,0.18898223340511322,-0.0629940778017044,0.0,0.0,0.0,0.0,0.0,0.0,0.0,-0.0629940778017044,0.0629940778017044,0.0,0.0,0.0,0.0,0.0629940778017044,0.0629940778017044,0.0,0.0,0.0,0.0629940778017044,0.0,0.0,0.0,0.0,0.0
600426,华鲁恒升,黄金有色与周期资源,bluechip,student_B,llm_deepseek_extracted,"1. 机构博弈筹码流动：北向资金活跃，机构席位交易频繁，筹码流动性增强。  
2. 业绩弹性与技术壁垒：产能回升支撑业绩...",-0.049446817487478256,-0.049446817487478256,0.0,0.0,-0.049446817487478256,0.0,0.0,0.0,0.0,-0.049446817487478256,0.0,0.0,0.049446817487478256,0.049446817487478256,0.0,0.0,0.0,0.0,0.0,0.0,0.0,0.0,0.0,0.0,0.0,0.0,-0.049446817487478256,0.0,0.049446817487478256,0.0,0.0,-0.049446817487478256,0.0,0.0,-0.049446817487478256,-0.049446817487478256,0.0,0.0,0.049446817487478256,0.0,0.0,0.0,-0.049446817487478256,0.0,0.0,0.0,0.0,0.0,0.0,0.0,0.0,0.049446817487478256,0.0,0.049446817487478256,0.0,0.0,0.0,0.0,-0.049446817487478256,0.0,0.0,0.0,0.0,0.0,-0.09889363497495651,-0.049446817487478256,0.0,0.0,0.049446817487478256,0.0,0.0,0.0,0.0,0.0,0.0,0.0,0.0,-0.09889363497495651,0.0,0.0,0.0,0.0,0.0,0.0,0.0,0.0,0.0,-0.09889363497495651,0.0,0.0,0.0,0.0,0.049446817487478256,0.0,0.0,0.0,0.0,0.0,0.0,0.0,-0.049446817487478256,0.049446817487478256,0.0,0.0,0.0,0.0,0.0,-0.14834044873714447,0.049446817487478256,-0.049446817487478256,-0.09889363497495651,0.0,0.0,0.0,0.0,0.049446817487478256,0.0,0.09889363497495651,-0.049446817487478256,0.049446817487478256,0.0,0.0,-0.049446817487478256,0.0,-0.049446817487478256,0.0,0.09889363497495651,0.0,0.0,0.0,0.0,0.049446817487478256,0.049446817487478256,-0.049446817487478256,0.0,-0.049446817487478256,0.0,0.0,0.0,0.049446817487478256,0.0,0.0,0.0,0.0,0.0,-0.049446817487478256,0.0,0.0,0.0,0.0,0.0,0.0,0.0,0.0,0.0,0.0,-0.049446817487478256,0.0,0.0,0.049446817487478256,0.049446817487478256,0.0,0.09889363497495651,0.0,0.0,0.0,0.0,0.0,0.0,0.0,-0.09889363497495651,-0.049446817487478256,0.0,0.0,0.0,-0.09889363497495651,0.049446817487478256,0.0,-0.049446817487478256,0.0,0.09889363497495651,0.0,0.0,0.0,0.0,0.0,0.0,0.0,-0.049446817487478256,0.0,0.0,-0.049446817487478256,0.0,0.0,0.0,0.0,-0.049446817487478256,0.0,0.0,0.0,0.0,0.0,0.0,0.0,0.0,0.0,0.0,0.09889363497495651,0.0,0.0,0.0,0.049446817487478256,0.0,0.0,0.0,0.049446817487478256,0.049446817487478256,0.0,0.0,-0.14834044873714447,-0.049446817487478256,0.0,0.0,-0.09889363497495651,-0.049446817487478256,-0.049446817487478256,0.0,-0.09889363497495651,0.0,0.049446817487478256,0.09889363497495651,0.049446817487478256,0.0,0.0,0.0,0.0,0.0,0.0,0.0,0.0,0.0,0.0,0.049446817487478256,0.0,0.0,0.09889363497495651,0.049446817487478256,-0.09889363497495651,0.0,0.049446817487478256,0.0,0.0,0.0,0.14834044873714447,0.0,0.0,0.0,0.0,0.0,0.0,0.0,0.0,0.0,-0.049446817487478256,0.0,0.0,0.0,0.0,0.0,0.0,0.0,0.0,0.0,0.049446817487478256,-0.049446817487478256,-0.09889363497495651,0.0,-0.049446817487478256,-0.049446817487478256,0.0,0.0,0.0,0.0,-0.049446817487478256,0.0,0.0,0.0,0.0,-0.049446817487478256,0.0,0.0,0.0,0.0,0.0,0.0,0.0,0.0,0.0,0.0,0.049446817487478256,0.0,0.0,0.049446817487478256,0.0,-0.049446817487478256,0.0,0.0,-0.049446817487478256,-0.049446817487478256,0.0,0.0,0.0,0.0,0.0,-0.049446817487478256,0.0,0.0,0.09889363497495651,0.0,0.0,0.0,0.0,0.0,0.0,0.0,0.0,0.0,0.0,0.0,0.0,0.0,-0.049446817487478256,0.0,0.0,0.0,0.0,0.0,0.0,0.0,-0.049446817487478256,0.0,-0.049446817487478256,0.0,0.0,-0.09889363497495651,0.0,-0.049446817487478256,0.0,0.0,0.049446817487478256,0.0,0.0,0.0,-0.09889363497495651,-0.049446817487478256,-0.049446817487478256,0.049446817487478256,0.0,-0.049446817487478256,0.0,-0.14834044873714447,0.0,0.0,0.0,0.0,0.0,0.0,0.0,0.0,0.0,0.0,-0.09889363497495651,-0.049446817487478256,-0.049446817487478256,0.0,0.0,0.0,0.0,0.0,0.0,-0.049446817487478256,0.0,0.0,0.049446817487478256,-0.049446817487478256,-0.049446817487478256,0.0,-0.049446817487478256,0.0,0.049446817487478256,0.0,0.049446817487478256,0.0,0.0,0.0,0.0,0.0,0.0,0.0,-0.09889363497495651,0.0,0.0,0.0,0.0,0.0,0.0,-0.09889363497495651,0.0,-0.049446817487478256,0.0,0.0,0.0,0.0,0.0,0.0,0.0,0.0,0.049446817487478256,0.049446817487478256,0.0,0.0,0.0,0.0,-0.049446817487478256,-0.049446817487478256,0.0,0.0,0.0,0.0,0.0,-0.049446817487478256,0.14834044873714447,0.0,-0.049446817487478256,-0.049446817487478256,-0.049446817487478256,0.0,0.0,0.0,0.0,0.0,0.0,0.0,0.0,0.0,0.0,0.0,0.049446817487478256,0.0,0.0,-0.049446817487478256,0.0,0.0,0.0,0.0,0.0,0.0,0.0,0.0,0.0,0.0,0.0,0.0,0.0,0.0,-0.049446817487478256,0.0,0.0,0.0,0.0,0.0,0.0,0.0,0.0,0.0,0.049446817487478256,0.0,0.0,-0.049446817487478256,-0.049446817487478256,0.0,0.0,0.049446817487478256,0.0,0.0,0.0,0.0,0.0,0.0,0.0,0.0,0.0,-0.049446817487478256,0.0,0.0,0.0,0.0,-0.049446817487478256,0.0,0.0,-0.049446817487478256,0.0,0.0,0.09889363497495651,0.0,0.0,0.0,0.049446817487478256,0.0,-0.049446817487478256,0.0,0.049446817487478256,0.0,0.0,0.0,-0.09889363497495651,-0.049446817487478256,-0.09889363497495651,0.0,0.0,0.0,0.0,0.0,0.0,-0.19778726994991302,0.0,-0.049446817487478256,0.0,0.0,0.0,0.0,0.0,0.09889363497495651,0.0,-0.09889363497495651,0.0,0.0,0.0,0.0,0.0,-0.049446817487478256,-0.049446817487478256,0.049446817487478256,0.049446817487478256,-0.09889363497495651,0.0,0.049446817487478256,0.0,0.0,0.0,0.0,0.0,0.0,0.0,0.0,0.0,-0.049446817487478256,0.14834044873714447,0.0,-0.049446817487478256,-0.049446817487478256,0.0,0.0,0.0,0.0,0.0,0.0,0.0,0.049446817487478256,0.049446817487478256,0.0,0.0,0.0,0.0,0.0,0.049446817487478256,0.0,0.0,0.0,0.0,0.0,0.0,0.0,0.0,0.0,0.0,0.0,0.09889363497495651,0.0,0.0,0.0,0.0,0.0,0.0,0.0,0.0,0.0,0.0,-0.049446817487478256,0.0,0.0,0.0,0.0,-0.049446817487478256,0.0,-0.049446817487478256,0.0,0.049446817487478256,-0.049446817487478256,-0.049446817487478256,0.0,0.0,0.0,-0.049446817487478256,0.0,0.0,0.0,0.0,0.0,0.049446817487478256,0.0,-0.09889363497495651,0.0,0.0,0.0,-0.09889363497495651,0.0,0.0,0.0,0.049446817487478256,0.0,-0.049446817487478256,0.0,0.0,0.0,-0.049446817487478256,0.0,0.0,0.0,-0.049446817487478256,0.0,0.0,0.049446817487478256,0.049446817487478256,0.0,0.0,0.049446817487478256,0.0,0.0,-0.049446817487478256,0.0,-0.09889363497495651,0.0,0.049446817487478256,0.0,0.0,0.0,0.0,0.0,0.0,-0.049446817487478256,0.0,0.0,0.0,0.0,0.0,0.0,0.0,0.0,0.049446817487478256,0.0,0.0,0.0,0.0,0.0,0.0,0.0,0.0,0.0,0.0,0.0,0.09889363497495651,0.0,0.0,0.0,0.0,0.049446817487478256,0.0,0.0,0.0,0.0,0.0,-0.049446817487478256,0.0,0.0,0.0,0.049446817487478256,0.0,0.0,0.0,0.0,0.0,0.0,0.0,-0.14834044873714447,0.0,0.0,0.0,0.0,0.0,0.0,0.0,-0.049446817487478256,0.0,0.0,0.0,0.0,0.0,0.0,0.14834044873714447,0.0,0.049446817487478256,0.0,0.0,0.0,0.0,0.0,0.0,0.0,0.19778726994991302,-0.049446817487478256,0.0,-0.049446817487478256,0.0,0.0,0.0,0.0,-0.09889363497495651,0.049446817487478256,-0.09889363497495651,0.0,-0.049446817487478256,0.09889363497495651,-0.049446817487478256,0.0,0.0,0.0,0.0,0.0,0.0,0.0,-0.049446817487478256,0.0,0.0,0.0,0.0,0.0,0.0,-0.049446817487478256,0.0,0.0,0.09889363497495651,0.049446817487478256,0.0,0.0,0.0,0.0,-0.049446817487478256
002064,华峰化学,黄金有色与周期资源,growth,student_B,llm_deepseek_extracted,"机构博弈筹码流动：北向资金活跃，机构席位多空交织，短线筹码趋于集中。  
业绩弹性与技术壁垒：产能回升叠加研发交付，盈利...",-0.05337604880332947,-0.05337604880332947,0.0,0.05337604880332947,-0.05337604880332947,0.0,0.0,0.0,-0.05337604880332947,0.0,0.0,0.0,0.05337604880332947,0.0,0.0,0.05337604880332947,0.0,0.0,0.0,0.0,0.0,0.0,0.0,0.0,0.05337604880332947,0.0,0.0,0.0,0.0,0.0,0.0,0.0,0.0,0.0,0.0,0.05337604880332947,0.0,0.0,0.05337604880332947,0.0,0.0,0.0,-0.05337604880332947,0.0,0.0,-0.05337604880332947,0.0,0.05337604880332947,0.0,0.0,0.0,0.10675209760665894,0.0,0.05337604880332947,0.0,0.0,0.0,0.0,0.0,0.0,0.0,0.0,0.0,0.0,-0.05337604880332947,-0.05337604880332947,0.0,0.0,-0.05337604880332947,0.0,0.0,0.0,0.0,0.0,0.0,0.0,0.0,-0.10675209760665894,0.0,0.0,0.0,0.0,0.0,0.0,0.0,0.0,0.0,-0.10675209760665894,0.0,0.0,-0.05337604880332947,0.0,0.05337604880332947,0.0,0.0,0.0,0.0,0.0,0.0,0.0,0.0,0.0,0.0,0.0,0.0,0.0,0.0,-0.1601281464099884,0.05337604880332947,0.0,-0.05337604880332947,0.0,0.0,0.0,0.0,0.0,0.0,0.05337604880332947,0.0,0.05337604880332947,0.0,0.05337604880332947,-0.10675209760665894,0.0,-0.05337604880332947,0.0,0.05337604880332947,0.0,0.0,0.0,0.0,0.05337604880332947,0.05337604880332947,-0.05337604880332947,0.0,-0.05337604880332947,0.0,0.0,0.0,-0.05337604880332947,0.0,0.0,0.0,0.0,0.0,0.0,0.05337604880332947,0.0,0.05337604880332947,0.0,0.0,0.0,0.0,0.0,0.0,0.05337604880332947,0.0,0.0,0.0,0.0,0.0,0.0,0.1601281464099884,0.0,0.0,-0.05337604880332947,0.0,0.0,0.0,0.0,-0.10675209760665894,-0.05337604880332947,0.0,0.0,0.0,-0.05337604880332947,0.05337604880332947,0.0,-0.05337604880332947,0.0,0.05337604880332947,0.0,0.0,0.0,0.0,0.0,0.0,0.0,0.0,0.0,0.0,0.0,0.0,0.0,0.0,0.0,0.0,0.0,0.0,0.05337604880332947,0.10675209760665894,0.0,0.0,0.0,-0.05337604880332947,0.0,0.0,0.10675209760665894,0.05337604880332947,0.0,0.0,0.05337604880332947,0.0,0.0,0.0,0.05337604880332947,0.10675209760665894,0.0,0.0,0.0,0.0,0.0,0.0,0.0,-0.05337604880332947,0.0,0.0,-0.05337604880332947,0.0,0.0,0.10675209760665894,0.0,0.0,0.0,0.0,0.0,-0.05337604880332947,0.0,0.0,0.0,0.0,0.0,0.05337604880332947,0.0,0.0,0.05337604880332947,-0.10675209760665894,-0.05337604880332947,0.0,0.0,0.0,0.0,0.0,0.10675209760665894,0.0,0.0,0.0,0.0,0.0,0.0,0.0,0.0,0.0,0.0,0.0,0.0,0.0,0.0,0.0,0.0,0.0,0.0,0.0,0.05337604880332947,0.0,-0.05337604880332947,0.0,0.0,-0.05337604880332947,0.0,0.05337604880332947,0.0,0.0,-0.05337604880332947,0.0,0.0,0.0,0.0,0.0,0.0,0.0,0.0,0.0,0.05337604880332947,0.0,0.0,-0.05337604880332947,0.0,0.0,0.05337604880332947,0.0,0.0,0.05337604880332947,0.0,-0.05337604880332947,0.0,0.0,-0.05337604880332947,0.0,0.0,0.0,0.0,0.0,0.0,-0.05337604880332947,0.0,0.0,0.10675209760665894,0.0,0.05337604880332947,0.0,0.0,0.0,0.0,0.0,0.0,0.05337604880332947,0.0,0.0,0.10675209760665894,0.0,0.0,0.0,0.0,0.0,0.0,0.0,0.0,0.0,0.0,0.05337604880332947,-0.05337604880332947,0.0,0.0,-0.10675209760665894,0.0,-0.05337604880332947,0.0,0.0,0.05337604880332947,0.0,0.0,0.0,-0.05337604880332947,-0.05337604880332947,-0.05337604880332947,0.05337604880332947,0.0,0.0,0.0,-0.10675209760665894,0.0,0.0,0.0,0.0,0.0,0.0,0.0,0.0,0.0,0.0,-0.10675209760665894,0.0,0.0,0.0,0.0,0.0,0.0,0.0,0.0,-0.05337604880332947,0.0,0.0,0.0,0.0,0.05337604880332947,0.0,0.0,0.0,0.05337604880332947,0.0,-0.05337604880332947,-0.05337604880332947,0.0,0.0,0.0,0.0,0.0,0.0,-0.10675209760665894,-0.05337604880332947,0.0,0.0,0.0,0.0,0.0,-0.05337604880332947,0.0,-0.05337604880332947,-0.05337604880332947,0.0,0.0,0.0,0.0,0.0,-0.05337604880332947,0.0,0.05337604880332947,0.10675209760665894,0.0,0.0,0.0,-0.05337604880332947,0.0,0.0,0.0,0.0,0.0,0.0,0.0,0.0,0.0,0.0,0.0,0.0,0.0,0.0,0.0,0.0,0.05337604880332947,0.0,0.0,0.05337604880332947,0.0,0.0,0.0,0.0,0.05337604880332947,0.0,0.0,0.0,0.0,0.0,0.0,-0.05337604880332947,0.0,0.05337604880332947,0.0,0.0,-0.05337604880332947,0.0,0.0,0.0,0.0,-0.05337604880332947,0.0,0.0,0.0,0.0,0.0,0.0,0.0,0.0,0.0,0.0,0.0,0.0,-0.05337604880332947,0.0,-0.05337604880332947,0.0,0.0,0.05337604880332947,0.0,0.0,0.0,0.0,0.0,0.0,0.0,0.0,-0.05337604880332947,0.0,0.0,0.0,0.0,0.0,-0.05337604880332947,0.0,0.0,0.0,0.0,0.0,0.05337604880332947,0.0,-0.05337604880332947,0.0,0.0,0.0,-0.05337604880332947,0.0,0.0,0.0,0.0,0.0,-0.10675209760665894,0.0,-0.10675209760665894,0.0,0.0,0.0,0.0,0.0,0.0,-0.26688024401664734,0.0,-0.05337604880332947,0.0,0.0,0.0,0.0,0.0,0.05337604880332947,0.0,-0.05337604880332947,0.0,0.0,0.0,0.0,0.05337604880332947,-0.05337604880332947,-0.05337604880332947,0.05337604880332947,0.05337604880332947,-0.05337604880332947,0.0,0.05337604880332947,0.0,0.0,0.0,0.0,0.0,0.0,-0.05337604880332947,0.0,0.0,-0.05337604880332947,0.21350419521331787,0.0,0.0,-0.05337604880332947,0.0,0.0,0.0,0.0,0.0,-0.05337604880332947,0.0,-0.05337604880332947,0.0,0.0,0.0,0.0,0.0,0.0,0.05337604880332947,0.0,0.0,0.0,0.0,-0.05337604880332947,-0.05337604880332947,0.0,0.0,0.0,0.0,0.0,0.05337604880332947,0.0,0.0,0.0,0.0,0.0,0.05337604880332947,0.0,0.0,0.0,-0.05337604880332947,-0.05337604880332947,0.0,0.0,0.0,0.0,-0.05337604880332947,0.0,-0.05337604880332947,0.0,0.05337604880332947,0.0,0.0,0.0,0.0,0.0,0.0,0.0,0.0,0.0,0.0,0.0,0.0,0.0,-0.05337604880332947,0.0,0.0,0.0,-0.10675209760665894,0.0,0.0,0.05337604880332947,0.0,0.0,-0.05337604880332947,0.0,0.0,0.0,-0.05337604880332947,-0.05337604880332947,0.0,0.0,-0.05337604880332947,0.0,0.0,0.0,0.05337604880332947,0.0,0.0,0.0,0.0,0.0,-0.05337604880332947,0.0,-0.05337604880332947,0.0,0.0,-0.05337604880332947,0.0,0.05337604880332947,0.0,0.0,0.0,-0.05337604880332947,0.05337604880332947,0.0,0.0,0.05337604880332947,0.0,0.0,-0.05337604880332947,0.0,0.05337604880332947,0.0,0.0,-0.05337604880332947,0.0,0.0,0.0,0.0,0.0,0.0,0.0,0.0,0.10675209760665894,0.0,0.0,0.0,0.0,0.05337604880332947,0.0,0.0,0.0,0.0,0.0,-0.05337604880332947,0.0,0.0,0.0,0.10675209760665894,-0.05337604880332947,0.0,0.05337604880332947,0.0,0.0,0.05337604880332947,0.0,-0.1601281464099884,0.0,0.0,0.0,0.0,0.0,0.05337604880332947,0.0,-0.05337604880332947,0.0,-0.05337604880332947,0.0,0.0,0.0,0.0,0.05337604880332947,0.0,0.0,0.0,0.0,0.0,0.0,0.0,0.0,-0.05337604880332947,0.21350419521331787,-0.05337604880332947,0.0,-0.05337604880332947,0.0,0.0,0.0,0.0,-0.10675209760665894,0.0,-0.10675209760665894,-0.05337604880332947,0.0,0.1601281464099884,-0.05337604880332947,0.0,0.0,0.0,0.0,0.0,0.0,0.0,0.0,0.0,0.0,0.0,0.05337604880332947,0.0,0.05337604880332947,0.0,0.0,0.0,0.0,0.0,0.0,0.0,0.0,0.0,0.0
600141,兴发集团,黄金有色与周期资源,growth,student_B,llm_deepseek_extracted,"1. 机构席位活跃，北向资金流入，筹码博弈偏多。  
2. 产能回升+研发交付，业绩弹性增强，技术壁垒稳固。  
3. ...",-0.06324555724859238,-0.06324555724859238,0.0,0.0,0.0,0.0,0.0,0.0,0.0,0.0,0.0,0.0,0.06324555724859238,0.06324555724859238,0.0,0.0,0.0,0.0,0.0,0.0,0.0,0.0,0.0,0.0,0.0,0.0,0.0,0.0,0.0,0.0,0.0,0.06324555724859238,0.06324555724859238,0.0,0.0,0.0,0.0,0.0,0.0,0.0,0.0,0.0,-0.06324555724859238,0.0,0.0,0.0,0.0,0.0,0.0,0.0,0.06324555724859238,0.06324555724859238,0.0,0.06324555724859238,0.06324555724859238,0.0,0.0,0.0,0.0,0.0,0.0,0.0,0.0,0.0,-0.06324555724859238,-0.06324555724859238,0.0,0.0,0.0,0.0,0.0,0.0,0.0,0.0,-0.06324555724859238,0.0,0.0,-0.06324555724859238,0.0,0.0,0.0,0.0,0.0,0.0,-0.06324555724859238,0.0,0.0,-0.06324555724859238,0.0,0.0,0.0,0.06324555724859238,0.0,0.0,0.06324555724859238,0.0,0.0,0.0,0.0,0.0,0.0,0.0,0.0,0.0,0.0,0.0,0.0,-0.06324555724859238,0.0,0.0,-0.06324555724859238,0.0,0.0,0.0,0.0,0.06324555724859238,0.0,0.06324555724859238,0.0,0.06324555724859238,0.0,0.0,0.0,0.0,-0.06324555724859238,0.0,0.06324555724859238,0.0,0.0,0.0,0.0,0.06324555724859238,0.06324555724859238,-0.06324555724859238,0.0,-0.06324555724859238,0.0,0.0,0.0,0.0,0.0,0.0,0.0,0.0,0.0,0.0,0.0,0.0,0.06324555724859238,0.0,0.0,0.0,0.0,0.0,0.0,0.06324555724859238,0.0,0.0,0.0,0.0,0.0,0.0,0.12649111449718475,-0.06324555724859238,0.0,-0.06324555724859238,0.0,0.0,0.0,0.0,-0.06324555724859238,0.0,0.0,0.0,0.0,0.0,0.06324555724859238,0.0,-0.06324555724859238,0.0,0.0,0.0,0.0,0.0,0.0,0.0,0.0,0.0,0.0,0.0,0.0,0.0,0.0,0.0,0.06324555724859238,0.0,0.0,0.0,0.0,0.0,0.12649111449718475,0.0,0.0,0.0,0.0,0.0,0.0,0.06324555724859238,0.0,0.0,0.0,-0.06324555724859238,-0.06324555724859238,0.0,0.0,0.06324555724859238,0.06324555724859238,0.0,0.0,0.0,-0.06324555724859238,0.0,0.0,0.0,0.0,0.0,0.0,-0.06324555724859238,0.0,0.06324555724859238,0.06324555724859238,0.06324555724859238,0.0,0.0,0.0,0.0,-0.12649111449718475,0.0,0.0,0.0,0.06324555724859238,0.0,0.0,0.0,-0.06324555724859238,0.12649111449718475,0.0,-0.06324555724859238,0.0,0.0,0.0,0.0,0.0,0.12649111449718475,0.0,0.0,0.0,0.0,0.0,0.0,0.0,0.0,0.0,0.0,0.0,0.0,0.0,0.0,0.0,0.0,0.0,0.0,0.0,0.0,-0.06324555724859238,-0.06324555724859238,0.0,0.0,0.0,0.0,0.0,0.0,0.0,-0.06324555724859238,0.06324555724859238,0.0,0.0,0.0,-0.06324555724859238,0.0,0.0,0.0,0.0,0.0,0.0,0.0,0.06324555724859238,0.0,0.0,0.06324555724859238,0.0,0.0,0.06324555724859238,0.0,-0.06324555724859238,0.0,0.0,-0.06324555724859238,0.0,0.0,0.0,0.0,0.0,0.0,-0.06324555724859238,0.0,0.0,0.06324555724859238,0.0,0.0,0.0,-0.06324555724859238,0.06324555724859238,0.0,0.0,0.0,0.0,0.0,0.0,0.0,0.0,0.0,0.0,0.0,0.0,0.0,0.0,0.0,0.0,0.0,0.06324555724859238,0.0,0.0,0.0,0.0,0.0,0.0,0.0,0.0,0.0,0.0,-0.06324555724859238,0.0,-0.06324555724859238,0.0,-0.06324555724859238,0.06324555724859238,0.0,0.0,0.0,-0.06324555724859238,0.0,0.0,0.0,0.0,0.0,0.0,0.0,0.0,0.0,0.0,-0.06324555724859238,0.0,0.0,0.0,0.0,0.0,0.0,0.0,0.0,-0.06324555724859238,0.0,0.0,0.0,0.0,-0.06324555724859238,0.0,0.0,0.0,0.0,0.0,0.0,0.0,0.0,0.0,0.0,0.0,0.0,0.0,-0.06324555724859238,-0.06324555724859238,0.0,0.0,0.0,0.0,0.0,-0.06324555724859238,0.0,-0.06324555724859238,0.0,0.0,0.0,0.0,0.0,0.0,0.0,0.0,0.06324555724859238,-0.06324555724859238,0.0,0.0,0.0,0.0,0.0,0.0,0.0,0.0,0.0,0.0,0.0,0.0,0.2529822289943695,0.0,0.0,0.0,0.0,0.0,0.0,0.0,0.0,0.0,0.0,0.0,0.0,0.0,0.0,0.0,0.06324555724859238,0.0,0.0,0.0,0.0,0.0,0.0,0.0,0.0,0.06324555724859238,0.0,0.0,0.0,0.0,0.0,0.0,0.0,0.0,0.0,0.0,-0.06324555724859238,0.06324555724859238,0.0,0.0,0.0,0.0,0.0,0.06324555724859238,0.12649111449718475,0.0,0.0,0.0,-0.06324555724859238,0.0,0.0,0.06324555724859238,0.0,0.0,0.0,0.0,0.06324555724859238,0.0,0.0,0.0,0.0,0.0,0.0,0.0,0.0,0.0,-0.06324555724859238,0.0,0.0,-0.06324555724859238,0.0,0.0,0.0,-0.06324555724859238,0.0,0.0,0.0,0.0,-0.06324555724859238,0.0,0.06324555724859238,0.0,0.0,0.0,-0.06324555724859238,0.0,-0.06324555724859238,0.0,0.0,0.0,0.0,0.0,0.0,-0.2529822289943695,0.0,-0.06324555724859238,0.0,0.0,0.0,0.0,0.0,0.18973666429519653,0.0,-0.06324555724859238,0.0,0.0,0.06324555724859238,0.0,0.0,-0.06324555724859238,-0.06324555724859238,0.06324555724859238,0.06324555724859238,-0.06324555724859238,0.0,0.0,0.0,0.0,0.0,0.0,0.0,0.0,-0.06324555724859238,0.0,0.0,0.0,0.18973666429519653,0.0,0.0,-0.06324555724859238,0.0,0.0,0.0,0.0,0.0,0.0,-0.06324555724859238,0.06324555724859238,0.0,0.0,0.0,0.0,0.0,0.0,0.0,0.0,0.0,0.0,0.0,0.0,0.0,0.0,0.0,0.0,0.0,0.0,0.06324555724859238,0.0,0.0,-0.06324555724859238,0.0,0.0,0.06324555724859238,0.0,0.0,0.06324555724859238,0.0,-0.12649111449718475,0.0,0.0,0.0,0.0,-0.06324555724859238,0.0,-0.06324555724859238,0.0,0.06324555724859238,0.0,0.0,0.0,0.0,0.0,0.0,0.0,0.0,0.0,0.0,0.0,0.0,0.0,-0.06324555724859238,0.0,0.0,0.0,-0.06324555724859238,0.0,0.0,0.06324555724859238,0.0,0.0,-0.06324555724859238,0.0,0.0,0.06324555724859238,0.0,-0.06324555724859238,0.0,0.0,0.06324555724859238,0.06324555724859238,0.0,-0.06324555724859238,0.0,-0.06324555724859238,0.0,0.0,0.0,0.0,0.0,0.0,0.0,0.0,0.06324555724859238,0.0,0.0,0.0,0.0,0.0,0.0,-0.06324555724859238,0.0,0.0,0.0,0.0,0.0,0.0,0.0,0.0,0.06324555724859238,0.0,0.0,-0.06324555724859238,0.0,0.0,0.0,0.0,0.0,0.0,0.0,0.0,0.12649111449718475,0.0,0.0,0.0,0.0,0.06324555724859238,0.0,0.0,0.0,0.0,0.0,0.0,0.0,0.0,0.0,0.06324555724859238,-0.06324555724859238,0.0,0.0,0.0,0.0,0.06324555724859238,0.0,-0.12649111449718475,0.0,0.0,0.0,0.0,0.0,0.06324555724859238,0.0,-0.06324555724859238,0.0,0.0,0.0,0.0,0.0,0.0,0.06324555724859238,0.0,0.0,0.0,0.0,0.0,0.0,0.0,0.0,-0.06324555724859238,0.12649111449718475,0.0,0.0,0.0,0.0,0.0,0.06324555724859238,0.0,-0.06324555724859238,0.0,-0.06324555724859238,0.0,0.0,0.2529822289943695,-0.06324555724859238,0.0,0.0,0.0,0.0,0.0,0.0,0.0,-0.06324555724859238,0.0,0.0,0.0,0.0,0.0,0.06324555724859238,0.0,0.0,-0.06324555724859238,0.0,0.06324555724859238,0.0,0.0,0.0,0.0,0.0
600096,云天化,黄金有色与周期资源,growth,student_B,llm_deepseek_extracted,"1. 机构席位活跃，北向资金流入，筹码博弈偏多。  
2. 产能回升+研发交付，业绩弹性增强，技术壁垒稳固。  
3. ...",-0.06741999089717865,-0.06741999089717865,0.0,0.0,0.0,0.0,0.0,0.0,0.0,0.0,0.0,0.0,0.06741999089717865,0.06741999089717865,0.0,0.0,-0.06741999089717865,0.0,0.0,0.0,-0.06741999089717865,0.0,0.0,0.0,0.0,0.0,0.0,0.0,0.0,0.0,0.0,0.06741999089717865,0.06741999089717865,0.0,0.0,0.0,0.0,0.0,0.0,0.0,0.0,0.0,-0.06741999089717865,0.0,0.0,0.0,0.0,0.0,0.0,0.0,0.06741999089717865,0.06741999089717865,0.0,0.06741999089717865,0.06741999089717865,0.0,0.0,0.0,0.0,0.0,0.0,0.0,0.0,0.0,-0.06741999089717865,-0.06741999089717865,0.0,0.0,0.0,0.0,0.0,0.0,0.0,0.0,-0.06741999089717865,0.0,0.0,-0.06741999089717865,0.0,0.0,0.0,0.0,0.0,0.0,-0.06741999089717865,0.0,0.0,-0.06741999089717865,0.0,0.0,0.0,0.06741999089717865,0.0,0.0,0.0,0.0,0.0,0.0,0.0,0.0,0.0,0.0,0.0,0.0,0.0,0.0,0.0,-0.06741999089717865,0.0,0.0,-0.06741999089717865,0.0,0.0,0.0,0.0,0.06741999089717865,0.0,0.06741999089717865,0.0,0.0,0.0,0.0,0.0,0.0,-0.06741999089717865,0.0,0.06741999089717865,0.0,0.0,0.0,0.0,0.06741999089717865,0.06741999089717865,0.0,0.0,-0.06741999089717865,0.0,0.0,0.0,0.0,0.0,0.0,0.0,0.0,0.0,0.0,0.0,0.0,0.06741999089717865,0.0,0.0,0.0,0.0,0.0,0.0,0.06741999089717865,0.0,0.0,0.0,0.0,0.0,0.0,0.1348399817943573,-0.06741999089717865,0.0,-0.06741999089717865,0.0,0.0,0.0,0.0,-0.06741999089717865,0.0,0.0,0.0,0.0,0.0,0.06741999089717865,0.0,-0.06741999089717865,0.0,0.0,0.0,0.0,0.0,0.0,0.0,0.0,0.0,0.0,0.0,0.0,0.0,0.0,0.0,0.06741999089717865,0.0,0.0,0.0,0.0,0.0,0.1348399817943573,0.0,0.0,0.0,0.0,0.0,0.0,0.06741999089717865,0.0,0.0,0.0,0.0,-0.06741999089717865,0.0,0.0,0.06741999089717865,0.06741999089717865,0.0,0.0,0.0,-0.06741999089717865,0.0,0.0,0.0,0.0,0.0,0.0,-0.06741999089717865,0.0,0.06741999089717865,0.06741999089717865,0.06741999089717865,0.0,0.0,0.0,0.0,-0.06741999089717865,0.0,0.0,0.0,0.06741999089717865,0.0,0.0,0.0,-0.06741999089717865,0.1348399817943573,0.0,-0.06741999089717865,0.0,0.0,0.0,0.0,0.0,0.1348399817943573,0.0,0.0,0.0,0.0,0.0,0.0,0.0,0.0,0.0,0.0,0.0,0.0,0.0,0.0,0.0,0.0,0.0,0.0,0.0,0.0,-0.06741999089717865,-0.06741999089717865,0.0,0.0,0.0,0.0,0.0,0.0,0.0,-0.06741999089717865,0.06741999089717865,0.0,0.0,0.0,-0.06741999089717865,0.0,0.0,0.0,0.0,0.0,0.0,0.0,0.06741999089717865,0.0,0.0,0.06741999089717865,0.0,0.0,0.06741999089717865,0.0,-0.06741999089717865,0.0,0.0,-0.06741999089717865,0.0,0.0,0.0,0.0,0.0,0.0,-0.06741999089717865,0.0,0.0,0.06741999089717865,0.0,0.0,0.0,-0.06741999089717865,0.06741999089717865,0.0,0.0,0.0,0.0,0.0,0.0,0.0,0.0,0.0,0.0,0.0,0.0,0.0,0.0,0.0,0.0,0.0,0.06741999089717865,0.0,0.0,0.0,0.0,0.0,0.0,0.0,0.0,0.0,0.0,-0.06741999089717865,0.0,0.0,0.0,-0.06741999089717865,0.06741999089717865,0.0,0.0,0.0,-0.06741999089717865,0.0,0.0,0.0,0.0,0.0,0.0,0.0,0.0,0.0,0.0,-0.06741999089717865,0.0,0.0,0.0,0.0,0.0,0.0,0.0,0.0,-0.06741999089717865,0.0,0.0,0.0,0.0,-0.06741999089717865,0.0,0.0,0.0,0.0,0.0,0.0,0.0,0.0,0.0,0.0,0.0,0.0,0.0,-0.06741999089717865,-0.06741999089717865,0.0,0.0,0.0,0.0,0.0,-0.06741999089717865,0.0,-0.06741999089717865,0.0,0.0,0.0,0.0,0.0,0.0,0.0,0.0,0.06741999089717865,-0.06741999089717865,0.0,0.0,0.0,0.0,0.0,0.0,0.0,0.0,0.0,0.0,0.0,0.0,0.2696799635887146,0.0,0.0,0.0,0.0,0.0,0.0,0.0,0.0,0.0,0.0,0.0,0.0,0.0,0.0,0.0,0.06741999089717865,0.0,0.0,0.0,0.0,0.0,0.0,0.0,0.0,0.06741999089717865,0.0,0.0,0.0,0.0,0.0,0.0,0.0,0.0,0.0,0.0,-0.06741999089717865,0.06741999089717865,0.0,0.0,0.0,0.0,0.0,0.06741999089717865,0.1348399817943573,0.0,0.0,0.0,-0.06741999089717865,0.0,0.0,0.06741999089717865,0.0,0.0,0.0,0.0,0.06741999089717865,0.0,0.0,0.0,0.0,0.0,0.0,0.0,0.0,0.0,-0.06741999089717865,0.0,0.0,-0.06741999089717865,0.0,0.0,0.0,-0.06741999089717865,0.0,0.0,0.0,0.0,-0.06741999089717865,0.0,0.06741999089717865,0.0,0.0,0.0,-0.06741999089717865,0.0,0.0,0.0,0.0,0.0,0.0,0.0,0.0,-0.2696799635887146,0.0,-0.06741999089717865,0.0,0.0,0.0,0.0,0.0,0.1348399817943573,0.0,-0.06741999089717865,0.0,0.0,0.06741999089717865,0.0,0.0,-0.06741999089717865,-0.06741999089717865,0.0,0.06741999089717865,-0.06741999089717865,0.0,0.0,0.0,0.0,0.0,0.0,0.0,0.0,-0.06741999089717865,0.0,0.0,0.0,0.20225995779037476,0.0,0.0,-0.06741999089717865,0.0,0.0,0.0,0.0,0.0,0.0,-0.06741999089717865,0.06741999089717865,0.0,0.0,0.0,0.0,0.0,0.0,0.0,0.0,0.0,0.0,0.0,0.0,0.0,0.0,0.0,0.0,0.0,0.0,0.06741999089717865,0.0,0.0,-0.06741999089717865,0.0,0.0,0.06741999089717865,0.0,0.0,0.0,0.0,-0.06741999089717865,0.0,0.0,0.0,0.0,-0.06741999089717865,0.0,-0.06741999089717865,0.0,0.06741999089717865,0.0,0.0,0.0,0.0,0.0,0.0,0.0,0.0,0.0,0.0,0.0,0.0,0.0,-0.06741999089717865,0.0,0.0,0.0,-0.06741999089717865,0.0,0.0,0.0,0.0,0.0,-0.06741999089717865,0.0,0.0,0.06741999089717865,0.0,-0.06741999089717865,0.0,0.0,0.06741999089717865,0.06741999089717865,0.0,-0.06741999089717865,0.0,-0.06741999089717865,0.0,0.0,0.0,0.0,0.0,0.0,0.0,0.0,0.06741999089717865,0.0,0.0,0.0,0.0,0.0,0.0,-0.06741999089717865,0.0,0.0,0.0,0.0,0.0,0.0,0.0,0.0,0.06741999089717865,0.0,0.0,-0.06741999089717865,0.0,0.0,0.0,0.0,0.0,0.0,0.0,0.0,0.1348399817943573,0.0,0.0,0.0,0.0,0.06741999089717865,0.0,0.0,0.0,0.0,0.0,0.0,0.0,0.0,0.0,0.06741999089717865,-0.06741999089717865,0.0,0.0,0.0,0.0,0.06741999089717865,0.0,-0.1348399817943573,0.0,0.0,0.0,0.0,0.0,0.06741999089717865,0.0,-0.06741999089717865,0.0,0.0,0.0,0.0,0.0,0.0,0.06741999089717865,0.0,0.0,0.0,0.0,0.0,0.0,0.0,0.0,-0.06741999089717865,0.1348399817943573,0.0,0.0,0.0,0.0,0.0,0.06741999089717865,0.0,-0.06741999089717865,0.0,-0.06741999089717865,0.0,0.0,0.1348399817943573,-0.06741999089717865,0.0,0.0,0.0,0.0,0.0,0.0,0.0,-0.06741999089717865,0.0,0.0,0.0,0.0,0.0,0.06741999089717865,0.0,0.0,-0.06741999089717865,0.0,0.06741999089717865,0.0,0.0,0.0,0.0,0.0
000553,安道麦A,黄金有色与周期资源,bluechip,student_B,llm_deepseek_extracted,"1. 机构席位活跃，北向资金流入，筹码博弈偏多。  
2. 产能回升+研发交付，业绩弹性增强，技术壁垒稳固。  
3. ...",-0.06324555724859238,-0.06324555724859238,0.0,0.0,0.0,0.0,0.0,0.0,0.0,0.0,0.0,0.0,0.06324555724859238,0.06324555724859238,0.0,0.0,0.0,0.0,0.0,0.0,0.0,0.0,0.0,0.0,0.0,0.0,0.0,0.0,0.0,0.0,0.0,0.06324555724859238,0.06324555724859238,0.0,0.0,0.0,0.0,0.0,0.0,0.0,0.0,0.0,-0.06324555724859238,0.0,0.0,0.0,0.0,0.0,0.0,0.0,0.06324555724859238,0.06324555724859238,0.0,0.06324555724859238,0.06324555724859238,0.0,0.0,0.0,0.0,0.0,0.0,0.0,0.0,0.0,-0.06324555724859238,-0.06324555724859238,0.0,0.0,0.0,0.0,0.0,0.0,0.0,0.0,-0.06324555724859238,0.0,0.0,-0.06324555724859238,0.0,0.0,0.0,0.0,0.0,0.0,-0.06324555724859238,0.0,0.0,-0.06324555724859238,0.0,0.0,0.0,0.06324555724859238,0.0,0.0,0.06324555724859238,0.0,0.0,0.0,0.0,0.0,0.0,0.0,0.0,0.0,0.0,0.0,0.0,-0.06324555724859238,0.0,0.0,-0.06324555724859238,0.0,0.0,0.0,0.0,0.06324555724859238,0.0,0.06324555724859238,0.0,0.06324555724859238,0.0,0.0,0.0,0.0,-0.06324555724859238,0.0,0.06324555724859238,0.0,0.0,0.0,0.0,0.06324555724859238,0.06324555724859238,-0.06324555724859238,0.0,-0.06324555724859238,0.0,0.0,0.0,0.0,0.0,0.0,0.0,0.0,0.0,0.0,0.0,0.0,0.06324555724859238,0.0,0.0,0.0,0.0,0.0,0.0,0.06324555724859238,0.0,0.0,0.0,0.0,0.0,0.0,0.12649111449718475,-0.06324555724859238,0.0,-0.06324555724859238,0.0,0.0,0.0,0.0,-0.06324555724859238,0.0,0.0,0.0,0.0,0.0,0.06324555724859238,0.0,-0.06324555724859238,0.0,0.0,0.0,0.0,0.0,0.0,0.0,0.0,0.0,0.0,0.0,0.0,0.0,0.0,0.0,0.06324555724859238,0.0,0.0,0.0,0.0,0.0,0.12649111449718475,0.0,0.0,0.0,0.0,0.0,0.0,0.06324555724859238,0.0,0.0,0.0,-0.06324555724859238,-0.06324555724859238,0.0,0.0,0.06324555724859238,0.06324555724859238,0.0,0.0,0.0,-0.06324555724859238,0.0,0.0,0.0,0.0,0.0,0.0,-0.06324555724859238,0.0,0.06324555724859238,0.06324555724859238,0.06324555724859238,0.0,0.0,0.0,0.0,-0.12649111449718475,0.0,0.0,0.0,0.06324555724859238,0.0,0.0,0.0,-0.06324555724859238,0.12649111449718475,0.0,-0.06324555724859238,0.0,0.0,0.0,0.0,0.0,0.12649111449718475,0.0,0.0,0.0,0.0,0.0,0.0,0.0,0.0,0.0,0.0,0.0,0.0,0.0,0.0,0.0,0.0,0.0,0.0,0.0,0.0,-0.06324555724859238,-0.06324555724859238,0.0,0.0,0.0,0.0,0.0,0.0,0.0,-0.06324555724859238,0.06324555724859238,0.0,0.0,0.0,-0.06324555724859238,0.0,0.0,0.0,0.0,0.0,0.0,0.0,0.06324555724859238,0.0,0.0,0.06324555724859238,0.0,0.0,0.06324555724859238,0.0,-0.06324555724859238,0.0,0.0,-0.06324555724859238,0.0,0.0,0.0,0.0,0.0,0.0,-0.06324555724859238,0.0,0.0,0.06324555724859238,0.0,0.0,0.0,-0.06324555724859238,0.06324555724859238,0.0,0.0,0.0,0.0,0.0,0.0,0.0,0.0,0.0,0.0,0.0,0.0,0.0,0.0,0.0,0.0,0.0,0.06324555724859238,0.0,0.0,0.0,0.0,0.0,0.0,0.0,0.0,0.0,0.0,-0.06324555724859238,0.0,-0.06324555724859238,0.0,-0.06324555724859238,0.06324555724859238,0.0,0.0,0.0,-0.06324555724859238,0.0,0.0,0.0,0.0,0.0,0.0,0.0,0.0,0.0,0.0,-0.06324555724859238,0.0,0.0,0.0,0.0,0.0,0.0,0.0,0.0,-0.06324555724859238,0.0,0.0,0.0,0.0,-0.06324555724859238,0.0,0.0,0.0,0.0,0.0,0.0,0.0,0.0,0.0,0.0,0.0,0.0,0.0,-0.06324555724859238,-0.06324555724859238,0.0,0.0,0.0,0.0,0.0,-0.06324555724859238,0.0,-0.06324555724859238,0.0,0.0,0.0,0.0,0.0,0.0,0.0,0.0,0.06324555724859238,-0.06324555724859238,0.0,0.0,0.0,0.0,0.0,0.0,0.0,0.0,0.0,0.0,0.0,0.0,0.2529822289943695,0.0,0.0,0.0,0.0,0.0,0.0,0.0,0.0,0.0,0.0,0.0,0.0,0.0,0.0,0.0,0.06324555724859238,0.0,0.0,0.0,0.0,0.0,0.0,0.0,0.0,0.06324555724859238,0.0,0.0,0.0,0.0,0.0,0.0,0.0,0.0,0.0,0.0,-0.06324555724859238,0.06324555724859238,0.0,0.0,0.0,0.0,0.0,0.06324555724859238,0.12649111449718475,0.0,0.0,0.0,-0.06324555724859238,0.0,0.0,0.06324555724859238,0.0,0.0,0.0,0.0,0.06324555724859238,0.0,0.0,0.0,0.0,0.0,0.0,0.0,0.0,0.0,-0.06324555724859238,0.0,0.0,-0.06324555724859238,0.0,0.0,0.0,-0.06324555724859238,0.0,0.0,0.0,0.0,-0.06324555724859238,0.0,0.06324555724859238,0.0,0.0,0.0,-0.06324555724859238,0.0,-0.06324555724859238,0.0,0.0,0.0,0.0,0.0,0.0,-0.2529822289943695,0.0,-0.06324555724859238,0.0,0.0,0.0,0.0,0.0,0.18973666429519653,0.0,-0.06324555724859238,0.0,0.0,0.06324555724859238,0.0,0.0,-0.06324555724859238,-0.06324555724859238,0.06324555724859238,0.06324555724859238,-0.06324555724859238,0.0,0.0,0.0,0.0,0.0,0.0,0.0,0.0,-0.06324555724859238,0.0,0.0,0.0,0.18973666429519653,0.0,0.0,-0.06324555724859238,0.0,0.0,0.0,0.0,0.0,0.0,-0.06324555724859238,0.06324555724859238,0.0,0.0,0.0,0.0,0.0,0.0,0.0,0.0,0.0,0.0,0.0,0.0,0.0,0.0,0.0,0.0,0.0,0.0,0.06324555724859238,0.0,0.0,-0.06324555724859238,0.0,0.0,0.06324555724859238,0.0,0.0,0.06324555724859238,0.0,-0.12649111449718475,0.0,0.0,0.0,0.0,-0.06324555724859238,0.0,-0.06324555724859238,0.0,0.06324555724859238,0.0,0.0,0.0,0.0,0.0,0.0,0.0,0.0,0.0,0.0,0.0,0.0,0.0,-0.06324555724859238,0.0,0.0,0.0,-0.06324555724859238,0.0,0.0,0.06324555724859238,0.0,0.0,-0.06324555724859238,0.0,0.0,0.06324555724859238,0.0,-0.06324555724859238,0.0,0.0,0.06324555724859238,0.06324555724859238,0.0,-0.06324555724859238,0.0,-0.06324555724859238,0.0,0.0,0.0,0.0,0.0,0.0,0.0,0.0,0.06324555724859238,0.0,0.0,0.0,0.0,0.0,0.0,-0.06324555724859238,0.0,0.0,0.0,0.0,0.0,0.0,0.0,0.0,0.06324555724859238,0.0,0.0,-0.06324555724859238,0.0,0.0,0.0,0.0,0.0,0.0,0.0,0.0,0.12649111449718475,0.0,0.0,0.0,0.0,0.06324555724859238,0.0,0.0,0.0,0.0,0.0,0.0,0.0,0.0,0.0,0.06324555724859238,-0.06324555724859238,0.0,0.0,0.0,0.0,0.06324555724859238,0.0,-0.12649111449718475,0.0,0.0,0.0,0.0,0.0,0.06324555724859238,0.0,-0.06324555724859238,0.0,0.0,0.0,0.0,0.0,0.0,0.06324555724859238,0.0,0.0,0.0,0.0,0.0,0.0,0.0,0.0,-0.06324555724859238,0.12649111449718475,0.0,0.0,0.0,0.0,0.0,0.06324555724859238,0.0,-0.06324555724859238,0.0,-0.06324555724859238,0.0,0.0,0.2529822289943695,-0.06324555724859238,0.0,0.0,0.0,0.0,0.0,0.0,0.0,-0.06324555724859238,0.0,0.0,0.0,0.0,0.0,0.06324555724859238,0.0,0.0,-0.06324555724859238,0.0,0.06324555724859238,0.0,0.0,0.0,0.0,0.0
601225,陕西煤业,黄金有色与周期资源,bluechip,student_B,llm_deepseek_extracted,"1. 机构博弈筹码流动：北向资金活跃，机构席位增持，筹码集中度提升。  
2. 业绩弹性与技术壁垒：产能回升，研发交付推...",-0.05096472054719925,0.0,0.0,0.0,0.0,0.0,0.0,0.0,0.0,0.0,0.05096472054719925,0.0,0.05096472054719925,0.05096472054719925,0.0,0.0,0.0,0.0,0.0,0.0,0.0,0.0,0.0,0.0,0.0,0.0,0.0,0.0,0.0,0.0,0.0,0.0,0.0,0.0,0.0,0.0,0.05096472054719925,0.0,0.05096472054719925,0.0,0.0,0.0,-0.05096472054719925,0.0,0.0,0.0,0.0,-0.05096472054719925,0.05096472054719925,0.0,0.05096472054719925,0.1019294410943985,0.0,0.05096472054719925,0.0,0.0,0.0,0.0,0.05096472054719925,0.0,0.0,0.0,0.0,0.0,-0.15289416909217834,-0.05096472054719925,0.0,0.0,0.0,0.0,0.0,0.0,0.0,0.0,0.0,0.0,0.0,-0.05096472054719925,0.0,0.0,0.0,0.0,0.0,0.0,0.0,0.0,0.0,-0.1019294410943985,0.0,0.0,0.0,0.0,0.05096472054719925,0.0,0.0,0.0,0.0,0.05096472054719925,0.0,0.0,0.0,0.0,0.0,0.0,0.0,0.0,0.0,-0.1019294410943985,0.05096472054719925,0.0,-0.1019294410943985,0.0,0.0,0.0,0.0,0.05096472054719925,0.0,0.05096472054719925,0.0,0.05096472054719925,0.0,0.0,-0.05096472054719925,0.0,-0.1019294410943985,0.0,0.15289416909217834,0.0,0.0,0.0,0.0,0.05096472054719925,0.05096472054719925,-0.05096472054719925,0.0,-0.05096472054719925,0.0,0.0,0.0,0.0,0.0,0.0,0.0,0.0,0.0,-0.05096472054719925,0.05096472054719925,0.0,0.0,0.0,0.0,0.0,0.0,0.0,0.0,0.0,0.0,0.0,0.0,0.0,0.0,0.0,0.1019294410943985,0.0,0.0,0.0,0.0,0.0,0.0,0.0,-0.1019294410943985,-0.05096472054719925,0.0,0.0,0.0,-0.05096472054719925,0.05096472054719925,0.0,-0.05096472054719925,0.0,0.05096472054719925,0.0,0.0,0.0,0.0,0.0,0.0,0.0,-0.1019294410943985,0.0,0.0,-0.05096472054719925,0.0,-0.05096472054719925,0.0,0.0,0.0,0.0,0.0,0.0,0.0,0.0,0.0,0.0,0.0,0.0,0.0,0.1019294410943985,0.0,0.0,0.0,0.0,0.0,-0.05096472054719925,0.0,0.05096472054719925,0.05096472054719925,0.0,0.0,-0.1019294410943985,-0.05096472054719925,0.0,0.0,-0.1019294410943985,-0.05096472054719925,0.0,0.0,-0.1019294410943985,0.0,0.05096472054719925,0.1019294410943985,0.05096472054719925,0.0,0.0,0.0,0.0,0.0,0.0,0.0,0.0,0.0,0.0,0.05096472054719925,0.0,0.0,0.1019294410943985,0.0,-0.05096472054719925,0.0,0.0,0.0,0.0,0.0,0.15289416909217834,0.0,0.0,0.0,0.0,-0.05096472054719925,0.0,0.0,0.0,0.0,-0.05096472054719925,0.0,0.0,0.0,0.0,-0.05096472054719925,0.0,0.0,0.0,0.0,0.0,-0.05096472054719925,-0.1019294410943985,0.0,-0.05096472054719925,-0.05096472054719925,0.0,0.0,0.0,0.0,-0.1019294410943985,0.0,0.0,0.0,0.0,-0.05096472054719925,0.0,0.0,0.0,0.0,0.0,0.0,0.0,-0.05096472054719925,0.0,0.0,0.05096472054719925,0.0,0.0,0.05096472054719925,0.0,-0.05096472054719925,0.0,0.0,-0.05096472054719925,0.0,0.0,0.0,0.0,0.0,0.0,-0.05096472054719925,0.0,0.0,0.1019294410943985,0.0,0.0,0.0,-0.05096472054719925,0.0,0.0,0.0,0.0,0.0,0.0,0.0,0.0,0.0,0.0,0.0,0.0,0.0,0.0,0.0,0.0,0.0,0.0,0.0,-0.05096472054719925,0.0,-0.05096472054719925,-0.05096472054719925,0.0,-0.05096472054719925,0.0,0.0,0.0,0.0,0.0,0.0,-0.05096472054719925,-0.05096472054719925,-0.05096472054719925,0.05096472054719925,0.0,-0.05096472054719925,0.0,-0.15289416909217834,0.05096472054719925,0.0,0.0,0.0,0.0,0.0,0.0,0.0,0.0,0.0,-0.1019294410943985,-0.05096472054719925,-0.05096472054719925,0.0,0.0,0.0,0.0,0.0,0.0,-0.05096472054719925,0.0,0.0,0.0,-0.05096472054719925,-0.05096472054719925,0.0,0.05096472054719925,0.0,0.05096472054719925,0.0,0.05096472054719925,0.0,0.0,0.0,0.0,0.0,0.0,0.0,-0.15289416909217834,0.0,0.0,0.0,0.0,0.0,0.0,-0.05096472054719925,0.0,-0.05096472054719925,0.0,0.0,0.0,0.0,0.0,0.0,0.0,0.0,0.0,0.05096472054719925,0.0,0.0,0.0,0.0,0.0,-0.05096472054719925,0.0,0.0,0.05096472054719925,-0.05096472054719925,0.0,0.0,0.15289416909217834,0.0,0.0,0.0,0.0,0.0,0.0,-0.05096472054719925,0.0,0.0,0.0,0.1019294410943985,0.0,0.0,0.0,0.0,0.05096472054719925,0.0,0.0,-0.05096472054719925,0.0,0.0,0.0,0.0,0.0,0.0,0.0,0.0,0.0,0.0,0.0,0.0,0.0,0.0,0.0,0.0,-0.05096472054719925,0.0,0.0,-0.05096472054719925,0.0,0.0,0.0,0.05096472054719925,0.05096472054719925,0.0,0.0,0.0,-0.05096472054719925,0.0,0.0,0.0,0.0,0.0,0.0,0.0,0.0,0.05096472054719925,0.0,0.0,0.0,0.05096472054719925,0.0,-0.05096472054719925,0.0,0.0,-0.05096472054719925,0.0,0.0,-0.05096472054719925,0.0,0.0,0.1019294410943985,0.0,0.0,0.0,0.1019294410943985,0.0,-0.05096472054719925,0.0,0.05096472054719925,0.0,0.0,0.0,-0.1019294410943985,0.0,-0.1019294410943985,0.0,-0.05096472054719925,0.0,0.0,0.0,0.0,-0.3057883381843567,0.0,-0.05096472054719925,0.05096472054719925,0.0,0.0,0.0,0.0,0.1019294410943985,0.0,-0.1019294410943985,0.0,0.0,0.0,0.0,0.0,-0.05096472054719925,-0.05096472054719925,0.0,0.05096472054719925,-0.1019294410943985,0.0,0.05096472054719925,0.0,0.0,0.0,0.0,0.0,0.0,0.0,0.0,0.0,-0.05096472054719925,0.15289416909217834,0.0,-0.05096472054719925,-0.05096472054719925,0.0,0.0,0.0,0.0,0.05096472054719925,-0.05096472054719925,0.0,0.0,0.0,0.0,0.0,0.0,0.0,0.0,0.05096472054719925,0.0,0.05096472054719925,0.0,0.0,0.0,0.0,0.0,0.0,0.0,0.0,0.0,0.0,0.0,0.0,0.0,0.0,0.0,0.0,0.0,0.0,0.0,0.0,-0.05096472054719925,0.0,0.05096472054719925,0.0,0.0,-0.05096472054719925,0.0,0.0,0.0,0.05096472054719925,0.0,0.05096472054719925,0.0,0.0,0.0,0.0,0.0,0.0,0.0,0.0,0.0,0.05096472054719925,0.0,-0.15289416909217834,-0.05096472054719925,0.0,0.0,0.0,0.0,0.0,0.05096472054719925,0.0,0.0,-0.05096472054719925,0.0,0.05096472054719925,0.0,-0.05096472054719925,0.0,0.0,0.0,-0.05096472054719925,0.0,0.0,0.0,0.05096472054719925,0.0,0.0,0.05096472054719925,0.0,0.0,-0.05096472054719925,-0.05096472054719925,-0.05096472054719925,0.0,0.05096472054719925,0.0,0.0,0.0,-0.05096472054719925,0.0,0.0,0.0,0.0,0.0,0.0,0.0,0.0,0.0,0.0,0.0,0.05096472054719925,0.0,0.0,0.0,0.0,0.0,0.0,0.0,0.0,0.0,0.0,0.0,0.1019294410943985,0.0,0.0,0.0,0.0,0.05096472054719925,0.0,0.0,0.0,0.0,0.0,-0.05096472054719925,0.0,0.0,0.0,0.1019294410943985,0.0,0.0,0.0,0.0,0.0,0.0,0.0,-0.1019294410943985,0.05096472054719925,0.0,0.0,0.0,0.05096472054719925,0.0,0.0,-0.05096472054719925,0.0,0.0,0.0,0.0,0.0,0.0,0.05096472054719925,0.0,0.05096472054719925,-0.05096472054719925,0.0,0.0,0.0,0.0,0.0,0.0,0.15289416909217834,-0.05096472054719925,0.0,-0.05096472054719925,0.0,0.0,0.0,0.0,-0.05096472054719925,0.0,-0.05096472054719925,-0.05096472054719925,0.0,0.1019294410943985,-0.05096472054719925,0.0,0.0,0.0,0.0,0.0,0.0,0.0,-0.05096472054719925,0.0,0.0,0.0,0.0,0.0,0.0,-0.05096472054719925,0.0,0.0,0.05096472054719925,0.05096472054719925,0.0,0.0,0.0,0.0,0.0
601088,中国神华,黄金有色与周期资源,defensive,student_B,llm_deepseek_extracted,"1. 机构博弈筹码流动：北向资金活跃，机构席位维持增持，筹码呈净流入态势。  
2. 业绩弹性与技术壁垒：产能景气回升，...",-0.04938647896051407,0.0,0.04938647896051407,0.0,0.0,0.0,0.0,0.0,0.0,0.0,0.04938647896051407,0.0,0.04938647896051407,0.04938647896051407,0.0,0.0,-0.04938647896051407,0.0,0.0,-0.04938647896051407,0.0,0.0,0.0,0.0,0.0,0.0,0.0,0.0,0.0,0.04938647896051407,0.0,0.04938647896051407,0.0,0.0,0.0,0.04938647896051407,0.0,0.0,0.04938647896051407,-0.04938647896051407,0.0,0.0,-0.04938647896051407,0.0,0.0,0.0,-0.04938647896051407,0.0,0.04938647896051407,0.0,0.04938647896051407,0.09877295792102814,0.04938647896051407,0.04938647896051407,0.0,0.0,0.0,0.0,0.0,0.0,0.0,0.0,0.0,0.0,-0.04938647896051407,-0.09877295792102814,0.0,0.0,0.0,0.0,0.0,0.0,0.0,0.0,0.0,0.0,0.0,-0.04938647896051407,-0.04938647896051407,0.0,0.0,0.0,0.0,0.0,0.0,-0.04938647896051407,0.0,-0.09877295792102814,0.0,0.0,0.0,0.0,0.04938647896051407,-0.04938647896051407,0.0,0.0,0.0,0.0,0.0,0.0,0.0,0.0,0.0,0.04938647896051407,0.0,0.0,0.0,-0.09877295792102814,0.04938647896051407,0.0,-0.09877295792102814,0.0,0.04938647896051407,-0.04938647896051407,0.0,0.04938647896051407,0.0,0.04938647896051407,0.0,0.04938647896051407,0.04938647896051407,0.0,-0.09877295792102814,0.0,-0.04938647896051407,0.0,0.09877295792102814,0.0,0.0,0.0,0.0,0.04938647896051407,0.04938647896051407,-0.04938647896051407,0.0,-0.04938647896051407,0.0,0.0,0.0,0.0,0.0,0.0,0.0,0.0,0.0,-0.04938647896051407,0.0,0.0,0.0,0.0,0.0,0.0,0.0,0.0,0.0,0.0,0.0,0.0,0.0,0.0,0.0,0.0,0.09877295792102814,0.04938647896051407,0.0,0.0,0.0,0.0,0.0,0.0,-0.09877295792102814,0.0,0.0,0.0,0.0,-0.04938647896051407,0.04938647896051407,0.0,-0.04938647896051407,0.0,0.04938647896051407,0.0,0.0,0.0,0.0,0.0,0.0,0.0,0.0,0.0,0.0,-0.04938647896051407,0.0,-0.04938647896051407,0.0,0.04938647896051407,0.0,0.0,0.0,0.0,0.04938647896051407,0.0,0.0,0.0,0.0,0.0,0.0,0.09877295792102814,0.0,0.0,0.04938647896051407,0.04938647896051407,0.0,0.0,0.0,0.04938647896051407,0.04938647896051407,0.0,0.0,-0.09877295792102814,-0.04938647896051407,0.0,0.0,0.0,-0.04938647896051407,0.0,0.0,-0.09877295792102814,0.0,0.04938647896051407,0.09877295792102814,0.04938647896051407,0.0,0.0,0.0,0.0,-0.04938647896051407,0.0,0.0,0.0,0.0,0.0,0.04938647896051407,0.0,0.0,0.09877295792102814,0.0,-0.04938647896051407,0.04938647896051407,0.04938647896051407,0.0,0.0,0.0,0.04938647896051407,0.0,0.0,0.0,0.0,0.0,0.0,0.0,0.0,0.0,-0.04938647896051407,0.0,0.0,0.0,0.0,-0.04938647896051407,0.0,0.0,0.0,0.0,0.04938647896051407,-0.04938647896051407,-0.09877295792102814,0.0,0.0,-0.04938647896051407,0.0,0.0,0.0,0.0,-0.04938647896051407,0.0,0.0,0.0,0.0,-0.04938647896051407,0.0,0.0,0.0,0.0,0.0,0.0,0.0,0.04938647896051407,0.0,0.0,0.04938647896051407,0.0,0.0,0.04938647896051407,0.0,0.0,0.0,0.0,-0.04938647896051407,0.0,0.0,0.04938647896051407,0.0,0.0,0.0,-0.04938647896051407,0.0,0.0,0.1481594443321228,0.0,0.04938647896051407,0.0,-0.04938647896051407,0.0,0.0,0.0,-0.04938647896051407,-0.04938647896051407,0.0,0.0,0.0,0.0,0.0,0.0,0.0,0.0,0.0,0.04938647896051407,0.0,0.0,-0.04938647896051407,0.0,-0.04938647896051407,0.0,0.0,-0.04938647896051407,0.0,-0.04938647896051407,0.0,0.0,0.04938647896051407,-0.04938647896051407,0.0,0.0,-0.04938647896051407,-0.09877295792102814,-0.04938647896051407,0.04938647896051407,0.0,-0.04938647896051407,0.0,-0.1481594443321228,0.0,0.0,0.0,0.0,0.0,0.0,0.0,-0.04938647896051407,0.0,0.0,-0.09877295792102814,0.0,-0.04938647896051407,0.0,0.0,0.0,0.0,0.0,0.0,-0.09877295792102814,0.0,0.0,0.04938647896051407,-0.09877295792102814,-0.04938647896051407,0.0,0.0,0.0,0.04938647896051407,0.0,0.04938647896051407,0.0,0.0,0.0,0.0,0.0,0.0,0.0,-0.09877295792102814,0.0,0.0,0.0,0.0,0.0,0.0,-0.04938647896051407,0.0,-0.04938647896051407,0.0,0.0,0.0,0.0,0.0,0.0,0.0,-0.04938647896051407,0.04938647896051407,0.04938647896051407,0.0,0.0,0.0,0.0,0.0,0.0,0.0,0.0,0.0,-0.04938647896051407,0.0,0.0,0.1481594443321228,-0.04938647896051407,0.0,0.0,0.0,0.0,0.0,0.0,-0.04938647896051407,0.0,0.04938647896051407,0.0,0.0,0.0,0.0,0.0,0.04938647896051407,0.0,0.04938647896051407,0.0,0.0,0.0,0.0,0.0,0.0,0.0,0.04938647896051407,0.0,0.0,0.0,0.0,0.0,0.0,0.0,0.0,0.04938647896051407,-0.04938647896051407,0.0,0.04938647896051407,-0.04938647896051407,0.0,0.0,0.0,0.0,0.04938647896051407,0.0,0.0,0.0,-0.04938647896051407,0.0,0.0,0.04938647896051407,0.0,0.0,0.0,0.0,0.0,0.0,0.0,0.0,0.0,0.0,0.0,0.0,0.0,0.0,-0.04938647896051407,0.0,0.0,-0.04938647896051407,0.0,0.0,0.04938647896051407,0.0,0.0,0.0,0.0,-0.04938647896051407,-0.04938647896051407,0.0,0.04938647896051407,0.0,0.0,0.0,-0.09877295792102814,0.0,-0.09877295792102814,0.0,0.0,0.0,0.0,0.0,0.04938647896051407,-0.3457053601741791,0.0,-0.04938647896051407,0.04938647896051407,0.0,0.0,0.0,0.0,0.09877295792102814,-0.04938647896051407,-0.04938647896051407,0.0,0.0,0.0,0.0,0.0,-0.09877295792102814,-0.04938647896051407,-0.04938647896051407,0.04938647896051407,-0.09877295792102814,0.0,0.04938647896051407,0.0,0.0,0.04938647896051407,0.0,0.0,0.0,0.0,0.0,0.0,-0.04938647896051407,0.1481594443321228,0.0,0.0,-0.09877295792102814,0.0,0.0,0.0,0.0,0.0,0.0,0.0,0.04938647896051407,0.0,0.0,0.0,-0.04938647896051407,0.0,0.0,0.04938647896051407,0.0,0.0,0.09877295792102814,0.0,0.0,0.0,0.0,0.0,0.0,0.0,0.0,0.04938647896051407,0.0,0.0,0.0,0.0,0.0,0.0,0.0,0.0,0.0,0.0,-0.04938647896051407,0.0,0.04938647896051407,0.0,0.0,-0.04938647896051407,0.0,0.0,0.0,0.04938647896051407,-0.04938647896051407,0.04938647896051407,0.0,0.0,0.0,0.0,-0.04938647896051407,0.0,0.0,0.0,0.0,0.04938647896051407,0.0,-0.1481594443321228,0.0,-0.04938647896051407,0.04938647896051407,-0.04938647896051407,0.0,0.0,0.04938647896051407,0.0,0.0,-0.04938647896051407,0.0,0.04938647896051407,0.0,-0.04938647896051407,-0.04938647896051407,0.0,0.0,0.0,0.0,0.0,0.0,0.04938647896051407,0.0,0.0,0.04938647896051407,0.0,0.0,-0.04938647896051407,-0.04938647896051407,-0.04938647896051407,0.0,0.04938647896051407,0.0,0.0,0.0,0.0,0.0,-0.04938647896051407,-0.04938647896051407,0.0,0.0,0.0,0.0,0.0,0.0,0.0,0.0,0.04938647896051407,0.0,0.0,-0.04938647896051407,0.0,0.0,0.0,-0.09877295792102814,0.0,0.0,0.0,0.0,0.09877295792102814,0.0,0.0,0.0,0.0,0.04938647896051407,0.0,0.0,0.0,0.0,0.0,-0.04938647896051407,0.0,0.04938647896051407,0.04938647896051407,0.04938647896051407,0.0,0.0,0.0,0.0,0.0,0.04938647896051407,0.0,-0.09877295792102814,0.04938647896051407,0.0,0.0,0.0,0.04938647896051407,0.0,0.0,-0.04938647896051407,0.0,0.0,0.0,0.0,0.0,0.0,0.09877295792102814,0.0,0.0,0.0,0.0,0.0,-0.04938647896051407,0.0,0.0,-0.04938647896051407,0.09877295792102814,-0.04938647896051407,0.0,-0.04938647896051407,0.0,0.0,0.0,0.0,-0.04938647896051407,0.0,-0.04938647896051407,0.0,0.0,0.09877295792102814,-0.04938647896051407,0.0,0.0,0.0,0.04938647896051407,0.0,0.0,0.0,-0.04938647896051407,0.0,0.0,0.0,0.0,0.0,0.04938647896051407,-0.04938647896051407,0.0,0.0,0.04938647896051407,0.04938647896051407,0.0,0.0,0.0,0.04938647896051407,0.0
600188,兖矿能源,黄金有色与周期资源,bluechip,student_B,llm_deepseek_extracted,"1. 机构席位活跃，北向资金流入，筹码博弈偏多。  
2. 产能回升+研发交付，业绩弹性增强，Beta 0.85防御性适...",-0.06085805967450142,-0.06085805967450142,0.0,0.0,0.0,0.0,0.0,0.0,0.0,0.0,0.06085805967450142,0.0,0.06085805967450142,0.06085805967450142,0.0,0.0,0.06085805967450142,0.0,0.0,0.06085805967450142,0.0,0.0,0.0,0.0,0.0,0.0,0.0,0.0,0.0,0.0,-0.06085805967450142,0.0,0.06085805967450142,0.0,0.0,0.0,0.0,0.0,0.0,0.0,0.0,0.0,-0.06085805967450142,0.0,0.0,0.0,0.0,0.0,0.0,0.0,0.06085805967450142,0.06085805967450142,0.0,0.06085805967450142,0.06085805967450142,0.0,0.0,0.0,0.0,0.0,0.0,0.0,0.0,0.0,-0.06085805967450142,-0.06085805967450142,0.0,0.0,0.0,0.0,0.0,0.0,0.0,0.0,-0.06085805967450142,0.0,0.0,0.0,0.0,0.0,0.0,0.0,0.0,0.0,-0.06085805967450142,0.0,0.0,0.0,0.0,0.0,0.0,0.06085805967450142,0.06085805967450142,0.0,0.06085805967450142,0.0,0.0,0.0,0.0,0.0,0.0,0.0,0.0,0.0,0.0,0.0,0.0,-0.06085805967450142,0.0,0.06085805967450142,-0.06085805967450142,0.0,0.0,0.0,0.06085805967450142,0.06085805967450142,0.0,0.06085805967450142,0.0,0.06085805967450142,0.06085805967450142,0.0,0.0,0.0,-0.06085805967450142,0.0,0.12171611934900284,0.0,0.0,0.0,0.0,0.06085805967450142,0.12171611934900284,0.0,0.0,-0.06085805967450142,0.0,0.0,0.06085805967450142,0.0,0.0,0.0,0.0,-0.06085805967450142,0.0,0.0,0.0,0.0,0.06085805967450142,0.0,0.0,-0.06085805967450142,0.0,0.0,0.0,0.0,0.0,0.0,0.0,0.0,0.0,0.0,0.12171611934900284,0.0,0.0,0.0,0.0,-0.06085805967450142,0.0,0.0,-0.06085805967450142,-0.06085805967450142,0.0,0.0,0.0,0.0,0.06085805967450142,0.0,-0.06085805967450142,0.0,0.0,0.0,0.0,0.0,0.0,0.0,0.0,0.0,-0.06085805967450142,0.0,0.0,0.0,0.0,0.0,0.06085805967450142,0.0,0.0,0.0,0.0,0.0,0.06085805967450142,0.0,0.0,0.0,0.0,0.0,0.0,0.06085805967450142,0.0,0.0,0.0,0.06085805967450142,-0.06085805967450142,0.0,0.0,0.06085805967450142,0.06085805967450142,0.0,0.0,0.0,-0.06085805967450142,0.0,0.0,0.06085805967450142,0.0,0.0,0.06085805967450142,-0.06085805967450142,0.0,0.06085805967450142,0.06085805967450142,0.06085805967450142,0.0,0.0,0.0,0.0,-0.06085805967450142,0.0,0.0,0.0,0.06085805967450142,0.0,0.0,0.0,-0.06085805967450142,0.12171611934900284,0.0,-0.06085805967450142,0.06085805967450142,0.0,0.0,0.0,0.0,0.12171611934900284,0.0,0.0,0.0,0.0,0.0,0.0,0.0,0.0,0.0,0.0,0.0,0.0,0.0,0.0,0.0,0.0,0.0,0.0,0.0,0.06085805967450142,-0.06085805967450142,-0.06085805967450142,0.0,0.0,0.0,0.0,0.0,0.0,0.0,-0.06085805967450142,0.06085805967450142,0.0,0.0,0.0,-0.06085805967450142,-0.06085805967450142,0.0,0.0,0.0,0.0,0.0,0.0,0.06085805967450142,0.0,0.0,0.06085805967450142,0.0,0.0,0.06085805967450142,0.0,-0.06085805967450142,0.0,0.0,-0.06085805967450142,0.0,0.0,0.0,0.0,0.0,0.0,-0.06085805967450142,0.0,0.0,0.06085805967450142,0.0,0.06085805967450142,0.0,0.0,0.06085805967450142,0.0,0.0,-0.06085805967450142,0.0,0.0,0.0,0.0,0.0,0.0,0.0,0.0,0.0,0.0,0.0,0.0,0.0,0.0,0.06085805967450142,0.0,0.0,0.0,0.0,0.0,0.0,0.0,0.0,0.06085805967450142,0.0,-0.06085805967450142,0.0,0.0,0.0,-0.06085805967450142,0.06085805967450142,0.0,0.0,0.0,-0.06085805967450142,0.0,0.0,0.0,0.0,0.0,0.0,-0.06085805967450142,0.0,0.0,0.0,0.0,0.0,0.0,0.0,0.0,0.0,0.0,0.0,0.0,-0.06085805967450142,0.0,0.0,0.12171611934900284,0.0,-0.06085805967450142,0.0,0.0,0.0,0.0,0.0,-0.06085805967450142,0.0,0.0,0.0,0.0,0.0,0.0,0.0,0.0,-0.06085805967450142,0.0,0.0,0.0,0.0,0.0,0.0,0.0,-0.06085805967450142,0.0,0.06085805967450142,0.0,0.0,0.0,0.0,0.0,0.0,0.0,0.0,0.0,0.0,0.0,0.0,0.0,0.0,0.0,0.0,0.06085805967450142,0.0,0.0,0.0,0.3042902946472168,-0.06085805967450142,0.0,0.0,0.0,0.0,0.0,0.0,0.0,0.0,0.06085805967450142,0.0,0.0,0.0,0.0,0.0,0.06085805967450142,0.0,0.0,0.0,0.0,0.0,0.0,0.0,0.0,0.06085805967450142,0.0,0.0,0.0,0.0,0.0,0.0,0.0,0.0,0.0,0.06085805967450142,-0.06085805967450142,0.06085805967450142,0.0,0.0,0.0,0.0,0.0,0.0,0.06085805967450142,0.0,0.0,0.0,-0.06085805967450142,0.0,0.0,0.06085805967450142,0.0,0.0,0.0,0.0,0.06085805967450142,0.0,0.06085805967450142,0.0,0.0,0.0,0.0,0.0,0.0,0.0,-0.06085805967450142,0.0,0.0,-0.06085805967450142,0.0,0.0,0.0,-0.06085805967450142,0.0,0.0,0.0,0.0,-0.06085805967450142,0.0,0.12171611934900284,0.0,0.0,0.0,-0.06085805967450142,0.0,-0.06085805967450142,0.0,0.0,0.0,0.0,0.0,0.0,-0.24343223869800568,0.0,-0.06085805967450142,0.0,0.0,0.0,0.0,0.06085805967450142,0.12171611934900284,0.0,-0.06085805967450142,0.0,0.0,0.06085805967450142,0.0,0.0,0.0,-0.06085805967450142,0.0,0.06085805967450142,-0.06085805967450142,0.0,0.0,0.0,0.0,0.0,0.0,0.0,0.0,-0.06085805967450142,0.0,0.0,0.0,0.18257418274879456,0.0,0.0,-0.12171611934900284,0.0,0.0,0.0,0.06085805967450142,0.0,0.0,-0.06085805967450142,0.06085805967450142,0.0,0.0,0.0,0.0,0.0,0.0,0.0,0.0,-0.06085805967450142,0.06085805967450142,0.0,0.0,0.0,0.0,0.0,0.0,0.0,0.0,0.06085805967450142,0.0,0.0,-0.06085805967450142,0.0,0.0,0.06085805967450142,0.0,0.0,0.0,0.0,-0.12171611934900284,0.0,0.0,0.0,0.0,-0.06085805967450142,0.0,-0.06085805967450142,0.0,0.06085805967450142,-0.06085805967450142,0.06085805967450142,0.0,0.0,0.0,0.06085805967450142,-0.06085805967450142,0.0,0.0,0.0,0.0,0.0,0.0,-0.06085805967450142,0.0,0.0,0.0,-0.06085805967450142,0.0,0.0,0.06085805967450142,0.0,0.0,-0.06085805967450142,0.06085805967450142,0.0,0.06085805967450142,0.0,0.0,0.0,0.0,0.06085805967450142,0.06085805967450142,0.0,-0.06085805967450142,0.0,-0.06085805967450142,0.0,-0.06085805967450142,0.0,0.0,0.0,0.0,0.0,0.0,0.06085805967450142,0.0,0.0,0.0,0.0,0.0,0.0,-0.06085805967450142,0.06085805967450142,0.0,0.0,0.0,0.0,0.0,0.0,0.0,0.06085805967450142,0.0,0.0,0.06085805967450142,0.0,0.0,0.0,-0.12171611934900284,0.0,0.0,0.0,0.0,0.12171611934900284,0.0,0.0,0.0,0.0,0.06085805967450142,0.0,0.0,0.0,0.06085805967450142,0.0,0.0,0.0,0.0,0.0,0.06085805967450142,0.0,0.0,0.0,0.0,0.0,0.0,0.0,-0.06085805967450142,0.0,0.0,0.0,0.0,0.0,0.0,0.0,-0.06085805967450142,0.0,0.0,0.0,0.0,0.0,0.0,0.06085805967450142,0.0,0.0,0.0,0.0,0.0,0.0,0.0,0.0,0.0,-0.06085805967450142,0.0,0.0,0.0,0.0,0.06085805967450142,0.06085805967450142,0.0,0.0,0.0,0.0,0.0,0.0,0.18257418274879456,-0.06085805967450142,0.0,0.0,0.0,0.0,0.0,0.0,0.0,-0.06085805967450142,0.0,0.0,0.0,0.0,0.0,0.0,0.0,0.0,-0.06085805967450142,0.0,0.06085805967450142,0.0,0.0,0.0,0.06085805967450142,0.0
600971,恒源煤电,黄金有色与周期资源,defensive,student_B,llm_deepseek_extracted,"1. 机构博弈筹码流动：北向资金活跃，机构席位交易频繁，筹码短期波动加大。  
2. 业绩弹性与技术壁垒：产能回升支撑业...",-0.050188563764095306,0.0,0.0,0.0,-0.050188563764095306,0.0,0.0,0.0,0.0,0.0,0.0,0.0,0.050188563764095306,0.050188563764095306,0.0,0.0,0.0,0.0,0.050188563764095306,0.0,0.0,0.0,0.0,0.0,0.050188563764095306,0.0,-0.050188563764095306,0.050188563764095306,0.0,0.0,0.0,-0.050188563764095306,0.0,0.0,0.0,0.0,0.0,0.0,0.050188563764095306,0.0,0.0,0.0,-0.050188563764095306,0.0,0.0,-0.050188563764095306,0.050188563764095306,0.0,0.0,0.0,0.050188563764095306,0.0,0.0,0.0,0.0,0.0,0.0,0.0,0.0,0.0,0.0,-0.050188563764095306,0.0,0.0,-0.050188563764095306,-0.050188563764095306,0.0,0.0,0.0,0.0,0.0,0.0,0.0,0.0,0.0,0.0,0.0,-0.050188563764095306,0.0,0.0,0.0,0.0,0.0,0.0,0.0,0.0,0.0,-0.10037712752819061,0.0,0.0,0.0,0.0,0.050188563764095306,0.0,0.0,0.0,0.0,0.0,0.0,0.0,0.0,0.0,0.0,0.0,0.0,0.0,0.0,-0.15056568384170532,0.050188563764095306,0.0,-0.10037712752819061,0.0,-0.050188563764095306,0.0,0.0,0.050188563764095306,0.0,0.10037712752819061,0.0,0.050188563764095306,0.050188563764095306,0.0,-0.10037712752819061,0.0,-0.050188563764095306,0.0,0.10037712752819061,0.0,0.0,0.0,0.0,0.050188563764095306,0.050188563764095306,-0.050188563764095306,0.0,-0.050188563764095306,0.0,0.0,0.050188563764095306,0.050188563764095306,0.0,0.0,0.0,-0.050188563764095306,0.0,-0.050188563764095306,0.0,0.0,0.0,0.0,0.0,-0.050188563764095306,0.0,0.0,0.0,0.0,0.0,0.0,0.0,0.0,0.050188563764095306,0.0,0.10037712752819061,0.050188563764095306,0.0,0.0,0.0,0.0,0.0,0.0,-0.10037712752819061,-0.050188563764095306,0.0,0.0,0.0,-0.050188563764095306,0.050188563764095306,0.0,-0.050188563764095306,0.0,0.050188563764095306,0.0,0.0,0.0,0.0,0.0,0.050188563764095306,0.0,-0.050188563764095306,0.0,0.0,0.0,0.0,0.0,0.0,0.0,-0.050188563764095306,0.0,0.0,0.0,0.0,0.0,0.0,0.0,0.0,0.0,0.0,0.10037712752819061,0.0,0.0,0.0,0.050188563764095306,0.0,0.0,0.0,0.050188563764095306,0.10037712752819061,0.0,0.0,-0.15056568384170532,-0.050188563764095306,0.0,0.0,-0.050188563764095306,-0.050188563764095306,0.0,0.0,-0.050188563764095306,0.0,0.050188563764095306,0.10037712752819061,0.050188563764095306,-0.050188563764095306,0.0,0.0,0.0,0.0,0.0,0.0,0.0,-0.050188563764095306,-0.050188563764095306,0.050188563764095306,0.0,0.0,0.10037712752819061,0.050188563764095306,-0.050188563764095306,0.050188563764095306,0.050188563764095306,0.0,0.0,0.0,0.10037712752819061,0.0,0.0,0.0,0.0,0.0,0.0,0.0,0.0,0.050188563764095306,-0.050188563764095306,0.0,0.0,0.0,0.0,0.0,0.0,0.0,0.0,0.0,0.050188563764095306,0.0,-0.10037712752819061,0.0,-0.050188563764095306,-0.050188563764095306,0.0,0.0,0.0,0.0,-0.050188563764095306,0.0,-0.050188563764095306,0.0,0.0,-0.050188563764095306,0.0,0.0,0.0,0.0,0.050188563764095306,0.0,0.0,0.0,0.0,0.0,0.050188563764095306,0.0,0.0,0.0,0.0,-0.050188563764095306,0.0,0.050188563764095306,-0.050188563764095306,0.0,0.0,0.0,0.0,0.0,0.0,-0.050188563764095306,0.0,0.0,0.10037712752819061,0.0,0.10037712752819061,0.0,0.0,0.0,0.0,0.0,0.0,0.0,0.0,0.0,0.0,0.0,0.0,0.0,0.0,0.0,0.0,0.0,0.0,0.0,-0.050188563764095306,0.0,-0.050188563764095306,0.0,0.0,-0.15056568384170532,0.0,-0.050188563764095306,0.0,0.0,0.050188563764095306,0.0,0.0,0.0,-0.050188563764095306,-0.050188563764095306,-0.050188563764095306,0.050188563764095306,0.0,0.0,0.0,-0.10037712752819061,0.0,0.0,0.0,0.0,0.0,0.0,0.0,0.0,0.0,0.0,-0.10037712752819061,-0.050188563764095306,-0.050188563764095306,0.0,0.0,0.0,0.0,0.0,0.0,-0.050188563764095306,-0.050188563764095306,0.0,0.10037712752819061,-0.050188563764095306,-0.050188563764095306,0.0,0.0,0.0,0.050188563764095306,0.0,0.050188563764095306,0.0,0.0,0.0,0.0,0.0,0.0,0.0,-0.10037712752819061,0.0,0.0,0.0,0.0,0.0,0.0,-0.10037712752819061,0.0,-0.050188563764095306,0.0,0.0,0.0,0.0,0.0,0.0,-0.050188563764095306,0.0,0.0,0.050188563764095306,0.0,-0.050188563764095306,-0.050188563764095306,0.0,0.0,-0.10037712752819061,0.0,0.0,0.0,0.0,0.0,-0.050188563764095306,0.15056568384170532,0.0,0.050188563764095306,0.0,0.0,0.0,0.0,0.0,-0.050188563764095306,0.0,0.050188563764095306,0.0,0.0,0.0,0.0,0.0,0.050188563764095306,0.0,0.0,-0.050188563764095306,0.0,-0.050188563764095306,0.050188563764095306,0.0,0.0,0.0,0.0,0.0,0.0,0.0,0.0,0.0,0.0,0.0,-0.050188563764095306,0.050188563764095306,-0.050188563764095306,0.0,0.0,0.0,0.0,0.0,0.0,-0.050188563764095306,0.0,0.0,0.0,-0.050188563764095306,-0.050188563764095306,0.0,0.0,0.0,0.0,0.0,0.0,0.0,0.0,-0.050188563764095306,0.0,0.0,0.0,0.0,0.0,-0.050188563764095306,0.0,0.0,-0.050188563764095306,0.0,0.050188563764095306,0.0,0.0,0.0,0.050188563764095306,0.0,-0.050188563764095306,0.0,0.050188563764095306,0.0,-0.050188563764095306,0.0,0.050188563764095306,0.0,0.0,0.0,-0.10037712752819061,0.0,-0.10037712752819061,0.0,0.0,0.0,0.0,0.0,0.0,-0.30113136768341064,-0.050188563764095306,-0.050188563764095306,0.0,0.0,0.0,0.0,0.0,0.10037712752819061,0.0,-0.050188563764095306,0.0,0.0,0.0,0.0,0.0,-0.050188563764095306,-0.050188563764095306,0.050188563764095306,0.050188563764095306,-0.050188563764095306,0.0,0.050188563764095306,0.0,-0.050188563764095306,0.0,0.0,0.0,0.0,-0.050188563764095306,0.0,0.0,-0.050188563764095306,0.20075425505638123,0.0,-0.050188563764095306,-0.10037712752819061,0.0,0.0,0.0,0.0,0.0,0.0,0.0,0.050188563764095306,0.0,0.0,0.0,0.0,0.0,0.0,0.050188563764095306,0.0,0.0,0.0,0.0,0.0,0.0,0.0,0.0,0.0,0.0,0.0,0.050188563764095306,0.0,0.0,0.0,0.0,0.0,0.0,0.0,0.0,-0.050188563764095306,0.0,-0.050188563764095306,-0.050188563764095306,0.0,0.0,0.0,-0.050188563764095306,0.0,0.0,0.0,0.050188563764095306,-0.050188563764095306,0.050188563764095306,0.0,0.0,0.0,0.0,-0.050188563764095306,0.0,0.0,0.0,0.0,0.050188563764095306,0.0,-0.10037712752819061,0.0,-0.050188563764095306,0.0,-0.10037712752819061,0.0,0.0,0.050188563764095306,0.0,0.0,-0.050188563764095306,0.0,0.0,0.0,0.0,0.0,0.0,0.0,-0.050188563764095306,0.0,0.0,0.050188563764095306,0.050188563764095306,0.0,0.0,0.050188563764095306,0.0,0.0,-0.050188563764095306,0.0,-0.10037712752819061,0.0,0.050188563764095306,0.0,0.0,0.0,0.0,0.0,0.0,-0.050188563764095306,0.0,0.0,0.0,0.0,0.0,0.0,-0.050188563764095306,0.0,0.050188563764095306,0.0,0.0,0.050188563764095306,0.0,-0.050188563764095306,0.0,-0.10037712752819061,0.0,0.0,0.0,0.0,0.10037712752819061,0.0,0.0,0.0,0.0,0.050188563764095306,0.0,0.0,0.0,0.0,0.0,0.0,0.0,0.0,0.0,0.050188563764095306,0.0,0.0,0.0,0.0,0.0,0.0,0.0,-0.10037712752819061,0.0,0.0,0.0,0.0,0.0,0.0,0.0,-0.050188563764095306,0.0,0.0,0.0,0.0,-0.050188563764095306,0.0,0.10037712752819061,0.0,0.050188563764095306,0.0,0.0,0.0,0.0,0.0,0.0,0.0,0.10037712752819061,-0.050188563764095306,0.0,-0.050188563764095306,0.0,0.0,0.0,0.0,-0.050188563764095306,0.0,-0.050188563764095306,0.0,0.0,0.10037712752819061,-0.050188563764095306,0.0,0.0,0.0,0.0,0.0,0.0,0.0,-0.050188563764095306,0.0,0.0,0.0,0.0,0.0,0.0,-0.050188563764095306,0.0,0.0,0.050188563764095306,0.050188563764095306,-0.050188563764095306,0.0,0.0,0.050188563764095306,0.0
601699,潞安环能,黄金有色与周期资源,bluechip,student_B,llm_deepseek_extracted,"1. 机构席位活跃，北向资金流入，筹码博弈偏多。  
2. 产能回升+研发交付，业绩弹性增强，技术壁垒稳固。  
3. ...",-0.06286945939064026,-0.06286945939064026,0.0,0.0,0.0,0.0,0.0,0.0,0.0,0.0,0.0,0.0,0.06286945939064026,0.06286945939064026,0.0,0.0,0.0,0.0,0.0,0.0,0.0,0.0,0.0,0.0,0.0,0.0,0.0,0.0,0.0,0.0,0.0,0.06286945939064026,0.06286945939064026,0.0,0.0,0.06286945939064026,0.0,0.0,0.0,0.0,0.0,0.0,-0.06286945939064026,0.0,0.0,0.0,0.0,0.0,0.0,0.0,0.06286945939064026,0.06286945939064026,0.0,0.06286945939064026,0.06286945939064026,0.0,0.0,0.0,0.0,0.0,0.0,0.0,0.0,0.0,-0.06286945939064026,-0.06286945939064026,0.0,0.0,0.0,0.0,0.0,0.0,0.0,0.0,-0.06286945939064026,0.0,0.0,-0.06286945939064026,0.0,0.0,0.0,0.0,0.0,0.0,-0.06286945939064026,0.0,0.0,-0.06286945939064026,0.0,0.0,0.0,0.06286945939064026,0.0,0.0,0.06286945939064026,0.0,0.0,0.0,0.0,0.0,0.0,0.0,0.0,0.0,0.0,0.0,0.0,-0.06286945939064026,0.0,0.0,-0.06286945939064026,0.0,0.0,0.0,0.0,0.06286945939064026,0.0,0.06286945939064026,0.0,0.06286945939064026,0.0,0.0,0.0,0.0,-0.06286945939064026,0.0,0.06286945939064026,0.0,0.0,0.0,0.0,0.06286945939064026,0.06286945939064026,-0.06286945939064026,0.0,-0.06286945939064026,0.0,0.0,0.0,0.0,0.0,0.0,0.0,0.0,0.0,0.0,0.0,0.0,0.06286945939064026,0.0,0.0,0.0,0.0,0.0,0.0,0.06286945939064026,0.0,0.0,0.0,0.0,0.0,0.0,0.12573891878128052,-0.06286945939064026,0.0,-0.06286945939064026,0.0,0.0,0.0,0.0,-0.06286945939064026,0.0,0.0,0.0,0.0,0.0,0.06286945939064026,0.0,-0.06286945939064026,0.0,0.0,0.0,0.0,0.0,0.0,0.0,0.0,0.0,0.0,0.0,0.0,0.0,0.0,0.0,0.06286945939064026,0.0,0.0,0.0,0.0,0.0,0.12573891878128052,0.0,0.0,0.0,0.0,0.0,0.0,0.06286945939064026,0.0,0.0,0.0,0.0,-0.06286945939064026,0.0,0.0,0.06286945939064026,0.06286945939064026,0.0,0.0,0.0,-0.06286945939064026,0.0,0.0,0.0,0.0,0.0,0.0,-0.06286945939064026,0.0,0.06286945939064026,0.06286945939064026,0.06286945939064026,0.0,0.0,0.0,0.0,-0.12573891878128052,0.0,0.0,0.0,0.06286945939064026,0.0,0.0,0.0,-0.06286945939064026,0.12573891878128052,0.0,-0.06286945939064026,0.0,0.0,0.0,0.0,0.0,0.12573891878128052,0.0,0.0,0.0,0.0,0.0,0.0,0.0,0.0,0.0,0.0,0.0,0.0,0.0,0.0,0.0,0.0,0.0,0.0,0.0,0.0,-0.06286945939064026,-0.06286945939064026,0.0,0.0,0.0,0.0,0.0,0.0,0.0,-0.06286945939064026,0.06286945939064026,0.0,0.0,0.0,-0.06286945939064026,0.0,0.0,0.0,0.0,0.0,0.0,0.0,0.06286945939064026,0.0,0.0,0.06286945939064026,0.0,0.0,0.06286945939064026,0.0,-0.06286945939064026,0.0,0.0,-0.06286945939064026,0.0,0.0,0.0,0.0,0.0,0.0,-0.06286945939064026,0.0,0.0,0.06286945939064026,0.0,0.0,0.0,-0.06286945939064026,0.06286945939064026,0.0,0.0,0.0,0.0,0.0,0.0,0.0,0.0,0.0,0.0,0.0,0.0,0.0,0.0,0.0,0.0,0.0,0.06286945939064026,0.0,0.0,0.0,0.0,0.0,0.0,0.0,0.0,0.06286945939064026,0.0,-0.06286945939064026,0.0,0.0,0.0,-0.06286945939064026,0.06286945939064026,0.0,0.0,0.0,-0.06286945939064026,0.0,0.0,0.0,0.0,0.0,0.0,0.0,0.0,0.0,-0.06286945939064026,-0.06286945939064026,0.0,0.0,0.0,0.0,0.0,0.0,0.0,0.0,-0.06286945939064026,0.0,0.0,0.06286945939064026,0.0,-0.06286945939064026,0.0,0.0,0.0,0.0,0.0,0.0,0.0,0.0,0.0,0.0,0.0,0.0,0.0,-0.06286945939064026,-0.06286945939064026,0.0,0.0,0.0,0.0,0.0,-0.06286945939064026,0.0,-0.06286945939064026,0.0,0.0,0.0,0.0,0.0,0.0,0.0,0.0,0.06286945939064026,-0.06286945939064026,0.0,-0.06286945939064026,0.0,0.0,0.0,0.0,0.0,0.0,0.0,0.0,0.0,0.0,0.25147783756256104,0.0,0.0,0.0,0.0,0.0,0.0,0.0,0.0,0.0,0.0,0.0,0.0,0.0,0.0,0.0,0.06286945939064026,0.0,0.0,0.0,0.0,0.0,0.0,0.0,0.0,0.06286945939064026,0.0,0.0,0.0,0.0,0.0,0.0,0.0,0.0,0.0,0.0,-0.06286945939064026,0.06286945939064026,0.0,0.0,0.0,0.0,0.0,0.06286945939064026,0.12573891878128052,0.0,0.0,0.0,-0.06286945939064026,0.0,0.0,0.06286945939064026,0.0,0.0,0.0,0.0,0.06286945939064026,0.0,0.0,0.0,0.0,0.0,0.0,0.0,0.0,0.0,-0.06286945939064026,0.0,0.0,-0.06286945939064026,0.0,0.0,0.0,-0.06286945939064026,0.0,0.0,0.0,0.0,-0.06286945939064026,0.0,0.06286945939064026,0.0,0.0,0.0,-0.06286945939064026,0.0,-0.06286945939064026,0.0,0.0,0.0,0.0,0.0,0.0,-0.25147783756256104,0.0,-0.06286945939064026,0.0,0.0,0.0,0.0,0.0,0.18860839307308197,0.0,-0.06286945939064026,0.0,0.0,0.06286945939064026,0.0,0.0,-0.06286945939064026,-0.06286945939064026,0.06286945939064026,0.06286945939064026,-0.06286945939064026,0.0,0.0,0.0,0.0,0.0,0.0,0.0,0.0,-0.06286945939064026,0.0,0.0,0.0,0.18860839307308197,0.0,0.0,-0.06286945939064026,0.0,0.0,0.0,0.0,0.0,0.0,-0.06286945939064026,0.06286945939064026,0.0,0.0,0.0,0.0,0.0,0.0,0.0,0.0,0.0,0.0,0.0,0.0,0.0,0.0,0.0,0.0,0.0,0.0,0.06286945939064026,0.0,0.0,-0.06286945939064026,0.0,0.0,0.06286945939064026,0.0,0.0,0.0,0.0,-0.12573891878128052,0.0,0.0,0.0,0.0,-0.06286945939064026,0.0,-0.06286945939064026,0.0,0.06286945939064026,0.0,0.0,0.0,0.0,0.0,0.0,0.0,0.0,0.0,0.0,0.0,0.0,0.0,-0.06286945939064026,0.0,0.0,0.0,-0.06286945939064026,0.0,0.0,0.06286945939064026,0.0,0.0,-0.06286945939064026,0.0,0.0,0.06286945939064026,0.0,-0.06286945939064026,0.0,0.0,0.06286945939064026,0.06286945939064026,0.0,-0.06286945939064026,0.0,-0.06286945939064026,0.0,0.0,0.0,0.0,0.0,0.0,0.0,0.0,0.06286945939064026,0.0,0.0,0.0,0.0,-0.06286945939064026,0.0,-0.06286945939064026,0.0,0.0,0.0,0.0,0.0,0.0,0.0,0.0,0.06286945939064026,0.0,0.0,-0.06286945939064026,0.0,0.0,0.0,0.0,0.0,0.0,0.0,0.0,0.12573891878128052,0.0,0.0,0.0,0.0,0.06286945939064026,0.0,0.0,0.0,0.0,0.0,0.0,0.0,0.0,0.0,0.06286945939064026,-0.06286945939064026,0.0,0.0,0.0,0.0,0.06286945939064026,0.0,-0.12573891878128052,0.0,0.0,0.0,0.0,0.0,0.06286945939064026,0.0,-0.06286945939064026,0.0,0.0,0.0,0.0,0.0,0.0,0.06286945939064026,0.0,0.0,0.0,0.0,0.0,0.0,0.0,0.0,-0.06286945939064026,0.12573891878128052,0.0,0.0,0.0,0.0,0.0,0.06286945939064026,0.0,-0.06286945939064026,0.0,-0.06286945939064026,0.0,0.0,0.25147783756256104,-0.06286945939064026,0.0,0.0,0.0,0.0,0.0,0.0,0.0,-0.06286945939064026,0.0,0.0,0.0,0.0,0.0,0.06286945939064026,0.0,0.0,-0.06286945939064026,0.0,0.06286945939064026,0.0,0.0,0.0,0.0,0.0
