signal_date,network,relation_type,n_nodes,n_edges,density,nodes_with_edge,node_coverage,isolated_nodes,degree_min,degree_median,degree_max,weight_min,weight_median,weight_max,corr_threshold,window,window_length,pairs_insufficient_overlap,pairs_below_threshold,pairs_zero_variance,pairs_nonfinite_rho,pairs_with_nan_in_window,limitation
2025-04-02,W-ind,industry_cooccurrence,100,2450,0.494949494949495,100,1.0,0,49,49.0,49,1.0,1.0,1.0,0.4,60,0,0,0,0,0,0,与截面中性化所用行业哑变量同源，传播项可能被正交化吸收；须做去共线消融
2025-04-03,W-ind,industry_cooccurrence,100,2450,0.494949494949495,100,1.0,0,49,49.0,49,1.0,1.0,1.0,0.4,60,0,0,0,0,0,0,与截面中性化所用行业哑变量同源，传播项可能被正交化吸收；须做去共线消融
2025-04-07,W-ind,industry_cooccurrence,100,2450,0.494949494949495,100,1.0,0,49,49.0,49,1.0,1.0,1.0,0.4,60,0,0,0,0,0,0,与截面中性化所用行业哑变量同源，传播项可能被正交化吸收；须做去共线消融
2025-04-08,W-ind,industry_cooccurrence,100,2450,0.494949494949495,100,1.0,0,49,49.0,49,1.0,1.0,1.0,0.4,60,0,0,0,0,0,0,与截面中性化所用行业哑变量同源，传播项可能被正交化吸收；须做去共线消融
2025-04-09,W-ind,industry_cooccurrence,100,2450,0.494949494949495,100,1.0,0,49,49.0,49,1.0,1.0,1.0,0.4,60,0,0,0,0,0,0,与截面中性化所用行业哑变量同源，传播项可能被正交化吸收；须做去共线消融
2025-04-10,W-ind,industry_cooccurrence,100,2450,0.494949494949495,100,1.0,0,49,49.0,49,1.0,1.0,1.0,0.4,60,0,0,0,0,0,0,与截面中性化所用行业哑变量同源，传播项可能被正交化吸收；须做去共线消融
2025-04-11,W-ind,industry_cooccurrence,100,2450,0.494949494949495,100,1.0,0,49,49.0,49,1.0,1.0,1.0,0.4,60,0,0,0,0,0,0,与截面中性化所用行业哑变量同源，传播项可能被正交化吸收；须做去共线消融
2025-04-14,W-ind,industry_cooccurrence,100,2450,0.494949494949495,100,1.0,0,49,49.0,49,1.0,1.0,1.0,0.4,60,0,0,0,0,0,0,与截面中性化所用行业哑变量同源，传播项可能被正交化吸收；须做去共线消融
2025-04-15,W-ind,industry_cooccurrence,100,2450,0.494949494949495,100,1.0,0,49,49.0,49,1.0,1.0,1.0,0.4,60,0,0,0,0,0,0,与截面中性化所用行业哑变量同源，传播项可能被正交化吸收；须做去共线消融
2025-04-16,W-ind,industry_cooccurrence,100,2450,0.494949494949495,100,1.0,0,49,49.0,49,1.0,1.0,1.0,0.4,60,0,0,0,0,0,0,与截面中性化所用行业哑变量同源，传播项可能被正交化吸收；须做去共线消融
2025-04-17,W-ind,industry_cooccurrence,100,2450,0.494949494949495,100,1.0,0,49,49.0,49,1.0,1.0,1.0,0.4,60,0,0,0,0,0,0,与截面中性化所用行业哑变量同源，传播项可能被正交化吸收；须做去共线消融
2025-04-18,W-ind,industry_cooccurrence,100,2450,0.494949494949495,100,1.0,0,49,49.0,49,1.0,1.0,1.0,0.4,60,0,0,0,0,0,0,与截面中性化所用行业哑变量同源，传播项可能被正交化吸收；须做去共线消融
2025-04-21,W-ind,industry_cooccurrence,100,2450,0.494949494949495,100,1.0,0,49,49.0,49,1.0,1.0,1.0,0.4,60,0,0,0,0,0,0,与截面中性化所用行业哑变量同源，传播项可能被正交化吸收；须做去共线消融
2025-04-22,W-ind,industry_cooccurrence,100,2450,0.494949494949495,100,1.0,0,49,49.0,49,1.0,1.0,1.0,0.4,60,0,0,0,0,0,0,与截面中性化所用行业哑变量同源，传播项可能被正交化吸收；须做去共线消融
2025-04-23,W-ind,industry_cooccurrence,100,2450,0.494949494949495,100,1.0,0,49,49.0,49,1.0,1.0,1.0,0.4,60,0,0,0,0,0,0,与截面中性化所用行业哑变量同源，传播项可能被正交化吸收；须做去共线消融
2025-04-24,W-ind,industry_cooccurrence,100,2450,0.494949494949495,100,1.0,0,49,49.0,49,1.0,1.0,1.0,0.4,60,0,0,0,0,0,0,与截面中性化所用行业哑变量同源，传播项可能被正交化吸收；须做去共线消融
2025-04-25,W-ind,industry_cooccurrence,100,2450,0.494949494949495,100,1.0,0,49,49.0,49,1.0,1.0,1.0,0.4,60,0,0,0,0,0,0,与截面中性化所用行业哑变量同源，传播项可能被正交化吸收；须做去共线消融
2025-04-28,W-ind,industry_cooccurrence,100,2450,0.494949494949495,100,1.0,0,49,49.0,49,1.0,1.0,1.0,0.4,60,0,0,0,0,0,0,与截面中性化所用行业哑变量同源，传播项可能被正交化吸收；须做去共线消融
2025-04-29,W-ind,industry_cooccurrence,100,2450,0.494949494949495,100,1.0,0,49,49.0,49,1.0,1.0,1.0,0.4,60,0,0,0,0,0,0,与截面中性化所用行业哑变量同源，传播项可能被正交化吸收；须做去共线消融
2025-04-30,W-ind,industry_cooccurrence,100,2450,0.494949494949495,100,1.0,0,49,49.0,49,1.0,1.0,1.0,0.4,60,0,0,0,0,0,0,与截面中性化所用行业哑变量同源，传播项可能被正交化吸收；须做去共线消融
2025-05-06,W-ind,industry_cooccurrence,100,2450,0.494949494949495,100,1.0,0,49,49.0,49,1.0,1.0,1.0,0.4,60,0,0,0,0,0,0,与截面中性化所用行业哑变量同源，传播项可能被正交化吸收；须做去共线消融
2025-05-07,W-ind,industry_cooccurrence,100,2450,0.494949494949495,100,1.0,0,49,49.0,49,1.0,1.0,1.0,0.4,60,0,0,0,0,0,0,与截面中性化所用行业哑变量同源，传播项可能被正交化吸收；须做去共线消融
2025-05-08,W-ind,industry_cooccurrence,100,2450,0.494949494949495,100,1.0,0,49,49.0,49,1.0,1.0,1.0,0.4,60,0,0,0,0,0,0,与截面中性化所用行业哑变量同源，传播项可能被正交化吸收；须做去共线消融
2025-05-09,W-ind,industry_cooccurrence,100,2450,0.494949494949495,100,1.0,0,49,49.0,49,1.0,1.0,1.0,0.4,60,0,0,0,0,0,0,与截面中性化所用行业哑变量同源，传播项可能被正交化吸收；须做去共线消融
2025-05-12,W-ind,industry_cooccurrence,100,2450,0.494949494949495,100,1.0,0,49,49.0,49,1.0,1.0,1.0,0.4,60,0,0,0,0,0,0,与截面中性化所用行业哑变量同源，传播项可能被正交化吸收；须做去共线消融
2025-05-13,W-ind,industry_cooccurrence,100,2450,0.494949494949495,100,1.0,0,49,49.0,49,1.0,1.0,1.0,0.4,60,0,0,0,0,0,0,与截面中性化所用行业哑变量同源，传播项可能被正交化吸收；须做去共线消融
2025-05-14,W-ind,industry_cooccurrence,100,2450,0.494949494949495,100,1.0,0,49,49.0,49,1.0,1.0,1.0,0.4,60,0,0,0,0,0,0,与截面中性化所用行业哑变量同源，传播项可能被正交化吸收；须做去共线消融
2025-05-15,W-ind,industry_cooccurrence,100,2450,0.494949494949495,100,1.0,0,49,49.0,49,1.0,1.0,1.0,0.4,60,0,0,0,0,0,0,与截面中性化所用行业哑变量同源，传播项可能被正交化吸收；须做去共线消融
2025-05-16,W-ind,industry_cooccurrence,100,2450,0.494949494949495,100,1.0,0,49,49.0,49,1.0,1.0,1.0,0.4,60,0,0,0,0,0,0,与截面中性化所用行业哑变量同源，传播项可能被正交化吸收；须做去共线消融
2025-05-19,W-ind,industry_cooccurrence,100,2450,0.494949494949495,100,1.0,0,49,49.0,49,1.0,1.0,1.0,0.4,60,0,0,0,0,0,0,与截面中性化所用行业哑变量同源，传播项可能被正交化吸收；须做去共线消融
2025-05-20,W-ind,industry_cooccurrence,100,2450,0.494949494949495,100,1.0,0,49,49.0,49,1.0,1.0,1.0,0.4,60,0,0,0,0,0,0,与截面中性化所用行业哑变量同源，传播项可能被正交化吸收；须做去共线消融
2025-05-21,W-ind,industry_cooccurrence,100,2450,0.494949494949495,100,1.0,0,49,49.0,49,1.0,1.0,1.0,0.4,60,0,0,0,0,0,0,与截面中性化所用行业哑变量同源，传播项可能被正交化吸收；须做去共线消融
2025-05-22,W-ind,industry_cooccurrence,100,2450,0.494949494949495,100,1.0,0,49,49.0,49,1.0,1.0,1.0,0.4,60,0,0,0,0,0,0,与截面中性化所用行业哑变量同源，传播项可能被正交化吸收；须做去共线消融
2025-05-23,W-ind,industry_cooccurrence,100,2450,0.494949494949495,100,1.0,0,49,49.0,49,1.0,1.0,1.0,0.4,60,0,0,0,0,0,0,与截面中性化所用行业哑变量同源，传播项可能被正交化吸收；须做去共线消融
2025-05-26,W-ind,industry_cooccurrence,100,2450,0.494949494949495,100,1.0,0,49,49.0,49,1.0,1.0,1.0,0.4,60,0,0,0,0,0,0,与截面中性化所用行业哑变量同源，传播项可能被正交化吸收；须做去共线消融
2025-05-27,W-ind,industry_cooccurrence,100,2450,0.494949494949495,100,1.0,0,49,49.0,49,1.0,1.0,1.0,0.4,60,0,0,0,0,0,0,与截面中性化所用行业哑变量同源，传播项可能被正交化吸收；须做去共线消融
2025-05-28,W-ind,industry_cooccurrence,100,2450,0.494949494949495,100,1.0,0,49,49.0,49,1.0,1.0,1.0,0.4,60,0,0,0,0,0,0,与截面中性化所用行业哑变量同源，传播项可能被正交化吸收；须做去共线消融
2025-05-29,W-ind,industry_cooccurrence,100,2450,0.494949494949495,100,1.0,0,49,49.0,49,1.0,1.0,1.0,0.4,60,0,0,0,0,0,0,与截面中性化所用行业哑变量同源，传播项可能被正交化吸收；须做去共线消融
2025-05-30,W-ind,industry_cooccurrence,100,2450,0.494949494949495,100,1.0,0,49,49.0,49,1.0,1.0,1.0,0.4,60,0,0,0,0,0,0,与截面中性化所用行业哑变量同源，传播项可能被正交化吸收；须做去共线消融
2025-06-03,W-ind,industry_cooccurrence,100,2450,0.494949494949495,100,1.0,0,49,49.0,49,1.0,1.0,1.0,0.4,60,0,0,0,0,0,0,与截面中性化所用行业哑变量同源，传播项可能被正交化吸收；须做去共线消融
2025-06-04,W-ind,industry_cooccurrence,100,2450,0.494949494949495,100,1.0,0,49,49.0,49,1.0,1.0,1.0,0.4,60,0,0,0,0,0,0,与截面中性化所用行业哑变量同源，传播项可能被正交化吸收；须做去共线消融
2025-06-05,W-ind,industry_cooccurrence,100,2450,0.494949494949495,100,1.0,0,49,49.0,49,1.0,1.0,1.0,0.4,60,0,0,0,0,0,0,与截面中性化所用行业哑变量同源，传播项可能被正交化吸收；须做去共线消融
2025-06-06,W-ind,industry_cooccurrence,100,2450,0.494949494949495,100,1.0,0,49,49.0,49,1.0,1.0,1.0,0.4,60,0,0,0,0,0,0,与截面中性化所用行业哑变量同源，传播项可能被正交化吸收；须做去共线消融
2025-06-09,W-ind,industry_cooccurrence,100,2450,0.494949494949495,100,1.0,0,49,49.0,49,1.0,1.0,1.0,0.4,60,0,0,0,0,0,0,与截面中性化所用行业哑变量同源，传播项可能被正交化吸收；须做去共线消融
2025-06-10,W-ind,industry_cooccurrence,100,2450,0.494949494949495,100,1.0,0,49,49.0,49,1.0,1.0,1.0,0.4,60,0,0,0,0,0,0,与截面中性化所用行业哑变量同源，传播项可能被正交化吸收；须做去共线消融
2025-06-11,W-ind,industry_cooccurrence,100,2450,0.494949494949495,100,1.0,0,49,49.0,49,1.0,1.0,1.0,0.4,60,0,0,0,0,0,0,与截面中性化所用行业哑变量同源，传播项可能被正交化吸收；须做去共线消融
2025-06-12,W-ind,industry_cooccurrence,100,2450,0.494949494949495,100,1.0,0,49,49.0,49,1.0,1.0,1.0,0.4,60,0,0,0,0,0,0,与截面中性化所用行业哑变量同源，传播项可能被正交化吸收；须做去共线消融
2025-06-13,W-ind,industry_cooccurrence,100,2450,0.494949494949495,100,1.0,0,49,49.0,49,1.0,1.0,1.0,0.4,60,0,0,0,0,0,0,与截面中性化所用行业哑变量同源，传播项可能被正交化吸收；须做去共线消融
2025-06-16,W-ind,industry_cooccurrence,100,2450,0.494949494949495,100,1.0,0,49,49.0,49,1.0,1.0,1.0,0.4,60,0,0,0,0,0,0,与截面中性化所用行业哑变量同源，传播项可能被正交化吸收；须做去共线消融
2025-06-17,W-ind,industry_cooccurrence,100,2450,0.494949494949495,100,1.0,0,49,49.0,49,1.0,1.0,1.0,0.4,60,0,0,0,0,0,0,与截面中性化所用行业哑变量同源，传播项可能被正交化吸收；须做去共线消融
2025-06-18,W-ind,industry_cooccurrence,100,2450,0.494949494949495,100,1.0,0,49,49.0,49,1.0,1.0,1.0,0.4,60,0,0,0,0,0,0,与截面中性化所用行业哑变量同源，传播项可能被正交化吸收；须做去共线消融
2025-06-19,W-ind,industry_cooccurrence,100,2450,0.494949494949495,100,1.0,0,49,49.0,49,1.0,1.0,1.0,0.4,60,0,0,0,0,0,0,与截面中性化所用行业哑变量同源，传播项可能被正交化吸收；须做去共线消融
2025-06-20,W-ind,industry_cooccurrence,100,2450,0.494949494949495,100,1.0,0,49,49.0,49,1.0,1.0,1.0,0.4,60,0,0,0,0,0,0,与截面中性化所用行业哑变量同源，传播项可能被正交化吸收；须做去共线消融
2025-06-23,W-ind,industry_cooccurrence,100,2450,0.494949494949495,100,1.0,0,49,49.0,49,1.0,1.0,1.0,0.4,60,0,0,0,0,0,0,与截面中性化所用行业哑变量同源，传播项可能被正交化吸收；须做去共线消融
2025-06-24,W-ind,industry_cooccurrence,100,2450,0.494949494949495,100,1.0,0,49,49.0,49,1.0,1.0,1.0,0.4,60,0,0,0,0,0,0,与截面中性化所用行业哑变量同源，传播项可能被正交化吸收；须做去共线消融
2025-06-25,W-ind,industry_cooccurrence,100,2450,0.494949494949495,100,1.0,0,49,49.0,49,1.0,1.0,1.0,0.4,60,0,0,0,0,0,0,与截面中性化所用行业哑变量同源，传播项可能被正交化吸收；须做去共线消融
2025-06-26,W-ind,industry_cooccurrence,100,2450,0.494949494949495,100,1.0,0,49,49.0,49,1.0,1.0,1.0,0.4,60,0,0,0,0,0,0,与截面中性化所用行业哑变量同源，传播项可能被正交化吸收；须做去共线消融
2025-06-27,W-ind,industry_cooccurrence,100,2450,0.494949494949495,100,1.0,0,49,49.0,49,1.0,1.0,1.0,0.4,60,0,0,0,0,0,0,与截面中性化所用行业哑变量同源，传播项可能被正交化吸收；须做去共线消融
2025-06-30,W-ind,industry_cooccurrence,100,2450,0.494949494949495,100,1.0,0,49,49.0,49,1.0,1.0,1.0,0.4,60,0,0,0,0,0,0,与截面中性化所用行业哑变量同源，传播项可能被正交化吸收；须做去共线消融
2025-07-01,W-ind,industry_cooccurrence,100,2450,0.494949494949495,100,1.0,0,49,49.0,49,1.0,1.0,1.0,0.4,60,0,0,0,0,0,0,与截面中性化所用行业哑变量同源，传播项可能被正交化吸收；须做去共线消融
2025-07-02,W-ind,industry_cooccurrence,100,2450,0.494949494949495,100,1.0,0,49,49.0,49,1.0,1.0,1.0,0.4,60,0,0,0,0,0,0,与截面中性化所用行业哑变量同源，传播项可能被正交化吸收；须做去共线消融
2025-07-03,W-ind,industry_cooccurrence,100,2450,0.494949494949495,100,1.0,0,49,49.0,49,1.0,1.0,1.0,0.4,60,0,0,0,0,0,0,与截面中性化所用行业哑变量同源，传播项可能被正交化吸收；须做去共线消融
2025-07-04,W-ind,industry_cooccurrence,100,2450,0.494949494949495,100,1.0,0,49,49.0,49,1.0,1.0,1.0,0.4,60,0,0,0,0,0,0,与截面中性化所用行业哑变量同源，传播项可能被正交化吸收；须做去共线消融
2025-07-07,W-ind,industry_cooccurrence,100,2450,0.494949494949495,100,1.0,0,49,49.0,49,1.0,1.0,1.0,0.4,60,0,0,0,0,0,0,与截面中性化所用行业哑变量同源，传播项可能被正交化吸收；须做去共线消融
2025-07-08,W-ind,industry_cooccurrence,100,2450,0.494949494949495,100,1.0,0,49,49.0,49,1.0,1.0,1.0,0.4,60,0,0,0,0,0,0,与截面中性化所用行业哑变量同源，传播项可能被正交化吸收；须做去共线消融
2025-07-09,W-ind,industry_cooccurrence,100,2450,0.494949494949495,100,1.0,0,49,49.0,49,1.0,1.0,1.0,0.4,60,0,0,0,0,0,0,与截面中性化所用行业哑变量同源，传播项可能被正交化吸收；须做去共线消融
2025-07-10,W-ind,industry_cooccurrence,100,2450,0.494949494949495,100,1.0,0,49,49.0,49,1.0,1.0,1.0,0.4,60,0,0,0,0,0,0,与截面中性化所用行业哑变量同源，传播项可能被正交化吸收；须做去共线消融
2025-07-11,W-ind,industry_cooccurrence,100,2450,0.494949494949495,100,1.0,0,49,49.0,49,1.0,1.0,1.0,0.4,60,0,0,0,0,0,0,与截面中性化所用行业哑变量同源，传播项可能被正交化吸收；须做去共线消融
2025-07-14,W-ind,industry_cooccurrence,100,2450,0.494949494949495,100,1.0,0,49,49.0,49,1.0,1.0,1.0,0.4,60,0,0,0,0,0,0,与截面中性化所用行业哑变量同源，传播项可能被正交化吸收；须做去共线消融
2025-07-15,W-ind,industry_cooccurrence,100,2450,0.494949494949495,100,1.0,0,49,49.0,49,1.0,1.0,1.0,0.4,60,0,0,0,0,0,0,与截面中性化所用行业哑变量同源，传播项可能被正交化吸收；须做去共线消融
2025-07-16,W-ind,industry_cooccurrence,100,2450,0.494949494949495,100,1.0,0,49,49.0,49,1.0,1.0,1.0,0.4,60,0,0,0,0,0,0,与截面中性化所用行业哑变量同源，传播项可能被正交化吸收；须做去共线消融
2025-07-17,W-ind,industry_cooccurrence,100,2450,0.494949494949495,100,1.0,0,49,49.0,49,1.0,1.0,1.0,0.4,60,0,0,0,0,0,0,与截面中性化所用行业哑变量同源，传播项可能被正交化吸收；须做去共线消融
2025-07-18,W-ind,industry_cooccurrence,100,2450,0.494949494949495,100,1.0,0,49,49.0,49,1.0,1.0,1.0,0.4,60,0,0,0,0,0,0,与截面中性化所用行业哑变量同源，传播项可能被正交化吸收；须做去共线消融
2025-07-21,W-ind,industry_cooccurrence,100,2450,0.494949494949495,100,1.0,0,49,49.0,49,1.0,1.0,1.0,0.4,60,0,0,0,0,0,0,与截面中性化所用行业哑变量同源，传播项可能被正交化吸收；须做去共线消融
2025-07-22,W-ind,industry_cooccurrence,100,2450,0.494949494949495,100,1.0,0,49,49.0,49,1.0,1.0,1.0,0.4,60,0,0,0,0,0,0,与截面中性化所用行业哑变量同源，传播项可能被正交化吸收；须做去共线消融
2025-07-23,W-ind,industry_cooccurrence,100,2450,0.494949494949495,100,1.0,0,49,49.0,49,1.0,1.0,1.0,0.4,60,0,0,0,0,0,0,与截面中性化所用行业哑变量同源，传播项可能被正交化吸收；须做去共线消融
2025-07-24,W-ind,industry_cooccurrence,100,2450,0.494949494949495,100,1.0,0,49,49.0,49,1.0,1.0,1.0,0.4,60,0,0,0,0,0,0,与截面中性化所用行业哑变量同源，传播项可能被正交化吸收；须做去共线消融
2025-07-25,W-ind,industry_cooccurrence,100,2450,0.494949494949495,100,1.0,0,49,49.0,49,1.0,1.0,1.0,0.4,60,0,0,0,0,0,0,与截面中性化所用行业哑变量同源，传播项可能被正交化吸收；须做去共线消融
2025-07-28,W-ind,industry_cooccurrence,100,2450,0.494949494949495,100,1.0,0,49,49.0,49,1.0,1.0,1.0,0.4,60,0,0,0,0,0,0,与截面中性化所用行业哑变量同源，传播项可能被正交化吸收；须做去共线消融
2025-07-29,W-ind,industry_cooccurrence,100,2450,0.494949494949495,100,1.0,0,49,49.0,49,1.0,1.0,1.0,0.4,60,0,0,0,0,0,0,与截面中性化所用行业哑变量同源，传播项可能被正交化吸收；须做去共线消融
2025-07-30,W-ind,industry_cooccurrence,100,2450,0.494949494949495,100,1.0,0,49,49.0,49,1.0,1.0,1.0,0.4,60,0,0,0,0,0,0,与截面中性化所用行业哑变量同源，传播项可能被正交化吸收；须做去共线消融
2025-07-31,W-ind,industry_cooccurrence,100,2450,0.494949494949495,100,1.0,0,49,49.0,49,1.0,1.0,1.0,0.4,60,0,0,0,0,0,0,与截面中性化所用行业哑变量同源，传播项可能被正交化吸收；须做去共线消融
2025-08-01,W-ind,industry_cooccurrence,100,2450,0.494949494949495,100,1.0,0,49,49.0,49,1.0,1.0,1.0,0.4,60,0,0,0,0,0,0,与截面中性化所用行业哑变量同源，传播项可能被正交化吸收；须做去共线消融
2025-08-04,W-ind,industry_cooccurrence,100,2450,0.494949494949495,100,1.0,0,49,49.0,49,1.0,1.0,1.0,0.4,60,0,0,0,0,0,0,与截面中性化所用行业哑变量同源，传播项可能被正交化吸收；须做去共线消融
2025-08-05,W-ind,industry_cooccurrence,100,2450,0.494949494949495,100,1.0,0,49,49.0,49,1.0,1.0,1.0,0.4,60,0,0,0,0,0,0,与截面中性化所用行业哑变量同源，传播项可能被正交化吸收；须做去共线消融
2025-08-06,W-ind,industry_cooccurrence,100,2450,0.494949494949495,100,1.0,0,49,49.0,49,1.0,1.0,1.0,0.4,60,0,0,0,0,0,0,与截面中性化所用行业哑变量同源，传播项可能被正交化吸收；须做去共线消融
2025-08-07,W-ind,industry_cooccurrence,100,2450,0.494949494949495,100,1.0,0,49,49.0,49,1.0,1.0,1.0,0.4,60,0,0,0,0,0,0,与截面中性化所用行业哑变量同源，传播项可能被正交化吸收；须做去共线消融
2025-08-08,W-ind,industry_cooccurrence,100,2450,0.494949494949495,100,1.0,0,49,49.0,49,1.0,1.0,1.0,0.4,60,0,0,0,0,0,0,与截面中性化所用行业哑变量同源，传播项可能被正交化吸收；须做去共线消融
2025-08-11,W-ind,industry_cooccurrence,100,2450,0.494949494949495,100,1.0,0,49,49.0,49,1.0,1.0,1.0,0.4,60,0,0,0,0,0,0,与截面中性化所用行业哑变量同源，传播项可能被正交化吸收；须做去共线消融
2025-08-12,W-ind,industry_cooccurrence,100,2450,0.494949494949495,100,1.0,0,49,49.0,49,1.0,1.0,1.0,0.4,60,0,0,0,0,0,0,与截面中性化所用行业哑变量同源，传播项可能被正交化吸收；须做去共线消融
2025-08-13,W-ind,industry_cooccurrence,100,2450,0.494949494949495,100,1.0,0,49,49.0,49,1.0,1.0,1.0,0.4,60,0,0,0,0,0,0,与截面中性化所用行业哑变量同源，传播项可能被正交化吸收；须做去共线消融
2025-08-14,W-ind,industry_cooccurrence,100,2450,0.494949494949495,100,1.0,0,49,49.0,49,1.0,1.0,1.0,0.4,60,0,0,0,0,0,0,与截面中性化所用行业哑变量同源，传播项可能被正交化吸收；须做去共线消融
2025-08-15,W-ind,industry_cooccurrence,100,2450,0.494949494949495,100,1.0,0,49,49.0,49,1.0,1.0,1.0,0.4,60,0,0,0,0,0,0,与截面中性化所用行业哑变量同源，传播项可能被正交化吸收；须做去共线消融
2025-08-18,W-ind,industry_cooccurrence,100,2450,0.494949494949495,100,1.0,0,49,49.0,49,1.0,1.0,1.0,0.4,60,0,0,0,0,0,0,与截面中性化所用行业哑变量同源，传播项可能被正交化吸收；须做去共线消融
2025-08-19,W-ind,industry_cooccurrence,100,2450,0.494949494949495,100,1.0,0,49,49.0,49,1.0,1.0,1.0,0.4,60,0,0,0,0,0,0,与截面中性化所用行业哑变量同源，传播项可能被正交化吸收；须做去共线消融
2025-08-20,W-ind,industry_cooccurrence,100,2450,0.494949494949495,100,1.0,0,49,49.0,49,1.0,1.0,1.0,0.4,60,0,0,0,0,0,0,与截面中性化所用行业哑变量同源，传播项可能被正交化吸收；须做去共线消融
2025-08-21,W-ind,industry_cooccurrence,100,2450,0.494949494949495,100,1.0,0,49,49.0,49,1.0,1.0,1.0,0.4,60,0,0,0,0,0,0,与截面中性化所用行业哑变量同源，传播项可能被正交化吸收；须做去共线消融
2025-08-22,W-ind,industry_cooccurrence,100,2450,0.494949494949495,100,1.0,0,49,49.0,49,1.0,1.0,1.0,0.4,60,0,0,0,0,0,0,与截面中性化所用行业哑变量同源，传播项可能被正交化吸收；须做去共线消融
2025-08-25,W-ind,industry_cooccurrence,100,2450,0.494949494949495,100,1.0,0,49,49.0,49,1.0,1.0,1.0,0.4,60,0,0,0,0,0,0,与截面中性化所用行业哑变量同源，传播项可能被正交化吸收；须做去共线消融
2025-08-26,W-ind,industry_cooccurrence,100,2450,0.494949494949495,100,1.0,0,49,49.0,49,1.0,1.0,1.0,0.4,60,0,0,0,0,0,0,与截面中性化所用行业哑变量同源，传播项可能被正交化吸收；须做去共线消融
2025-08-27,W-ind,industry_cooccurrence,100,2450,0.494949494949495,100,1.0,0,49,49.0,49,1.0,1.0,1.0,0.4,60,0,0,0,0,0,0,与截面中性化所用行业哑变量同源，传播项可能被正交化吸收；须做去共线消融
2025-08-28,W-ind,industry_cooccurrence,100,2450,0.494949494949495,100,1.0,0,49,49.0,49,1.0,1.0,1.0,0.4,60,0,0,0,0,0,0,与截面中性化所用行业哑变量同源，传播项可能被正交化吸收；须做去共线消融
2025-08-29,W-ind,industry_cooccurrence,100,2450,0.494949494949495,100,1.0,0,49,49.0,49,1.0,1.0,1.0,0.4,60,0,0,0,0,0,0,与截面中性化所用行业哑变量同源，传播项可能被正交化吸收；须做去共线消融
2025-09-01,W-ind,industry_cooccurrence,100,2450,0.494949494949495,100,1.0,0,49,49.0,49,1.0,1.0,1.0,0.4,60,0,0,0,0,0,0,与截面中性化所用行业哑变量同源，传播项可能被正交化吸收；须做去共线消融
2025-09-02,W-ind,industry_cooccurrence,100,2450,0.494949494949495,100,1.0,0,49,49.0,49,1.0,1.0,1.0,0.4,60,0,0,0,0,0,0,与截面中性化所用行业哑变量同源，传播项可能被正交化吸收；须做去共线消融
2025-09-03,W-ind,industry_cooccurrence,100,2450,0.494949494949495,100,1.0,0,49,49.0,49,1.0,1.0,1.0,0.4,60,0,0,0,0,0,0,与截面中性化所用行业哑变量同源，传播项可能被正交化吸收；须做去共线消融
2025-09-04,W-ind,industry_cooccurrence,100,2450,0.494949494949495,100,1.0,0,49,49.0,49,1.0,1.0,1.0,0.4,60,0,0,0,0,0,0,与截面中性化所用行业哑变量同源，传播项可能被正交化吸收；须做去共线消融
2025-09-05,W-ind,industry_cooccurrence,100,2450,0.494949494949495,100,1.0,0,49,49.0,49,1.0,1.0,1.0,0.4,60,0,0,0,0,0,0,与截面中性化所用行业哑变量同源，传播项可能被正交化吸收；须做去共线消融
2025-09-08,W-ind,industry_cooccurrence,100,2450,0.494949494949495,100,1.0,0,49,49.0,49,1.0,1.0,1.0,0.4,60,0,0,0,0,0,0,与截面中性化所用行业哑变量同源，传播项可能被正交化吸收；须做去共线消融
2025-09-09,W-ind,industry_cooccurrence,100,2450,0.494949494949495,100,1.0,0,49,49.0,49,1.0,1.0,1.0,0.4,60,0,0,0,0,0,0,与截面中性化所用行业哑变量同源，传播项可能被正交化吸收；须做去共线消融
2025-09-10,W-ind,industry_cooccurrence,100,2450,0.494949494949495,100,1.0,0,49,49.0,49,1.0,1.0,1.0,0.4,60,0,0,0,0,0,0,与截面中性化所用行业哑变量同源，传播项可能被正交化吸收；须做去共线消融
2025-09-11,W-ind,industry_cooccurrence,100,2450,0.494949494949495,100,1.0,0,49,49.0,49,1.0,1.0,1.0,0.4,60,0,0,0,0,0,0,与截面中性化所用行业哑变量同源，传播项可能被正交化吸收；须做去共线消融
2025-09-12,W-ind,industry_cooccurrence,100,2450,0.494949494949495,100,1.0,0,49,49.0,49,1.0,1.0,1.0,0.4,60,0,0,0,0,0,0,与截面中性化所用行业哑变量同源，传播项可能被正交化吸收；须做去共线消融
2025-09-15,W-ind,industry_cooccurrence,100,2450,0.494949494949495,100,1.0,0,49,49.0,49,1.0,1.0,1.0,0.4,60,0,0,0,0,0,0,与截面中性化所用行业哑变量同源，传播项可能被正交化吸收；须做去共线消融
2025-09-16,W-ind,industry_cooccurrence,100,2450,0.494949494949495,100,1.0,0,49,49.0,49,1.0,1.0,1.0,0.4,60,0,0,0,0,0,0,与截面中性化所用行业哑变量同源，传播项可能被正交化吸收；须做去共线消融
2025-09-17,W-ind,industry_cooccurrence,100,2450,0.494949494949495,100,1.0,0,49,49.0,49,1.0,1.0,1.0,0.4,60,0,0,0,0,0,0,与截面中性化所用行业哑变量同源，传播项可能被正交化吸收；须做去共线消融
2025-09-18,W-ind,industry_cooccurrence,100,2450,0.494949494949495,100,1.0,0,49,49.0,49,1.0,1.0,1.0,0.4,60,0,0,0,0,0,0,与截面中性化所用行业哑变量同源，传播项可能被正交化吸收；须做去共线消融
2025-09-19,W-ind,industry_cooccurrence,100,2450,0.494949494949495,100,1.0,0,49,49.0,49,1.0,1.0,1.0,0.4,60,0,0,0,0,0,0,与截面中性化所用行业哑变量同源，传播项可能被正交化吸收；须做去共线消融
2025-09-22,W-ind,industry_cooccurrence,100,2450,0.494949494949495,100,1.0,0,49,49.0,49,1.0,1.0,1.0,0.4,60,0,0,0,0,0,0,与截面中性化所用行业哑变量同源，传播项可能被正交化吸收；须做去共线消融
2025-09-23,W-ind,industry_cooccurrence,100,2450,0.494949494949495,100,1.0,0,49,49.0,49,1.0,1.0,1.0,0.4,60,0,0,0,0,0,0,与截面中性化所用行业哑变量同源，传播项可能被正交化吸收；须做去共线消融
2025-09-24,W-ind,industry_cooccurrence,100,2450,0.494949494949495,100,1.0,0,49,49.0,49,1.0,1.0,1.0,0.4,60,0,0,0,0,0,0,与截面中性化所用行业哑变量同源，传播项可能被正交化吸收；须做去共线消融
2025-09-25,W-ind,industry_cooccurrence,100,2450,0.494949494949495,100,1.0,0,49,49.0,49,1.0,1.0,1.0,0.4,60,0,0,0,0,0,0,与截面中性化所用行业哑变量同源，传播项可能被正交化吸收；须做去共线消融
2025-09-26,W-ind,industry_cooccurrence,100,2450,0.494949494949495,100,1.0,0,49,49.0,49,1.0,1.0,1.0,0.4,60,0,0,0,0,0,0,与截面中性化所用行业哑变量同源，传播项可能被正交化吸收；须做去共线消融
2025-09-29,W-ind,industry_cooccurrence,100,2450,0.494949494949495,100,1.0,0,49,49.0,49,1.0,1.0,1.0,0.4,60,0,0,0,0,0,0,与截面中性化所用行业哑变量同源，传播项可能被正交化吸收；须做去共线消融
2025-09-30,W-ind,industry_cooccurrence,100,2450,0.494949494949495,100,1.0,0,49,49.0,49,1.0,1.0,1.0,0.4,60,0,0,0,0,0,0,与截面中性化所用行业哑变量同源，传播项可能被正交化吸收；须做去共线消融
2025-10-09,W-ind,industry_cooccurrence,100,2450,0.494949494949495,100,1.0,0,49,49.0,49,1.0,1.0,1.0,0.4,60,0,0,0,0,0,0,与截面中性化所用行业哑变量同源，传播项可能被正交化吸收；须做去共线消融
2025-10-10,W-ind,industry_cooccurrence,100,2450,0.494949494949495,100,1.0,0,49,49.0,49,1.0,1.0,1.0,0.4,60,0,0,0,0,0,0,与截面中性化所用行业哑变量同源，传播项可能被正交化吸收；须做去共线消融
2025-10-13,W-ind,industry_cooccurrence,100,2450,0.494949494949495,100,1.0,0,49,49.0,49,1.0,1.0,1.0,0.4,60,0,0,0,0,0,0,与截面中性化所用行业哑变量同源，传播项可能被正交化吸收；须做去共线消融
2025-10-14,W-ind,industry_cooccurrence,100,2450,0.494949494949495,100,1.0,0,49,49.0,49,1.0,1.0,1.0,0.4,60,0,0,0,0,0,0,与截面中性化所用行业哑变量同源，传播项可能被正交化吸收；须做去共线消融
2025-10-15,W-ind,industry_cooccurrence,100,2450,0.494949494949495,100,1.0,0,49,49.0,49,1.0,1.0,1.0,0.4,60,0,0,0,0,0,0,与截面中性化所用行业哑变量同源，传播项可能被正交化吸收；须做去共线消融
2025-10-16,W-ind,industry_cooccurrence,100,2450,0.494949494949495,100,1.0,0,49,49.0,49,1.0,1.0,1.0,0.4,60,0,0,0,0,0,0,与截面中性化所用行业哑变量同源，传播项可能被正交化吸收；须做去共线消融
2025-10-17,W-ind,industry_cooccurrence,100,2450,0.494949494949495,100,1.0,0,49,49.0,49,1.0,1.0,1.0,0.4,60,0,0,0,0,0,0,与截面中性化所用行业哑变量同源，传播项可能被正交化吸收；须做去共线消融
2025-10-20,W-ind,industry_cooccurrence,100,2450,0.494949494949495,100,1.0,0,49,49.0,49,1.0,1.0,1.0,0.4,60,0,0,0,0,0,0,与截面中性化所用行业哑变量同源，传播项可能被正交化吸收；须做去共线消融
2025-10-21,W-ind,industry_cooccurrence,100,2450,0.494949494949495,100,1.0,0,49,49.0,49,1.0,1.0,1.0,0.4,60,0,0,0,0,0,0,与截面中性化所用行业哑变量同源，传播项可能被正交化吸收；须做去共线消融
2025-10-22,W-ind,industry_cooccurrence,100,2450,0.494949494949495,100,1.0,0,49,49.0,49,1.0,1.0,1.0,0.4,60,0,0,0,0,0,0,与截面中性化所用行业哑变量同源，传播项可能被正交化吸收；须做去共线消融
2025-10-23,W-ind,industry_cooccurrence,100,2450,0.494949494949495,100,1.0,0,49,49.0,49,1.0,1.0,1.0,0.4,60,0,0,0,0,0,0,与截面中性化所用行业哑变量同源，传播项可能被正交化吸收；须做去共线消融
2025-10-24,W-ind,industry_cooccurrence,100,2450,0.494949494949495,100,1.0,0,49,49.0,49,1.0,1.0,1.0,0.4,60,0,0,0,0,0,0,与截面中性化所用行业哑变量同源，传播项可能被正交化吸收；须做去共线消融
2025-10-27,W-ind,industry_cooccurrence,100,2450,0.494949494949495,100,1.0,0,49,49.0,49,1.0,1.0,1.0,0.4,60,0,0,0,0,0,0,与截面中性化所用行业哑变量同源，传播项可能被正交化吸收；须做去共线消融
2025-10-28,W-ind,industry_cooccurrence,100,2450,0.494949494949495,100,1.0,0,49,49.0,49,1.0,1.0,1.0,0.4,60,0,0,0,0,0,0,与截面中性化所用行业哑变量同源，传播项可能被正交化吸收；须做去共线消融
2025-10-29,W-ind,industry_cooccurrence,100,2450,0.494949494949495,100,1.0,0,49,49.0,49,1.0,1.0,1.0,0.4,60,0,0,0,0,0,0,与截面中性化所用行业哑变量同源，传播项可能被正交化吸收；须做去共线消融
2025-10-30,W-ind,industry_cooccurrence,100,2450,0.494949494949495,100,1.0,0,49,49.0,49,1.0,1.0,1.0,0.4,60,0,0,0,0,0,0,与截面中性化所用行业哑变量同源，传播项可能被正交化吸收；须做去共线消融
2025-10-31,W-ind,industry_cooccurrence,100,2450,0.494949494949495,100,1.0,0,49,49.0,49,1.0,1.0,1.0,0.4,60,0,0,0,0,0,0,与截面中性化所用行业哑变量同源，传播项可能被正交化吸收；须做去共线消融
2025-11-03,W-ind,industry_cooccurrence,100,2450,0.494949494949495,100,1.0,0,49,49.0,49,1.0,1.0,1.0,0.4,60,0,0,0,0,0,0,与截面中性化所用行业哑变量同源，传播项可能被正交化吸收；须做去共线消融
2025-11-04,W-ind,industry_cooccurrence,100,2450,0.494949494949495,100,1.0,0,49,49.0,49,1.0,1.0,1.0,0.4,60,0,0,0,0,0,0,与截面中性化所用行业哑变量同源，传播项可能被正交化吸收；须做去共线消融
2025-11-05,W-ind,industry_cooccurrence,100,2450,0.494949494949495,100,1.0,0,49,49.0,49,1.0,1.0,1.0,0.4,60,0,0,0,0,0,0,与截面中性化所用行业哑变量同源，传播项可能被正交化吸收；须做去共线消融
2025-11-06,W-ind,industry_cooccurrence,100,2450,0.494949494949495,100,1.0,0,49,49.0,49,1.0,1.0,1.0,0.4,60,0,0,0,0,0,0,与截面中性化所用行业哑变量同源，传播项可能被正交化吸收；须做去共线消融
2025-11-07,W-ind,industry_cooccurrence,100,2450,0.494949494949495,100,1.0,0,49,49.0,49,1.0,1.0,1.0,0.4,60,0,0,0,0,0,0,与截面中性化所用行业哑变量同源，传播项可能被正交化吸收；须做去共线消融
2025-11-10,W-ind,industry_cooccurrence,100,2450,0.494949494949495,100,1.0,0,49,49.0,49,1.0,1.0,1.0,0.4,60,0,0,0,0,0,0,与截面中性化所用行业哑变量同源，传播项可能被正交化吸收；须做去共线消融
2025-11-11,W-ind,industry_cooccurrence,100,2450,0.494949494949495,100,1.0,0,49,49.0,49,1.0,1.0,1.0,0.4,60,0,0,0,0,0,0,与截面中性化所用行业哑变量同源，传播项可能被正交化吸收；须做去共线消融
2025-11-12,W-ind,industry_cooccurrence,100,2450,0.494949494949495,100,1.0,0,49,49.0,49,1.0,1.0,1.0,0.4,60,0,0,0,0,0,0,与截面中性化所用行业哑变量同源，传播项可能被正交化吸收；须做去共线消融
2025-11-13,W-ind,industry_cooccurrence,100,2450,0.494949494949495,100,1.0,0,49,49.0,49,1.0,1.0,1.0,0.4,60,0,0,0,0,0,0,与截面中性化所用行业哑变量同源，传播项可能被正交化吸收；须做去共线消融
2025-11-14,W-ind,industry_cooccurrence,100,2450,0.494949494949495,100,1.0,0,49,49.0,49,1.0,1.0,1.0,0.4,60,0,0,0,0,0,0,与截面中性化所用行业哑变量同源，传播项可能被正交化吸收；须做去共线消融
2025-11-17,W-ind,industry_cooccurrence,100,2450,0.494949494949495,100,1.0,0,49,49.0,49,1.0,1.0,1.0,0.4,60,0,0,0,0,0,0,与截面中性化所用行业哑变量同源，传播项可能被正交化吸收；须做去共线消融
2025-11-18,W-ind,industry_cooccurrence,100,2450,0.494949494949495,100,1.0,0,49,49.0,49,1.0,1.0,1.0,0.4,60,0,0,0,0,0,0,与截面中性化所用行业哑变量同源，传播项可能被正交化吸收；须做去共线消融
2025-11-19,W-ind,industry_cooccurrence,100,2450,0.494949494949495,100,1.0,0,49,49.0,49,1.0,1.0,1.0,0.4,60,0,0,0,0,0,0,与截面中性化所用行业哑变量同源，传播项可能被正交化吸收；须做去共线消融
2025-11-20,W-ind,industry_cooccurrence,100,2450,0.494949494949495,100,1.0,0,49,49.0,49,1.0,1.0,1.0,0.4,60,0,0,0,0,0,0,与截面中性化所用行业哑变量同源，传播项可能被正交化吸收；须做去共线消融
2025-11-21,W-ind,industry_cooccurrence,100,2450,0.494949494949495,100,1.0,0,49,49.0,49,1.0,1.0,1.0,0.4,60,0,0,0,0,0,0,与截面中性化所用行业哑变量同源，传播项可能被正交化吸收；须做去共线消融
2025-11-24,W-ind,industry_cooccurrence,100,2450,0.494949494949495,100,1.0,0,49,49.0,49,1.0,1.0,1.0,0.4,60,0,0,0,0,0,0,与截面中性化所用行业哑变量同源，传播项可能被正交化吸收；须做去共线消融
2025-11-25,W-ind,industry_cooccurrence,100,2450,0.494949494949495,100,1.0,0,49,49.0,49,1.0,1.0,1.0,0.4,60,0,0,0,0,0,0,与截面中性化所用行业哑变量同源，传播项可能被正交化吸收；须做去共线消融
2025-11-26,W-ind,industry_cooccurrence,100,2450,0.494949494949495,100,1.0,0,49,49.0,49,1.0,1.0,1.0,0.4,60,0,0,0,0,0,0,与截面中性化所用行业哑变量同源，传播项可能被正交化吸收；须做去共线消融
2025-11-27,W-ind,industry_cooccurrence,100,2450,0.494949494949495,100,1.0,0,49,49.0,49,1.0,1.0,1.0,0.4,60,0,0,0,0,0,0,与截面中性化所用行业哑变量同源，传播项可能被正交化吸收；须做去共线消融
2025-11-28,W-ind,industry_cooccurrence,100,2450,0.494949494949495,100,1.0,0,49,49.0,49,1.0,1.0,1.0,0.4,60,0,0,0,0,0,0,与截面中性化所用行业哑变量同源，传播项可能被正交化吸收；须做去共线消融
2025-12-01,W-ind,industry_cooccurrence,100,2450,0.494949494949495,100,1.0,0,49,49.0,49,1.0,1.0,1.0,0.4,60,0,0,0,0,0,0,与截面中性化所用行业哑变量同源，传播项可能被正交化吸收；须做去共线消融
2025-12-02,W-ind,industry_cooccurrence,100,2450,0.494949494949495,100,1.0,0,49,49.0,49,1.0,1.0,1.0,0.4,60,0,0,0,0,0,0,与截面中性化所用行业哑变量同源，传播项可能被正交化吸收；须做去共线消融
2025-12-03,W-ind,industry_cooccurrence,100,2450,0.494949494949495,100,1.0,0,49,49.0,49,1.0,1.0,1.0,0.4,60,0,0,0,0,0,0,与截面中性化所用行业哑变量同源，传播项可能被正交化吸收；须做去共线消融
2025-12-04,W-ind,industry_cooccurrence,100,2450,0.494949494949495,100,1.0,0,49,49.0,49,1.0,1.0,1.0,0.4,60,0,0,0,0,0,0,与截面中性化所用行业哑变量同源，传播项可能被正交化吸收；须做去共线消融
2025-12-05,W-ind,industry_cooccurrence,100,2450,0.494949494949495,100,1.0,0,49,49.0,49,1.0,1.0,1.0,0.4,60,0,0,0,0,0,0,与截面中性化所用行业哑变量同源，传播项可能被正交化吸收；须做去共线消融
2025-12-08,W-ind,industry_cooccurrence,100,2450,0.494949494949495,100,1.0,0,49,49.0,49,1.0,1.0,1.0,0.4,60,0,0,0,0,0,0,与截面中性化所用行业哑变量同源，传播项可能被正交化吸收；须做去共线消融
2025-12-09,W-ind,industry_cooccurrence,100,2450,0.494949494949495,100,1.0,0,49,49.0,49,1.0,1.0,1.0,0.4,60,0,0,0,0,0,0,与截面中性化所用行业哑变量同源，传播项可能被正交化吸收；须做去共线消融
2025-12-10,W-ind,industry_cooccurrence,100,2450,0.494949494949495,100,1.0,0,49,49.0,49,1.0,1.0,1.0,0.4,60,0,0,0,0,0,0,与截面中性化所用行业哑变量同源，传播项可能被正交化吸收；须做去共线消融
2025-12-11,W-ind,industry_cooccurrence,100,2450,0.494949494949495,100,1.0,0,49,49.0,49,1.0,1.0,1.0,0.4,60,0,0,0,0,0,0,与截面中性化所用行业哑变量同源，传播项可能被正交化吸收；须做去共线消融
2025-12-12,W-ind,industry_cooccurrence,100,2450,0.494949494949495,100,1.0,0,49,49.0,49,1.0,1.0,1.0,0.4,60,0,0,0,0,0,0,与截面中性化所用行业哑变量同源，传播项可能被正交化吸收；须做去共线消融
2025-12-15,W-ind,industry_cooccurrence,100,2450,0.494949494949495,100,1.0,0,49,49.0,49,1.0,1.0,1.0,0.4,60,0,0,0,0,0,0,与截面中性化所用行业哑变量同源，传播项可能被正交化吸收；须做去共线消融
2025-12-16,W-ind,industry_cooccurrence,100,2450,0.494949494949495,100,1.0,0,49,49.0,49,1.0,1.0,1.0,0.4,60,0,0,0,0,0,0,与截面中性化所用行业哑变量同源，传播项可能被正交化吸收；须做去共线消融
2025-12-17,W-ind,industry_cooccurrence,100,2450,0.494949494949495,100,1.0,0,49,49.0,49,1.0,1.0,1.0,0.4,60,0,0,0,0,0,0,与截面中性化所用行业哑变量同源，传播项可能被正交化吸收；须做去共线消融
2025-12-18,W-ind,industry_cooccurrence,100,2450,0.494949494949495,100,1.0,0,49,49.0,49,1.0,1.0,1.0,0.4,60,0,0,0,0,0,0,与截面中性化所用行业哑变量同源，传播项可能被正交化吸收；须做去共线消融
2025-12-19,W-ind,industry_cooccurrence,100,2450,0.494949494949495,100,1.0,0,49,49.0,49,1.0,1.0,1.0,0.4,60,0,0,0,0,0,0,与截面中性化所用行业哑变量同源，传播项可能被正交化吸收；须做去共线消融
2025-12-22,W-ind,industry_cooccurrence,100,2450,0.494949494949495,100,1.0,0,49,49.0,49,1.0,1.0,1.0,0.4,60,0,0,0,0,0,0,与截面中性化所用行业哑变量同源，传播项可能被正交化吸收；须做去共线消融
2025-12-23,W-ind,industry_cooccurrence,100,2450,0.494949494949495,100,1.0,0,49,49.0,49,1.0,1.0,1.0,0.4,60,0,0,0,0,0,0,与截面中性化所用行业哑变量同源，传播项可能被正交化吸收；须做去共线消融
2025-12-24,W-ind,industry_cooccurrence,100,2450,0.494949494949495,100,1.0,0,49,49.0,49,1.0,1.0,1.0,0.4,60,0,0,0,0,0,0,与截面中性化所用行业哑变量同源，传播项可能被正交化吸收；须做去共线消融
2025-12-25,W-ind,industry_cooccurrence,100,2450,0.494949494949495,100,1.0,0,49,49.0,49,1.0,1.0,1.0,0.4,60,0,0,0,0,0,0,与截面中性化所用行业哑变量同源，传播项可能被正交化吸收；须做去共线消融
2025-12-26,W-ind,industry_cooccurrence,100,2450,0.494949494949495,100,1.0,0,49,49.0,49,1.0,1.0,1.0,0.4,60,0,0,0,0,0,0,与截面中性化所用行业哑变量同源，传播项可能被正交化吸收；须做去共线消融
2025-12-29,W-ind,industry_cooccurrence,100,2450,0.494949494949495,100,1.0,0,49,49.0,49,1.0,1.0,1.0,0.4,60,0,0,0,0,0,0,与截面中性化所用行业哑变量同源，传播项可能被正交化吸收；须做去共线消融
2025-12-30,W-ind,industry_cooccurrence,100,2450,0.494949494949495,100,1.0,0,49,49.0,49,1.0,1.0,1.0,0.4,60,0,0,0,0,0,0,与截面中性化所用行业哑变量同源，传播项可能被正交化吸收；须做去共线消融
2025-12-31,W-ind,industry_cooccurrence,100,2450,0.494949494949495,100,1.0,0,49,49.0,49,1.0,1.0,1.0,0.4,60,0,0,0,0,0,0,与截面中性化所用行业哑变量同源，传播项可能被正交化吸收；须做去共线消融
2026-01-05,W-ind,industry_cooccurrence,100,2450,0.494949494949495,100,1.0,0,49,49.0,49,1.0,1.0,1.0,0.4,60,0,0,0,0,0,0,与截面中性化所用行业哑变量同源，传播项可能被正交化吸收；须做去共线消融
2026-01-06,W-ind,industry_cooccurrence,100,2450,0.494949494949495,100,1.0,0,49,49.0,49,1.0,1.0,1.0,0.4,60,0,0,0,0,0,0,与截面中性化所用行业哑变量同源，传播项可能被正交化吸收；须做去共线消融
2026-01-07,W-ind,industry_cooccurrence,100,2450,0.494949494949495,100,1.0,0,49,49.0,49,1.0,1.0,1.0,0.4,60,0,0,0,0,0,0,与截面中性化所用行业哑变量同源，传播项可能被正交化吸收；须做去共线消融
2026-01-08,W-ind,industry_cooccurrence,100,2450,0.494949494949495,100,1.0,0,49,49.0,49,1.0,1.0,1.0,0.4,60,0,0,0,0,0,0,与截面中性化所用行业哑变量同源，传播项可能被正交化吸收；须做去共线消融
2026-01-09,W-ind,industry_cooccurrence,100,2450,0.494949494949495,100,1.0,0,49,49.0,49,1.0,1.0,1.0,0.4,60,0,0,0,0,0,0,与截面中性化所用行业哑变量同源，传播项可能被正交化吸收；须做去共线消融
2026-01-12,W-ind,industry_cooccurrence,100,2450,0.494949494949495,100,1.0,0,49,49.0,49,1.0,1.0,1.0,0.4,60,0,0,0,0,0,0,与截面中性化所用行业哑变量同源，传播项可能被正交化吸收；须做去共线消融
2026-01-13,W-ind,industry_cooccurrence,100,2450,0.494949494949495,100,1.0,0,49,49.0,49,1.0,1.0,1.0,0.4,60,0,0,0,0,0,0,与截面中性化所用行业哑变量同源，传播项可能被正交化吸收；须做去共线消融
2026-01-14,W-ind,industry_cooccurrence,100,2450,0.494949494949495,100,1.0,0,49,49.0,49,1.0,1.0,1.0,0.4,60,0,0,0,0,0,0,与截面中性化所用行业哑变量同源，传播项可能被正交化吸收；须做去共线消融
2026-01-15,W-ind,industry_cooccurrence,100,2450,0.494949494949495,100,1.0,0,49,49.0,49,1.0,1.0,1.0,0.4,60,0,0,0,0,0,0,与截面中性化所用行业哑变量同源，传播项可能被正交化吸收；须做去共线消融
2026-01-16,W-ind,industry_cooccurrence,100,2450,0.494949494949495,100,1.0,0,49,49.0,49,1.0,1.0,1.0,0.4,60,0,0,0,0,0,0,与截面中性化所用行业哑变量同源，传播项可能被正交化吸收；须做去共线消融
2026-01-19,W-ind,industry_cooccurrence,100,2450,0.494949494949495,100,1.0,0,49,49.0,49,1.0,1.0,1.0,0.4,60,0,0,0,0,0,0,与截面中性化所用行业哑变量同源，传播项可能被正交化吸收；须做去共线消融
2026-01-20,W-ind,industry_cooccurrence,100,2450,0.494949494949495,100,1.0,0,49,49.0,49,1.0,1.0,1.0,0.4,60,0,0,0,0,0,0,与截面中性化所用行业哑变量同源，传播项可能被正交化吸收；须做去共线消融
2026-01-21,W-ind,industry_cooccurrence,100,2450,0.494949494949495,100,1.0,0,49,49.0,49,1.0,1.0,1.0,0.4,60,0,0,0,0,0,0,与截面中性化所用行业哑变量同源，传播项可能被正交化吸收；须做去共线消融
2026-01-22,W-ind,industry_cooccurrence,100,2450,0.494949494949495,100,1.0,0,49,49.0,49,1.0,1.0,1.0,0.4,60,0,0,0,0,0,0,与截面中性化所用行业哑变量同源，传播项可能被正交化吸收；须做去共线消融
2026-01-23,W-ind,industry_cooccurrence,100,2450,0.494949494949495,100,1.0,0,49,49.0,49,1.0,1.0,1.0,0.4,60,0,0,0,0,0,0,与截面中性化所用行业哑变量同源，传播项可能被正交化吸收；须做去共线消融
2026-01-26,W-ind,industry_cooccurrence,100,2450,0.494949494949495,100,1.0,0,49,49.0,49,1.0,1.0,1.0,0.4,60,0,0,0,0,0,0,与截面中性化所用行业哑变量同源，传播项可能被正交化吸收；须做去共线消融
2026-01-27,W-ind,industry_cooccurrence,100,2450,0.494949494949495,100,1.0,0,49,49.0,49,1.0,1.0,1.0,0.4,60,0,0,0,0,0,0,与截面中性化所用行业哑变量同源，传播项可能被正交化吸收；须做去共线消融
2026-01-28,W-ind,industry_cooccurrence,100,2450,0.494949494949495,100,1.0,0,49,49.0,49,1.0,1.0,1.0,0.4,60,0,0,0,0,0,0,与截面中性化所用行业哑变量同源，传播项可能被正交化吸收；须做去共线消融
2026-01-29,W-ind,industry_cooccurrence,100,2450,0.494949494949495,100,1.0,0,49,49.0,49,1.0,1.0,1.0,0.4,60,0,0,0,0,0,0,与截面中性化所用行业哑变量同源，传播项可能被正交化吸收；须做去共线消融
2026-01-30,W-ind,industry_cooccurrence,100,2450,0.494949494949495,100,1.0,0,49,49.0,49,1.0,1.0,1.0,0.4,60,0,0,0,0,0,0,与截面中性化所用行业哑变量同源，传播项可能被正交化吸收；须做去共线消融
2026-02-02,W-ind,industry_cooccurrence,100,2450,0.494949494949495,100,1.0,0,49,49.0,49,1.0,1.0,1.0,0.4,60,0,0,0,0,0,0,与截面中性化所用行业哑变量同源，传播项可能被正交化吸收；须做去共线消融
2026-02-03,W-ind,industry_cooccurrence,100,2450,0.494949494949495,100,1.0,0,49,49.0,49,1.0,1.0,1.0,0.4,60,0,0,0,0,0,0,与截面中性化所用行业哑变量同源，传播项可能被正交化吸收；须做去共线消融
2026-02-04,W-ind,industry_cooccurrence,100,2450,0.494949494949495,100,1.0,0,49,49.0,49,1.0,1.0,1.0,0.4,60,0,0,0,0,0,0,与截面中性化所用行业哑变量同源，传播项可能被正交化吸收；须做去共线消融
2026-02-05,W-ind,industry_cooccurrence,100,2450,0.494949494949495,100,1.0,0,49,49.0,49,1.0,1.0,1.0,0.4,60,0,0,0,0,0,0,与截面中性化所用行业哑变量同源，传播项可能被正交化吸收；须做去共线消融
2026-02-06,W-ind,industry_cooccurrence,100,2450,0.494949494949495,100,1.0,0,49,49.0,49,1.0,1.0,1.0,0.4,60,0,0,0,0,0,0,与截面中性化所用行业哑变量同源，传播项可能被正交化吸收；须做去共线消融
2026-02-09,W-ind,industry_cooccurrence,100,2450,0.494949494949495,100,1.0,0,49,49.0,49,1.0,1.0,1.0,0.4,60,0,0,0,0,0,0,与截面中性化所用行业哑变量同源，传播项可能被正交化吸收；须做去共线消融
2026-02-10,W-ind,industry_cooccurrence,100,2450,0.494949494949495,100,1.0,0,49,49.0,49,1.0,1.0,1.0,0.4,60,0,0,0,0,0,0,与截面中性化所用行业哑变量同源，传播项可能被正交化吸收；须做去共线消融
2026-02-11,W-ind,industry_cooccurrence,100,2450,0.494949494949495,100,1.0,0,49,49.0,49,1.0,1.0,1.0,0.4,60,0,0,0,0,0,0,与截面中性化所用行业哑变量同源，传播项可能被正交化吸收；须做去共线消融
2026-02-12,W-ind,industry_cooccurrence,100,2450,0.494949494949495,100,1.0,0,49,49.0,49,1.0,1.0,1.0,0.4,60,0,0,0,0,0,0,与截面中性化所用行业哑变量同源，传播项可能被正交化吸收；须做去共线消融
2026-02-13,W-ind,industry_cooccurrence,100,2450,0.494949494949495,100,1.0,0,49,49.0,49,1.0,1.0,1.0,0.4,60,0,0,0,0,0,0,与截面中性化所用行业哑变量同源，传播项可能被正交化吸收；须做去共线消融
2026-02-24,W-ind,industry_cooccurrence,100,2450,0.494949494949495,100,1.0,0,49,49.0,49,1.0,1.0,1.0,0.4,60,0,0,0,0,0,0,与截面中性化所用行业哑变量同源，传播项可能被正交化吸收；须做去共线消融
2026-02-25,W-ind,industry_cooccurrence,100,2450,0.494949494949495,100,1.0,0,49,49.0,49,1.0,1.0,1.0,0.4,60,0,0,0,0,0,0,与截面中性化所用行业哑变量同源，传播项可能被正交化吸收；须做去共线消融
2026-02-26,W-ind,industry_cooccurrence,100,2450,0.494949494949495,100,1.0,0,49,49.0,49,1.0,1.0,1.0,0.4,60,0,0,0,0,0,0,与截面中性化所用行业哑变量同源，传播项可能被正交化吸收；须做去共线消融
2026-02-27,W-ind,industry_cooccurrence,100,2450,0.494949494949495,100,1.0,0,49,49.0,49,1.0,1.0,1.0,0.4,60,0,0,0,0,0,0,与截面中性化所用行业哑变量同源，传播项可能被正交化吸收；须做去共线消融
2026-03-02,W-ind,industry_cooccurrence,100,2450,0.494949494949495,100,1.0,0,49,49.0,49,1.0,1.0,1.0,0.4,60,0,0,0,0,0,0,与截面中性化所用行业哑变量同源，传播项可能被正交化吸收；须做去共线消融
2026-03-03,W-ind,industry_cooccurrence,100,2450,0.494949494949495,100,1.0,0,49,49.0,49,1.0,1.0,1.0,0.4,60,0,0,0,0,0,0,与截面中性化所用行业哑变量同源，传播项可能被正交化吸收；须做去共线消融
2026-03-04,W-ind,industry_cooccurrence,100,2450,0.494949494949495,100,1.0,0,49,49.0,49,1.0,1.0,1.0,0.4,60,0,0,0,0,0,0,与截面中性化所用行业哑变量同源，传播项可能被正交化吸收；须做去共线消融
2026-03-05,W-ind,industry_cooccurrence,100,2450,0.494949494949495,100,1.0,0,49,49.0,49,1.0,1.0,1.0,0.4,60,0,0,0,0,0,0,与截面中性化所用行业哑变量同源，传播项可能被正交化吸收；须做去共线消融
2026-03-06,W-ind,industry_cooccurrence,100,2450,0.494949494949495,100,1.0,0,49,49.0,49,1.0,1.0,1.0,0.4,60,0,0,0,0,0,0,与截面中性化所用行业哑变量同源，传播项可能被正交化吸收；须做去共线消融
2026-03-09,W-ind,industry_cooccurrence,100,2450,0.494949494949495,100,1.0,0,49,49.0,49,1.0,1.0,1.0,0.4,60,0,0,0,0,0,0,与截面中性化所用行业哑变量同源，传播项可能被正交化吸收；须做去共线消融
2026-03-10,W-ind,industry_cooccurrence,100,2450,0.494949494949495,100,1.0,0,49,49.0,49,1.0,1.0,1.0,0.4,60,0,0,0,0,0,0,与截面中性化所用行业哑变量同源，传播项可能被正交化吸收；须做去共线消融
2026-03-11,W-ind,industry_cooccurrence,100,2450,0.494949494949495,100,1.0,0,49,49.0,49,1.0,1.0,1.0,0.4,60,0,0,0,0,0,0,与截面中性化所用行业哑变量同源，传播项可能被正交化吸收；须做去共线消融
2026-03-12,W-ind,industry_cooccurrence,100,2450,0.494949494949495,100,1.0,0,49,49.0,49,1.0,1.0,1.0,0.4,60,0,0,0,0,0,0,与截面中性化所用行业哑变量同源，传播项可能被正交化吸收；须做去共线消融
2026-03-13,W-ind,industry_cooccurrence,100,2450,0.494949494949495,100,1.0,0,49,49.0,49,1.0,1.0,1.0,0.4,60,0,0,0,0,0,0,与截面中性化所用行业哑变量同源，传播项可能被正交化吸收；须做去共线消融
2026-03-16,W-ind,industry_cooccurrence,100,2450,0.494949494949495,100,1.0,0,49,49.0,49,1.0,1.0,1.0,0.4,60,0,0,0,0,0,0,与截面中性化所用行业哑变量同源，传播项可能被正交化吸收；须做去共线消融
2026-03-17,W-ind,industry_cooccurrence,100,2450,0.494949494949495,100,1.0,0,49,49.0,49,1.0,1.0,1.0,0.4,60,0,0,0,0,0,0,与截面中性化所用行业哑变量同源，传播项可能被正交化吸收；须做去共线消融
2026-03-18,W-ind,industry_cooccurrence,100,2450,0.494949494949495,100,1.0,0,49,49.0,49,1.0,1.0,1.0,0.4,60,0,0,0,0,0,0,与截面中性化所用行业哑变量同源，传播项可能被正交化吸收；须做去共线消融
2026-03-19,W-ind,industry_cooccurrence,100,2450,0.494949494949495,100,1.0,0,49,49.0,49,1.0,1.0,1.0,0.4,60,0,0,0,0,0,0,与截面中性化所用行业哑变量同源，传播项可能被正交化吸收；须做去共线消融
2026-03-20,W-ind,industry_cooccurrence,100,2450,0.494949494949495,100,1.0,0,49,49.0,49,1.0,1.0,1.0,0.4,60,0,0,0,0,0,0,与截面中性化所用行业哑变量同源，传播项可能被正交化吸收；须做去共线消融
2026-03-23,W-ind,industry_cooccurrence,100,2450,0.494949494949495,100,1.0,0,49,49.0,49,1.0,1.0,1.0,0.4,60,0,0,0,0,0,0,与截面中性化所用行业哑变量同源，传播项可能被正交化吸收；须做去共线消融
2026-03-24,W-ind,industry_cooccurrence,100,2450,0.494949494949495,100,1.0,0,49,49.0,49,1.0,1.0,1.0,0.4,60,0,0,0,0,0,0,与截面中性化所用行业哑变量同源，传播项可能被正交化吸收；须做去共线消融
2026-03-25,W-ind,industry_cooccurrence,100,2450,0.494949494949495,100,1.0,0,49,49.0,49,1.0,1.0,1.0,0.4,60,0,0,0,0,0,0,与截面中性化所用行业哑变量同源，传播项可能被正交化吸收；须做去共线消融
2026-03-26,W-ind,industry_cooccurrence,100,2450,0.494949494949495,100,1.0,0,49,49.0,49,1.0,1.0,1.0,0.4,60,0,0,0,0,0,0,与截面中性化所用行业哑变量同源，传播项可能被正交化吸收；须做去共线消融
2026-03-27,W-ind,industry_cooccurrence,100,2450,0.494949494949495,100,1.0,0,49,49.0,49,1.0,1.0,1.0,0.4,60,0,0,0,0,0,0,与截面中性化所用行业哑变量同源，传播项可能被正交化吸收；须做去共线消融
2026-03-30,W-ind,industry_cooccurrence,100,2450,0.494949494949495,100,1.0,0,49,49.0,49,1.0,1.0,1.0,0.4,60,0,0,0,0,0,0,与截面中性化所用行业哑变量同源，传播项可能被正交化吸收；须做去共线消融
2026-03-31,W-ind,industry_cooccurrence,100,2450,0.494949494949495,100,1.0,0,49,49.0,49,1.0,1.0,1.0,0.4,60,0,0,0,0,0,0,与截面中性化所用行业哑变量同源，传播项可能被正交化吸收；须做去共线消融
2026-04-01,W-ind,industry_cooccurrence,100,2450,0.494949494949495,100,1.0,0,49,49.0,49,1.0,1.0,1.0,0.4,60,0,0,0,0,0,0,与截面中性化所用行业哑变量同源，传播项可能被正交化吸收；须做去共线消融
2026-04-02,W-ind,industry_cooccurrence,100,2450,0.494949494949495,100,1.0,0,49,49.0,49,1.0,1.0,1.0,0.4,60,0,0,0,0,0,0,与截面中性化所用行业哑变量同源，传播项可能被正交化吸收；须做去共线消融
2026-04-03,W-ind,industry_cooccurrence,100,2450,0.494949494949495,100,1.0,0,49,49.0,49,1.0,1.0,1.0,0.4,60,0,0,0,0,0,0,与截面中性化所用行业哑变量同源，传播项可能被正交化吸收；须做去共线消融
2026-04-07,W-ind,industry_cooccurrence,100,2450,0.494949494949495,100,1.0,0,49,49.0,49,1.0,1.0,1.0,0.4,60,0,0,0,0,0,0,与截面中性化所用行业哑变量同源，传播项可能被正交化吸收；须做去共线消融
2026-04-08,W-ind,industry_cooccurrence,100,2450,0.494949494949495,100,1.0,0,49,49.0,49,1.0,1.0,1.0,0.4,60,0,0,0,0,0,0,与截面中性化所用行业哑变量同源，传播项可能被正交化吸收；须做去共线消融
2026-04-09,W-ind,industry_cooccurrence,100,2450,0.494949494949495,100,1.0,0,49,49.0,49,1.0,1.0,1.0,0.4,60,0,0,0,0,0,0,与截面中性化所用行业哑变量同源，传播项可能被正交化吸收；须做去共线消融
2026-04-10,W-ind,industry_cooccurrence,100,2450,0.494949494949495,100,1.0,0,49,49.0,49,1.0,1.0,1.0,0.4,60,0,0,0,0,0,0,与截面中性化所用行业哑变量同源，传播项可能被正交化吸收；须做去共线消融
2026-04-13,W-ind,industry_cooccurrence,100,2450,0.494949494949495,100,1.0,0,49,49.0,49,1.0,1.0,1.0,0.4,60,0,0,0,0,0,0,与截面中性化所用行业哑变量同源，传播项可能被正交化吸收；须做去共线消融
2026-04-14,W-ind,industry_cooccurrence,100,2450,0.494949494949495,100,1.0,0,49,49.0,49,1.0,1.0,1.0,0.4,60,0,0,0,0,0,0,与截面中性化所用行业哑变量同源，传播项可能被正交化吸收；须做去共线消融
2026-04-15,W-ind,industry_cooccurrence,100,2450,0.494949494949495,100,1.0,0,49,49.0,49,1.0,1.0,1.0,0.4,60,0,0,0,0,0,0,与截面中性化所用行业哑变量同源，传播项可能被正交化吸收；须做去共线消融
2026-04-16,W-ind,industry_cooccurrence,100,2450,0.494949494949495,100,1.0,0,49,49.0,49,1.0,1.0,1.0,0.4,60,0,0,0,0,0,0,与截面中性化所用行业哑变量同源，传播项可能被正交化吸收；须做去共线消融
2026-04-17,W-ind,industry_cooccurrence,100,2450,0.494949494949495,100,1.0,0,49,49.0,49,1.0,1.0,1.0,0.4,60,0,0,0,0,0,0,与截面中性化所用行业哑变量同源，传播项可能被正交化吸收；须做去共线消融
2026-04-20,W-ind,industry_cooccurrence,100,2450,0.494949494949495,100,1.0,0,49,49.0,49,1.0,1.0,1.0,0.4,60,0,0,0,0,0,0,与截面中性化所用行业哑变量同源，传播项可能被正交化吸收；须做去共线消融
2026-04-21,W-ind,industry_cooccurrence,100,2450,0.494949494949495,100,1.0,0,49,49.0,49,1.0,1.0,1.0,0.4,60,0,0,0,0,0,0,与截面中性化所用行业哑变量同源，传播项可能被正交化吸收；须做去共线消融
2026-04-22,W-ind,industry_cooccurrence,100,2450,0.494949494949495,100,1.0,0,49,49.0,49,1.0,1.0,1.0,0.4,60,0,0,0,0,0,0,与截面中性化所用行业哑变量同源，传播项可能被正交化吸收；须做去共线消融
2026-04-23,W-ind,industry_cooccurrence,100,2450,0.494949494949495,100,1.0,0,49,49.0,49,1.0,1.0,1.0,0.4,60,0,0,0,0,0,0,与截面中性化所用行业哑变量同源，传播项可能被正交化吸收；须做去共线消融
2026-04-24,W-ind,industry_cooccurrence,100,2450,0.494949494949495,100,1.0,0,49,49.0,49,1.0,1.0,1.0,0.4,60,0,0,0,0,0,0,与截面中性化所用行业哑变量同源，传播项可能被正交化吸收；须做去共线消融
2026-04-27,W-ind,industry_cooccurrence,100,2450,0.494949494949495,100,1.0,0,49,49.0,49,1.0,1.0,1.0,0.4,60,0,0,0,0,0,0,与截面中性化所用行业哑变量同源，传播项可能被正交化吸收；须做去共线消融
2026-04-28,W-ind,industry_cooccurrence,100,2450,0.494949494949495,100,1.0,0,49,49.0,49,1.0,1.0,1.0,0.4,60,0,0,0,0,0,0,与截面中性化所用行业哑变量同源，传播项可能被正交化吸收；须做去共线消融
2026-04-29,W-ind,industry_cooccurrence,100,2450,0.494949494949495,100,1.0,0,49,49.0,49,1.0,1.0,1.0,0.4,60,0,0,0,0,0,0,与截面中性化所用行业哑变量同源，传播项可能被正交化吸收；须做去共线消融
2026-04-30,W-ind,industry_cooccurrence,100,2450,0.494949494949495,100,1.0,0,49,49.0,49,1.0,1.0,1.0,0.4,60,0,0,0,0,0,0,与截面中性化所用行业哑变量同源，传播项可能被正交化吸收；须做去共线消融
2026-05-06,W-ind,industry_cooccurrence,100,2450,0.494949494949495,100,1.0,0,49,49.0,49,1.0,1.0,1.0,0.4,60,0,0,0,0,0,0,与截面中性化所用行业哑变量同源，传播项可能被正交化吸收；须做去共线消融
2026-05-07,W-ind,industry_cooccurrence,100,2450,0.494949494949495,100,1.0,0,49,49.0,49,1.0,1.0,1.0,0.4,60,0,0,0,0,0,0,与截面中性化所用行业哑变量同源，传播项可能被正交化吸收；须做去共线消融
2026-05-08,W-ind,industry_cooccurrence,100,2450,0.494949494949495,100,1.0,0,49,49.0,49,1.0,1.0,1.0,0.4,60,0,0,0,0,0,0,与截面中性化所用行业哑变量同源，传播项可能被正交化吸收；须做去共线消融
2026-05-11,W-ind,industry_cooccurrence,100,2450,0.494949494949495,100,1.0,0,49,49.0,49,1.0,1.0,1.0,0.4,60,0,0,0,0,0,0,与截面中性化所用行业哑变量同源，传播项可能被正交化吸收；须做去共线消融
2026-05-12,W-ind,industry_cooccurrence,100,2450,0.494949494949495,100,1.0,0,49,49.0,49,1.0,1.0,1.0,0.4,60,0,0,0,0,0,0,与截面中性化所用行业哑变量同源，传播项可能被正交化吸收；须做去共线消融
2026-05-13,W-ind,industry_cooccurrence,100,2450,0.494949494949495,100,1.0,0,49,49.0,49,1.0,1.0,1.0,0.4,60,0,0,0,0,0,0,与截面中性化所用行业哑变量同源，传播项可能被正交化吸收；须做去共线消融
2026-05-14,W-ind,industry_cooccurrence,100,2450,0.494949494949495,100,1.0,0,49,49.0,49,1.0,1.0,1.0,0.4,60,0,0,0,0,0,0,与截面中性化所用行业哑变量同源，传播项可能被正交化吸收；须做去共线消融
2026-05-15,W-ind,industry_cooccurrence,100,2450,0.494949494949495,100,1.0,0,49,49.0,49,1.0,1.0,1.0,0.4,60,0,0,0,0,0,0,与截面中性化所用行业哑变量同源，传播项可能被正交化吸收；须做去共线消融
2026-05-18,W-ind,industry_cooccurrence,100,2450,0.494949494949495,100,1.0,0,49,49.0,49,1.0,1.0,1.0,0.4,60,0,0,0,0,0,0,与截面中性化所用行业哑变量同源，传播项可能被正交化吸收；须做去共线消融
2026-05-19,W-ind,industry_cooccurrence,100,2450,0.494949494949495,100,1.0,0,49,49.0,49,1.0,1.0,1.0,0.4,60,0,0,0,0,0,0,与截面中性化所用行业哑变量同源，传播项可能被正交化吸收；须做去共线消融
2026-05-20,W-ind,industry_cooccurrence,100,2450,0.494949494949495,100,1.0,0,49,49.0,49,1.0,1.0,1.0,0.4,60,0,0,0,0,0,0,与截面中性化所用行业哑变量同源，传播项可能被正交化吸收；须做去共线消融
2026-05-21,W-ind,industry_cooccurrence,100,2450,0.494949494949495,100,1.0,0,49,49.0,49,1.0,1.0,1.0,0.4,60,0,0,0,0,0,0,与截面中性化所用行业哑变量同源，传播项可能被正交化吸收；须做去共线消融
2026-05-22,W-ind,industry_cooccurrence,100,2450,0.494949494949495,100,1.0,0,49,49.0,49,1.0,1.0,1.0,0.4,60,0,0,0,0,0,0,与截面中性化所用行业哑变量同源，传播项可能被正交化吸收；须做去共线消融
2026-05-25,W-ind,industry_cooccurrence,100,2450,0.494949494949495,100,1.0,0,49,49.0,49,1.0,1.0,1.0,0.4,60,0,0,0,0,0,0,与截面中性化所用行业哑变量同源，传播项可能被正交化吸收；须做去共线消融
2026-05-26,W-ind,industry_cooccurrence,100,2450,0.494949494949495,100,1.0,0,49,49.0,49,1.0,1.0,1.0,0.4,60,0,0,0,0,0,0,与截面中性化所用行业哑变量同源，传播项可能被正交化吸收；须做去共线消融
2026-05-27,W-ind,industry_cooccurrence,100,2450,0.494949494949495,100,1.0,0,49,49.0,49,1.0,1.0,1.0,0.4,60,0,0,0,0,0,0,与截面中性化所用行业哑变量同源，传播项可能被正交化吸收；须做去共线消融
2026-05-28,W-ind,industry_cooccurrence,100,2450,0.494949494949495,100,1.0,0,49,49.0,49,1.0,1.0,1.0,0.4,60,0,0,0,0,0,0,与截面中性化所用行业哑变量同源，传播项可能被正交化吸收；须做去共线消融
2026-05-29,W-ind,industry_cooccurrence,100,2450,0.494949494949495,100,1.0,0,49,49.0,49,1.0,1.0,1.0,0.4,60,0,0,0,0,0,0,与截面中性化所用行业哑变量同源，传播项可能被正交化吸收；须做去共线消融
2026-06-01,W-ind,industry_cooccurrence,100,2450,0.494949494949495,100,1.0,0,49,49.0,49,1.0,1.0,1.0,0.4,60,0,0,0,0,0,0,与截面中性化所用行业哑变量同源，传播项可能被正交化吸收；须做去共线消融
2026-06-02,W-ind,industry_cooccurrence,100,2450,0.494949494949495,100,1.0,0,49,49.0,49,1.0,1.0,1.0,0.4,60,0,0,0,0,0,0,与截面中性化所用行业哑变量同源，传播项可能被正交化吸收；须做去共线消融
2026-06-03,W-ind,industry_cooccurrence,100,2450,0.494949494949495,100,1.0,0,49,49.0,49,1.0,1.0,1.0,0.4,60,0,0,0,0,0,0,与截面中性化所用行业哑变量同源，传播项可能被正交化吸收；须做去共线消融
2026-06-04,W-ind,industry_cooccurrence,100,2450,0.494949494949495,100,1.0,0,49,49.0,49,1.0,1.0,1.0,0.4,60,0,0,0,0,0,0,与截面中性化所用行业哑变量同源，传播项可能被正交化吸收；须做去共线消融
2026-06-05,W-ind,industry_cooccurrence,100,2450,0.494949494949495,100,1.0,0,49,49.0,49,1.0,1.0,1.0,0.4,60,0,0,0,0,0,0,与截面中性化所用行业哑变量同源，传播项可能被正交化吸收；须做去共线消融
2026-06-08,W-ind,industry_cooccurrence,100,2450,0.494949494949495,100,1.0,0,49,49.0,49,1.0,1.0,1.0,0.4,60,0,0,0,0,0,0,与截面中性化所用行业哑变量同源，传播项可能被正交化吸收；须做去共线消融
2026-06-09,W-ind,industry_cooccurrence,100,2450,0.494949494949495,100,1.0,0,49,49.0,49,1.0,1.0,1.0,0.4,60,0,0,0,0,0,0,与截面中性化所用行业哑变量同源，传播项可能被正交化吸收；须做去共线消融
2026-06-10,W-ind,industry_cooccurrence,100,2450,0.494949494949495,100,1.0,0,49,49.0,49,1.0,1.0,1.0,0.4,60,0,0,0,0,0,0,与截面中性化所用行业哑变量同源，传播项可能被正交化吸收；须做去共线消融
2026-06-11,W-ind,industry_cooccurrence,100,2450,0.494949494949495,100,1.0,0,49,49.0,49,1.0,1.0,1.0,0.4,60,0,0,0,0,0,0,与截面中性化所用行业哑变量同源，传播项可能被正交化吸收；须做去共线消融
2026-06-12,W-ind,industry_cooccurrence,100,2450,0.494949494949495,100,1.0,0,49,49.0,49,1.0,1.0,1.0,0.4,60,0,0,0,0,0,0,与截面中性化所用行业哑变量同源，传播项可能被正交化吸收；须做去共线消融
2026-06-15,W-ind,industry_cooccurrence,100,2450,0.494949494949495,100,1.0,0,49,49.0,49,1.0,1.0,1.0,0.4,60,0,0,0,0,0,0,与截面中性化所用行业哑变量同源，传播项可能被正交化吸收；须做去共线消融
2026-06-16,W-ind,industry_cooccurrence,100,2450,0.494949494949495,100,1.0,0,49,49.0,49,1.0,1.0,1.0,0.4,60,0,0,0,0,0,0,与截面中性化所用行业哑变量同源，传播项可能被正交化吸收；须做去共线消融
2026-06-17,W-ind,industry_cooccurrence,100,2450,0.494949494949495,100,1.0,0,49,49.0,49,1.0,1.0,1.0,0.4,60,0,0,0,0,0,0,与截面中性化所用行业哑变量同源，传播项可能被正交化吸收；须做去共线消融
2026-06-18,W-ind,industry_cooccurrence,100,2450,0.494949494949495,100,1.0,0,49,49.0,49,1.0,1.0,1.0,0.4,60,0,0,0,0,0,0,与截面中性化所用行业哑变量同源，传播项可能被正交化吸收；须做去共线消融
2026-06-22,W-ind,industry_cooccurrence,100,2450,0.494949494949495,100,1.0,0,49,49.0,49,1.0,1.0,1.0,0.4,60,0,0,0,0,0,0,与截面中性化所用行业哑变量同源，传播项可能被正交化吸收；须做去共线消融
2026-06-23,W-ind,industry_cooccurrence,100,2450,0.494949494949495,100,1.0,0,49,49.0,49,1.0,1.0,1.0,0.4,60,0,0,0,0,0,0,与截面中性化所用行业哑变量同源，传播项可能被正交化吸收；须做去共线消融
2026-06-24,W-ind,industry_cooccurrence,100,2450,0.494949494949495,100,1.0,0,49,49.0,49,1.0,1.0,1.0,0.4,60,0,0,0,0,0,0,与截面中性化所用行业哑变量同源，传播项可能被正交化吸收；须做去共线消融
2026-06-25,W-ind,industry_cooccurrence,100,2450,0.494949494949495,100,1.0,0,49,49.0,49,1.0,1.0,1.0,0.4,60,0,0,0,0,0,0,与截面中性化所用行业哑变量同源，传播项可能被正交化吸收；须做去共线消融
2026-06-26,W-ind,industry_cooccurrence,100,2450,0.494949494949495,100,1.0,0,49,49.0,49,1.0,1.0,1.0,0.4,60,0,0,0,0,0,0,与截面中性化所用行业哑变量同源，传播项可能被正交化吸收；须做去共线消融
2026-06-29,W-ind,industry_cooccurrence,100,2450,0.494949494949495,100,1.0,0,49,49.0,49,1.0,1.0,1.0,0.4,60,0,0,0,0,0,0,与截面中性化所用行业哑变量同源，传播项可能被正交化吸收；须做去共线消融
2026-06-30,W-ind,industry_cooccurrence,100,2450,0.494949494949495,100,1.0,0,49,49.0,49,1.0,1.0,1.0,0.4,60,0,0,0,0,0,0,与截面中性化所用行业哑变量同源，传播项可能被正交化吸收；须做去共线消融
2026-07-01,W-ind,industry_cooccurrence,100,2450,0.494949494949495,100,1.0,0,49,49.0,49,1.0,1.0,1.0,0.4,60,0,0,0,0,0,0,与截面中性化所用行业哑变量同源，传播项可能被正交化吸收；须做去共线消融
2026-07-02,W-ind,industry_cooccurrence,100,2450,0.494949494949495,100,1.0,0,49,49.0,49,1.0,1.0,1.0,0.4,60,0,0,0,0,0,0,与截面中性化所用行业哑变量同源，传播项可能被正交化吸收；须做去共线消融
2026-07-03,W-ind,industry_cooccurrence,100,2450,0.494949494949495,100,1.0,0,49,49.0,49,1.0,1.0,1.0,0.4,60,0,0,0,0,0,0,与截面中性化所用行业哑变量同源，传播项可能被正交化吸收；须做去共线消融
2026-07-06,W-ind,industry_cooccurrence,100,2450,0.494949494949495,100,1.0,0,49,49.0,49,1.0,1.0,1.0,0.4,60,0,0,0,0,0,0,与截面中性化所用行业哑变量同源，传播项可能被正交化吸收；须做去共线消融
2026-07-07,W-ind,industry_cooccurrence,100,2450,0.494949494949495,100,1.0,0,49,49.0,49,1.0,1.0,1.0,0.4,60,0,0,0,0,0,0,与截面中性化所用行业哑变量同源，传播项可能被正交化吸收；须做去共线消融
2026-07-08,W-ind,industry_cooccurrence,100,2450,0.494949494949495,100,1.0,0,49,49.0,49,1.0,1.0,1.0,0.4,60,0,0,0,0,0,0,与截面中性化所用行业哑变量同源，传播项可能被正交化吸收；须做去共线消融
2026-07-09,W-ind,industry_cooccurrence,100,2450,0.494949494949495,100,1.0,0,49,49.0,49,1.0,1.0,1.0,0.4,60,0,0,0,0,0,0,与截面中性化所用行业哑变量同源，传播项可能被正交化吸收；须做去共线消融
2026-07-10,W-ind,industry_cooccurrence,100,2450,0.494949494949495,100,1.0,0,49,49.0,49,1.0,1.0,1.0,0.4,60,0,0,0,0,0,0,与截面中性化所用行业哑变量同源，传播项可能被正交化吸收；须做去共线消融
2026-07-13,W-ind,industry_cooccurrence,100,2450,0.494949494949495,100,1.0,0,49,49.0,49,1.0,1.0,1.0,0.4,60,0,0,0,0,0,0,与截面中性化所用行业哑变量同源，传播项可能被正交化吸收；须做去共线消融
2026-07-14,W-ind,industry_cooccurrence,100,2450,0.494949494949495,100,1.0,0,49,49.0,49,1.0,1.0,1.0,0.4,60,0,0,0,0,0,0,与截面中性化所用行业哑变量同源，传播项可能被正交化吸收；须做去共线消融
2026-07-15,W-ind,industry_cooccurrence,100,2450,0.494949494949495,100,1.0,0,49,49.0,49,1.0,1.0,1.0,0.4,60,0,0,0,0,0,0,与截面中性化所用行业哑变量同源，传播项可能被正交化吸收；须做去共线消融
2026-07-16,W-ind,industry_cooccurrence,100,2450,0.494949494949495,100,1.0,0,49,49.0,49,1.0,1.0,1.0,0.4,60,0,0,0,0,0,0,与截面中性化所用行业哑变量同源，传播项可能被正交化吸收；须做去共线消融
2026-07-17,W-ind,industry_cooccurrence,100,2450,0.494949494949495,100,1.0,0,49,49.0,49,1.0,1.0,1.0,0.4,60,0,0,0,0,0,0,与截面中性化所用行业哑变量同源，传播项可能被正交化吸收；须做去共线消融
2026-07-20,W-ind,industry_cooccurrence,100,2450,0.494949494949495,100,1.0,0,49,49.0,49,1.0,1.0,1.0,0.4,60,0,0,0,0,0,0,与截面中性化所用行业哑变量同源，传播项可能被正交化吸收；须做去共线消融
2026-07-21,W-ind,industry_cooccurrence,100,2450,0.494949494949495,100,1.0,0,49,49.0,49,1.0,1.0,1.0,0.4,60,0,0,0,0,0,0,与截面中性化所用行业哑变量同源，传播项可能被正交化吸收；须做去共线消融
2026-07-22,W-ind,industry_cooccurrence,100,2450,0.494949494949495,100,1.0,0,49,49.0,49,1.0,1.0,1.0,0.4,60,0,0,0,0,0,0,与截面中性化所用行业哑变量同源，传播项可能被正交化吸收；须做去共线消融
2026-07-23,W-ind,industry_cooccurrence,100,2450,0.494949494949495,100,1.0,0,49,49.0,49,1.0,1.0,1.0,0.4,60,0,0,0,0,0,0,与截面中性化所用行业哑变量同源，传播项可能被正交化吸收；须做去共线消融
2026-07-24,W-ind,industry_cooccurrence,100,2450,0.494949494949495,100,1.0,0,49,49.0,49,1.0,1.0,1.0,0.4,60,0,0,0,0,0,0,与截面中性化所用行业哑变量同源，传播项可能被正交化吸收；须做去共线消融
2026-07-27,W-ind,industry_cooccurrence,100,2450,0.494949494949495,100,1.0,0,49,49.0,49,1.0,1.0,1.0,0.4,60,0,0,0,0,0,0,与截面中性化所用行业哑变量同源，传播项可能被正交化吸收；须做去共线消融
2026-07-28,W-ind,industry_cooccurrence,100,2450,0.494949494949495,100,1.0,0,49,49.0,49,1.0,1.0,1.0,0.4,60,0,0,0,0,0,0,与截面中性化所用行业哑变量同源，传播项可能被正交化吸收；须做去共线消融
2026-07-29,W-ind,industry_cooccurrence,100,2450,0.494949494949495,100,1.0,0,49,49.0,49,1.0,1.0,1.0,0.4,60,0,0,0,0,0,0,与截面中性化所用行业哑变量同源，传播项可能被正交化吸收；须做去共线消融
2026-07-30,W-ind,industry_cooccurrence,100,2450,0.494949494949495,100,1.0,0,49,49.0,49,1.0,1.0,1.0,0.4,60,0,0,0,0,0,0,与截面中性化所用行业哑变量同源，传播项可能被正交化吸收；须做去共线消融
2026-07-31,W-ind,industry_cooccurrence,100,2450,0.494949494949495,100,1.0,0,49,49.0,49,1.0,1.0,1.0,0.4,60,0,0,0,0,0,0,与截面中性化所用行业哑变量同源，传播项可能被正交化吸收；须做去共线消融
2026-08-03,W-ind,industry_cooccurrence,100,2450,0.494949494949495,100,1.0,0,49,49.0,49,1.0,1.0,1.0,0.4,60,0,0,0,0,0,0,与截面中性化所用行业哑变量同源，传播项可能被正交化吸收；须做去共线消融
2026-08-04,W-ind,industry_cooccurrence,100,2450,0.494949494949495,100,1.0,0,49,49.0,49,1.0,1.0,1.0,0.4,60,0,0,0,0,0,0,与截面中性化所用行业哑变量同源，传播项可能被正交化吸收；须做去共线消融
2026-08-05,W-ind,industry_cooccurrence,100,2450,0.494949494949495,100,1.0,0,49,49.0,49,1.0,1.0,1.0,0.4,60,0,0,0,0,0,0,与截面中性化所用行业哑变量同源，传播项可能被正交化吸收；须做去共线消融
2026-08-06,W-ind,industry_cooccurrence,100,2450,0.494949494949495,100,1.0,0,49,49.0,49,1.0,1.0,1.0,0.4,60,0,0,0,0,0,0,与截面中性化所用行业哑变量同源，传播项可能被正交化吸收；须做去共线消融
2026-08-07,W-ind,industry_cooccurrence,100,2450,0.494949494949495,100,1.0,0,49,49.0,49,1.0,1.0,1.0,0.4,60,0,0,0,0,0,0,与截面中性化所用行业哑变量同源，传播项可能被正交化吸收；须做去共线消融
2026-08-10,W-ind,industry_cooccurrence,100,2450,0.494949494949495,100,1.0,0,49,49.0,49,1.0,1.0,1.0,0.4,60,0,0,0,0,0,0,与截面中性化所用行业哑变量同源，传播项可能被正交化吸收；须做去共线消融
2026-08-11,W-ind,industry_cooccurrence,100,2450,0.494949494949495,100,1.0,0,49,49.0,49,1.0,1.0,1.0,0.4,60,0,0,0,0,0,0,与截面中性化所用行业哑变量同源，传播项可能被正交化吸收；须做去共线消融
2026-08-12,W-ind,industry_cooccurrence,100,2450,0.494949494949495,100,1.0,0,49,49.0,49,1.0,1.0,1.0,0.4,60,0,0,0,0,0,0,与截面中性化所用行业哑变量同源，传播项可能被正交化吸收；须做去共线消融
2026-08-13,W-ind,industry_cooccurrence,100,2450,0.494949494949495,100,1.0,0,49,49.0,49,1.0,1.0,1.0,0.4,60,0,0,0,0,0,0,与截面中性化所用行业哑变量同源，传播项可能被正交化吸收；须做去共线消融
2026-08-14,W-ind,industry_cooccurrence,100,2450,0.494949494949495,100,1.0,0,49,49.0,49,1.0,1.0,1.0,0.4,60,0,0,0,0,0,0,与截面中性化所用行业哑变量同源，传播项可能被正交化吸收；须做去共线消融
2026-08-17,W-ind,industry_cooccurrence,100,2450,0.494949494949495,100,1.0,0,49,49.0,49,1.0,1.0,1.0,0.4,60,0,0,0,0,0,0,与截面中性化所用行业哑变量同源，传播项可能被正交化吸收；须做去共线消融
2026-08-18,W-ind,industry_cooccurrence,100,2450,0.494949494949495,100,1.0,0,49,49.0,49,1.0,1.0,1.0,0.4,60,0,0,0,0,0,0,与截面中性化所用行业哑变量同源，传播项可能被正交化吸收；须做去共线消融
2026-08-19,W-ind,industry_cooccurrence,100,2450,0.494949494949495,100,1.0,0,49,49.0,49,1.0,1.0,1.0,0.4,60,0,0,0,0,0,0,与截面中性化所用行业哑变量同源，传播项可能被正交化吸收；须做去共线消融
2026-08-20,W-ind,industry_cooccurrence,100,2450,0.494949494949495,100,1.0,0,49,49.0,49,1.0,1.0,1.0,0.4,60,0,0,0,0,0,0,与截面中性化所用行业哑变量同源，传播项可能被正交化吸收；须做去共线消融
2026-08-21,W-ind,industry_cooccurrence,100,2450,0.494949494949495,100,1.0,0,49,49.0,49,1.0,1.0,1.0,0.4,60,0,0,0,0,0,0,与截面中性化所用行业哑变量同源，传播项可能被正交化吸收；须做去共线消融
2026-08-24,W-ind,industry_cooccurrence,100,2450,0.494949494949495,100,1.0,0,49,49.0,49,1.0,1.0,1.0,0.4,60,0,0,0,0,0,0,与截面中性化所用行业哑变量同源，传播项可能被正交化吸收；须做去共线消融
2026-08-25,W-ind,industry_cooccurrence,100,2450,0.494949494949495,100,1.0,0,49,49.0,49,1.0,1.0,1.0,0.4,60,0,0,0,0,0,0,与截面中性化所用行业哑变量同源，传播项可能被正交化吸收；须做去共线消融
2026-08-26,W-ind,industry_cooccurrence,100,2450,0.494949494949495,100,1.0,0,49,49.0,49,1.0,1.0,1.0,0.4,60,0,0,0,0,0,0,与截面中性化所用行业哑变量同源，传播项可能被正交化吸收；须做去共线消融
2026-08-27,W-ind,industry_cooccurrence,100,2450,0.494949494949495,100,1.0,0,49,49.0,49,1.0,1.0,1.0,0.4,60,0,0,0,0,0,0,与截面中性化所用行业哑变量同源，传播项可能被正交化吸收；须做去共线消融
2026-08-28,W-ind,industry_cooccurrence,100,2450,0.494949494949495,100,1.0,0,49,49.0,49,1.0,1.0,1.0,0.4,60,0,0,0,0,0,0,与截面中性化所用行业哑变量同源，传播项可能被正交化吸收；须做去共线消融
2025-04-02,W-corr,return_correlation,100,1105,0.22323232323232323,100,1.0,0,1,22.0,55,0.4002191756640103,0.4999680699629576,0.9063945060385782,0.4,60,60,0,3845,0,0,0,与供应链经济叙事不符，报告口径必须写「相关网络传播」，不得包装成供应链证据
2025-04-03,W-corr,return_correlation,100,1009,0.20383838383838385,100,1.0,0,1,21.0,52,0.4002774394953704,0.5052327065181287,0.9059806876423069,0.4,60,60,0,3941,0,0,0,与供应链经济叙事不符，报告口径必须写「相关网络传播」，不得包装成供应链证据
2025-04-07,W-corr,return_correlation,100,2721,0.5496969696969697,100,1.0,0,1,62.0,86,0.4001857555345811,0.5574085869505663,0.9463055869734849,0.4,60,60,0,2229,0,0,0,与供应链经济叙事不符，报告口径必须写「相关网络传播」，不得包装成供应链证据
2025-04-08,W-corr,return_correlation,100,2626,0.5305050505050505,100,1.0,0,2,60.0,84,0.40002916128033617,0.5596766076558365,0.9452189796005458,0.4,60,60,0,2324,0,0,0,与供应链经济叙事不符，报告口径必须写「相关网络传播」，不得包装成供应链证据
2025-04-09,W-corr,return_correlation,100,2617,0.5286868686868686,100,1.0,0,1,60.5,83,0.40006264828106686,0.5599201579829136,0.9443620553058878,0.4,60,60,0,2333,0,0,0,与供应链经济叙事不符，报告口径必须写「相关网络传播」，不得包装成供应链证据
2025-04-10,W-corr,return_correlation,100,2658,0.536969696969697,100,1.0,0,1,61.0,84,0.40004902289128935,0.5611940915971907,0.9464796888956252,0.4,60,60,0,2292,0,0,0,与供应链经济叙事不符，报告口径必须写「相关网络传播」，不得包装成供应链证据
2025-04-11,W-corr,return_correlation,100,2653,0.535959595959596,100,1.0,0,1,61.0,84,0.40010974452602854,0.5613206330202104,0.9453168290443392,0.4,60,60,0,2297,0,0,0,与供应链经济叙事不符，报告口径必须写「相关网络传播」，不得包装成供应链证据
2025-04-14,W-corr,return_correlation,100,2707,0.5468686868686868,100,1.0,0,1,62.0,84,0.4000353281894503,0.5613680976325286,0.9458547404661517,0.4,60,60,0,2243,0,0,0,与供应链经济叙事不符，报告口径必须写「相关网络传播」，不得包装成供应链证据
2025-04-15,W-corr,return_correlation,100,2650,0.5353535353535354,100,1.0,0,1,62.0,83,0.40016068020046863,0.5589702896927113,0.946938528472569,0.4,60,60,0,2300,0,0,0,与供应链经济叙事不符，报告口径必须写「相关网络传播」，不得包装成供应链证据
2025-04-16,W-corr,return_correlation,100,2644,0.5341414141414141,100,1.0,0,1,62.0,84,0.4001027251830557,0.5627882394749044,0.9461869367643408,0.4,60,60,0,2306,0,0,0,与供应链经济叙事不符，报告口径必须写「相关网络传播」，不得包装成供应链证据
2025-04-17,W-corr,return_correlation,100,2568,0.5187878787878788,100,1.0,0,1,60.0,84,0.4001946932144194,0.5595820647099297,0.9450675437746088,0.4,60,60,0,2382,0,0,0,与供应链经济叙事不符，报告口径必须写「相关网络传播」，不得包装成供应链证据
2025-04-18,W-corr,return_correlation,100,2578,0.5208080808080808,100,1.0,0,1,60.5,84,0.40022870848897524,0.5608505253279937,0.9434202854450772,0.4,60,60,0,2372,0,0,0,与供应链经济叙事不符，报告口径必须写「相关网络传播」，不得包装成供应链证据
2025-04-21,W-corr,return_correlation,100,2586,0.5224242424242425,100,1.0,0,1,61.0,84,0.400061502957638,0.5594008884505325,0.944716811051108,0.4,60,60,0,2364,0,0,0,与供应链经济叙事不符，报告口径必须写「相关网络传播」，不得包装成供应链证据
2025-04-22,W-corr,return_correlation,100,2597,0.5246464646464647,100,1.0,0,1,61.5,84,0.40011876357470566,0.5639863772290088,0.9410987595628951,0.4,60,60,0,2353,0,0,0,与供应链经济叙事不符，报告口径必须写「相关网络传播」，不得包装成供应链证据
2025-04-23,W-corr,return_correlation,100,2580,0.5212121212121212,100,1.0,0,1,60.5,84,0.4000497230090584,0.5643047680300671,0.9379467599587856,0.4,60,60,0,2370,0,0,0,与供应链经济叙事不符，报告口径必须写「相关网络传播」，不得包装成供应链证据
2025-04-24,W-corr,return_correlation,100,2555,0.5161616161616162,100,1.0,0,1,59.5,83,0.40029203176729955,0.5652199271758835,0.937703854134007,0.4,60,60,0,2395,0,0,0,与供应链经济叙事不符，报告口径必须写「相关网络传播」，不得包装成供应链证据
2025-04-25,W-corr,return_correlation,100,2514,0.5078787878787879,100,1.0,0,1,59.0,82,0.40019724199822976,0.5637082419069642,0.9384855814156323,0.4,60,60,0,2436,0,0,0,与供应链经济叙事不符，报告口径必须写「相关网络传播」，不得包装成供应链证据
2025-04-28,W-corr,return_correlation,100,2470,0.498989898989899,100,1.0,0,1,58.0,81,0.4000433555957987,0.5607195720622525,0.9377586180414087,0.4,60,60,0,2480,0,0,0,与供应链经济叙事不符，报告口径必须写「相关网络传播」，不得包装成供应链证据
2025-04-29,W-corr,return_correlation,100,2432,0.4913131313131313,100,1.0,0,1,58.0,82,0.40021669906324514,0.55734360980972,0.9356664191579231,0.4,60,60,0,2518,0,0,0,与供应链经济叙事不符，报告口径必须写「相关网络传播」，不得包装成供应链证据
2025-04-30,W-corr,return_correlation,100,2437,0.49232323232323233,100,1.0,0,1,58.0,82,0.40003605897622235,0.5539913239569084,0.935831486174781,0.4,60,60,0,2513,0,0,0,与供应链经济叙事不符，报告口径必须写「相关网络传播」，不得包装成供应链证据
2025-05-06,W-corr,return_correlation,100,2510,0.5070707070707071,100,1.0,0,1,60.5,81,0.4004632283796663,0.5552025933684085,0.9366175071890303,0.4,60,60,0,2440,0,0,0,与供应链经济叙事不符，报告口径必须写「相关网络传播」，不得包装成供应链证据
2025-05-07,W-corr,return_correlation,100,2509,0.5068686868686869,100,1.0,0,1,59.5,81,0.40009104830717784,0.5563047559291799,0.9368621250385136,0.4,60,60,0,2441,0,0,0,与供应链经济叙事不符，报告口径必须写「相关网络传播」，不得包装成供应链证据
2025-05-08,W-corr,return_correlation,100,2496,0.5042424242424243,100,1.0,0,1,59.0,81,0.4001556892445253,0.5534643431841264,0.9353112172861633,0.4,60,60,0,2454,0,0,0,与供应链经济叙事不符，报告口径必须写「相关网络传播」，不得包装成供应链证据
2025-05-09,W-corr,return_correlation,100,2490,0.503030303030303,100,1.0,0,1,58.0,82,0.4003515977411411,0.5515678121680635,0.9355005435342612,0.4,60,60,0,2460,0,0,0,与供应链经济叙事不符，报告口径必须写「相关网络传播」，不得包装成供应链证据
2025-05-12,W-corr,return_correlation,100,2475,0.5,100,1.0,0,1,58.0,81,0.40013833120164044,0.5531580126551895,0.9374765500273796,0.4,60,60,0,2475,0,0,0,与供应链经济叙事不符，报告口径必须写「相关网络传播」，不得包装成供应链证据
2025-05-13,W-corr,return_correlation,100,2482,0.5014141414141414,100,1.0,0,1,58.0,82,0.4005720103857645,0.5540222653251843,0.9367479921258913,0.4,60,60,0,2468,0,0,0,与供应链经济叙事不符，报告口径必须写「相关网络传播」，不得包装成供应链证据
2025-05-14,W-corr,return_correlation,100,2483,0.5016161616161616,100,1.0,0,1,57.5,81,0.400038665199404,0.5531720852001046,0.9373914658506907,0.4,60,60,0,2467,0,0,0,与供应链经济叙事不符，报告口径必须写「相关网络传播」，不得包装成供应链证据
2025-05-15,W-corr,return_correlation,100,2471,0.4991919191919192,100,1.0,0,1,57.5,81,0.40025448961936244,0.5547565904170774,0.9381587909952516,0.4,60,60,0,2479,0,0,0,与供应链经济叙事不符，报告口径必须写「相关网络传播」，不得包装成供应链证据
2025-05-16,W-corr,return_correlation,100,2509,0.5068686868686869,100,1.0,0,1,59.0,81,0.40003176271411817,0.5571601708281111,0.9374622757282578,0.4,60,60,0,2441,0,0,0,与供应链经济叙事不符，报告口径必须写「相关网络传播」，不得包装成供应链证据
2025-05-19,W-corr,return_correlation,100,2502,0.5054545454545455,100,1.0,0,1,59.5,81,0.40023030312310826,0.558478976557361,0.9352534569617144,0.4,60,60,0,2448,0,0,0,与供应链经济叙事不符，报告口径必须写「相关网络传播」，不得包装成供应链证据
2025-05-20,W-corr,return_correlation,100,2509,0.5068686868686869,100,1.0,0,1,59.5,81,0.4000266101758515,0.5598748425739065,0.9367578292186066,0.4,60,60,0,2441,0,0,0,与供应链经济叙事不符，报告口径必须写「相关网络传播」，不得包装成供应链证据
2025-05-21,W-corr,return_correlation,100,2491,0.5032323232323233,100,1.0,0,1,58.5,81,0.4000623376148847,0.5598129028563891,0.9380022867711999,0.4,60,60,0,2459,0,0,0,与供应链经济叙事不符，报告口径必须写「相关网络传播」，不得包装成供应链证据
2025-05-22,W-corr,return_correlation,100,2554,0.515959595959596,100,1.0,0,1,59.0,83,0.4001017299286669,0.5616639566587915,0.9384928353286071,0.4,60,60,0,2396,0,0,0,与供应链经济叙事不符，报告口径必须写「相关网络传播」，不得包装成供应链证据
2025-05-23,W-corr,return_correlation,100,2580,0.5212121212121212,100,1.0,0,1,59.5,83,0.4000912984396099,0.5624991067338184,0.9378703841668973,0.4,60,60,0,2370,0,0,0,与供应链经济叙事不符，报告口径必须写「相关网络传播」，不得包装成供应链证据
2025-05-26,W-corr,return_correlation,100,2564,0.517979797979798,100,1.0,0,1,61.0,82,0.4000047292013632,0.5641736857090516,0.9375079076789055,0.4,60,60,0,2386,0,0,0,与供应链经济叙事不符，报告口径必须写「相关网络传播」，不得包装成供应链证据
2025-05-27,W-corr,return_correlation,100,2552,0.5155555555555555,100,1.0,0,1,59.5,81,0.4001210106862256,0.5630016423490989,0.9342768440184114,0.4,60,60,0,2398,0,0,0,与供应链经济叙事不符，报告口径必须写「相关网络传播」，不得包装成供应链证据
2025-05-28,W-corr,return_correlation,100,2559,0.516969696969697,100,1.0,0,1,59.0,82,0.4000004751459515,0.5633692918667556,0.9349592517548001,0.4,60,60,0,2391,0,0,0,与供应链经济叙事不符，报告口径必须写「相关网络传播」，不得包装成供应链证据
2025-05-29,W-corr,return_correlation,100,2520,0.509090909090909,100,1.0,0,1,59.0,82,0.4004003253336598,0.5624002263569334,0.9328845819683478,0.4,60,60,0,2430,0,0,0,与供应链经济叙事不符，报告口径必须写「相关网络传播」，不得包装成供应链证据
2025-05-30,W-corr,return_correlation,100,2556,0.5163636363636364,100,1.0,0,1,60.5,82,0.400089949885404,0.564657832602497,0.9321736987270377,0.4,60,60,0,2394,0,0,0,与供应链经济叙事不符，报告口径必须写「相关网络传播」，不得包装成供应链证据
2025-06-03,W-corr,return_correlation,100,2587,0.5226262626262627,100,1.0,0,1,61.5,83,0.4002328867322143,0.5654862070313927,0.9317928245661742,0.4,60,60,0,2363,0,0,0,与供应链经济叙事不符，报告口径必须写「相关网络传播」，不得包装成供应链证据
2025-06-04,W-corr,return_correlation,100,2581,0.5214141414141414,100,1.0,0,1,60.0,83,0.4000466816762347,0.5670679002112933,0.9296580852457511,0.4,60,60,0,2369,0,0,0,与供应链经济叙事不符，报告口径必须写「相关网络传播」，不得包装成供应链证据
2025-06-05,W-corr,return_correlation,100,2591,0.5234343434343435,100,1.0,0,1,61.0,83,0.4003265504241299,0.5651283085242688,0.9293544193538398,0.4,60,60,0,2359,0,0,0,与供应链经济叙事不符，报告口径必须写「相关网络传播」，不得包装成供应链证据
2025-06-06,W-corr,return_correlation,100,2626,0.5305050505050505,100,1.0,0,1,62.0,83,0.40010763674282246,0.5655895824562917,0.9297371825717398,0.4,60,60,0,2324,0,0,0,与供应链经济叙事不符，报告口径必须写「相关网络传播」，不得包装成供应链证据
2025-06-09,W-corr,return_correlation,100,2648,0.534949494949495,100,1.0,0,1,61.5,83,0.40014647847631696,0.5648898074542927,0.9294134721786055,0.4,60,60,0,2302,0,0,0,与供应链经济叙事不符，报告口径必须写「相关网络传播」，不得包装成供应链证据
2025-06-10,W-corr,return_correlation,100,2623,0.5298989898989899,100,1.0,0,1,61.5,83,0.40012383859048584,0.56265642103567,0.9296371686097571,0.4,60,60,0,2327,0,0,0,与供应链经济叙事不符，报告口径必须写「相关网络传播」，不得包装成供应链证据
2025-06-11,W-corr,return_correlation,100,2646,0.5345454545454545,100,1.0,0,1,61.0,83,0.4000020448923386,0.5644146345053719,0.9350106901044326,0.4,60,60,0,2304,0,0,0,与供应链经济叙事不符，报告口径必须写「相关网络传播」，不得包装成供应链证据
2025-06-12,W-corr,return_correlation,100,2665,0.5383838383838384,100,1.0,0,1,63.0,83,0.4001796489918625,0.5649093021904005,0.9351732427385359,0.4,60,60,0,2285,0,0,0,与供应链经济叙事不符，报告口径必须写「相关网络传播」，不得包装成供应链证据
2025-06-13,W-corr,return_correlation,100,2651,0.5355555555555556,100,1.0,0,1,62.0,83,0.4001748751212738,0.5643087070478404,0.9365903479637062,0.4,60,60,0,2299,0,0,0,与供应链经济叙事不符，报告口径必须写「相关网络传播」，不得包装成供应链证据
2025-06-16,W-corr,return_correlation,100,2635,0.5323232323232323,100,1.0,0,1,62.0,84,0.4003118397357457,0.5650252695275408,0.9358218797586286,0.4,60,60,0,2315,0,0,0,与供应链经济叙事不符，报告口径必须写「相关网络传播」，不得包装成供应链证据
2025-06-17,W-corr,return_correlation,100,2657,0.5367676767676768,100,1.0,0,1,62.5,84,0.40001732801820916,0.5616330213056588,0.935406653722139,0.4,60,60,0,2293,0,0,0,与供应链经济叙事不符，报告口径必须写「相关网络传播」，不得包装成供应链证据
2025-06-18,W-corr,return_correlation,100,2683,0.5420202020202021,100,1.0,0,1,63.0,83,0.4002278347221036,0.5630376934267967,0.9359567182464384,0.4,60,60,0,2267,0,0,0,与供应链经济叙事不符，报告口径必须写「相关网络传播」，不得包装成供应链证据
2025-06-19,W-corr,return_correlation,100,2696,0.5446464646464646,100,1.0,0,1,63.0,84,0.40002406993852335,0.5611467663372252,0.9360514039438591,0.4,60,60,0,2254,0,0,0,与供应链经济叙事不符，报告口径必须写「相关网络传播」，不得包装成供应链证据
2025-06-20,W-corr,return_correlation,100,2715,0.5484848484848485,100,1.0,0,1,64.0,84,0.40011077439409,0.5603842441839418,0.9351339135588554,0.4,60,60,0,2235,0,0,0,与供应链经济叙事不符，报告口径必须写「相关网络传播」，不得包装成供应链证据
2025-06-23,W-corr,return_correlation,100,2709,0.5472727272727272,100,1.0,0,1,63.5,85,0.40001243636594896,0.5674236456817413,0.9326999407117641,0.4,60,60,0,2241,0,0,0,与供应链经济叙事不符，报告口径必须写「相关网络传播」，不得包装成供应链证据
2025-06-24,W-corr,return_correlation,100,2706,0.5466666666666666,100,1.0,0,1,63.5,85,0.4000916064600234,0.5684781992428505,0.9419225274039706,0.4,60,60,0,2244,0,0,0,与供应链经济叙事不符，报告口径必须写「相关网络传播」，不得包装成供应链证据
2025-06-25,W-corr,return_correlation,100,2717,0.5488888888888889,100,1.0,0,1,64.0,85,0.4000977514528793,0.5717301867376672,0.9446749311778297,0.4,60,60,0,2233,0,0,0,与供应链经济叙事不符，报告口径必须写「相关网络传播」，不得包装成供应链证据
2025-06-26,W-corr,return_correlation,100,2691,0.5436363636363636,100,1.0,0,1,64.0,85,0.4002376316589454,0.5717027742877887,0.9437114294131862,0.4,60,60,0,2259,0,0,0,与供应链经济叙事不符，报告口径必须写「相关网络传播」，不得包装成供应链证据
2025-06-27,W-corr,return_correlation,100,2622,0.5296969696969697,100,1.0,0,1,63.0,84,0.40021039374370054,0.5736399733060141,0.9404803069067615,0.4,60,60,0,2328,0,0,0,与供应链经济叙事不符，报告口径必须写「相关网络传播」，不得包装成供应链证据
2025-06-30,W-corr,return_correlation,100,2687,0.5428282828282829,100,1.0,0,2,63.0,84,0.40008631508841114,0.5651531610620502,0.9377431055014561,0.4,60,60,0,2263,0,0,0,与供应链经济叙事不符，报告口径必须写「相关网络传播」，不得包装成供应链证据
2025-07-01,W-corr,return_correlation,100,2664,0.5381818181818182,100,1.0,0,1,62.0,85,0.40004616565019263,0.5662150591818511,0.9408559122466463,0.4,60,60,0,2286,0,0,0,与供应链经济叙事不符，报告口径必须写「相关网络传播」，不得包装成供应链证据
2025-07-02,W-corr,return_correlation,100,2619,0.5290909090909091,100,1.0,0,1,61.0,85,0.40004987801613656,0.5648504619406923,0.9402352510658964,0.4,60,60,0,2331,0,0,0,与供应链经济叙事不符，报告口径必须写「相关网络传播」，不得包装成供应链证据
2025-07-03,W-corr,return_correlation,100,2642,0.5337373737373737,100,1.0,0,1,61.5,84,0.4002280123583658,0.5638691411317831,0.9398136918670922,0.4,60,60,0,2308,0,0,0,与供应链经济叙事不符，报告口径必须写「相关网络传播」，不得包装成供应链证据
2025-07-04,W-corr,return_correlation,100,648,0.13090909090909092,99,0.99,1,0,12.0,42,0.4001581708347679,0.4954708287320923,0.9119484337319016,0.4,60,60,0,4302,0,0,0,与供应链经济叙事不符，报告口径必须写「相关网络传播」，不得包装成供应链证据
2025-07-07,W-corr,return_correlation,100,649,0.13111111111111112,98,0.98,2,0,11.0,41,0.40024924012910185,0.49039828504785593,0.9129536045374002,0.4,60,60,0,4301,0,0,0,与供应链经济叙事不符，报告口径必须写「相关网络传播」，不得包装成供应链证据
2025-07-08,W-corr,return_correlation,100,691,0.1395959595959596,98,0.98,2,0,12.0,42,0.40001372496426746,0.4927613567472076,0.9106761697556403,0.4,60,60,0,4259,0,0,0,与供应链经济叙事不符，报告口径必须写「相关网络传播」，不得包装成供应链证据
2025-07-09,W-corr,return_correlation,100,666,0.13454545454545455,98,0.98,2,0,11.0,42,0.4000243065470584,0.49140870781106405,0.9066904871118731,0.4,60,60,0,4284,0,0,0,与供应链经济叙事不符，报告口径必须写「相关网络传播」，不得包装成供应链证据
2025-07-10,W-corr,return_correlation,100,669,0.13515151515151516,97,0.97,3,0,11.0,44,0.40003881302454225,0.4860098929598588,0.9216698635013406,0.4,60,60,0,4281,0,0,0,与供应链经济叙事不符，报告口径必须写「相关网络传播」，不得包装成供应链证据
2025-07-11,W-corr,return_correlation,100,626,0.12646464646464647,98,0.98,2,0,10.5,38,0.40002685025360957,0.4928002576701974,0.9203452679054102,0.4,60,60,0,4324,0,0,0,与供应链经济叙事不符，报告口径必须写「相关网络传播」，不得包装成供应链证据
2025-07-14,W-corr,return_correlation,100,641,0.1294949494949495,97,0.97,3,0,11.0,40,0.4000700516950288,0.4949662639634576,0.9233579540928516,0.4,60,60,0,4309,0,0,0,与供应链经济叙事不符，报告口径必须写「相关网络传播」，不得包装成供应链证据
2025-07-15,W-corr,return_correlation,100,669,0.13515151515151516,98,0.98,2,0,11.0,40,0.400080904911143,0.49457799696200105,0.9119528936472748,0.4,60,60,0,4281,0,0,0,与供应链经济叙事不符，报告口径必须写「相关网络传播」，不得包装成供应链证据
2025-07-16,W-corr,return_correlation,100,659,0.13313131313131313,98,0.98,2,0,11.0,40,0.4002810178624504,0.49351230855045064,0.908956749566191,0.4,60,60,0,4291,0,0,0,与供应链经济叙事不符，报告口径必须写「相关网络传播」，不得包装成供应链证据
2025-07-17,W-corr,return_correlation,100,660,0.13333333333333333,98,0.98,2,0,10.5,40,0.4000660669156435,0.4941020695379723,0.910319123762981,0.4,60,60,0,4290,0,0,0,与供应链经济叙事不符，报告口径必须写「相关网络传播」，不得包装成供应链证据
2025-07-18,W-corr,return_correlation,100,658,0.13292929292929292,98,0.98,2,0,10.5,40,0.4000460991087206,0.49424696864020784,0.8802277759180394,0.4,60,60,0,4292,0,0,0,与供应链经济叙事不符，报告口径必须写「相关网络传播」，不得包装成供应链证据
2025-07-21,W-corr,return_correlation,100,793,0.1602020202020202,98,0.98,2,0,14.5,48,0.4001217454431827,0.4943391962285183,0.8948217684124269,0.4,60,60,0,4157,0,0,0,与供应链经济叙事不符，报告口径必须写「相关网络传播」，不得包装成供应链证据
2025-07-22,W-corr,return_correlation,100,928,0.1874747474747475,98,0.98,2,0,15.5,49,0.4005955248761475,0.49757805669109345,0.894266436557735,0.4,60,60,0,4022,0,0,0,与供应链经济叙事不符，报告口径必须写「相关网络传播」，不得包装成供应链证据
2025-07-23,W-corr,return_correlation,100,911,0.18404040404040403,98,0.98,2,0,16.0,49,0.4002987543575931,0.4934626222129338,0.8931924683951287,0.4,60,60,0,4039,0,0,0,与供应链经济叙事不符，报告口径必须写「相关网络传播」，不得包装成供应链证据
2025-07-24,W-corr,return_correlation,100,985,0.198989898989899,98,0.98,2,0,17.5,52,0.4000408044030266,0.4964397346856761,0.8959276758905457,0.4,60,60,0,3965,0,0,0,与供应链经济叙事不符，报告口径必须写「相关网络传播」，不得包装成供应链证据
2025-07-25,W-corr,return_correlation,100,1024,0.20686868686868687,99,0.99,1,0,19.0,51,0.4000269562104069,0.4954048861974072,0.8996257315085384,0.4,60,60,0,3926,0,0,0,与供应链经济叙事不符，报告口径必须写「相关网络传播」，不得包装成供应链证据
2025-07-28,W-corr,return_correlation,100,1025,0.20707070707070707,98,0.98,2,0,18.0,52,0.4000651310494142,0.4977905528673147,0.9023167139047789,0.4,60,60,0,3925,0,0,0,与供应链经济叙事不符，报告口径必须写「相关网络传播」，不得包装成供应链证据
2025-07-29,W-corr,return_correlation,100,1027,0.20747474747474748,98,0.98,2,0,19.0,53,0.4000284666960204,0.4998481098996098,0.8891913771545636,0.4,60,60,0,3923,0,0,0,与供应链经济叙事不符，报告口径必须写「相关网络传播」，不得包装成供应链证据
2025-07-30,W-corr,return_correlation,100,955,0.19292929292929292,98,0.98,2,0,17.5,51,0.40000349783355726,0.4971593101279484,0.8784584918605949,0.4,60,60,0,3995,0,0,0,与供应链经济叙事不符，报告口径必须写「相关网络传播」，不得包装成供应链证据
2025-07-31,W-corr,return_correlation,100,1204,0.24323232323232324,98,0.98,2,0,22.5,57,0.40004349649058385,0.5008895283165484,0.8973016226972582,0.4,60,60,0,3746,0,0,0,与供应链经济叙事不符，报告口径必须写「相关网络传播」，不得包装成供应链证据
2025-08-01,W-corr,return_correlation,100,1215,0.24545454545454545,98,0.98,2,0,22.0,59,0.40035399776995684,0.5000619188496033,0.8970595472497852,0.4,60,60,0,3735,0,0,0,与供应链经济叙事不符，报告口径必须写「相关网络传播」，不得包装成供应链证据
2025-08-04,W-corr,return_correlation,100,1212,0.24484848484848484,98,0.98,2,0,21.0,56,0.40000141854538207,0.4986990770462735,0.8966996811832609,0.4,60,60,0,3738,0,0,0,与供应链经济叙事不符，报告口径必须写「相关网络传播」，不得包装成供应链证据
2025-08-05,W-corr,return_correlation,100,1210,0.24444444444444444,98,0.98,2,0,22.5,54,0.40007410805494786,0.4974557133997918,0.8926957104803833,0.4,60,60,0,3740,0,0,0,与供应链经济叙事不符，报告口径必须写「相关网络传播」，不得包装成供应链证据
2025-08-06,W-corr,return_correlation,100,1191,0.2406060606060606,98,0.98,2,0,22.5,54,0.40039622393485846,0.4961282015520704,0.8940722159292454,0.4,60,60,0,3759,0,0,0,与供应链经济叙事不符，报告口径必须写「相关网络传播」，不得包装成供应链证据
2025-08-07,W-corr,return_correlation,100,1197,0.24181818181818182,98,0.98,2,0,22.0,55,0.40017260733393417,0.4970196036515017,0.8935908976225971,0.4,60,60,0,3753,0,0,0,与供应链经济叙事不符，报告口径必须写「相关网络传播」，不得包装成供应链证据
2025-08-08,W-corr,return_correlation,100,1169,0.23616161616161616,98,0.98,2,0,21.0,54,0.4000596289327135,0.4951020311523111,0.8930346118846174,0.4,60,60,0,3781,0,0,0,与供应链经济叙事不符，报告口径必须写「相关网络传播」，不得包装成供应链证据
2025-08-11,W-corr,return_correlation,100,1162,0.23474747474747476,99,0.99,1,0,22.0,52,0.40005395184948805,0.4964894551215947,0.8918772461218145,0.4,60,60,0,3788,0,0,0,与供应链经济叙事不符，报告口径必须写「相关网络传播」，不得包装成供应链证据
2025-08-12,W-corr,return_correlation,100,1167,0.23575757575757575,98,0.98,2,0,21.5,52,0.400008146599811,0.4971383168650273,0.8926473840083988,0.4,60,60,0,3783,0,0,0,与供应链经济叙事不符，报告口径必须写「相关网络传播」，不得包装成供应链证据
2025-08-13,W-corr,return_correlation,100,1133,0.2288888888888889,98,0.98,2,0,20.5,52,0.4005404518846467,0.49586382501451065,0.8974729497304387,0.4,60,60,0,3817,0,0,0,与供应链经济叙事不符，报告口径必须写「相关网络传播」，不得包装成供应链证据
2025-08-14,W-corr,return_correlation,100,1204,0.24323232323232324,98,0.98,2,0,21.5,54,0.40006090603213557,0.49817291097765437,0.9029923256454965,0.4,60,60,0,3746,0,0,0,与供应链经济叙事不符，报告口径必须写「相关网络传播」，不得包装成供应链证据
2025-08-15,W-corr,return_correlation,100,1212,0.24484848484848484,99,0.99,1,0,21.0,54,0.40017526903494716,0.5007350798657659,0.9061934105012763,0.4,60,60,0,3738,0,0,0,与供应链经济叙事不符，报告口径必须写「相关网络传播」，不得包装成供应链证据
2025-08-18,W-corr,return_correlation,100,1166,0.23555555555555555,99,0.99,1,0,20.5,54,0.4003050806005754,0.5009549543301448,0.9064310810174016,0.4,60,60,0,3784,0,0,0,与供应链经济叙事不符，报告口径必须写「相关网络传播」，不得包装成供应链证据
2025-08-19,W-corr,return_correlation,100,1149,0.23212121212121212,99,0.99,1,0,19.5,54,0.40004028964861094,0.5007554590071145,0.9110904443697679,0.4,60,60,0,3801,0,0,0,与供应链经济叙事不符，报告口径必须写「相关网络传播」，不得包装成供应链证据
2025-08-20,W-corr,return_correlation,100,1149,0.23212121212121212,99,0.99,1,0,22.0,54,0.40010797933350695,0.4959833334609828,0.9090275499719451,0.4,60,60,0,3801,0,0,0,与供应链经济叙事不符，报告口径必须写「相关网络传播」，不得包装成供应链证据
2025-08-21,W-corr,return_correlation,100,1128,0.22787878787878788,99,0.99,1,0,20.0,53,0.40022709118801125,0.4955567914327943,0.9100538619366048,0.4,60,60,0,3822,0,0,0,与供应链经济叙事不符，报告口径必须写「相关网络传播」，不得包装成供应链证据
2025-08-22,W-corr,return_correlation,100,1127,0.22767676767676767,98,0.98,2,0,21.0,53,0.40008576801872014,0.4953566876870341,0.912710133471796,0.4,60,60,0,3823,0,0,0,与供应链经济叙事不符，报告口径必须写「相关网络传播」，不得包装成供应链证据
2025-08-25,W-corr,return_correlation,100,1146,0.2315151515151515,98,0.98,2,0,22.5,54,0.40010435997087984,0.49513977859193425,0.9200695655732981,0.4,60,60,0,3804,0,0,0,与供应链经济叙事不符，报告口径必须写「相关网络传播」，不得包装成供应链证据
2025-08-26,W-corr,return_correlation,100,1122,0.22666666666666666,98,0.98,2,0,21.5,54,0.4000304211375682,0.49809882114279525,0.9153710084936277,0.4,60,60,0,3828,0,0,0,与供应链经济叙事不符，报告口径必须写「相关网络传播」，不得包装成供应链证据
2025-08-27,W-corr,return_correlation,100,1254,0.25333333333333335,99,0.99,1,0,24.0,58,0.4000160621947057,0.49892209958064715,0.9164731207563753,0.4,60,60,0,3696,0,0,0,与供应链经济叙事不符，报告口径必须写「相关网络传播」，不得包装成供应链证据
2025-08-28,W-corr,return_correlation,100,1235,0.2494949494949495,99,0.99,1,0,24.0,58,0.4000935153240092,0.49832611707629754,0.915886479032779,0.4,60,60,0,3715,0,0,0,与供应链经济叙事不符，报告口径必须写「相关网络传播」，不得包装成供应链证据
2025-08-29,W-corr,return_correlation,100,1223,0.24707070707070708,99,0.99,1,0,23.5,56,0.400200527868521,0.4981323090739412,0.9049337457051765,0.4,60,60,0,3727,0,0,0,与供应链经济叙事不符，报告口径必须写「相关网络传播」，不得包装成供应链证据
2025-09-01,W-corr,return_correlation,100,1202,0.24282828282828284,99,0.99,1,0,23.0,58,0.400018672108178,0.4955784265516269,0.9085358390149864,0.4,60,60,0,3748,0,0,0,与供应链经济叙事不符，报告口径必须写「相关网络传播」，不得包装成供应链证据
2025-09-02,W-corr,return_correlation,100,1171,0.23656565656565656,99,0.99,1,0,23.0,57,0.4004406529819451,0.5006439974951565,0.9099363861968016,0.4,60,60,0,3779,0,0,0,与供应链经济叙事不符，报告口径必须写「相关网络传播」，不得包装成供应链证据
2025-09-03,W-corr,return_correlation,100,1156,0.23353535353535354,99,0.99,1,0,22.5,59,0.40023448729469596,0.5018093817782274,0.9127497385331123,0.4,60,60,0,3794,0,0,0,与供应链经济叙事不符，报告口径必须写「相关网络传播」，不得包装成供应链证据
2025-09-04,W-corr,return_correlation,100,1145,0.2313131313131313,99,0.99,1,0,22.0,56,0.40002178285593815,0.5028081976835291,0.918311135305021,0.4,60,60,0,3805,0,0,0,与供应链经济叙事不符，报告口径必须写「相关网络传播」，不得包装成供应链证据
2025-09-05,W-corr,return_correlation,100,1324,0.2674747474747475,100,1.0,0,1,26.0,64,0.4001081749853491,0.5063505545785445,0.9217307573174879,0.4,60,60,0,3626,0,0,0,与供应链经济叙事不符，报告口径必须写「相关网络传播」，不得包装成供应链证据
2025-09-08,W-corr,return_correlation,100,1290,0.2606060606060606,100,1.0,0,1,25.0,63,0.4000334316643386,0.49981268988252586,0.927278857440271,0.4,60,60,0,3660,0,0,0,与供应链经济叙事不符，报告口径必须写「相关网络传播」，不得包装成供应链证据
2025-09-09,W-corr,return_correlation,100,1277,0.257979797979798,100,1.0,0,1,25.0,63,0.40000817987942355,0.49824419397134523,0.9260796061854553,0.4,60,60,0,3673,0,0,0,与供应链经济叙事不符，报告口径必须写「相关网络传播」，不得包装成供应链证据
2025-09-10,W-corr,return_correlation,100,1282,0.258989898989899,100,1.0,0,1,24.0,62,0.40025575533156993,0.5006421189912145,0.928722055124736,0.4,60,60,0,3668,0,0,0,与供应链经济叙事不符，报告口径必须写「相关网络传播」，不得包装成供应链证据
2025-09-11,W-corr,return_correlation,100,1237,0.2498989898989899,100,1.0,0,1,24.0,60,0.4000391467070806,0.5007503943902663,0.9266060320916382,0.4,60,60,0,3713,0,0,0,与供应链经济叙事不符，报告口径必须写「相关网络传播」，不得包装成供应链证据
2025-09-12,W-corr,return_correlation,100,1161,0.23454545454545456,100,1.0,0,1,23.0,52,0.4002833355039743,0.5027111298528486,0.9304575192642318,0.4,60,60,0,3789,0,0,0,与供应链经济叙事不符，报告口径必须写「相关网络传播」，不得包装成供应链证据
2025-09-15,W-corr,return_correlation,100,1172,0.23676767676767677,99,0.99,1,0,23.5,53,0.4002290453359328,0.5002378455489866,0.9300067230366339,0.4,60,60,0,3778,0,0,0,与供应链经济叙事不符，报告口径必须写「相关网络传播」，不得包装成供应链证据
2025-09-16,W-corr,return_correlation,100,1182,0.2387878787878788,100,1.0,0,1,23.5,53,0.40003875805528893,0.49848207714309856,0.9313759872252341,0.4,60,60,0,3768,0,0,0,与供应链经济叙事不符，报告口径必须写「相关网络传播」，不得包装成供应链证据
2025-09-17,W-corr,return_correlation,100,1173,0.23696969696969697,99,0.99,1,0,24.0,53,0.400107997524654,0.497208560382899,0.9314219778584909,0.4,60,60,0,3777,0,0,0,与供应链经济叙事不符，报告口径必须写「相关网络传播」，不得包装成供应链证据
2025-09-18,W-corr,return_correlation,100,1342,0.27111111111111114,98,0.98,2,0,27.0,58,0.4002903725263433,0.4945212023053801,0.9394371449573901,0.4,60,60,0,3608,0,0,0,与供应链经济叙事不符，报告口径必须写「相关网络传播」，不得包装成供应链证据
2025-09-19,W-corr,return_correlation,100,1349,0.2725252525252525,98,0.98,2,0,26.5,62,0.4000014806059494,0.4958745196953119,0.9410545481485906,0.4,60,60,0,3601,0,0,0,与供应链经济叙事不符，报告口径必须写「相关网络传播」，不得包装成供应链证据
2025-09-22,W-corr,return_correlation,100,1361,0.27494949494949494,98,0.98,2,0,27.5,63,0.4000265171968278,0.49556682016961207,0.941226463548891,0.4,60,60,0,3589,0,0,0,与供应链经济叙事不符，报告口径必须写「相关网络传播」，不得包装成供应链证据
2025-09-23,W-corr,return_correlation,100,1374,0.2775757575757576,99,0.99,1,0,28.5,63,0.4000838414779886,0.4933360754275986,0.9431786809259175,0.4,60,60,0,3576,0,0,0,与供应链经济叙事不符，报告口径必须写「相关网络传播」，不得包装成供应链证据
2025-09-24,W-corr,return_correlation,100,1404,0.28363636363636363,98,0.98,2,0,28.0,62,0.40010623624537733,0.49443968202654853,0.9443721112968708,0.4,60,60,0,3546,0,0,0,与供应链经济叙事不符，报告口径必须写「相关网络传播」，不得包装成供应链证据
2025-09-25,W-corr,return_correlation,100,1359,0.27454545454545454,99,0.99,1,0,27.0,62,0.4000959926364586,0.4946906636521341,0.9413521417821266,0.4,60,60,0,3591,0,0,0,与供应链经济叙事不符，报告口径必须写「相关网络传播」，不得包装成供应链证据
2025-09-26,W-corr,return_correlation,100,1335,0.2696969696969697,100,1.0,0,1,27.0,59,0.40031240864671813,0.49215449893191443,0.9407499030228533,0.4,60,60,0,3615,0,0,0,与供应链经济叙事不符，报告口径必须写「相关网络传播」，不得包装成供应链证据
2025-09-29,W-corr,return_correlation,100,1367,0.27616161616161616,99,0.99,1,0,27.0,63,0.40005420275420156,0.49209083096766204,0.9472269233264932,0.4,60,60,0,3583,0,0,0,与供应链经济叙事不符，报告口径必须写「相关网络传播」，不得包装成供应链证据
2025-09-30,W-corr,return_correlation,100,1382,0.2791919191919192,98,0.98,2,0,28.0,59,0.4001756505891582,0.4932822689399217,0.9490598267061733,0.4,60,60,0,3568,0,0,0,与供应链经济叙事不符，报告口径必须写「相关网络传播」，不得包装成供应链证据
2025-10-09,W-corr,return_correlation,100,1624,0.3280808080808081,99,0.99,1,0,31.5,70,0.40014023947114563,0.4964365802653261,0.9560313961535039,0.4,60,60,0,3326,0,0,0,与供应链经济叙事不符，报告口径必须写「相关网络传播」，不得包装成供应链证据
2025-10-10,W-corr,return_correlation,100,1585,0.3202020202020202,99,0.99,1,0,30.0,68,0.40016221215945097,0.50282172143832,0.9361728860882856,0.4,60,60,0,3365,0,0,0,与供应链经济叙事不符，报告口径必须写「相关网络传播」，不得包装成供应链证据
2025-10-13,W-corr,return_correlation,100,1554,0.31393939393939396,99,0.99,1,0,30.0,66,0.40006696511879314,0.5016672013456669,0.9377870245258981,0.4,60,60,0,3396,0,0,0,与供应链经济叙事不符，报告口径必须写「相关网络传播」，不得包装成供应链证据
2025-10-14,W-corr,return_correlation,100,1517,0.30646464646464644,99,0.99,1,0,28.0,66,0.4000664521530931,0.49981149078940623,0.9400091982254863,0.4,60,60,0,3433,0,0,0,与供应链经济叙事不符，报告口径必须写「相关网络传播」，不得包装成供应链证据
2025-10-15,W-corr,return_correlation,100,1434,0.2896969696969697,99,0.99,1,0,26.5,60,0.400096051047866,0.4987067200331817,0.9389531701642209,0.4,60,60,0,3516,0,0,0,与供应链经济叙事不符，报告口径必须写「相关网络传播」，不得包装成供应链证据
2025-10-16,W-corr,return_correlation,100,1422,0.2872727272727273,99,0.99,1,0,27.0,61,0.4000286959585188,0.5013429597108016,0.9408585007160738,0.4,60,60,0,3528,0,0,0,与供应链经济叙事不符，报告口径必须写「相关网络传播」，不得包装成供应链证据
2025-10-17,W-corr,return_correlation,100,1500,0.30303030303030304,99,0.99,1,0,28.0,64,0.4001909233669323,0.4999430989041266,0.9417205418054664,0.4,60,60,0,3450,0,0,0,与供应链经济叙事不符，报告口径必须写「相关网络传播」，不得包装成供应链证据
2025-10-20,W-corr,return_correlation,100,1468,0.2965656565656566,99,0.99,1,0,26.5,62,0.4000316796888869,0.5034519492229077,0.9414665721964098,0.4,60,60,0,3482,0,0,0,与供应链经济叙事不符，报告口径必须写「相关网络传播」，不得包装成供应链证据
2025-10-21,W-corr,return_correlation,100,1376,0.277979797979798,99,0.99,1,0,25.0,63,0.40010113141325665,0.5037034559009951,0.9366818953788071,0.4,60,60,0,3574,0,0,0,与供应链经济叙事不符，报告口径必须写「相关网络传播」，不得包装成供应链证据
2025-10-22,W-corr,return_correlation,100,1326,0.2678787878787879,99,0.99,1,0,25.0,62,0.40002893987596516,0.49873993439801134,0.9363154868146423,0.4,60,60,0,3624,0,0,0,与供应链经济叙事不符，报告口径必须写「相关网络传播」，不得包装成供应链证据
2025-10-23,W-corr,return_correlation,100,1360,0.27474747474747474,99,0.99,1,0,25.5,62,0.40003239459109124,0.5006918608734557,0.9366365827105944,0.4,60,60,0,3590,0,0,0,与供应链经济叙事不符，报告口径必须写「相关网络传播」，不得包装成供应链证据
2025-10-24,W-corr,return_correlation,100,1339,0.2705050505050505,99,0.99,1,0,25.5,61,0.40007487028528393,0.5036193372999205,0.9361815492772559,0.4,60,60,0,3611,0,0,0,与供应链经济叙事不符，报告口径必须写「相关网络传播」，不得包装成供应链证据
2025-10-27,W-corr,return_correlation,100,1357,0.27414141414141413,99,0.99,1,0,25.0,58,0.4000993925757988,0.5040014599178771,0.9153059923497601,0.4,60,60,0,3593,0,0,0,与供应链经济叙事不符，报告口径必须写「相关网络传播」，不得包装成供应链证据
2025-10-28,W-corr,return_correlation,100,1360,0.27474747474747474,99,0.99,1,0,25.0,58,0.40008369362826196,0.5016631033397968,0.9161272782973682,0.4,60,60,0,3590,0,0,0,与供应链经济叙事不符，报告口径必须写「相关网络传播」，不得包装成供应链证据
2025-10-29,W-corr,return_correlation,100,1433,0.28949494949494947,99,0.99,1,0,27.0,62,0.40007468330673496,0.5035721025452268,0.9303818405209173,0.4,60,60,0,3517,0,0,0,与供应链经济叙事不符，报告口径必须写「相关网络传播」，不得包装成供应链证据
2025-10-30,W-corr,return_correlation,100,1426,0.2880808080808081,99,0.99,1,0,27.0,63,0.40002787135455736,0.5000336580975133,0.9274375731120936,0.4,60,60,0,3524,0,0,0,与供应链经济叙事不符，报告口径必须写「相关网络传播」，不得包装成供应链证据
2025-10-31,W-corr,return_correlation,100,1215,0.24545454545454545,98,0.98,2,0,24.0,56,0.4001243042141755,0.49662885623934133,0.9237399680576971,0.4,60,60,0,3735,0,0,0,与供应链经济叙事不符，报告口径必须写「相关网络传播」，不得包装成供应链证据
2025-11-03,W-corr,return_correlation,100,1203,0.24303030303030304,99,0.99,1,0,23.0,56,0.4004194965751773,0.4969987723666049,0.9249199408717295,0.4,60,60,0,3747,0,0,0,与供应链经济叙事不符，报告口径必须写「相关网络传播」，不得包装成供应链证据
2025-11-04,W-corr,return_correlation,100,1241,0.2507070707070707,99,0.99,1,0,24.0,56,0.400301111121509,0.49959553029395565,0.9261463932064128,0.4,60,60,0,3709,0,0,0,与供应链经济叙事不符，报告口径必须写「相关网络传播」，不得包装成供应链证据
2025-11-05,W-corr,return_correlation,100,1239,0.2503030303030303,99,0.99,1,0,24.0,59,0.4002745919705549,0.4978257948841018,0.9269601377885546,0.4,60,60,0,3711,0,0,0,与供应链经济叙事不符，报告口径必须写「相关网络传播」，不得包装成供应链证据
2025-11-06,W-corr,return_correlation,100,1237,0.2498989898989899,99,0.99,1,0,24.0,59,0.4001748929547968,0.49749793915931234,0.9254723194611757,0.4,60,60,0,3713,0,0,0,与供应链经济叙事不符，报告口径必须写「相关网络传播」，不得包装成供应链证据
2025-11-07,W-corr,return_correlation,100,1233,0.24909090909090909,99,0.99,1,0,24.0,59,0.40008166680558066,0.49905027441413863,0.9252686615530694,0.4,60,60,0,3717,0,0,0,与供应链经济叙事不符，报告口径必须写「相关网络传播」，不得包装成供应链证据
2025-11-10,W-corr,return_correlation,100,1208,0.24404040404040403,99,0.99,1,0,24.0,58,0.40002547602862754,0.4982561958184286,0.9255510589066409,0.4,60,60,0,3742,0,0,0,与供应链经济叙事不符，报告口径必须写「相关网络传播」，不得包装成供应链证据
2025-11-11,W-corr,return_correlation,100,1210,0.24444444444444444,99,0.99,1,0,24.5,63,0.40001880357083913,0.5001504443882997,0.9191766492915273,0.4,60,60,0,3740,0,0,0,与供应链经济叙事不符，报告口径必须写「相关网络传播」，不得包装成供应链证据
2025-11-12,W-corr,return_correlation,100,1203,0.24303030303030304,99,0.99,1,0,25.0,62,0.4004514302867084,0.5019666361522753,0.9191113254083846,0.4,60,60,0,3747,0,0,0,与供应链经济叙事不符，报告口径必须写「相关网络传播」，不得包装成供应链证据
2025-11-13,W-corr,return_correlation,100,1242,0.2509090909090909,99,0.99,1,0,25.5,63,0.4002798939944542,0.5012714245692078,0.9202215326637218,0.4,60,60,0,3708,0,0,0,与供应链经济叙事不符，报告口径必须写「相关网络传播」，不得包装成供应链证据
2025-11-14,W-corr,return_correlation,100,1211,0.24464646464646464,99,0.99,1,0,25.0,65,0.40000821469805153,0.5042650067601867,0.9201640639443853,0.4,60,60,0,3739,0,0,0,与供应链经济叙事不符，报告口径必须写「相关网络传播」，不得包装成供应链证据
2025-11-17,W-corr,return_correlation,100,1140,0.23030303030303031,99,0.99,1,0,23.0,53,0.4000074728439324,0.5043738846363546,0.9180891453175676,0.4,60,60,0,3810,0,0,0,与供应链经济叙事不符，报告口径必须写「相关网络传播」，不得包装成供应链证据
2025-11-18,W-corr,return_correlation,100,1239,0.2503030303030303,99,0.99,1,0,24.0,58,0.4001240073458164,0.5063384657102308,0.9192860691612662,0.4,60,60,0,3711,0,0,0,与供应链经济叙事不符，报告口径必须写「相关网络传播」，不得包装成供应链证据
2025-11-19,W-corr,return_correlation,100,1249,0.25232323232323234,99,0.99,1,0,24.5,57,0.4003488709739569,0.5039842749366303,0.918062701645202,0.4,60,60,0,3701,0,0,0,与供应链经济叙事不符，报告口径必须写「相关网络传播」，不得包装成供应链证据
2025-11-20,W-corr,return_correlation,100,1256,0.25373737373737376,99,0.99,1,0,24.5,59,0.40016406245378744,0.5036849678328009,0.917790406824804,0.4,60,60,0,3694,0,0,0,与供应链经济叙事不符，报告口径必须写「相关网络传播」，不得包装成供应链证据
2025-11-21,W-corr,return_correlation,100,1558,0.3147474747474747,99,0.99,1,0,31.0,70,0.4000724511239597,0.5006000488443888,0.9207568788957272,0.4,60,60,0,3392,0,0,0,与供应链经济叙事不符，报告口径必须写「相关网络传播」，不得包装成供应链证据
2025-11-24,W-corr,return_correlation,100,1542,0.3115151515151515,99,0.99,1,0,31.0,70,0.40002246028694644,0.4989836583438436,0.9166710537436374,0.4,60,60,0,3408,0,0,0,与供应链经济叙事不符，报告口径必须写「相关网络传播」，不得包装成供应链证据
2025-11-25,W-corr,return_correlation,100,1500,0.30303030303030304,99,0.99,1,0,29.5,71,0.40007413489963606,0.49903760074767056,0.9141726451046938,0.4,60,60,0,3450,0,0,0,与供应链经济叙事不符，报告口径必须写「相关网络传播」，不得包装成供应链证据
2025-11-26,W-corr,return_correlation,100,1508,0.30464646464646467,99,0.99,1,0,29.0,70,0.40021959516333466,0.499560283598281,0.9142078267616722,0.4,60,60,0,3442,0,0,0,与供应链经济叙事不符，报告口径必须写「相关网络传播」，不得包装成供应链证据
2025-11-27,W-corr,return_correlation,100,1416,0.28606060606060607,99,0.99,1,0,28.0,69,0.40001738830191735,0.5006919298738199,0.91212875494652,0.4,60,60,0,3534,0,0,0,与供应链经济叙事不符，报告口径必须写「相关网络传播」，不得包装成供应链证据
2025-11-28,W-corr,return_correlation,100,1429,0.2886868686868687,99,0.99,1,0,29.0,69,0.40000101992367726,0.5006629115119148,0.9126095876038881,0.4,60,60,0,3521,0,0,0,与供应链经济叙事不符，报告口径必须写「相关网络传播」，不得包装成供应链证据
2025-12-01,W-corr,return_correlation,100,1438,0.2905050505050505,99,0.99,1,0,28.0,70,0.40019728916614505,0.5007968939142279,0.9148938466711516,0.4,60,60,0,3512,0,0,0,与供应链经济叙事不符，报告口径必须写「相关网络传播」，不得包装成供应链证据
2025-12-02,W-corr,return_correlation,100,1482,0.2993939393939394,99,0.99,1,0,30.0,68,0.4002116926850966,0.5027739408649055,0.9173767595833678,0.4,60,60,0,3468,0,0,0,与供应链经济叙事不符，报告口径必须写「相关网络传播」，不得包装成供应链证据
2025-12-03,W-corr,return_correlation,100,1484,0.2997979797979798,99,0.99,1,0,29.5,67,0.4002035797108504,0.5032377490310198,0.9166358014282423,0.4,60,60,0,3466,0,0,0,与供应链经济叙事不符，报告口径必须写「相关网络传播」，不得包装成供应链证据
2025-12-04,W-corr,return_correlation,100,1524,0.30787878787878786,99,0.99,1,0,30.0,70,0.40004575281566496,0.4999157986829845,0.9256504005531212,0.4,60,60,0,3426,0,0,0,与供应链经济叙事不符，报告口径必须写「相关网络传播」，不得包装成供应链证据
2025-12-05,W-corr,return_correlation,100,1538,0.3107070707070707,99,0.99,1,0,30.5,68,0.40001137030692663,0.5010491703654403,0.918097436060217,0.4,60,60,0,3412,0,0,0,与供应链经济叙事不符，报告口径必须写「相关网络传播」，不得包装成供应链证据
2025-12-08,W-corr,return_correlation,100,1406,0.28404040404040404,99,0.99,1,0,27.0,64,0.40005516443478295,0.50086630531609,0.9164906858313544,0.4,60,60,0,3544,0,0,0,与供应链经济叙事不符，报告口径必须写「相关网络传播」，不得包装成供应链证据
2025-12-09,W-corr,return_correlation,100,1447,0.2923232323232323,99,0.99,1,0,28.0,63,0.40001823857068586,0.5047337733934686,0.9168614642035045,0.4,60,60,0,3503,0,0,0,与供应链经济叙事不符，报告口径必须写「相关网络传播」，不得包装成供应链证据
2025-12-10,W-corr,return_correlation,100,1477,0.29838383838383836,99,0.99,1,0,28.5,63,0.4000347866124552,0.5037522268928287,0.9168129080989494,0.4,60,60,0,3473,0,0,0,与供应链经济叙事不符，报告口径必须写「相关网络传播」，不得包装成供应链证据
2025-12-11,W-corr,return_correlation,100,1458,0.29454545454545455,99,0.99,1,0,27.5,63,0.4002073270425615,0.506233911640593,0.9197331440744542,0.4,60,60,0,3492,0,0,0,与供应链经济叙事不符，报告口径必须写「相关网络传播」，不得包装成供应链证据
2025-12-12,W-corr,return_correlation,100,1431,0.28909090909090907,99,0.99,1,0,27.5,60,0.40011570676880004,0.5039589449530174,0.9217451536341454,0.4,60,60,0,3519,0,0,0,与供应链经济叙事不符，报告口径必须写「相关网络传播」，不得包装成供应链证据
2025-12-15,W-corr,return_correlation,100,1440,0.2909090909090909,99,0.99,1,0,27.0,61,0.40004207425166116,0.505231763618179,0.9281438009424267,0.4,60,60,0,3510,0,0,0,与供应链经济叙事不符，报告口径必须写「相关网络传播」，不得包装成供应链证据
2025-12-16,W-corr,return_correlation,100,1492,0.3014141414141414,99,0.99,1,0,27.0,62,0.40015536080235936,0.5038038907827942,0.9325393474781849,0.4,60,60,0,3458,0,0,0,与供应链经济叙事不符，报告口径必须写「相关网络传播」，不得包装成供应链证据
2025-12-17,W-corr,return_correlation,100,1521,0.30727272727272725,99,0.99,1,0,29.0,64,0.4000034609596452,0.5048770099462527,0.9298481803437905,0.4,60,60,0,3429,0,0,0,与供应链经济叙事不符，报告口径必须写「相关网络传播」，不得包装成供应链证据
2025-12-18,W-corr,return_correlation,100,1532,0.3094949494949495,99,0.99,1,0,29.0,64,0.4000233117947009,0.505918404295501,0.929755924211549,0.4,60,60,0,3418,0,0,0,与供应链经济叙事不符，报告口径必须写「相关网络传播」，不得包装成供应链证据
2025-12-19,W-corr,return_correlation,100,1428,0.2884848484848485,99,0.99,1,0,27.0,63,0.4001059060523556,0.5028647779527378,0.9287761882945041,0.4,60,60,0,3522,0,0,0,与供应链经济叙事不符，报告口径必须写「相关网络传播」，不得包装成供应链证据
2025-12-22,W-corr,return_correlation,100,1446,0.2921212121212121,99,0.99,1,0,28.0,64,0.4000364476067535,0.5017485501929468,0.9269800327020055,0.4,60,60,0,3504,0,0,0,与供应链经济叙事不符，报告口径必须写「相关网络传播」，不得包装成供应链证据
2025-12-23,W-corr,return_correlation,100,1446,0.2921212121212121,99,0.99,1,0,27.5,65,0.400096863378367,0.49931128195232266,0.9304976878773393,0.4,60,60,0,3504,0,0,0,与供应链经济叙事不符，报告口径必须写「相关网络传播」，不得包装成供应链证据
2025-12-24,W-corr,return_correlation,100,1453,0.29353535353535354,99,0.99,1,0,28.0,65,0.40026491274637516,0.5004662989350362,0.9281230047744002,0.4,60,60,0,3497,0,0,0,与供应链经济叙事不符，报告口径必须写「相关网络传播」，不得包装成供应链证据
2025-12-25,W-corr,return_correlation,100,1436,0.2901010101010101,99,0.99,1,0,27.0,65,0.40027333092307704,0.4994697521594398,0.9276977338277392,0.4,60,60,0,3514,0,0,0,与供应链经济叙事不符，报告口径必须写「相关网络传播」，不得包装成供应链证据
2025-12-26,W-corr,return_correlation,100,1474,0.29777777777777775,99,0.99,1,0,28.0,67,0.400023228099237,0.5054364004693279,0.9261036661701069,0.4,60,60,0,3476,0,0,0,与供应链经济叙事不符，报告口径必须写「相关网络传播」，不得包装成供应链证据
2025-12-29,W-corr,return_correlation,100,1546,0.31232323232323234,99,0.99,1,0,30.5,68,0.4001028651815748,0.5038801007464939,0.9256555414143678,0.4,60,60,0,3404,0,0,0,与供应链经济叙事不符，报告口径必须写「相关网络传播」，不得包装成供应链证据
2025-12-30,W-corr,return_correlation,100,1469,0.2967676767676768,99,0.99,1,0,29.0,61,0.400350139761062,0.5094215878215411,0.9250240854654058,0.4,60,60,0,3481,0,0,0,与供应链经济叙事不符，报告口径必须写「相关网络传播」，不得包装成供应链证据
2025-12-31,W-corr,return_correlation,100,1505,0.30404040404040406,99,0.99,1,0,30.0,60,0.4000413800816768,0.506867531251282,0.9313457267454716,0.4,60,60,0,3445,0,0,0,与供应链经济叙事不符，报告口径必须写「相关网络传播」，不得包装成供应链证据
2026-01-05,W-corr,return_correlation,100,1275,0.25757575757575757,99,0.99,1,0,24.0,54,0.40008280076828573,0.4978654767037917,0.9150007107270461,0.4,60,60,0,3675,0,0,0,与供应链经济叙事不符，报告口径必须写「相关网络传播」，不得包装成供应链证据
2026-01-06,W-corr,return_correlation,100,1379,0.2785858585858586,100,1.0,0,1,25.5,59,0.4000339739384509,0.49659927370288565,0.9128270593800599,0.4,60,60,0,3571,0,0,0,与供应链经济叙事不符，报告口径必须写「相关网络传播」，不得包装成供应链证据
2026-01-07,W-corr,return_correlation,100,1439,0.2907070707070707,100,1.0,0,1,27.5,61,0.40003081318729167,0.49714044550369946,0.9132681974006363,0.4,60,60,0,3511,0,0,0,与供应链经济叙事不符，报告口径必须写「相关网络传播」，不得包装成供应链证据
2026-01-08,W-corr,return_correlation,100,1473,0.29757575757575755,99,0.99,1,0,29.5,66,0.4000141838741345,0.4945923554983073,0.9104065975938177,0.4,60,60,0,3477,0,0,0,与供应链经济叙事不符，报告口径必须写「相关网络传播」，不得包装成供应链证据
2026-01-09,W-corr,return_correlation,100,1458,0.29454545454545455,98,0.98,2,0,28.5,68,0.40017106836511085,0.49475052796932684,0.9012613313158538,0.4,60,60,0,3492,0,0,0,与供应链经济叙事不符，报告口径必须写「相关网络传播」，不得包装成供应链证据
2026-01-12,W-corr,return_correlation,100,1394,0.2816161616161616,99,0.99,1,0,28.0,65,0.40001178675195675,0.49518309327469306,0.9019234545298397,0.4,60,60,0,3556,0,0,0,与供应链经济叙事不符，报告口径必须写「相关网络传播」，不得包装成供应链证据
2026-01-13,W-corr,return_correlation,100,1287,0.26,99,0.99,1,0,25.0,58,0.40002917541178135,0.493105666589781,0.905633256449449,0.4,60,60,0,3663,0,0,0,与供应链经济叙事不符，报告口径必须写「相关网络传播」，不得包装成供应链证据
2026-01-14,W-corr,return_correlation,100,1250,0.25252525252525254,98,0.98,2,0,25.0,55,0.40006273244851437,0.49637086344084874,0.9044383244883684,0.4,60,60,0,3700,0,0,0,与供应链经济叙事不符，报告口径必须写「相关网络传播」，不得包装成供应链证据
2026-01-15,W-corr,return_correlation,100,1233,0.24909090909090909,98,0.98,2,0,24.0,53,0.40003839968161387,0.49857971127083217,0.9063480256067888,0.4,60,60,0,3717,0,0,0,与供应链经济叙事不符，报告口径必须写「相关网络传播」，不得包装成供应链证据
2026-01-16,W-corr,return_correlation,100,1185,0.23939393939393938,98,0.98,2,0,22.0,53,0.4000524433038951,0.4990545188881408,0.911404705023633,0.4,60,60,0,3765,0,0,0,与供应链经济叙事不符，报告口径必须写「相关网络传播」，不得包装成供应链证据
2026-01-19,W-corr,return_correlation,100,1180,0.2383838383838384,98,0.98,2,0,23.0,50,0.40010229824213767,0.4966913966585069,0.9116502413811632,0.4,60,60,0,3770,0,0,0,与供应链经济叙事不符，报告口径必须写「相关网络传播」，不得包装成供应链证据
2026-01-20,W-corr,return_correlation,100,1163,0.23494949494949494,98,0.98,2,0,21.0,48,0.4000281312132561,0.49743375353973895,0.906038400068851,0.4,60,60,0,3787,0,0,0,与供应链经济叙事不符，报告口径必须写「相关网络传播」，不得包装成供应链证据
2026-01-21,W-corr,return_correlation,100,1106,0.22343434343434343,98,0.98,2,0,20.0,47,0.40007510325379714,0.5048170826598939,0.9049384030100796,0.4,60,60,0,3844,0,0,0,与供应链经济叙事不符，报告口径必须写「相关网络传播」，不得包装成供应链证据
2026-01-22,W-corr,return_correlation,100,1124,0.22707070707070706,98,0.98,2,0,20.0,47,0.4007303041021854,0.5030090170673303,0.9102345503756221,0.4,60,60,0,3826,0,0,0,与供应链经济叙事不符，报告口径必须写「相关网络传播」，不得包装成供应链证据
2026-01-23,W-corr,return_correlation,100,1099,0.222020202020202,98,0.98,2,0,20.5,48,0.40016822448232425,0.5028391690310567,0.8950419117442927,0.4,60,60,0,3851,0,0,0,与供应链经济叙事不符，报告口径必须写「相关网络传播」，不得包装成供应链证据
2026-01-26,W-corr,return_correlation,100,1068,0.21575757575757576,98,0.98,2,0,20.0,49,0.4000853580030567,0.511704895708722,0.9126623249395661,0.4,60,60,0,3882,0,0,0,与供应链经济叙事不符，报告口径必须写「相关网络传播」，不得包装成供应链证据
2026-01-27,W-corr,return_correlation,100,1125,0.22727272727272727,98,0.98,2,0,21.5,49,0.4000075352118496,0.5049316447769827,0.9002943733463112,0.4,60,60,0,3825,0,0,0,与供应链经济叙事不符，报告口径必须写「相关网络传播」，不得包装成供应链证据
2026-01-28,W-corr,return_correlation,100,1175,0.23737373737373738,98,0.98,2,0,22.5,49,0.4000248495456607,0.5073810590371708,0.9163677478209795,0.4,60,60,0,3775,0,0,0,与供应链经济叙事不符，报告口径必须写「相关网络传播」，不得包装成供应链证据
2026-01-29,W-corr,return_correlation,100,1105,0.22323232323232323,98,0.98,2,0,21.5,47,0.4001412467783503,0.5059549144979103,0.9127614670796425,0.4,60,60,0,3845,0,0,0,与供应链经济叙事不符，报告口径必须写「相关网络传播」，不得包装成供应链证据
2026-01-30,W-corr,return_correlation,100,1089,0.22,98,0.98,2,0,21.0,48,0.400048346157459,0.5153039285858695,0.926301065064894,0.4,60,60,0,3861,0,0,0,与供应链经济叙事不符，报告口径必须写「相关网络传播」，不得包装成供应链证据
2026-02-02,W-corr,return_correlation,100,1389,0.2806060606060606,99,0.99,1,0,28.0,62,0.40025090327385543,0.5185859035361722,0.9377466097471564,0.4,60,60,0,3561,0,0,0,与供应链经济叙事不符，报告口径必须写「相关网络传播」，不得包装成供应链证据
2026-02-03,W-corr,return_correlation,100,1453,0.29353535353535354,99,0.99,1,0,29.0,64,0.4000049796203955,0.5164460084954247,0.9380974722416997,0.4,60,60,0,3497,0,0,0,与供应链经济叙事不符，报告口径必须写「相关网络传播」，不得包装成供应链证据
2026-02-04,W-corr,return_correlation,100,1396,0.282020202020202,99,0.99,1,0,26.5,60,0.4000047872266604,0.5217702773616286,0.9375105632378895,0.4,60,60,0,3554,0,0,0,与供应链经济叙事不符，报告口径必须写「相关网络传播」，不得包装成供应链证据
2026-02-05,W-corr,return_correlation,100,1494,0.3018181818181818,99,0.99,1,0,29.0,64,0.4000973938075072,0.5211737377562233,0.9476728448841093,0.4,60,60,0,3456,0,0,0,与供应链经济叙事不符，报告口径必须写「相关网络传播」，不得包装成供应链证据
2026-02-06,W-corr,return_correlation,100,1492,0.3014141414141414,99,0.99,1,0,29.0,64,0.40022547136629116,0.520801791664262,0.9486035180047742,0.4,60,60,0,3458,0,0,0,与供应链经济叙事不符，报告口径必须写「相关网络传播」，不得包装成供应链证据
2026-02-09,W-corr,return_correlation,100,1486,0.3002020202020202,98,0.98,2,0,30.0,59,0.40007532738605883,0.5152747537902012,0.9482090851473718,0.4,60,60,0,3464,0,0,0,与供应链经济叙事不符，报告口径必须写「相关网络传播」，不得包装成供应链证据
2026-02-10,W-corr,return_correlation,100,1471,0.2971717171717172,99,0.99,1,0,29.5,61,0.4001635316585396,0.514879817764165,0.9478613840350029,0.4,60,60,0,3479,0,0,0,与供应链经济叙事不符，报告口径必须写「相关网络传播」，不得包装成供应链证据
2026-02-11,W-corr,return_correlation,100,1521,0.30727272727272725,100,1.0,0,1,31.5,63,0.40001246886168257,0.5148408226155577,0.9459784399707012,0.4,60,60,0,3429,0,0,0,与供应链经济叙事不符，报告口径必须写「相关网络传播」，不得包装成供应链证据
2026-02-12,W-corr,return_correlation,100,1400,0.2828282828282828,100,1.0,0,1,27.0,59,0.4000323586140899,0.5166140327510479,0.9426314994523818,0.4,60,60,0,3550,0,0,0,与供应链经济叙事不符，报告口径必须写「相关网络传播」，不得包装成供应链证据
2026-02-13,W-corr,return_correlation,100,1504,0.30383838383838385,100,1.0,0,1,29.5,61,0.40020264880453765,0.5147021751921643,0.9444085742061582,0.4,60,60,0,3446,0,0,0,与供应链经济叙事不符，报告口径必须写「相关网络传播」，不得包装成供应链证据
2026-02-24,W-corr,return_correlation,100,1590,0.3212121212121212,100,1.0,0,1,31.0,65,0.4000618513879805,0.5121383010830001,0.9464450158245412,0.4,60,60,0,3360,0,0,0,与供应链经济叙事不符，报告口径必须写「相关网络传播」，不得包装成供应链证据
2026-02-25,W-corr,return_correlation,100,1323,0.2672727272727273,99,0.99,1,0,25.0,55,0.40024104831461765,0.5130276777017044,0.9440105462071026,0.4,60,60,0,3627,0,0,0,与供应链经济叙事不符，报告口径必须写「相关网络传播」，不得包装成供应链证据
2026-02-26,W-corr,return_correlation,100,1291,0.2608080808080808,99,0.99,1,0,25.5,54,0.4003403927657928,0.5162203273505923,0.9368530965734675,0.4,60,60,0,3659,0,0,0,与供应链经济叙事不符，报告口径必须写「相关网络传播」，不得包装成供应链证据
2026-02-27,W-corr,return_correlation,100,1334,0.2694949494949495,98,0.98,2,0,25.0,56,0.4003261924237412,0.5154731121032667,0.9391293601807259,0.4,60,60,0,3616,0,0,0,与供应链经济叙事不符，报告口径必须写「相关网络传播」，不得包装成供应链证据
2026-03-02,W-corr,return_correlation,100,1313,0.26525252525252524,98,0.98,2,0,26.0,50,0.40024906071366007,0.5153409659442025,0.941483948615795,0.4,60,60,0,3637,0,0,0,与供应链经济叙事不符，报告口径必须写「相关网络传播」，不得包装成供应链证据
2026-03-03,W-corr,return_correlation,100,1386,0.28,99,0.99,1,0,27.5,53,0.40010412683206553,0.5170316635505567,0.9442298399050595,0.4,60,60,0,3564,0,0,0,与供应链经济叙事不符，报告口径必须写「相关网络传播」，不得包装成供应链证据
2026-03-04,W-corr,return_correlation,100,1358,0.27434343434343433,99,0.99,1,0,27.0,53,0.4001548841630399,0.5178399767842214,0.9438026977186043,0.4,60,60,0,3592,0,0,0,与供应链经济叙事不符，报告口径必须写「相关网络传播」，不得包装成供应链证据
2026-03-05,W-corr,return_correlation,100,1339,0.2705050505050505,99,0.99,1,0,27.0,51,0.4002407325827956,0.5215749091772386,0.9441510051154383,0.4,60,60,0,3611,0,0,0,与供应链经济叙事不符，报告口径必须写「相关网络传播」，不得包装成供应链证据
2026-03-06,W-corr,return_correlation,100,1294,0.26141414141414143,98,0.98,2,0,26.0,49,0.400109304884557,0.520712848784588,0.9441040858314786,0.4,60,60,0,3656,0,0,0,与供应链经济叙事不符，报告口径必须写「相关网络传播」，不得包装成供应链证据
2026-03-09,W-corr,return_correlation,100,1276,0.2577777777777778,98,0.98,2,0,24.0,49,0.4001822605821056,0.5201423099610296,0.944319441640712,0.4,60,60,0,3674,0,0,0,与供应链经济叙事不符，报告口径必须写「相关网络传播」，不得包装成供应链证据
2026-03-10,W-corr,return_correlation,100,1249,0.25232323232323234,98,0.98,2,0,24.0,48,0.4000489588930782,0.5173889722307432,0.9445478911021765,0.4,60,60,0,3701,0,0,0,与供应链经济叙事不符，报告口径必须写「相关网络传播」，不得包装成供应链证据
2026-03-11,W-corr,return_correlation,100,1260,0.2545454545454545,99,0.99,1,0,25.5,50,0.40030090566494403,0.518639513299056,0.9402198168368344,0.4,60,60,0,3690,0,0,0,与供应链经济叙事不符，报告口径必须写「相关网络传播」，不得包装成供应链证据
2026-03-12,W-corr,return_correlation,100,1257,0.25393939393939396,99,0.99,1,0,25.5,47,0.40000331251545684,0.5151458878914702,0.9420228512369566,0.4,60,60,0,3693,0,0,0,与供应链经济叙事不符，报告口径必须写「相关网络传播」，不得包装成供应链证据
2026-03-13,W-corr,return_correlation,100,1226,0.2476767676767677,100,1.0,0,1,24.0,47,0.4000754359067074,0.5137515926191414,0.9411272740027196,0.4,60,60,0,3724,0,0,0,与供应链经济叙事不符，报告口径必须写「相关网络传播」，不得包装成供应链证据
2026-03-16,W-corr,return_correlation,100,1334,0.2694949494949495,100,1.0,0,1,27.0,51,0.4003886169997781,0.5145057026145001,0.9421603452528594,0.4,60,60,0,3616,0,0,0,与供应链经济叙事不符，报告口径必须写「相关网络传播」，不得包装成供应链证据
2026-03-17,W-corr,return_correlation,100,1329,0.2684848484848485,100,1.0,0,1,27.0,50,0.4005981193195692,0.514976644696414,0.941046636383076,0.4,60,60,0,3621,0,0,0,与供应链经济叙事不符，报告口径必须写「相关网络传播」，不得包装成供应链证据
2026-03-18,W-corr,return_correlation,100,1309,0.2644444444444444,100,1.0,0,1,26.0,51,0.4001571002456329,0.5138290212509321,0.9411478622892196,0.4,60,60,0,3641,0,0,0,与供应链经济叙事不符，报告口径必须写「相关网络传播」，不得包装成供应链证据
2026-03-19,W-corr,return_correlation,100,1352,0.2731313131313131,99,0.99,1,0,26.5,51,0.4004949926950614,0.5200079468313434,0.9435687656372241,0.4,60,60,0,3598,0,0,0,与供应链经济叙事不符，报告口径必须写「相关网络传播」，不得包装成供应链证据
2026-03-20,W-corr,return_correlation,100,1311,0.26484848484848483,99,0.99,1,0,25.0,50,0.4000215574744202,0.5187749824281983,0.9434461379565378,0.4,60,60,0,3639,0,0,0,与供应链经济叙事不符，报告口径必须写「相关网络传播」，不得包装成供应链证据
2026-03-23,W-corr,return_correlation,100,1332,0.2690909090909091,100,1.0,0,2,26.5,53,0.4001179992675103,0.5246027782518035,0.9457748555742054,0.4,60,60,0,3618,0,0,0,与供应链经济叙事不符，报告口径必须写「相关网络传播」，不得包装成供应链证据
2026-03-24,W-corr,return_correlation,100,1323,0.2672727272727273,100,1.0,0,2,26.0,54,0.40006733224316293,0.5268980991839027,0.950479230956463,0.4,60,60,0,3627,0,0,0,与供应链经济叙事不符，报告口径必须写「相关网络传播」，不得包装成供应链证据
2026-03-25,W-corr,return_correlation,100,1339,0.2705050505050505,100,1.0,0,2,26.5,56,0.40032157571399873,0.5271476386582215,0.9495976570186968,0.4,60,60,0,3611,0,0,0,与供应链经济叙事不符，报告口径必须写「相关网络传播」，不得包装成供应链证据
2026-03-26,W-corr,return_correlation,100,1275,0.25757575757575757,100,1.0,0,1,25.0,51,0.4000114116020525,0.526550313277005,0.9504107493105017,0.4,60,60,0,3675,0,0,0,与供应链经济叙事不符，报告口径必须写「相关网络传播」，不得包装成供应链证据
2026-03-27,W-corr,return_correlation,100,1280,0.2585858585858586,100,1.0,0,1,24.0,53,0.4005066564857404,0.5279949752431592,0.9504579158443937,0.4,60,60,0,3670,0,0,0,与供应链经济叙事不符，报告口径必须写「相关网络传播」，不得包装成供应链证据
2026-03-30,W-corr,return_correlation,100,1257,0.25393939393939396,100,1.0,0,1,24.0,52,0.40006812224161625,0.5339957379144237,0.9504286494571704,0.4,60,60,0,3693,0,0,0,与供应链经济叙事不符，报告口径必须写「相关网络传播」，不得包装成供应链证据
2026-03-31,W-corr,return_correlation,100,1312,0.26505050505050504,100,1.0,0,1,25.0,52,0.4002124405955717,0.5311086357318875,0.9512611161034061,0.4,60,60,0,3638,0,0,0,与供应链经济叙事不符，报告口径必须写「相关网络传播」，不得包装成供应链证据
2026-04-01,W-corr,return_correlation,100,1288,0.2602020202020202,100,1.0,0,1,25.0,52,0.4000182057349936,0.5323707701314966,0.9509018350131426,0.4,60,60,0,3662,0,0,0,与供应链经济叙事不符，报告口径必须写「相关网络传播」，不得包装成供应链证据
2026-04-02,W-corr,return_correlation,100,1283,0.2591919191919192,100,1.0,0,1,24.0,53,0.40006865817006615,0.5353103221938466,0.9519742364450775,0.4,60,60,0,3667,0,0,0,与供应链经济叙事不符，报告口径必须写「相关网络传播」，不得包装成供应链证据
2026-04-03,W-corr,return_correlation,100,1334,0.2694949494949495,100,1.0,0,1,25.5,54,0.40003126720428933,0.5343140109339687,0.9521562640969189,0.4,60,60,0,3616,0,0,0,与供应链经济叙事不符，报告口径必须写「相关网络传播」，不得包装成供应链证据
2026-04-07,W-corr,return_correlation,100,1324,0.2674747474747475,100,1.0,0,1,25.0,53,0.4002608453310116,0.5341495125265237,0.9522209092893127,0.4,60,60,0,3626,0,0,0,与供应链经济叙事不符，报告口径必须写「相关网络传播」，不得包装成供应链证据
2026-04-08,W-corr,return_correlation,100,1363,0.27535353535353535,100,1.0,0,3,26.0,55,0.40038775695857576,0.5371552814750521,0.9537859010397756,0.4,60,60,0,3587,0,0,0,与供应链经济叙事不符，报告口径必须写「相关网络传播」，不得包装成供应链证据
2026-04-09,W-corr,return_correlation,100,1362,0.27515151515151515,100,1.0,0,3,26.0,55,0.4000833907028931,0.5334886564595879,0.952977603904392,0.4,60,60,0,3588,0,0,0,与供应链经济叙事不符，报告口径必须写「相关网络传播」，不得包装成供应链证据
2026-04-10,W-corr,return_correlation,100,1351,0.2729292929292929,100,1.0,0,3,26.0,54,0.4000679282815572,0.5351877157602635,0.9531021950566769,0.4,60,60,0,3599,0,0,0,与供应链经济叙事不符，报告口径必须写「相关网络传播」，不得包装成供应链证据
2026-04-13,W-corr,return_correlation,100,1325,0.2676767676767677,100,1.0,0,3,25.0,53,0.40001036300555765,0.535669260688312,0.9572030896005873,0.4,60,60,0,3625,0,0,0,与供应链经济叙事不符，报告口径必须写「相关网络传播」，不得包装成供应链证据
2026-04-14,W-corr,return_correlation,100,1327,0.2680808080808081,100,1.0,0,2,25.0,54,0.40048244184493237,0.534902180070205,0.9609705629178776,0.4,60,60,0,3623,0,0,0,与供应链经济叙事不符，报告口径必须写「相关网络传播」，不得包装成供应链证据
2026-04-15,W-corr,return_correlation,100,1342,0.27111111111111114,100,1.0,0,1,26.0,55,0.40007803372977613,0.5349344445010329,0.9609771181455466,0.4,60,60,0,3608,0,0,0,与供应链经济叙事不符，报告口径必须写「相关网络传播」，不得包装成供应链证据
2026-04-16,W-corr,return_correlation,100,1365,0.27575757575757576,100,1.0,0,2,27.0,59,0.4002548876480038,0.5398532065411458,0.9608068092312853,0.4,60,60,0,3585,0,0,0,与供应链经济叙事不符，报告口径必须写「相关网络传播」，不得包装成供应链证据
2026-04-17,W-corr,return_correlation,100,1377,0.2781818181818182,100,1.0,0,1,26.5,55,0.40025131204440917,0.5393627132560419,0.9619469713247715,0.4,60,60,0,3573,0,0,0,与供应链经济叙事不符，报告口径必须写「相关网络传播」，不得包装成供应链证据
2026-04-20,W-corr,return_correlation,100,1358,0.27434343434343433,100,1.0,0,1,26.0,53,0.40035141852873773,0.5391839555107727,0.9610398490046925,0.4,60,60,0,3592,0,0,0,与供应链经济叙事不符，报告口径必须写「相关网络传播」，不得包装成供应链证据
2026-04-21,W-corr,return_correlation,100,1361,0.27494949494949494,100,1.0,0,2,27.0,54,0.4003544353150718,0.5412319553164853,0.9609689488577953,0.4,60,60,0,3589,0,0,0,与供应链经济叙事不符，报告口径必须写「相关网络传播」，不得包装成供应链证据
2026-04-22,W-corr,return_correlation,100,1351,0.2729292929292929,100,1.0,0,2,26.5,53,0.40008908625058803,0.5395916388513092,0.9605606179355584,0.4,60,60,0,3599,0,0,0,与供应链经济叙事不符，报告口径必须写「相关网络传播」，不得包装成供应链证据
2026-04-23,W-corr,return_correlation,100,1370,0.2767676767676768,100,1.0,0,2,27.0,57,0.400081552048594,0.540551081610386,0.9629573621857238,0.4,60,60,0,3580,0,0,0,与供应链经济叙事不符，报告口径必须写「相关网络传播」，不得包装成供应链证据
2026-04-24,W-corr,return_correlation,100,1371,0.276969696969697,100,1.0,0,1,27.0,56,0.40004030188500533,0.5416796957173519,0.9612686432569112,0.4,60,60,0,3579,0,0,0,与供应链经济叙事不符，报告口径必须写「相关网络传播」，不得包装成供应链证据
2026-04-27,W-corr,return_correlation,100,1354,0.2735353535353535,100,1.0,0,1,26.5,56,0.40005727273971814,0.5406764692642232,0.96129856283795,0.4,60,60,0,3596,0,0,0,与供应链经济叙事不符，报告口径必须写「相关网络传播」，不得包装成供应链证据
2026-04-28,W-corr,return_correlation,100,1328,0.2682828282828283,100,1.0,0,1,25.0,56,0.40008436568086436,0.5402543406968976,0.9647091444471229,0.4,60,60,0,3622,0,0,0,与供应链经济叙事不符，报告口径必须写「相关网络传播」，不得包装成供应链证据
2026-04-29,W-corr,return_correlation,100,1404,0.28363636363636363,100,1.0,0,3,27.5,55,0.4004512605871399,0.5419648642545798,0.9654417757504179,0.4,60,60,0,3546,0,0,0,与供应链经济叙事不符，报告口径必须写「相关网络传播」，不得包装成供应链证据
2026-04-30,W-corr,return_correlation,100,1376,0.277979797979798,100,1.0,0,3,27.0,54,0.4001206875744471,0.539257672366937,0.9718983186035405,0.4,60,60,0,3574,0,0,0,与供应链经济叙事不符，报告口径必须写「相关网络传播」，不得包装成供应链证据
2026-05-06,W-corr,return_correlation,100,1450,0.29292929292929293,100,1.0,0,3,28.0,56,0.4000199300823377,0.5237409724182502,0.968919713440245,0.4,60,60,0,3500,0,0,0,与供应链经济叙事不符，报告口径必须写「相关网络传播」，不得包装成供应链证据
2026-05-07,W-corr,return_correlation,100,1490,0.301010101010101,100,1.0,0,3,29.5,57,0.4000868769257828,0.523261554083235,0.9642749452027217,0.4,60,60,0,3460,0,0,0,与供应链经济叙事不符，报告口径必须写「相关网络传播」，不得包装成供应链证据
2026-05-08,W-corr,return_correlation,100,1495,0.302020202020202,100,1.0,0,3,29.5,58,0.4001098439426531,0.52304688521513,0.9593825686480744,0.4,60,60,0,3455,0,0,0,与供应链经济叙事不符，报告口径必须写「相关网络传播」，不得包装成供应链证据
2026-05-11,W-corr,return_correlation,100,1302,0.263030303030303,100,1.0,0,2,25.0,54,0.4003486391759555,0.5158587673018367,0.9414359450708619,0.4,60,60,0,3648,0,0,0,与供应链经济叙事不符，报告口径必须写「相关网络传播」，不得包装成供应链证据
2026-05-12,W-corr,return_correlation,100,1241,0.2507070707070707,100,1.0,0,2,24.0,51,0.4000338393426004,0.5168808167789201,0.9413485520711197,0.4,60,60,0,3709,0,0,0,与供应链经济叙事不符，报告口径必须写「相关网络传播」，不得包装成供应链证据
2026-05-13,W-corr,return_correlation,100,1241,0.2507070707070707,100,1.0,0,2,24.0,54,0.40029845900408517,0.5154136872617598,0.9438185925986966,0.4,60,60,0,3709,0,0,0,与供应链经济叙事不符，报告口径必须写「相关网络传播」，不得包装成供应链证据
2026-05-14,W-corr,return_correlation,100,1198,0.24202020202020202,100,1.0,0,2,22.0,50,0.40006871211220224,0.5176150851308714,0.9443529427484607,0.4,60,60,0,3752,0,0,0,与供应链经济叙事不符，报告口径必须写「相关网络传播」，不得包装成供应链证据
2026-05-15,W-corr,return_correlation,100,1206,0.24363636363636362,100,1.0,0,2,23.0,52,0.40043462861324947,0.5166273994581323,0.9454763470019267,0.4,60,60,0,3744,0,0,0,与供应链经济叙事不符，报告口径必须写「相关网络传播」，不得包装成供应链证据
2026-05-18,W-corr,return_correlation,100,1188,0.24,100,1.0,0,2,23.0,51,0.4000263507766349,0.5165901127476489,0.9453385180903005,0.4,60,60,0,3762,0,0,0,与供应链经济叙事不符，报告口径必须写「相关网络传播」，不得包装成供应链证据
2026-05-19,W-corr,return_correlation,100,1167,0.23575757575757575,100,1.0,0,2,23.0,49,0.4001342540953573,0.5206384085725698,0.9453452195023829,0.4,60,60,0,3783,0,0,0,与供应链经济叙事不符，报告口径必须写「相关网络传播」，不得包装成供应链证据
2026-05-20,W-corr,return_correlation,100,1178,0.23797979797979799,100,1.0,0,2,24.0,48,0.4000199536445764,0.5243154982463624,0.9510067819664969,0.4,60,60,0,3772,0,0,0,与供应链经济叙事不符，报告口径必须写「相关网络传播」，不得包装成供应链证据
2026-05-21,W-corr,return_correlation,100,1204,0.24323232323232324,100,1.0,0,2,24.0,50,0.4002837359393155,0.5239654695805711,0.9513145631753733,0.4,60,60,0,3746,0,0,0,与供应链经济叙事不符，报告口径必须写「相关网络传播」，不得包装成供应链证据
2026-05-22,W-corr,return_correlation,100,1193,0.241010101010101,100,1.0,0,2,24.0,50,0.40007101231783637,0.522540715698323,0.9511555973013714,0.4,60,60,0,3757,0,0,0,与供应链经济叙事不符，报告口径必须写「相关网络传播」，不得包装成供应链证据
2026-05-25,W-corr,return_correlation,100,1151,0.23252525252525252,100,1.0,0,2,24.0,47,0.4000125600915605,0.5270269963236568,0.9479403129724254,0.4,60,60,0,3799,0,0,0,与供应链经济叙事不符，报告口径必须写「相关网络传播」，不得包装成供应链证据
2026-05-26,W-corr,return_correlation,100,1128,0.22787878787878788,100,1.0,0,2,23.0,47,0.40018350866230296,0.5232770469183861,0.9480555533836699,0.4,60,60,0,3822,0,0,0,与供应链经济叙事不符，报告口径必须写「相关网络传播」，不得包装成供应链证据
2026-05-27,W-corr,return_correlation,100,1140,0.23030303030303031,100,1.0,0,2,23.0,48,0.40006091267079485,0.5260546074766719,0.9496745833000223,0.4,60,60,0,3810,0,0,0,与供应链经济叙事不符，报告口径必须写「相关网络传播」，不得包装成供应链证据
2026-05-28,W-corr,return_correlation,100,1125,0.22727272727272727,100,1.0,0,2,23.0,47,0.4001642883246876,0.5220895476663833,0.9482909578825004,0.4,60,60,0,3825,0,0,0,与供应链经济叙事不符，报告口径必须写「相关网络传播」，不得包装成供应链证据
2026-05-29,W-corr,return_correlation,100,1172,0.23676767676767677,100,1.0,0,2,23.5,46,0.4000230257586072,0.5200744595021021,0.9372736012617043,0.4,60,60,0,3778,0,0,0,与供应链经济叙事不符，报告口径必须写「相关网络传播」，不得包装成供应链证据
2026-06-01,W-corr,return_correlation,100,1098,0.22181818181818183,100,1.0,0,3,22.0,44,0.40027439116390834,0.5176693919417362,0.934440510978321,0.4,60,60,0,3852,0,0,0,与供应链经济叙事不符，报告口径必须写「相关网络传播」，不得包装成供应链证据
2026-06-02,W-corr,return_correlation,100,1068,0.21575757575757576,100,1.0,0,2,22.5,40,0.40009595926122954,0.5239567247609898,0.9338054268568131,0.4,60,60,0,3882,0,0,0,与供应链经济叙事不符，报告口径必须写「相关网络传播」，不得包装成供应链证据
2026-06-03,W-corr,return_correlation,100,1062,0.21454545454545454,100,1.0,0,3,22.0,41,0.40022642586289764,0.5262851156346118,0.9326985304387145,0.4,60,60,0,3888,0,0,0,与供应链经济叙事不符，报告口径必须写「相关网络传播」，不得包装成供应链证据
2026-06-04,W-corr,return_correlation,100,1087,0.2195959595959596,100,1.0,0,3,22.0,42,0.4006349204508317,0.520391507680604,0.9331075045311215,0.4,60,60,0,3863,0,0,0,与供应链经济叙事不符，报告口径必须写「相关网络传播」，不得包装成供应链证据
2026-06-05,W-corr,return_correlation,100,1120,0.22626262626262628,100,1.0,0,3,23.5,42,0.4000539739991286,0.5202270422823954,0.9400862168163906,0.4,60,60,0,3830,0,0,0,与供应链经济叙事不符，报告口径必须写「相关网络传播」，不得包装成供应链证据
2026-06-08,W-corr,return_correlation,100,1206,0.24363636363636362,100,1.0,0,5,25.0,45,0.40003956204836427,0.5176331033656544,0.9426529457610814,0.4,60,60,0,3744,0,0,0,与供应链经济叙事不符，报告口径必须写「相关网络传播」，不得包装成供应链证据
2026-06-09,W-corr,return_correlation,100,1247,0.25191919191919193,100,1.0,0,4,25.0,50,0.40025291967649945,0.5174334917675025,0.9395647148647043,0.4,60,60,0,3703,0,0,0,与供应链经济叙事不符，报告口径必须写「相关网络传播」，不得包装成供应链证据
2026-06-10,W-corr,return_correlation,100,1231,0.24868686868686868,100,1.0,0,4,24.5,49,0.4000514432426608,0.5186640666417127,0.9422769851023004,0.4,60,60,0,3719,0,0,0,与供应链经济叙事不符，报告口径必须写「相关网络传播」，不得包装成供应链证据
2026-06-11,W-corr,return_correlation,100,1221,0.24666666666666667,100,1.0,0,4,24.0,49,0.400119978218449,0.5205157050412499,0.943205104597602,0.4,60,60,0,3729,0,0,0,与供应链经济叙事不符，报告口径必须写「相关网络传播」，不得包装成供应链证据
2026-06-12,W-corr,return_correlation,100,1218,0.24606060606060606,100,1.0,0,4,24.0,52,0.4002915110087551,0.5192007810335147,0.9435400551709584,0.4,60,60,0,3732,0,0,0,与供应链经济叙事不符，报告口径必须写「相关网络传播」，不得包装成供应链证据
2026-06-15,W-corr,return_correlation,100,1237,0.2498989898989899,100,1.0,0,4,24.0,53,0.4000566799639086,0.5182773313997164,0.946228768142395,0.4,60,60,0,3713,0,0,0,与供应链经济叙事不符，报告口径必须写「相关网络传播」，不得包装成供应链证据
2026-06-16,W-corr,return_correlation,100,1201,0.24262626262626263,100,1.0,0,5,24.0,50,0.40025117107965125,0.5166924045413301,0.9465381310297081,0.4,60,60,0,3749,0,0,0,与供应链经济叙事不符，报告口径必须写「相关网络传播」，不得包装成供应链证据
2026-06-17,W-corr,return_correlation,100,1110,0.22424242424242424,100,1.0,0,4,23.0,46,0.4000345023779984,0.5127019681654255,0.9436113415501979,0.4,60,60,0,3840,0,0,0,与供应链经济叙事不符，报告口径必须写「相关网络传播」，不得包装成供应链证据
2026-06-18,W-corr,return_correlation,100,1133,0.2288888888888889,100,1.0,0,5,23.0,49,0.40015909558544616,0.5169538526502151,0.9462403666748157,0.4,60,60,0,3817,0,0,0,与供应链经济叙事不符，报告口径必须写「相关网络传播」，不得包装成供应链证据
2026-06-22,W-corr,return_correlation,100,1182,0.2387878787878788,100,1.0,0,5,25.0,49,0.4001650931231353,0.5159108338688199,0.9387314919924552,0.4,60,60,0,3768,0,0,0,与供应链经济叙事不符，报告口径必须写「相关网络传播」，不得包装成供应链证据
2026-06-23,W-corr,return_correlation,100,1280,0.2585858585858586,100,1.0,0,3,25.0,55,0.40000823233600397,0.51452826562191,0.9473828410633136,0.4,60,60,0,3670,0,0,0,与供应链经济叙事不符，报告口径必须写「相关网络传播」，不得包装成供应链证据
2026-06-24,W-corr,return_correlation,100,1253,0.25313131313131315,100,1.0,0,3,25.0,55,0.4001051343255832,0.5102090630422017,0.9460320552576723,0.4,60,60,0,3697,0,0,0,与供应链经济叙事不符，报告口径必须写「相关网络传播」，不得包装成供应链证据
2026-06-25,W-corr,return_correlation,100,1244,0.2513131313131313,100,1.0,0,3,25.0,56,0.4002659139645566,0.515248399601764,0.9475209975267734,0.4,60,60,0,3706,0,0,0,与供应链经济叙事不符，报告口径必须写「相关网络传播」，不得包装成供应链证据
2026-06-26,W-corr,return_correlation,100,1264,0.25535353535353533,100,1.0,0,1,25.0,53,0.40002049953854213,0.5152661240462784,0.9538922602168465,0.4,60,60,0,3686,0,0,0,与供应链经济叙事不符，报告口径必须写「相关网络传播」，不得包装成供应链证据
2026-06-29,W-corr,return_correlation,100,1275,0.25757575757575757,100,1.0,0,1,24.5,54,0.40023268486382646,0.5141830906697628,0.9516920485660814,0.4,60,60,0,3675,0,0,0,与供应链经济叙事不符，报告口径必须写「相关网络传播」，不得包装成供应链证据
2026-06-30,W-corr,return_correlation,100,1202,0.24282828282828284,100,1.0,0,1,23.5,52,0.40003414503116685,0.51367752621496,0.9518038268717369,0.4,60,60,0,3748,0,0,0,与供应链经济叙事不符，报告口径必须写「相关网络传播」，不得包装成供应链证据
2026-07-01,W-corr,return_correlation,100,1203,0.24303030303030304,100,1.0,0,1,23.0,51,0.40044235148543883,0.5154297533337415,0.9517122469705614,0.4,60,60,0,3747,0,0,0,与供应链经济叙事不符，报告口径必须写「相关网络传播」，不得包装成供应链证据
2026-07-02,W-corr,return_correlation,100,1156,0.23353535353535354,99,0.99,1,0,23.0,50,0.40065226546922006,0.5129828795546989,0.9555405429914626,0.4,60,60,0,3794,0,0,0,与供应链经济叙事不符，报告口径必须写「相关网络传播」，不得包装成供应链证据
2026-07-03,W-corr,return_correlation,100,1090,0.2202020202020202,99,0.99,1,0,22.0,46,0.4002730118572052,0.5106900767433524,0.9549099667702968,0.4,60,60,0,3860,0,0,0,与供应链经济叙事不符，报告口径必须写「相关网络传播」，不得包装成供应链证据
2026-07-06,W-corr,return_correlation,100,1094,0.22101010101010102,99,0.99,1,0,21.0,46,0.40006622608299214,0.5098631187272566,0.9548742945872196,0.4,60,60,0,3856,0,0,0,与供应链经济叙事不符，报告口径必须写「相关网络传播」，不得包装成供应链证据
2026-07-07,W-corr,return_correlation,100,1029,0.20787878787878789,99,0.99,1,0,21.0,46,0.40018930287066035,0.513147538306344,0.9482292022506431,0.4,60,60,0,3921,0,0,0,与供应链经济叙事不符，报告口径必须写「相关网络传播」，不得包装成供应链证据
2026-07-08,W-corr,return_correlation,100,1065,0.21515151515151515,99,0.99,1,0,21.0,46,0.4001029857432817,0.5128200360034986,0.9471766915541054,0.4,60,60,0,3885,0,0,0,与供应链经济叙事不符，报告口径必须写「相关网络传播」，不得包装成供应链证据
2026-07-09,W-corr,return_correlation,100,1060,0.21414141414141413,99,0.99,1,0,21.0,46,0.4002155387595276,0.513518626041637,0.9459069991956731,0.4,60,60,0,3890,0,0,0,与供应链经济叙事不符，报告口径必须写「相关网络传播」，不得包装成供应链证据
2026-07-10,W-corr,return_correlation,100,1057,0.21353535353535352,99,0.99,1,0,21.0,44,0.4001882607336235,0.5160016258791917,0.9479547979967474,0.4,60,60,0,3893,0,0,0,与供应链经济叙事不符，报告口径必须写「相关网络传播」，不得包装成供应链证据
2026-07-13,W-corr,return_correlation,100,1104,0.22303030303030302,99,0.99,1,0,21.0,45,0.4000733565003045,0.5150100064918692,0.947408056421481,0.4,60,60,0,3846,0,0,0,与供应链经济叙事不符，报告口径必须写「相关网络传播」，不得包装成供应链证据
2026-07-14,W-corr,return_correlation,100,1152,0.23272727272727273,99,0.99,1,0,21.5,48,0.40001613452008106,0.5149679135906211,0.9454325204436513,0.4,60,60,0,3798,0,0,0,与供应链经济叙事不符，报告口径必须写「相关网络传播」，不得包装成供应链证据
2026-07-15,W-corr,return_correlation,100,1109,0.22404040404040404,99,0.99,1,0,21.0,46,0.4000645986038238,0.5169171685503903,0.9451361886655971,0.4,60,60,0,3841,0,0,0,与供应链经济叙事不符，报告口径必须写「相关网络传播」，不得包装成供应链证据
2026-07-16,W-corr,return_correlation,100,1120,0.22626262626262628,99,0.99,1,0,21.0,46,0.40024057566935084,0.5154461938756837,0.9450145946527592,0.4,60,60,0,3830,0,0,0,与供应链经济叙事不符，报告口径必须写「相关网络传播」，不得包装成供应链证据
2026-07-17,W-corr,return_correlation,100,1115,0.22525252525252526,99,0.99,1,0,21.0,46,0.4002241410524971,0.518599162822116,0.9463278165825671,0.4,60,60,0,3835,0,0,0,与供应链经济叙事不符，报告口径必须写「相关网络传播」，不得包装成供应链证据
2026-07-20,W-corr,return_correlation,100,1139,0.2301010101010101,99,0.99,1,0,21.5,44,0.4007142692207692,0.5195513338492682,0.9473822483922231,0.4,60,60,0,3811,0,0,0,与供应链经济叙事不符，报告口径必须写「相关网络传播」，不得包装成供应链证据
2026-07-21,W-corr,return_correlation,100,1184,0.2391919191919192,100,1.0,0,1,23.0,46,0.40002461587244076,0.5190003828876237,0.9522222644306095,0.4,60,60,0,3766,0,0,0,与供应链经济叙事不符，报告口径必须写「相关网络传播」，不得包装成供应链证据
2026-07-22,W-corr,return_correlation,100,1194,0.2412121212121212,100,1.0,0,1,23.5,46,0.400232665893835,0.5190013898417736,0.9508318716997566,0.4,60,60,0,3756,0,0,0,与供应链经济叙事不符，报告口径必须写「相关网络传播」，不得包装成供应链证据
2026-07-23,W-corr,return_correlation,100,1249,0.25232323232323234,100,1.0,0,1,25.0,52,0.40004274331794054,0.5171102989723477,0.9513160238923333,0.4,60,60,0,3701,0,0,0,与供应链经济叙事不符，报告口径必须写「相关网络传播」，不得包装成供应链证据
2026-07-24,W-corr,return_correlation,100,1345,0.2717171717171717,100,1.0,0,2,26.5,53,0.4002118340166281,0.5202815272964274,0.9527661503567011,0.4,60,60,0,3605,0,0,0,与供应链经济叙事不符，报告口径必须写「相关网络传播」，不得包装成供应链证据
2026-07-27,W-corr,return_correlation,100,1376,0.277979797979798,100,1.0,0,3,26.5,53,0.40005931817033596,0.5208308752183706,0.9508302113771623,0.4,60,60,0,3574,0,0,0,与供应链经济叙事不符，报告口径必须写「相关网络传播」，不得包装成供应链证据
2026-07-28,W-corr,return_correlation,100,1339,0.2705050505050505,100,1.0,0,3,26.5,51,0.40000940054128037,0.5204798014860299,0.9525222735807845,0.4,60,60,0,3611,0,0,0,与供应链经济叙事不符，报告口径必须写「相关网络传播」，不得包装成供应链证据
2026-07-29,W-corr,return_correlation,100,1400,0.2828282828282828,100,1.0,0,3,27.0,52,0.40012944100174674,0.5215089660495453,0.9602629851104998,0.4,60,60,0,3550,0,0,0,与供应链经济叙事不符，报告口径必须写「相关网络传播」，不得包装成供应链证据
2026-07-30,W-corr,return_correlation,100,1352,0.2731313131313131,100,1.0,0,3,27.0,53,0.4002850024752285,0.5226757977128644,0.9569477383871557,0.4,60,60,0,3598,0,0,0,与供应链经济叙事不符，报告口径必须写「相关网络传播」，不得包装成供应链证据
2026-07-31,W-corr,return_correlation,100,1375,0.2777777777777778,100,1.0,0,3,27.5,53,0.40032349892730107,0.5239897841307848,0.9455165055363317,0.4,60,60,0,3575,0,0,0,与供应链经济叙事不符，报告口径必须写「相关网络传播」，不得包装成供应链证据
2026-08-03,W-corr,return_correlation,100,1375,0.2777777777777778,100,1.0,0,2,26.5,55,0.4001175432761035,0.5227512322144817,0.9461787054010278,0.4,60,60,0,3575,0,0,0,与供应链经济叙事不符，报告口径必须写「相关网络传播」，不得包装成供应链证据
2026-08-04,W-corr,return_correlation,100,1379,0.2785858585858586,100,1.0,0,3,26.0,54,0.40020753357329464,0.5234229126242173,0.9455632528818836,0.4,60,60,0,3571,0,0,0,与供应链经济叙事不符，报告口径必须写「相关网络传播」，不得包装成供应链证据
2026-08-05,W-corr,return_correlation,100,1415,0.28585858585858587,100,1.0,0,3,27.0,55,0.40002508613901255,0.5284223527829769,0.948680817568889,0.4,60,60,0,3535,0,0,0,与供应链经济叙事不符，报告口径必须写「相关网络传播」，不得包装成供应链证据
2026-08-06,W-corr,return_correlation,100,1419,0.2866666666666667,100,1.0,0,3,27.5,58,0.40009185028124694,0.5286293930783942,0.9495398262245865,0.4,60,60,0,3531,0,0,0,与供应链经济叙事不符，报告口径必须写「相关网络传播」，不得包装成供应链证据
2026-08-07,W-corr,return_correlation,100,1387,0.2802020202020202,100,1.0,0,2,27.0,56,0.400099505681698,0.5302387962771818,0.9476888481461242,0.4,60,60,0,3563,0,0,0,与供应链经济叙事不符，报告口径必须写「相关网络传播」，不得包装成供应链证据
2026-08-10,W-corr,return_correlation,100,1410,0.28484848484848485,100,1.0,0,3,28.0,56,0.4000368797995524,0.5308710223464005,0.9447505796956212,0.4,60,60,0,3540,0,0,0,与供应链经济叙事不符，报告口径必须写「相关网络传播」，不得包装成供应链证据
2026-08-11,W-corr,return_correlation,100,1433,0.28949494949494947,100,1.0,0,1,28.5,56,0.40030800889415724,0.5331873384373949,0.9448645367183921,0.4,60,60,0,3517,0,0,0,与供应链经济叙事不符，报告口径必须写「相关网络传播」，不得包装成供应链证据
2026-08-12,W-corr,return_correlation,100,1462,0.29535353535353537,100,1.0,0,3,29.0,57,0.4000061254508923,0.5271325216279242,0.9446342193662032,0.4,60,60,0,3488,0,0,0,与供应链经济叙事不符，报告口径必须写「相关网络传播」，不得包装成供应链证据
2026-08-13,W-corr,return_correlation,100,1461,0.29515151515151516,100,1.0,0,1,29.0,58,0.4000200359294228,0.5293398683743131,0.9435855665969842,0.4,60,60,0,3489,0,0,0,与供应链经济叙事不符，报告口径必须写「相关网络传播」，不得包装成供应链证据
2026-08-14,W-corr,return_correlation,100,1430,0.28888888888888886,100,1.0,0,1,28.0,58,0.40014207325173806,0.5300644397132825,0.9432088773030474,0.4,60,60,0,3520,0,0,0,与供应链经济叙事不符，报告口径必须写「相关网络传播」，不得包装成供应链证据
2026-08-17,W-corr,return_correlation,100,1444,0.2917171717171717,100,1.0,0,1,29.0,58,0.40008613073149385,0.5304687321089954,0.9426981541205686,0.4,60,60,0,3506,0,0,0,与供应链经济叙事不符，报告口径必须写「相关网络传播」，不得包装成供应链证据
2026-08-18,W-corr,return_correlation,100,1456,0.29414141414141415,100,1.0,0,1,29.5,58,0.4000311231179093,0.5295182752299741,0.9423406229857034,0.4,60,60,0,3494,0,0,0,与供应链经济叙事不符，报告口径必须写「相关网络传播」，不得包装成供应链证据
2026-08-19,W-corr,return_correlation,100,1475,0.29797979797979796,100,1.0,0,1,29.0,58,0.40015583537197325,0.5291438603985119,0.9414713734657603,0.4,60,60,0,3475,0,0,0,与供应链经济叙事不符，报告口径必须写「相关网络传播」，不得包装成供应链证据
2026-08-20,W-corr,return_correlation,100,1491,0.3012121212121212,100,1.0,0,1,29.0,58,0.40007365479517737,0.5258069103482799,0.9403408276345506,0.4,60,60,0,3459,0,0,0,与供应链经济叙事不符，报告口径必须写「相关网络传播」，不得包装成供应链证据
2026-08-21,W-corr,return_correlation,100,1514,0.3058585858585859,100,1.0,0,1,30.0,58,0.40006364884890877,0.5264156591060125,0.9387124750994831,0.4,60,60,0,3436,0,0,0,与供应链经济叙事不符，报告口径必须写「相关网络传播」，不得包装成供应链证据
2026-08-24,W-corr,return_correlation,100,1521,0.30727272727272725,100,1.0,0,1,30.5,62,0.4000246819847312,0.5204035521305259,0.9379682888154935,0.4,60,60,0,3429,0,0,0,与供应链经济叙事不符，报告口径必须写「相关网络传播」，不得包装成供应链证据
2026-08-25,W-corr,return_correlation,100,1529,0.3088888888888889,100,1.0,0,1,31.0,62,0.40022159165597,0.522119440375043,0.9391224831848732,0.4,60,60,0,3421,0,0,0,与供应链经济叙事不符，报告口径必须写「相关网络传播」，不得包装成供应链证据
2026-08-26,W-corr,return_correlation,100,1601,0.3234343434343434,100,1.0,0,1,32.0,62,0.4003582098567686,0.5256354122091101,0.9383771701941546,0.4,60,60,0,3349,0,0,0,与供应链经济叙事不符，报告口径必须写「相关网络传播」，不得包装成供应链证据
2026-08-27,W-corr,return_correlation,100,1620,0.32727272727272727,100,1.0,0,1,32.0,63,0.40000756041304314,0.5268101058086192,0.9384523417441273,0.4,60,60,0,3330,0,0,0,与供应链经济叙事不符，报告口径必须写「相关网络传播」，不得包装成供应链证据
2026-08-28,W-corr,return_correlation,100,1603,0.3238383838383838,100,1.0,0,1,32.0,64,0.4004392601953032,0.5268701021128452,0.9363057847587444,0.4,60,60,0,3347,0,0,0,与供应链经济叙事不符，报告口径必须写「相关网络传播」，不得包装成供应链证据
